,Age,Education_Level,Years_of_Experience,Industry,Job_Role,Company_Size,Job_Level,Routine_Task_Percentage,Creativity_Requirement,Human_Interaction_Level,AI_Adoption_Level,Number_of_AI_Tools_Used,AI_Usage_Hours_Per_Week,Tasks_Automated_Percentage,AI_Training_Hours,Layoff_Risk
0,59,2,6,1,1,1,0,84,21,94,2,5,7,40,26,0
1,44,2,14,5,14,2,0,30,84,68,1,2,2,14,9,1
2,36,0,7,6,19,1,2,12,86,71,1,0,1,6,3,1
3,27,0,6,1,2,0,0,90,18,21,2,3,10,67,26,0
4,49,1,12,1,2,2,0,49,52,72,2,5,13,26,19,2
5,45,3,9,7,10,0,0,72,33,54,2,4,5,69,9,0
6,48,0,10,3,18,2,0,46,63,63,2,2,7,45,9,2
7,23,2,2,6,19,1,1,36,37,77,1,2,0,27,3,2
8,24,0,3,3,8,0,0,41,62,90,1,1,1,20,8,1
9,48,2,6,6,7,2,2,84,8,81,2,2,5,67,29,2
10,33,0,0,7,10,2,0,88,15,78,2,2,8,42,21,0
11,32,0,0,4,4,1,0,65,36,21,2,5,10,39,27,0
12,53,0,16,5,14,1,1,77,33,74,2,4,10,54,28,0
13,54,0,12,2,6,1,0,82,8,22,2,5,8,68,23,0
14,39,2,5,7,21,1,1,10,87,30,1,2,5,5,9,1
15,36,2,7,5,14,1,1,11,99,28,1,0,2,9,2,1
16,23,2,2,6,17,0,2,45,65,57,2,5,13,44,7,2
17,38,1,17,1,1,1,1,89,10,67,2,5,12,81,12,0
18,37,0,11,7,10,1,0,39,42,57,1,2,2,25,1,2
19,53,0,11,0,0,1,0,70,57,83,2,2,5,67,16,2
20,49,2,12,5,14,0,0,55,41,72,2,5,9,32,27,2
21,23,1,2,4,4,1,2,67,39,42,1,1,2,62,9,0
22,37,0,11,1,5,1,0,33,84,32,1,1,5,20,2,2
23,48,0,11,1,2,1,1,60,63,41,1,1,1,35,5,2
24,26,0,5,5,13,0,0,14,67,87,1,1,2,7,6,1
25,36,3,11,0,16,1,0,26,60,77,1,2,1,14,4,1
26,43,1,17,6,7,0,0,57,36,20,2,4,7,43,16,0
27,57,1,14,1,1,1,0,56,41,67,2,2,11,30,8,0
28,50,2,6,6,17,0,0,19,82,38,1,0,4,14,3,1
30,32,2,11,1,5,2,0,55,43,21,2,4,5,36,12,0
33,43,2,7,0,0,2,2,71,4,32,2,4,7,34,21,1
34,39,3,7,6,7,0,1,25,68,88,1,2,4,24,3,1
35,36,2,2,5,13,2,1,48,55,94,2,3,13,43,14,2
36,37,2,6,1,2,1,0,46,56,57,2,4,11,35,29,2
37,56,0,6,2,6,2,1,63,26,38,2,4,7,28,17,2
38,48,2,16,6,19,0,1,12,92,77,1,0,0,8,7,1
39,26,2,1,4,23,0,1,56,44,94,2,5,9,42,8,2
40,40,3,5,5,13,1,0,66,24,94,2,5,9,35,12,2
41,56,0,13,6,7,1,1,50,46,82,1,0,0,33,0,2
42,33,2,4,0,22,0,2,78,26,89,2,3,9,52,27,1
43,21,0,0,6,19,0,0,35,68,91,1,0,4,24,0,2
44,55,0,10,0,0,1,2,32,63,72,1,1,0,19,2,1
45,24,0,1,5,14,1,1,81,18,73,2,3,7,74,22,0
46,25,0,4,6,7,0,1,84,41,70,2,3,10,65,22,0
47,50,0,13,0,22,2,1,47,61,94,1,2,1,39,2,1
48,49,0,0,4,23,0,1,86,13,62,2,2,11,66,27,0
49,31,1,8,4,20,1,0,65,44,46,2,2,6,30,23,0
50,25,1,2,5,14,1,1,21,65,65,1,0,2,10,8,2
51,42,1,0,6,7,0,2,70,31,71,2,4,12,40,26,0
52,48,2,5,5,13,2,0,16,62,22,1,2,3,11,1,2
53,55,0,13,7,12,2,1,37,56,63,1,0,0,26,3,1
54,30,1,8,7,21,1,1,17,97,59,1,0,4,16,5,1
55,54,0,8,6,19,1,0,42,55,94,1,2,5,39,7,2
57,28,0,7,3,18,0,0,35,57,39,1,0,3,27,0,2
58,58,0,3,2,6,1,0,59,43,29,2,3,12,29,6,2
59,57,1,18,2,6,2,1,47,35,68,1,0,5,24,1,1
60,31,0,9,7,12,0,0,23,75,79,1,0,2,21,9,1
61,45,2,7,1,5,1,1,48,57,57,1,0,0,30,8,2
62,22,0,1,7,12,2,2,16,84,70,1,2,4,11,0,1
63,59,0,6,4,4,0,1,36,79,93,1,0,5,26,5,1
64,56,0,20,5,13,1,1,77,13,64,2,4,8,64,8,0
65,47,0,15,3,8,2,2,47,48,65,1,2,3,36,9,1
66,38,2,7,1,2,0,1,77,23,24,2,3,5,52,13,0
67,49,1,11,5,13,0,2,10,100,40,1,2,0,6,4,1
68,46,0,3,0,22,0,0,91,0,91,2,4,7,49,26,0
69,27,1,6,5,15,2,0,38,80,47,1,1,4,20,0,2
70,40,2,19,2,9,1,0,80,3,20,2,4,12,51,23,0
71,50,0,0,3,8,2,1,49,34,66,2,3,6,33,26,2
72,50,0,3,5,13,0,2,41,61,29,1,0,3,38,1,2
73,28,1,2,2,6,2,0,68,57,86,2,4,5,57,19,0
74,55,2,13,1,2,0,0,46,44,73,1,1,1,39,6,2
75,41,1,4,5,13,2,1,69,36,88,2,5,14,44,6,0
76,32,2,6,6,19,1,2,33,77,81,1,1,0,15,1,1
77,34,2,13,0,22,1,0,82,19,68,2,3,14,68,17,0
78,57,0,9,3,8,1,1,85,5,46,0,5,19,65,26,0
79,37,0,16,0,0,1,1,73,30,84,2,4,9,63,8,2
80,49,0,1,3,18,1,0,63,29,74,2,2,12,37,5,0
81,40,1,9,0,0,0,1,82,14,92,2,5,5,59,5,0
82,60,2,1,6,19,0,1,21,74,83,1,0,4,20,0,1
83,32,0,6,6,7,0,1,30,78,89,1,0,1,24,8,1
84,46,1,9,1,1,1,2,35,61,26,1,1,2,31,6,1
85,51,2,7,4,20,0,0,26,61,79,1,0,1,21,2,1
86,60,0,0,2,11,0,1,34,53,77,1,1,3,15,1,1
87,54,1,10,4,4,0,1,41,84,29,1,1,0,30,6,2
88,21,0,0,2,9,2,0,71,26,56,2,2,13,36,28,0
89,57,2,10,7,10,2,0,65,37,81,2,2,6,55,29,2
90,24,0,3,6,7,2,0,50,66,22,2,3,11,36,21,0
91,40,3,11,5,15,2,0,59,42,22,2,5,7,46,10,0
92,45,1,16,0,0,0,0,38,79,28,1,0,4,25,1,1
93,35,1,8,4,20,1,0,27,67,59,1,0,5,24,2,2
94,60,0,12,6,19,0,1,49,69,92,2,2,9,24,14,2
95,47,2,11,1,5,2,2,67,43,61,2,3,9,36,11,1
96,56,0,16,3,8,2,0,36,67,36,1,0,2,21,5,1
97,27,0,4,6,7,0,0,69,36,41,2,5,8,33,8,0
98,47,2,11,6,19,1,0,91,2,78,2,2,11,82,15,0
99,35,2,10,1,2,2,0,55,51,32,2,2,11,48,19,0
100,49,2,13,3,18,2,0,76,19,75,2,5,9,50,24,0
101,25,3,4,1,1,1,2,24,68,44,1,1,3,12,7,1
102,45,2,10,0,22,0,1,12,92,93,1,1,0,6,6,1
103,40,0,12,6,17,2,1,72,14,21,2,5,12,71,15,0
104,37,0,6,4,20,2,1,42,33,60,1,0,0,32,8,2
105,35,0,6,2,6,1,1,83,17,49,2,2,8,52,26,0
106,58,2,17,4,20,2,0,58,48,94,2,4,13,55,22,2
107,28,2,7,4,23,0,0,16,90,25,1,1,5,11,9,1
108,34,2,5,6,19,2,2,54,41,72,1,2,3,24,1,1
109,39,0,14,1,2,0,2,12,86,80,1,0,5,10,0,1
110,50,2,8,7,21,1,1,29,76,79,1,0,1,26,3,1
111,54,2,19,7,21,1,2,67,47,34,2,2,7,45,12,1
112,50,3,6,4,4,2,2,50,43,81,1,1,0,38,3,1
113,26,0,4,3,8,1,0,44,43,59,2,5,12,43,8,2
114,51,0,9,1,1,0,0,29,58,27,1,1,3,22,8,2
115,57,0,13,7,12,0,1,65,45,80,2,5,6,31,18,2
116,57,2,8,0,22,1,1,87,2,76,2,2,11,63,28,2
117,43,0,11,6,19,2,0,54,38,85,2,2,11,28,12,2
119,24,0,3,4,20,2,1,62,46,81,2,5,6,48,22,2
120,29,0,7,7,10,2,1,13,89,38,1,0,2,6,0,1
122,58,0,9,6,19,1,1,12,80,85,1,1,3,10,4,1
123,45,0,14,4,4,1,1,53,22,89,1,1,1,29,4,2
124,36,0,12,1,1,0,0,30,72,32,1,0,3,18,4,2
125,47,2,7,3,18,1,1,45,47,23,2,3,13,23,15,1
126,30,0,6,6,19,0,0,65,40,84,2,2,12,51,17,0
127,33,0,8,7,21,0,2,18,87,61,1,0,1,11,4,1
128,44,0,7,4,20,2,1,64,48,88,2,3,5,47,27,2
129,42,1,5,7,10,1,1,41,45,76,1,1,0,24,1,2
130,27,0,4,2,9,1,1,33,83,79,1,1,1,28,6,1
131,56,1,15,3,3,0,0,17,68,87,1,0,0,13,1,1
132,47,0,2,5,15,1,0,67,41,22,1,2,1,47,6,0
133,28,0,2,5,15,2,2,40,53,81,1,1,0,34,6,2
135,52,1,15,6,17,0,1,23,74,85,1,0,4,22,1,1
136,29,0,8,6,19,0,2,15,85,99,1,0,3,10,9,1
137,58,2,16,3,8,1,2,39,53,26,1,1,0,18,4,1
138,47,3,3,0,22,1,1,34,79,97,1,1,5,24,3,1
139,26,1,5,3,8,1,0,77,28,32,2,4,8,46,22,0
140,26,0,0,4,4,1,0,11,100,30,1,2,0,6,6,2
141,55,1,15,2,11,0,0,16,80,68,1,2,0,12,4,1
142,49,0,11,1,1,2,2,71,51,26,1,2,4,69,5,2
143,22,1,1,1,2,1,1,30,64,58,1,0,0,27,4,2
144,41,0,8,1,2,1,1,64,31,45,2,4,13,59,24,0
145,41,3,2,6,17,2,0,18,80,77,1,0,3,14,6,1
146,42,1,15,1,2,1,0,41,74,63,2,2,12,35,29,2
147,21,1,0,6,7,2,0,14,61,50,1,1,3,12,3,2
148,27,0,5,3,8,1,1,17,94,83,1,0,0,11,8,1
149,23,1,2,1,5,1,1,50,49,29,2,2,8,35,16,0
150,22,2,1,0,0,0,1,20,97,29,1,2,0,13,8,1
151,34,0,7,6,7,1,2,39,63,70,1,1,0,38,7,1
152,52,0,12,0,22,1,1,30,66,72,1,2,3,25,5,1
153,45,2,16,5,15,2,0,38,55,69,1,2,2,34,6,2
154,33,2,12,2,6,1,0,32,63,48,1,0,4,22,7,1
155,36,2,4,5,15,1,2,13,84,29,1,0,5,10,6,1
156,22,0,1,0,22,2,1,63,30,76,1,1,4,51,8,2
157,36,1,12,3,3,1,2,67,24,39,1,1,5,35,2,2
158,58,1,17,1,1,1,0,66,26,64,2,5,7,33,28,0
159,24,1,3,6,7,1,1,28,79,68,1,2,5,13,2,1
160,32,2,11,5,14,1,0,64,45,74,2,2,13,51,26,0
161,37,0,2,0,22,1,0,24,87,75,1,2,0,18,9,1
162,30,0,9,6,17,0,0,55,27,45,2,3,9,28,8,0
163,24,1,3,5,14,0,2,33,76,73,1,1,3,28,8,1
164,44,0,7,4,4,2,0,16,83,54,1,1,5,14,9,1
165,26,1,5,5,13,1,0,93,17,40,0,8,16,81,52,0
166,26,0,5,3,8,0,0,23,77,76,1,0,2,12,6,1
167,44,0,8,5,13,1,2,21,70,69,1,0,3,10,9,1
168,42,1,14,1,1,0,1,50,76,58,2,3,10,35,6,2
169,41,1,18,5,14,1,0,83,0,58,2,3,12,60,19,0
170,30,2,0,1,2,1,1,24,75,33,1,1,3,18,9,1
171,22,1,1,2,9,1,2,51,39,71,1,2,0,25,1,1
172,25,2,0,5,13,1,1,64,38,28,2,5,6,44,14,0
173,26,2,5,6,7,1,2,12,100,27,1,0,3,8,4,1
174,26,0,5,0,22,0,1,30,64,94,1,1,1,15,6,1
175,25,0,4,5,13,1,1,43,51,80,1,0,0,41,3,2
177,53,0,14,3,18,2,0,56,48,42,1,1,0,50,4,0
178,50,1,9,7,21,1,0,49,52,47,1,0,2,45,3,0
179,58,0,11,3,18,2,1,62,43,36,2,4,13,29,7,2
180,35,0,11,0,22,1,0,55,42,78,2,4,7,39,18,2
181,45,0,14,5,14,2,2,31,64,70,1,2,1,27,2,1
182,40,0,9,4,4,1,1,28,73,66,1,0,4,14,3,1
183,50,1,7,7,12,1,0,23,60,78,1,1,5,10,8,2
184,24,3,3,3,18,1,1,71,16,67,2,5,6,52,25,2
185,25,0,4,1,2,2,1,82,20,84,2,5,11,40,19,0
186,32,0,3,2,6,2,0,30,68,70,1,2,3,21,6,1
187,48,0,7,3,3,0,2,75,22,20,1,2,5,70,5,0
188,38,1,6,2,9,2,0,74,3,76,2,5,7,44,20,0
189,33,0,0,2,11,0,0,17,93,73,1,0,0,15,8,1
190,41,2,9,5,15,1,1,28,50,30,1,0,3,18,2,2
191,28,0,5,3,3,2,1,42,53,66,1,2,0,34,3,2
192,22,0,1,6,7,2,1,49,56,34,1,0,0,31,9,0
193,31,0,10,6,7,1,0,82,27,89,2,4,9,60,6,0
194,23,1,2,1,5,1,0,74,27,74,2,2,5,62,29,0
195,58,2,9,7,12,1,0,54,36,49,1,1,2,49,2,0
196,35,2,7,2,11,2,0,42,60,88,1,0,3,39,4,1
197,21,2,0,2,11,1,1,27,58,95,1,2,5,13,0,1
198,25,0,4,7,10,1,0,59,42,88,1,1,2,56,5,0
199,47,1,9,2,6,2,1,24,65,56,1,1,3,17,4,1
200,26,3,5,0,0,2,2,26,77,41,1,0,4,14,1,1
201,43,0,9,6,17,1,0,60,40,40,1,2,3,32,2,0
202,44,2,6,2,6,1,0,33,72,38,1,0,0,24,4,1
203,39,1,2,1,5,1,1,63,47,40,2,3,11,55,9,0
204,40,3,6,3,3,0,1,61,38,89,1,1,2,46,0,2
205,43,0,15,6,19,1,1,90,21,68,2,4,7,89,20,0
206,28,2,7,4,23,0,0,47,64,86,2,3,11,40,20,2
207,42,2,0,5,14,1,1,51,63,85,2,2,12,28,7,2
208,50,0,13,6,19,2,1,34,71,65,1,2,1,22,7,1
209,54,1,9,6,17,1,0,84,8,79,2,2,6,81,17,0
210,58,0,6,0,0,0,1,69,28,85,2,4,6,46,11,2
211,43,2,5,1,5,1,2,62,39,49,2,2,9,40,23,1
212,45,0,0,0,16,1,0,41,60,33,1,0,5,21,3,2
213,43,2,7,7,12,1,0,43,60,94,1,0,3,26,0,1
214,51,2,11,0,22,1,2,59,34,72,1,2,0,30,0,1
215,29,2,8,1,5,1,1,24,74,89,1,2,4,19,0,1
216,46,2,12,2,6,1,0,94,7,40,2,5,5,78,8,0
217,50,0,9,5,14,1,1,46,52,67,1,2,3,32,8,2
218,38,1,15,1,2,0,0,22,84,50,1,1,2,20,5,2
219,53,2,16,7,21,0,0,18,85,37,1,2,3,14,5,1
220,41,0,7,0,0,2,0,22,97,76,1,0,3,18,4,1
221,33,0,11,1,5,1,0,23,74,36,1,1,3,19,7,2
222,45,0,9,6,17,1,1,56,49,77,2,3,13,30,6,2
223,27,1,6,3,8,2,1,67,39,31,1,2,4,50,3,0
224,56,2,9,7,10,1,0,13,89,86,1,1,3,10,6,1
226,27,2,6,7,10,1,0,62,28,91,1,2,2,39,0,2
227,58,0,16,0,16,1,2,55,34,69,1,1,2,32,1,1
228,41,2,9,0,16,0,1,55,49,32,2,3,12,51,16,2
229,53,1,1,1,2,0,1,37,55,87,1,2,3,31,7,2
230,46,0,1,5,13,0,0,91,10,45,2,2,9,89,20,0
231,28,1,7,5,13,1,1,74,40,63,2,2,9,65,14,0
232,48,0,2,7,21,0,1,31,75,46,1,0,4,29,9,2
233,47,3,6,7,12,1,1,80,6,54,2,4,5,61,11,0
234,34,0,13,5,13,0,2,35,45,39,1,2,0,20,8,1
236,27,2,6,7,12,1,1,17,92,60,1,1,3,11,8,1
237,35,2,0,7,12,1,0,36,59,43,1,1,3,26,2,2
238,43,0,8,2,6,1,1,69,37,73,2,5,11,42,11,2
239,40,0,4,5,15,2,1,85,21,60,2,2,11,80,22,0
240,57,0,13,3,3,1,2,48,57,35,1,0,0,35,6,1
241,30,1,9,5,14,2,1,90,16,71,2,4,13,68,25,0
242,21,3,0,7,12,1,0,24,81,58,1,2,1,22,6,1
243,37,1,8,0,0,2,0,79,25,66,2,2,11,49,5,0
244,46,2,11,4,23,1,0,44,50,77,2,4,8,36,28,2
245,39,2,10,6,7,1,1,74,24,32,1,1,2,49,2,0
246,30,0,9,4,4,1,1,66,44,91,2,4,6,65,20,0
247,38,0,2,2,6,2,0,21,68,46,1,0,5,14,0,1
248,48,2,5,1,5,2,0,28,70,88,1,1,5,19,6,1
249,49,1,8,0,22,2,0,83,21,66,2,3,14,82,9,0
250,25,0,4,6,7,1,0,12,75,29,1,1,3,9,7,2
251,42,1,9,5,14,1,0,29,65,38,1,2,1,13,4,2
252,23,0,2,6,19,1,1,68,11,66,2,3,8,44,6,0
253,48,0,10,3,18,1,2,18,87,55,1,0,4,15,9,1
254,26,1,5,6,17,1,2,37,61,34,1,2,1,28,2,2
255,37,0,15,1,5,1,1,49,61,71,2,4,5,22,29,1
257,23,0,2,6,7,1,1,17,81,92,1,0,5,10,8,1
258,48,0,13,7,21,0,1,46,51,37,1,2,1,25,8,2
259,42,0,13,7,10,2,1,77,16,22,2,3,10,51,22,0
260,58,1,7,2,6,2,1,80,17,86,2,4,8,36,9,2
261,32,0,11,3,18,1,1,30,67,44,1,0,5,29,6,1
262,56,0,2,7,10,2,0,70,44,28,2,2,14,63,27,0
263,43,0,0,2,6,1,0,82,22,32,2,5,8,58,19,0
264,37,0,12,4,20,0,0,42,62,49,1,1,3,24,2,2
265,29,0,8,6,19,1,0,56,30,79,1,1,3,44,7,0
266,29,0,1,4,20,1,1,74,7,48,1,1,0,34,1,0
267,33,2,9,4,4,1,2,48,56,90,1,0,4,45,9,1
268,27,2,6,0,0,1,0,38,75,51,1,1,3,28,8,1
269,21,0,0,7,12,0,0,60,42,48,1,2,2,40,1,0
270,35,0,4,4,20,0,2,57,42,85,2,5,8,56,29,2
271,38,0,0,4,23,0,0,73,19,83,2,5,11,51,8,0
272,31,1,10,5,14,2,1,58,51,28,2,2,8,39,12,0
273,57,0,16,5,13,1,1,90,1,28,0,8,20,48,48,0
274,36,0,11,4,4,0,1,71,43,61,2,4,10,39,20,2
275,60,0,0,6,17,0,2,19,67,21,1,1,3,17,2,1
276,38,0,8,4,20,1,1,76,29,80,2,5,9,43,18,0
278,53,0,6,5,15,2,2,44,55,24,2,5,10,41,29,2
279,60,2,10,0,16,1,1,27,68,73,1,0,5,25,3,1
280,51,1,12,1,1,1,1,25,85,32,1,2,5,14,4,1
281,58,1,6,2,11,0,1,41,59,99,1,2,4,27,4,1
282,39,2,9,7,12,1,1,52,48,44,2,5,6,41,27,2
283,25,3,2,2,6,0,1,51,55,94,2,5,6,47,27,1
284,43,1,10,6,19,1,2,63,43,74,2,4,8,34,5,2
285,32,1,10,7,21,1,1,55,50,62,2,4,12,45,26,2
286,58,0,4,0,16,2,1,75,55,55,2,5,12,35,15,2
288,43,3,13,3,18,2,2,66,27,27,2,2,11,59,16,2
289,50,0,4,7,21,1,1,80,13,39,2,3,10,40,28,0
290,35,2,0,3,8,1,0,65,30,79,2,5,8,35,9,2
291,24,1,3,7,21,1,2,31,49,65,1,1,4,27,5,1
292,44,0,1,3,3,2,1,66,41,74,2,2,10,42,17,2
293,38,0,5,5,15,0,2,24,91,59,1,1,2,17,4,1
294,36,2,12,7,12,1,0,57,62,37,2,4,13,31,12,2
295,37,2,5,6,17,1,1,69,53,23,2,5,11,45,12,0
296,52,2,5,6,17,2,2,12,83,41,1,2,5,10,8,1
297,52,2,18,7,21,1,0,58,47,88,2,3,8,26,29,1
298,51,0,11,3,3,2,0,51,45,68,2,3,8,38,5,2
299,33,1,12,0,16,1,2,32,58,78,1,0,4,27,0,1
300,36,0,15,7,12,1,2,91,15,32,0,5,22,71,38,0
301,29,0,8,2,9,0,0,61,46,28,2,3,5,28,16,2
302,54,0,5,2,6,0,2,17,71,91,1,2,1,14,2,1
303,51,2,11,3,3,2,1,94,0,83,2,4,10,82,12,0
304,55,0,0,3,18,2,0,37,56,36,1,1,5,28,6,2
305,24,0,3,7,10,0,0,22,86,77,1,2,5,13,7,1
306,48,2,4,4,20,0,0,89,0,23,2,4,12,53,16,0
307,34,0,6,3,3,0,0,33,87,45,1,1,2,20,2,1
308,23,0,2,7,21,0,2,13,100,67,1,0,1,8,2,1
309,45,2,13,6,17,0,0,47,56,71,1,2,5,25,8,2
310,25,0,4,0,0,2,1,30,68,42,1,1,0,13,3,1
311,31,2,10,7,21,2,1,64,28,88,2,2,6,53,5,2
312,50,2,7,7,21,0,1,73,31,80,2,3,13,71,11,0
313,41,0,1,1,5,2,0,85,0,20,2,2,13,55,14,0
314,41,2,7,3,8,0,0,26,75,36,1,1,0,19,5,1
315,34,0,9,3,3,0,1,36,56,54,1,1,4,17,5,1
316,43,0,6,6,7,1,0,73,27,37,2,3,11,37,16,0
317,39,2,7,1,2,2,1,44,63,51,1,1,3,27,7,1
318,37,0,16,3,18,1,0,88,8,87,2,5,8,50,17,0
319,52,2,9,6,19,1,0,33,75,71,1,2,1,20,8,1
320,50,0,10,3,8,1,1,52,64,64,2,3,14,30,22,1
321,52,0,7,2,11,0,0,72,43,69,2,5,10,64,28,0
322,42,0,7,2,9,1,1,18,72,79,1,1,0,10,8,1
323,30,0,2,1,2,2,0,39,56,44,1,1,5,19,9,2
324,50,1,14,6,17,2,0,30,86,64,1,1,1,20,8,2
325,31,0,4,5,15,2,2,68,30,66,2,4,14,44,16,2
326,24,0,3,2,6,1,0,16,88,82,1,0,5,9,0,1
328,57,2,8,5,14,1,0,30,87,83,1,0,3,17,8,1
329,56,0,7,3,3,2,0,63,36,53,2,2,10,59,8,0
330,56,2,13,7,21,2,1,59,44,24,2,2,10,35,8,2
332,30,0,0,6,19,0,0,40,52,88,1,2,1,23,1,2
333,37,2,15,5,13,0,0,62,30,43,2,5,7,61,15,0
334,31,0,6,1,2,1,1,25,83,21,1,1,3,11,8,1
335,30,2,9,3,3,2,1,51,56,41,1,0,3,24,1,1
336,36,2,7,7,12,1,1,82,0,29,2,5,11,56,6,0
337,56,1,7,0,22,2,1,87,25,92,2,5,11,56,28,2
338,34,1,10,0,22,0,2,31,72,78,1,0,3,30,3,1
340,34,0,8,1,5,0,1,87,0,62,2,3,11,81,12,0
341,40,0,5,0,16,1,0,34,81,88,1,2,0,17,7,1
342,40,1,5,4,4,0,1,67,31,72,2,2,8,51,10,0
343,53,0,0,2,9,2,1,85,0,58,2,5,7,84,26,0
344,47,1,3,2,6,2,0,62,42,62,2,3,14,37,20,2
345,43,0,7,5,13,1,0,92,0,30,2,3,14,43,15,0
346,39,0,3,4,23,1,2,81,27,78,2,4,9,37,9,2
347,44,2,14,7,12,0,1,63,49,94,1,0,5,42,9,2
348,43,0,5,5,15,1,1,38,72,55,1,1,5,25,3,2
349,35,0,8,6,19,0,0,56,35,87,2,2,14,45,11,0
350,38,0,6,5,15,1,0,61,34,52,2,3,8,48,21,0
351,46,0,4,6,17,2,0,70,11,55,2,3,8,53,15,0
352,34,2,7,7,21,1,2,40,57,23,1,1,1,29,6,1
353,50,1,20,3,3,1,1,45,47,90,2,2,5,28,27,1
354,26,0,5,0,22,0,1,42,32,74,1,2,1,19,3,1
355,38,0,6,4,20,0,0,46,51,87,1,0,1,34,7,2
356,26,1,0,0,0,2,2,48,36,47,1,0,0,26,9,1
357,52,2,8,0,0,0,0,68,38,34,2,4,7,58,23,2
358,49,0,6,5,13,1,1,17,81,27,1,2,4,8,2,1
359,43,0,9,3,8,0,0,87,14,63,2,2,14,67,15,0
361,48,0,0,6,7,1,1,93,3,86,0,6,22,79,25,0
362,59,1,2,7,21,2,1,75,19,93,2,4,6,48,19,0
363,31,2,10,6,7,1,1,23,72,84,1,2,2,18,6,1
364,39,0,15,4,4,1,1,61,30,68,2,3,11,29,26,2
365,48,0,19,4,23,1,0,64,30,83,1,2,2,49,6,0
366,33,1,12,3,18,1,1,54,64,63,2,5,7,38,14,2
367,40,2,4,5,14,1,1,66,40,64,2,2,5,41,27,2
368,48,0,10,7,12,2,1,47,78,25,1,2,4,22,2,2
369,39,0,7,6,17,1,0,44,55,64,1,0,3,41,1,0
370,54,0,14,0,0,2,0,51,53,38,1,2,1,35,1,2
371,26,0,5,0,0,2,1,48,61,37,2,5,12,31,24,1
372,51,2,14,0,0,2,0,61,45,88,2,3,6,28,17,1
373,30,0,1,4,23,2,1,72,31,30,2,4,9,66,14,0
374,33,2,3,5,15,0,0,65,42,79,2,3,14,60,23,0
375,51,2,9,6,19,0,0,90,29,70,2,4,14,61,7,0
376,40,0,4,6,17,2,0,25,82,87,1,2,5,20,0,1
377,56,0,14,1,2,1,0,60,31,61,1,0,4,55,6,0
378,54,1,11,2,11,0,0,64,33,81,1,2,2,31,1,2
379,31,2,10,6,7,2,2,30,59,78,1,2,3,27,5,1
380,29,1,8,4,23,1,1,12,89,26,1,1,3,6,6,1
381,31,0,10,5,14,1,0,46,78,67,1,0,2,44,3,2
382,55,2,11,6,17,1,2,33,76,42,1,1,5,26,1,1
383,28,2,7,6,17,1,2,70,34,81,2,4,13,37,6,2
384,27,0,6,2,9,2,2,63,47,21,2,5,8,42,25,1
385,42,0,6,3,8,0,1,52,31,21,1,0,1,32,5,2
386,45,0,12,2,9,2,0,78,20,61,2,3,5,66,22,0
387,53,2,11,3,18,1,0,36,78,47,1,1,0,16,6,1
388,26,2,5,5,13,2,1,65,31,37,2,4,11,60,14,0
389,38,2,7,2,6,2,1,67,39,89,1,1,1,62,0,2
390,49,1,4,4,20,1,0,60,53,89,2,3,12,58,5,0
391,44,0,6,3,8,2,0,66,27,49,1,0,5,59,3,0
392,54,2,6,5,15,0,0,88,21,75,2,4,13,40,16,0
393,21,2,0,4,23,1,0,60,57,35,2,5,10,34,12,0
394,48,0,8,0,22,2,0,77,25,78,2,4,6,42,14,2
396,53,1,7,4,20,1,2,70,28,21,2,4,10,49,27,0
397,49,0,10,1,5,1,0,43,72,90,1,2,1,41,1,2
398,21,2,0,4,20,1,1,39,67,40,1,1,2,29,9,2
399,32,0,7,3,18,1,0,36,55,78,1,1,1,23,1,2
400,27,0,2,2,6,2,1,84,12,93,2,2,10,41,13,0
401,60,0,15,5,14,1,0,66,33,81,2,5,13,63,8,0
402,50,0,12,6,19,0,1,26,65,82,1,0,1,17,0,1
403,49,0,14,7,12,0,1,56,41,38,1,1,3,38,9,2
404,46,2,12,6,7,2,2,28,58,36,1,2,2,25,0,1
405,55,3,0,7,21,0,1,55,52,80,2,3,5,25,21,1
406,36,0,15,4,23,1,1,80,1,62,2,2,14,57,29,0
407,23,3,2,7,21,1,2,23,70,63,1,0,4,18,7,1
408,46,1,0,3,8,2,0,86,18,42,2,3,8,73,24,0
410,32,0,10,6,17,2,1,28,82,25,1,0,2,15,4,1
411,23,1,2,1,1,1,1,24,71,45,1,0,4,18,8,2
412,28,0,7,6,19,2,1,47,55,98,1,2,0,36,6,2
413,33,2,5,1,1,1,2,91,12,93,0,6,20,57,27,2
414,31,0,10,3,3,1,0,62,54,29,2,5,14,45,16,0
415,41,2,12,4,4,2,0,29,71,20,1,1,5,13,5,2
416,42,1,11,4,23,1,1,33,64,70,2,3,11,23,28,2
417,38,1,10,3,18,2,1,57,39,71,1,1,1,40,9,2
418,43,2,8,5,13,2,0,93,1,54,2,3,12,47,12,0
419,30,0,9,5,13,0,2,45,36,87,1,1,2,31,1,1
420,39,1,5,4,20,2,0,17,74,37,1,1,5,10,2,2
421,46,0,12,6,17,2,1,11,100,21,1,2,4,10,6,1
422,44,2,7,6,17,0,0,22,77,24,1,0,4,20,1,2
423,27,2,4,1,2,1,0,94,0,45,2,2,9,59,27,0
425,48,2,7,2,9,2,2,86,7,77,1,1,2,58,9,2
426,53,2,11,2,11,0,0,24,63,79,1,2,1,23,5,1
427,38,1,5,3,18,1,0,45,69,72,2,3,7,28,29,2
428,34,0,13,5,13,1,0,85,0,88,2,5,14,56,21,0
429,47,2,1,5,15,1,1,58,53,23,1,0,2,44,8,0
430,43,0,7,1,5,0,0,64,36,68,2,4,8,45,20,0
431,50,3,17,5,13,1,0,58,48,77,2,4,10,28,25,2
432,43,0,9,7,21,1,2,39,65,64,1,2,4,17,6,1
433,24,0,3,4,23,0,0,51,45,29,1,1,5,37,2,0
434,21,0,0,1,2,2,0,78,31,77,2,2,12,54,10,0
435,39,2,3,3,3,2,1,71,41,29,1,2,5,66,8,0
436,47,3,12,0,16,1,1,63,38,44,1,0,2,62,0,2
437,23,2,2,5,14,1,0,34,70,74,1,0,1,24,4,2
438,43,0,1,1,1,0,1,28,65,26,1,2,3,12,8,2
439,22,0,1,3,8,1,1,48,56,59,1,0,3,25,5,2
440,50,0,21,5,13,1,1,27,72,61,1,2,0,17,0,1
441,29,2,5,3,18,1,1,36,74,84,1,0,0,20,0,1
442,52,0,9,4,4,0,1,27,94,58,1,1,5,17,1,1
443,38,1,11,4,23,2,1,82,25,83,2,2,6,44,15,0
444,51,1,13,2,6,2,0,10,80,26,1,0,3,4,1,1
445,32,0,0,7,12,0,1,26,81,53,1,1,1,25,5,2
446,54,0,8,4,20,2,2,76,36,67,2,3,8,46,14,2
447,37,0,4,4,23,0,1,18,76,43,1,1,3,17,7,1
448,23,2,0,7,21,1,0,49,45,87,1,0,2,40,0,2
449,33,0,11,0,16,1,1,31,78,79,1,1,3,29,7,1
451,54,0,9,0,0,2,0,75,20,44,2,5,11,72,11,0
453,38,0,13,7,12,2,0,73,16,67,2,5,6,39,27,0
454,58,1,0,3,3,1,2,54,66,39,1,1,4,31,9,2
455,58,0,9,1,5,0,2,35,92,83,1,0,5,22,9,1
456,24,0,3,5,15,1,2,84,14,46,2,3,6,75,8,0
457,38,2,2,1,5,1,1,37,57,70,1,1,1,17,9,1
458,22,2,1,3,8,2,0,94,4,68,0,7,24,60,24,0
459,41,0,7,4,23,1,0,81,31,35,2,2,9,75,7,0
460,51,2,14,3,18,1,1,55,44,30,1,2,5,32,4,2
461,41,2,0,0,16,2,1,40,64,28,2,4,14,30,14,1
462,36,0,7,4,4,0,0,89,13,47,2,2,5,57,29,0
463,47,0,7,4,20,2,1,52,53,24,2,3,11,33,14,2
464,47,2,3,6,17,1,0,51,59,71,1,1,4,40,9,2
465,22,1,1,2,9,1,1,31,75,84,1,0,0,14,0,1
466,50,2,12,4,4,2,1,54,39,45,1,1,2,39,7,2
467,36,0,8,4,20,0,0,88,16,30,2,2,14,83,23,0
468,25,0,4,3,8,2,0,80,19,78,2,2,14,40,5,0
469,35,0,7,6,7,1,0,29,77,47,1,0,0,14,7,2
470,50,2,8,2,9,2,0,62,28,55,2,3,6,50,20,2
471,42,0,7,3,8,2,0,56,53,50,2,4,13,35,18,2
472,22,3,1,7,10,0,1,60,51,21,2,2,6,41,20,2
473,49,0,7,6,19,1,0,90,8,81,2,2,14,71,13,0
474,56,2,8,4,20,1,1,24,73,25,1,0,0,13,6,1
475,34,3,1,2,9,0,0,54,54,39,2,3,13,30,29,2
476,24,0,3,5,13,2,1,14,77,88,1,1,1,7,2,1
477,50,1,4,5,15,1,0,77,11,63,2,4,11,46,27,0
478,51,0,12,4,23,0,0,53,48,93,1,0,1,38,4,2
479,26,0,5,6,17,2,0,66,31,62,2,5,14,61,21,0
480,56,0,17,2,9,2,0,55,58,63,1,1,2,51,7,2
481,29,0,8,6,7,1,1,84,10,46,2,5,14,61,23,0
482,49,0,17,2,11,1,0,32,62,71,1,0,1,29,4,1
483,46,0,11,5,15,1,0,32,69,49,1,1,4,23,6,2
484,21,2,0,0,16,0,0,27,65,46,1,0,5,25,9,1
485,42,0,16,5,14,1,2,23,66,90,1,1,0,16,4,1
486,29,2,7,5,13,1,0,12,76,78,1,0,2,8,2,1
487,29,1,8,5,13,1,0,77,29,82,2,2,6,37,16,0
488,22,0,1,4,20,1,2,67,29,65,2,4,14,30,13,2
489,30,1,9,4,4,1,0,33,64,86,1,1,5,15,8,2
490,23,0,2,4,23,2,0,36,66,89,1,0,0,22,7,2
491,23,2,2,0,16,0,0,39,63,85,1,2,0,31,6,1
492,57,0,9,7,21,2,1,36,67,21,1,0,3,25,4,2
493,58,0,11,0,22,2,1,35,53,97,1,0,2,32,4,1
495,60,2,11,7,10,2,1,25,73,58,1,0,5,12,7,1
496,29,2,8,7,10,1,0,78,23,60,2,3,11,60,8,0
497,36,0,12,0,16,2,1,23,69,40,1,0,0,14,0,1
498,49,0,14,4,4,1,1,42,54,37,1,1,0,24,2,2
499,55,0,9,7,21,1,1,83,8,26,2,5,7,62,20,0
500,32,0,11,2,9,2,0,15,72,46,1,0,4,10,5,1
501,26,0,5,3,18,1,2,54,42,73,2,4,14,29,28,1
502,49,0,8,0,22,2,0,72,26,91,2,3,6,60,9,0
503,55,3,8,4,20,2,1,92,5,82,2,4,5,71,20,0
504,50,0,4,4,20,1,1,35,60,21,1,1,1,28,5,2
505,46,0,15,2,9,1,2,17,85,74,1,1,1,11,5,1
506,29,0,8,2,11,2,0,37,69,75,1,1,4,22,3,1
507,43,0,11,4,23,2,1,18,85,40,1,1,1,12,0,1
508,37,0,9,0,16,1,0,75,37,21,2,5,11,34,18,2
509,37,1,16,7,12,1,0,36,68,43,1,1,1,34,7,2
510,31,2,4,1,5,2,2,80,23,42,2,3,7,77,24,2
511,48,0,13,7,21,1,1,17,72,91,1,2,3,8,4,1
512,54,0,7,4,4,2,1,49,40,58,1,1,4,47,1,2
513,38,0,7,3,8,1,1,78,9,39,2,4,12,51,7,0
514,43,2,17,1,1,1,0,34,69,44,1,2,1,25,3,1
515,48,0,8,5,14,0,0,19,100,94,1,1,3,17,5,1
517,53,0,10,1,2,2,0,17,82,54,1,1,4,15,5,1
518,45,2,14,1,5,1,0,57,30,27,2,3,10,39,12,0
519,47,1,8,2,6,1,1,26,73,28,1,0,3,22,0,1
520,41,2,6,5,14,1,0,29,68,76,1,0,0,19,8,2
522,50,0,5,3,3,1,1,61,42,26,2,4,11,27,16,2
523,59,2,12,0,0,0,1,86,9,43,2,5,5,60,6,0
524,49,0,12,7,10,1,0,51,42,31,1,1,2,24,8,2
527,49,0,0,2,11,0,1,17,84,90,1,2,3,11,6,1
528,29,2,8,2,11,1,1,15,81,99,1,0,5,14,4,1
529,28,2,0,7,12,1,0,40,75,39,1,0,0,20,9,2
530,36,0,14,6,17,1,0,46,64,69,1,1,1,23,6,2
531,43,2,6,2,11,2,1,12,95,94,1,0,2,8,9,1
532,38,0,7,4,4,0,1,41,68,29,2,2,6,30,8,2
533,60,0,7,5,15,1,1,76,47,66,2,3,12,73,20,0
534,59,1,6,5,13,1,0,58,34,55,2,4,13,33,11,0
535,37,3,8,3,3,1,2,33,72,76,1,0,2,31,9,1
536,44,2,11,5,13,1,0,22,82,50,1,2,4,21,1,2
537,59,1,6,2,11,0,0,28,69,66,1,0,5,17,7,1
538,46,0,8,4,23,0,1,28,69,87,1,0,4,27,6,1
539,53,0,6,5,13,1,0,20,82,84,1,2,1,16,8,1
540,47,0,12,7,12,1,0,14,82,23,1,0,5,8,4,1
541,46,0,4,5,15,2,0,90,12,35,2,5,8,68,12,0
542,45,2,12,5,14,1,0,22,80,52,1,0,5,18,7,1
543,50,0,4,7,21,0,0,53,48,68,2,2,13,34,27,2
544,31,0,0,1,1,0,2,85,35,62,2,2,10,72,22,0
545,44,0,9,7,12,1,0,57,64,84,2,5,8,27,16,2
546,32,0,11,0,16,2,1,27,78,60,1,2,4,18,8,1
547,22,2,1,5,13,0,1,76,23,29,2,3,13,52,22,0
548,35,1,6,5,14,2,0,35,73,90,1,2,0,22,1,2
549,39,0,6,7,21,1,2,77,34,20,2,3,5,68,28,0
550,25,0,4,3,8,0,0,47,65,84,1,2,4,34,4,2
551,59,0,7,3,8,1,0,19,74,66,1,1,5,16,9,1
552,21,0,0,4,23,1,1,61,33,28,2,2,13,45,24,0
553,56,0,7,6,7,1,1,31,64,58,1,0,5,25,2,2
555,30,0,9,6,7,2,1,86,15,29,2,2,14,59,25,0
556,35,0,9,5,13,2,2,15,74,53,1,1,4,13,1,1
557,49,0,6,2,6,1,1,17,75,47,1,1,5,10,2,1
558,57,1,10,1,2,1,1,74,25,34,2,3,11,71,13,0
559,53,0,4,3,3,0,0,74,29,34,2,2,11,40,20,0
560,37,1,5,4,20,2,1,73,27,50,2,3,9,34,10,0
561,37,0,15,0,16,0,1,10,94,93,1,1,2,9,9,1
562,26,3,3,2,11,2,2,24,76,72,1,2,5,14,4,1
563,40,2,11,5,15,2,0,35,44,50,1,1,3,17,5,2
564,46,2,0,7,10,1,0,84,4,49,2,2,7,62,14,0
565,43,2,5,6,19,1,0,82,18,77,2,4,9,51,26,0
567,37,1,9,5,14,1,1,76,36,33,2,3,5,38,26,0
568,60,0,1,5,15,2,1,76,19,36,2,3,9,75,16,0
569,31,2,10,5,13,1,0,61,46,59,2,3,9,46,24,0
570,24,0,3,0,22,2,1,35,71,77,1,2,0,26,9,1
571,22,0,1,4,20,1,1,23,73,52,1,0,5,13,1,2
572,28,2,7,2,11,1,0,58,33,97,2,4,5,47,17,2
573,27,1,6,7,12,2,1,55,57,94,1,0,5,35,8,2
574,44,2,12,0,22,0,0,64,36,89,2,2,8,41,19,2
575,23,1,2,7,10,0,1,91,6,84,0,7,23,60,46,0
576,25,0,4,5,13,1,0,85,27,49,2,3,13,66,11,0
577,43,0,5,1,5,0,0,37,70,37,1,2,2,30,8,2
578,35,0,3,0,16,2,1,84,12,31,2,4,13,80,22,0
579,45,2,1,5,13,0,1,90,20,24,2,2,7,64,23,0
580,50,0,10,7,12,0,2,25,72,66,1,2,2,18,7,1
581,47,2,12,0,22,1,0,32,61,93,1,0,3,24,0,1
582,37,0,4,6,17,2,1,20,56,78,1,0,0,15,9,1
583,49,1,10,3,8,2,2,85,0,50,0,6,23,62,29,0
584,59,1,4,0,16,1,0,65,41,87,2,2,12,57,16,0
585,46,0,10,6,7,2,0,71,34,91,2,3,11,50,27,0
586,29,0,8,1,2,1,0,44,67,34,1,0,4,27,0,2
588,54,0,0,5,13,1,0,87,12,77,2,5,7,77,23,0
589,39,1,0,7,10,0,1,91,9,36,2,5,8,64,14,0
590,23,0,0,2,11,1,1,27,86,65,1,2,3,15,8,1
591,35,2,6,3,3,0,0,19,80,90,1,2,3,18,9,1
592,54,0,6,4,20,2,1,84,8,88,2,4,13,49,19,0
594,30,0,0,2,9,1,2,67,38,34,2,5,9,32,10,2
595,59,2,7,4,23,2,1,38,74,30,1,1,2,18,0,1
596,46,0,6,7,12,2,1,86,31,75,2,4,6,61,24,0
597,25,1,4,2,9,2,0,51,59,49,1,0,3,50,0,2
598,53,1,5,1,5,1,0,39,61,76,1,2,0,38,4,2
599,26,1,5,7,21,1,0,12,87,48,1,1,1,6,8,1
600,56,1,16,3,8,2,1,59,29,87,1,1,0,26,6,2
601,44,3,7,0,22,2,1,74,34,76,2,2,13,36,19,1
602,47,0,13,4,23,2,1,41,71,72,1,1,5,29,6,2
603,31,0,3,6,17,1,1,52,51,65,2,2,7,28,8,2
604,41,3,11,1,2,0,0,67,26,82,2,5,9,47,6,2
606,37,0,9,0,22,1,0,63,28,86,2,3,6,38,15,2
607,34,3,10,7,21,2,0,40,42,38,1,0,2,33,9,2
608,29,0,8,6,19,1,0,68,27,67,1,2,4,61,0,0
609,41,2,18,4,20,0,0,53,49,88,1,1,3,28,4,2
610,24,1,3,6,7,0,1,10,91,54,1,2,3,9,0,1
611,57,2,2,3,18,2,0,13,100,52,1,1,2,9,6,1
612,43,0,10,0,22,0,1,47,49,88,1,2,3,31,2,1
613,39,3,8,2,6,0,1,23,78,31,1,2,2,19,5,1
614,53,0,9,6,19,1,1,83,27,95,2,4,11,55,17,0
615,53,2,8,6,7,0,2,70,28,80,2,4,6,54,28,2
616,53,0,7,6,19,1,1,42,62,69,1,0,3,26,6,2
617,46,0,12,0,22,2,0,54,57,76,2,2,14,25,13,1
619,42,0,12,2,11,0,1,48,56,73,1,0,0,23,0,1
620,40,2,12,5,14,0,0,73,21,27,1,0,0,54,3,0
621,46,2,10,1,2,2,1,80,20,31,0,7,22,38,27,0
622,58,3,6,3,18,1,1,89,13,83,2,5,8,72,5,0
623,41,2,6,3,3,1,1,53,38,37,2,2,5,36,5,2
624,25,1,4,6,7,0,0,12,91,44,1,2,1,9,1,2
625,53,2,14,0,22,0,1,89,12,78,2,4,9,84,20,0
626,58,0,6,2,9,2,2,22,77,91,1,2,2,16,0,1
627,29,0,8,3,18,0,1,54,29,86,2,2,7,51,27,2
628,43,3,13,7,12,2,0,70,31,68,2,5,6,65,25,0
629,33,2,0,1,2,0,0,86,6,26,2,4,12,52,9,0
631,30,2,9,4,23,0,0,12,90,34,1,2,4,7,6,1
632,58,2,11,1,5,2,2,52,64,34,1,0,1,30,3,1
633,33,3,3,6,7,0,1,23,86,66,1,1,3,10,2,1
634,29,0,8,3,8,1,0,46,50,42,1,1,3,25,2,2
635,52,2,8,5,15,0,0,57,59,70,1,2,3,31,7,2
636,31,2,10,3,18,2,1,23,69,43,1,1,2,17,1,1
637,45,1,10,4,23,2,2,45,59,57,1,0,1,44,5,2
638,38,0,8,7,12,2,0,69,32,76,2,3,11,34,23,0
639,43,0,10,1,5,1,0,57,50,65,2,4,14,45,6,0
640,56,0,8,4,20,0,0,10,96,38,1,0,2,9,5,1
641,43,0,9,1,5,2,0,50,37,88,2,2,6,45,16,2
642,46,0,8,2,11,1,0,48,42,96,1,2,1,33,5,2
643,50,2,12,2,9,2,0,77,9,57,2,2,5,60,7,0
644,37,0,0,0,0,1,0,65,26,70,1,2,2,44,4,0
645,33,0,12,5,15,0,0,89,11,76,2,3,14,56,22,0
646,29,0,8,7,10,1,0,13,96,25,1,0,3,6,2,1
647,55,0,5,1,2,1,0,71,29,54,2,5,10,65,7,0
648,58,2,0,6,17,1,0,64,35,63,2,5,13,42,27,0
649,36,2,7,4,20,1,1,10,99,92,1,0,1,7,6,1
650,49,2,17,7,21,2,0,60,29,55,1,0,0,54,3,2
651,25,0,4,4,23,0,0,42,58,48,1,0,5,27,7,2
652,30,1,3,7,12,0,2,53,52,93,1,2,1,46,7,1
653,58,0,10,1,5,1,1,52,40,87,1,0,3,24,4,2
654,50,0,12,7,21,2,0,12,89,62,1,0,4,10,8,1
655,35,2,12,5,15,1,1,36,60,29,1,0,4,22,2,2
656,28,0,7,2,6,2,0,50,59,85,1,2,0,25,1,1
657,50,0,5,4,20,1,2,32,81,21,1,2,2,29,1,1
658,24,0,3,1,1,1,0,15,96,50,1,1,1,13,6,1
659,40,0,4,1,5,1,1,43,51,91,1,2,5,28,1,2
660,49,2,5,1,2,1,0,74,34,83,2,2,7,68,5,0
661,39,1,6,0,22,0,1,86,7,72,0,8,19,54,44,0
662,59,2,2,3,8,2,2,75,32,78,2,5,14,51,27,2
663,54,2,6,0,16,2,0,50,56,29,1,2,1,31,8,2
664,37,2,12,1,5,1,1,79,29,93,2,2,8,41,10,2
665,44,2,5,0,16,2,0,72,40,33,2,2,12,64,15,0
666,27,0,6,7,12,1,1,25,80,73,1,2,0,13,2,1
667,45,2,5,3,3,0,1,48,39,49,2,2,14,44,29,2
668,54,3,11,5,15,1,1,14,99,78,1,1,2,13,9,1
669,30,0,8,1,2,0,0,72,38,78,2,4,6,36,8,0
670,52,2,6,6,19,1,0,25,80,83,1,0,0,11,6,1
671,51,2,3,4,20,1,0,77,11,38,2,4,11,46,29,0
672,28,1,7,1,5,0,0,92,5,29,2,4,5,42,14,0
674,53,0,8,5,13,2,0,72,33,53,2,4,12,33,20,0
675,32,0,10,6,17,1,1,21,82,73,1,1,4,13,2,1
676,46,1,0,3,8,1,1,88,19,40,2,5,9,44,9,0
677,42,1,10,5,14,1,1,33,63,34,2,2,7,26,9,2
678,23,0,2,2,9,0,1,65,32,50,2,4,7,52,14,0
679,40,0,8,5,15,0,0,87,1,92,2,5,14,40,23,0
680,37,0,7,0,22,0,2,15,84,75,1,0,1,12,3,1
681,48,1,10,2,11,1,1,49,41,73,2,3,10,25,19,2
682,21,0,0,7,10,1,1,51,44,45,1,1,3,33,6,2
683,45,2,7,2,6,0,1,33,64,72,1,0,3,23,7,1
685,36,0,8,6,17,0,1,56,50,53,2,5,9,54,18,0
686,29,2,8,7,21,1,2,38,61,89,1,1,4,31,4,1
687,48,0,14,0,22,0,1,60,37,94,1,0,1,42,2,2
688,54,0,6,0,0,1,1,54,39,31,2,3,13,26,16,2
689,27,2,6,0,16,0,1,18,83,59,1,2,4,16,7,1
690,25,0,4,1,1,1,1,15,84,26,1,1,2,9,0,1
691,55,0,8,2,11,2,0,17,98,67,1,0,3,7,9,1
692,56,1,13,3,8,0,0,63,26,30,1,0,2,29,3,0
693,47,0,8,1,5,2,1,54,36,80,2,5,5,53,18,2
694,34,2,4,4,4,1,1,22,68,92,1,1,2,21,7,1
695,28,2,7,7,21,1,1,63,32,46,1,2,2,31,5,2
696,38,0,10,4,23,1,1,56,48,48,2,4,12,25,9,2
697,32,1,11,5,14,0,2,36,54,40,1,0,0,33,8,2
698,35,0,12,1,5,1,1,26,75,79,1,0,2,18,1,1
699,27,2,6,7,10,1,0,66,16,34,2,2,7,45,16,0
700,41,0,5,5,13,1,1,30,73,50,1,2,4,22,2,2
701,57,0,9,4,4,1,0,77,33,49,2,5,12,48,11,0
702,36,0,6,5,14,2,2,58,53,40,1,2,4,31,8,2
703,29,0,8,6,17,0,1,16,83,24,1,2,0,10,8,1
704,24,3,3,3,18,2,0,78,13,28,2,4,7,39,13,0
705,51,0,8,6,17,1,2,78,2,47,2,4,10,60,8,0
706,31,0,0,6,19,1,0,40,64,90,1,0,5,28,8,2
707,30,2,9,5,15,1,2,10,98,91,1,1,3,5,9,1
708,35,2,5,0,22,1,2,27,75,98,1,1,2,22,5,1
709,42,2,14,3,3,1,2,44,61,29,1,2,2,39,9,1
710,33,0,12,7,10,1,0,57,20,90,1,0,2,55,2,0
711,34,1,13,2,9,1,1,25,74,25,1,2,2,18,4,1
712,28,1,7,6,7,2,0,56,33,23,1,2,1,47,2,0
713,48,0,9,0,22,0,2,52,51,92,1,2,3,25,5,1
714,57,1,11,7,12,0,0,37,87,93,1,0,1,23,5,2
717,44,0,13,1,5,2,0,81,19,39,0,5,21,53,33,0
718,28,1,0,7,12,2,0,70,24,83,2,2,7,35,29,0
719,22,2,1,7,12,2,1,37,55,44,1,1,5,33,4,2
720,51,1,11,7,21,1,0,94,11,78,2,4,10,59,25,0
721,25,0,4,1,5,0,0,61,29,48,2,4,12,44,27,0
722,55,0,8,3,3,0,1,61,38,39,1,2,1,32,0,2
723,49,2,7,2,6,2,1,59,56,39,2,3,9,27,13,1
724,36,2,6,4,4,1,1,53,33,39,1,2,4,52,7,2
725,44,1,14,0,22,0,0,84,22,88,2,2,9,56,23,0
726,47,0,2,7,10,0,1,50,60,32,1,0,1,42,3,0
727,39,0,11,6,17,0,1,19,80,74,1,0,0,13,7,1
728,28,0,7,7,12,0,2,55,56,94,1,2,3,44,6,1
729,33,0,12,1,5,2,2,68,36,66,2,4,5,47,17,2
730,53,0,9,5,13,2,0,24,84,23,1,1,2,17,7,2
731,59,0,6,0,22,1,0,42,65,68,1,1,2,21,7,1
732,58,0,11,0,22,2,1,70,33,96,2,5,13,56,9,2
733,58,2,12,1,2,2,1,32,59,32,1,2,1,26,5,1
734,60,0,9,1,2,0,2,66,29,65,2,4,7,59,26,2
735,33,0,11,6,17,1,0,33,74,87,1,1,1,30,5,2
737,35,0,14,2,11,2,0,86,0,73,0,5,22,60,35,0
738,51,2,11,1,1,1,0,60,38,83,2,5,9,53,25,2
739,60,1,0,5,14,0,2,88,20,53,2,3,5,54,20,0
740,40,2,19,2,6,2,1,15,79,42,1,2,3,7,3,1
741,47,0,12,2,6,1,0,16,74,38,1,0,4,11,3,1
742,36,0,15,1,1,0,0,30,76,41,1,0,2,20,5,2
743,50,0,0,4,23,0,2,57,37,59,2,4,5,52,25,2
744,58,0,3,4,4,0,1,72,38,35,2,3,13,42,6,0
746,21,0,0,0,22,0,1,30,65,88,1,1,1,27,7,1
747,41,2,8,4,20,2,0,32,83,89,1,2,2,27,6,1
749,44,0,17,5,15,0,2,56,43,58,2,2,5,54,10,2
750,30,2,9,3,3,2,1,69,38,42,2,5,5,56,15,2
751,49,0,13,1,5,0,1,78,10,81,0,5,19,58,21,0
752,54,1,8,4,23,2,2,14,74,68,1,1,1,8,2,1
753,37,3,1,3,18,0,2,81,9,26,2,3,9,37,28,2
754,37,0,4,0,0,0,1,57,36,22,1,1,1,46,0,2
755,29,2,1,1,2,1,0,86,39,29,2,5,13,43,10,0
756,32,0,3,1,2,1,2,45,56,33,1,0,4,37,1,1
757,42,2,14,7,21,1,2,42,56,51,1,2,5,29,7,1
758,26,0,5,3,3,2,2,28,63,62,1,2,0,19,8,1
759,23,2,2,6,17,2,0,49,70,32,1,1,2,25,5,0
760,38,0,2,4,4,1,1,69,28,42,2,4,7,44,24,0
761,47,2,3,2,11,2,1,24,57,80,1,0,2,23,4,1
762,34,2,12,4,20,2,0,65,24,23,2,4,8,61,10,0
763,56,2,0,0,16,1,0,19,85,23,1,1,3,13,1,1
764,38,0,1,1,2,1,0,76,44,67,2,4,12,65,28,0
765,52,2,13,2,11,1,2,16,71,96,1,2,0,15,8,1
766,44,2,16,6,7,2,2,75,12,24,2,2,10,42,23,2
767,34,2,7,4,23,1,0,42,75,76,1,0,4,32,4,2
768,26,0,5,2,9,0,1,57,38,62,2,2,9,52,26,2
769,31,0,10,0,0,0,0,37,64,78,2,5,10,31,12,1
770,47,2,9,7,21,2,0,59,31,85,2,5,11,54,12,2
771,60,2,11,0,16,2,0,52,54,82,2,2,7,39,13,1
774,50,0,10,0,22,1,0,66,18,84,2,2,7,39,6,2
775,58,2,10,7,21,2,0,41,64,79,1,2,4,19,9,1
776,25,2,4,5,13,2,0,54,50,56,1,1,5,27,5,2
777,34,1,11,2,9,0,0,53,35,55,1,1,5,48,7,0
778,30,0,9,1,2,1,1,30,66,55,1,0,0,25,2,1
779,25,0,4,2,9,1,1,81,27,24,2,5,11,39,23,2
780,38,2,13,5,13,0,1,90,0,90,2,5,8,75,28,0
781,26,2,0,7,10,1,1,11,88,59,1,0,2,10,1,1
783,31,0,10,7,12,1,0,71,28,66,1,2,2,34,5,0
784,48,1,11,0,22,1,1,67,32,93,2,4,13,58,18,2
785,59,1,14,1,2,2,0,80,15,79,2,4,9,54,27,0
786,46,1,12,7,12,0,1,39,60,85,1,1,1,34,4,2
787,35,2,2,0,22,1,0,71,40,65,2,4,6,35,5,2
788,22,0,1,0,0,1,0,39,50,29,1,2,4,26,1,2
789,44,0,4,2,11,1,1,83,2,82,2,2,10,44,17,2
790,50,0,0,0,0,1,0,48,51,43,2,3,8,28,23,2
791,59,2,12,6,19,1,0,37,67,98,1,0,4,20,5,1
792,44,1,7,2,11,1,1,12,74,96,1,1,0,7,3,1
793,39,2,0,1,5,1,0,54,37,22,1,1,4,37,9,0
794,55,0,10,1,2,2,0,30,33,54,2,2,9,21,27,2
795,32,0,11,3,8,2,1,56,55,40,2,2,14,33,8,2
796,44,1,14,0,16,2,1,92,0,89,2,3,10,62,25,0
797,22,2,1,2,6,2,1,59,52,23,1,0,5,27,3,2
798,23,0,0,7,10,1,1,44,51,33,1,1,4,33,9,2
799,60,0,14,2,11,2,0,42,58,75,1,2,4,41,5,2
800,32,0,0,2,6,2,2,67,26,32,2,4,8,36,11,2
801,31,2,8,4,20,2,1,14,78,76,1,1,5,7,3,1
802,23,2,2,7,21,1,1,52,56,92,2,5,10,36,8,2
803,51,2,1,6,17,2,1,63,48,90,2,5,9,32,22,2
804,55,3,10,5,13,2,0,26,88,35,1,2,0,25,6,1
805,22,0,1,4,20,0,0,62,30,76,2,2,12,46,23,0
806,38,0,9,6,17,1,0,53,47,28,2,5,6,43,24,0
808,21,1,0,0,16,2,1,33,71,23,1,0,1,28,2,2
809,33,3,7,4,23,1,0,23,83,90,1,0,2,14,9,1
810,56,2,15,5,15,1,2,38,70,70,2,5,5,17,20,1
811,35,2,0,7,10,2,2,22,75,83,1,2,1,19,3,1
813,26,0,5,2,9,1,1,15,91,56,1,1,4,7,7,1
815,58,0,6,4,23,0,0,89,0,58,2,4,11,75,20,0
816,34,3,12,1,2,1,0,86,20,55,2,5,9,54,29,0
818,34,1,7,1,1,1,0,94,2,59,0,7,17,65,35,0
819,21,2,0,5,15,0,1,42,56,49,1,0,4,37,6,2
820,34,0,3,2,9,2,1,11,80,45,1,1,3,7,7,1
822,59,0,6,4,23,1,1,24,66,56,1,1,4,23,5,1
823,43,1,15,3,3,1,1,63,18,66,2,5,11,48,29,0
824,37,1,15,3,3,0,2,59,39,76,1,2,3,32,1,1
825,34,2,6,0,22,0,0,90,4,75,2,3,8,86,21,0
826,54,1,7,7,10,2,0,19,81,45,1,2,0,14,6,2
827,42,0,9,0,22,1,2,11,91,92,1,2,2,6,4,1
828,50,3,9,3,3,2,0,81,30,62,2,4,11,80,23,0
829,36,2,11,1,2,1,1,29,48,73,2,3,7,21,21,1
831,26,0,5,2,11,0,0,43,50,97,1,1,1,27,8,1
832,44,0,6,5,15,1,0,71,28,59,2,5,13,69,18,0
834,43,1,0,4,23,2,0,24,77,85,1,2,1,19,0,2
835,42,2,10,3,18,2,1,65,26,83,2,5,13,45,27,2
836,56,2,20,3,3,1,0,16,81,73,1,1,2,14,7,1
837,24,0,3,6,19,2,1,57,28,80,1,2,0,51,8,0
838,49,0,6,7,10,0,0,61,62,20,2,2,6,35,23,0
839,33,0,8,5,14,2,0,59,37,57,2,5,6,39,23,0
840,30,0,1,5,14,1,1,45,40,83,1,1,4,20,0,2
842,25,0,4,7,12,1,2,56,52,91,1,0,1,33,6,1
843,57,3,9,4,20,2,0,38,82,69,1,0,0,27,3,1
844,57,0,17,1,5,0,0,27,83,84,1,2,3,16,2,1
845,51,1,0,3,8,0,0,50,56,21,1,2,5,27,5,0
846,37,0,14,6,7,0,1,72,39,31,1,1,2,60,4,0
847,47,1,4,2,9,1,0,30,60,77,1,2,0,27,9,2
848,33,0,6,7,10,0,1,75,26,72,2,4,12,48,7,0
849,22,2,1,0,22,2,0,22,79,88,1,1,3,18,4,1
850,43,0,15,7,10,1,1,69,27,84,2,2,6,34,17,2
851,22,1,1,1,2,2,2,23,58,49,1,1,5,17,9,1
852,50,3,15,0,22,0,0,81,17,78,0,5,21,41,39,2
853,60,0,4,3,3,1,1,35,59,26,1,1,5,16,7,1
854,55,0,14,4,20,1,1,15,80,60,1,2,2,10,1,1
855,46,2,7,7,21,2,2,19,87,40,1,2,2,18,4,1
857,54,0,9,3,3,0,1,52,37,66,2,4,8,30,17,2
858,24,0,3,1,5,1,0,47,55,54,1,0,5,30,5,2
859,59,1,13,6,7,0,0,54,39,45,2,4,8,48,11,0
860,58,1,1,1,2,2,0,55,56,60,1,2,0,49,9,0
861,54,0,12,0,22,2,1,18,69,73,1,2,5,11,2,1
862,60,0,14,3,3,1,2,65,29,76,2,4,14,40,21,1
863,39,0,5,0,16,1,0,60,34,88,1,1,0,27,7,2
864,32,0,1,2,6,2,0,12,98,64,1,1,0,5,3,1
865,43,1,4,4,4,0,1,64,30,74,2,2,14,40,21,0
866,29,0,5,4,4,1,2,54,57,45,2,4,10,37,8,2
867,50,2,12,2,11,1,0,39,62,85,1,0,0,38,2,1
868,57,1,11,1,2,2,0,67,37,22,2,2,10,36,23,0
869,39,0,16,4,20,1,1,85,29,52,2,5,6,38,24,0
871,56,2,15,3,18,0,2,55,40,50,2,2,11,39,12,1
872,37,1,7,3,3,1,0,15,100,87,1,0,0,6,5,1
873,42,0,17,5,13,1,0,45,40,28,1,1,0,30,1,0
874,54,1,11,7,12,1,1,56,43,82,2,2,8,53,29,2
875,56,2,8,4,23,0,1,87,21,34,2,4,14,79,21,0
876,42,0,8,3,8,1,0,25,68,88,1,0,0,21,5,1
877,56,0,11,6,17,1,2,81,20,41,2,2,7,80,29,0
878,25,0,0,0,22,0,1,61,26,79,1,1,5,51,9,2
879,37,2,16,0,0,1,1,82,5,28,2,3,11,77,11,0
880,47,0,7,1,5,1,0,72,29,63,2,2,13,42,17,0
881,42,2,4,7,21,2,0,17,91,21,1,1,2,15,6,1
882,32,0,8,4,23,0,0,58,41,66,2,3,6,57,29,0
883,34,0,4,0,22,0,1,88,19,65,2,3,8,52,14,2
884,44,0,0,4,4,2,1,18,68,35,1,2,1,16,8,2
885,33,2,11,4,23,1,0,46,69,27,1,0,2,42,5,2
886,59,0,9,5,14,1,0,38,48,84,1,0,0,36,7,2
887,60,2,0,7,10,2,0,90,0,45,0,6,25,63,51,0
888,25,0,2,7,12,2,0,25,71,39,1,2,1,15,2,2
890,21,1,0,5,15,1,1,62,46,89,2,4,11,30,27,0
891,32,1,9,1,1,1,1,61,51,54,2,4,10,51,9,0
892,31,2,3,0,16,1,1,13,91,37,1,0,1,9,5,1
893,58,0,7,5,15,2,0,12,88,35,1,1,0,11,6,2
895,34,0,13,7,10,0,0,84,18,55,2,4,7,81,26,0
896,37,0,10,4,23,0,0,27,65,64,1,1,1,21,1,2
897,37,3,11,4,20,1,1,12,100,89,1,1,3,8,2,1
898,55,0,16,0,16,1,0,77,6,85,2,2,6,49,23,2
899,53,0,13,7,21,1,0,80,21,60,2,3,11,64,24,0
900,58,0,4,3,18,0,0,64,31,94,2,2,6,31,23,2
901,38,1,7,7,21,2,1,24,82,50,1,0,3,12,0,1
902,43,2,17,2,11,0,0,17,65,96,1,0,1,13,4,1
903,31,3,10,2,6,0,2,20,85,44,1,0,2,18,2,1
904,25,2,4,4,20,1,1,29,88,85,1,1,1,23,5,1
906,29,0,0,6,7,1,2,40,65,46,1,1,4,31,2,2
907,29,1,8,0,0,1,1,81,21,58,2,3,7,42,29,2
908,39,2,7,7,12,1,2,12,86,37,1,0,5,8,1,1
909,59,2,0,3,8,0,1,19,82,86,1,0,4,17,1,1
910,35,1,14,2,6,2,0,35,63,63,1,2,5,29,9,2
911,54,0,2,4,23,1,1,88,17,64,2,2,5,78,9,0
912,30,0,0,0,0,1,0,80,5,41,2,3,13,50,25,0
913,58,0,6,1,2,1,0,53,42,33,1,2,3,35,1,0
914,29,1,4,2,6,2,0,65,42,28,1,0,2,33,1,0
915,43,0,0,0,0,0,1,23,73,70,1,1,4,22,2,1
916,34,0,10,0,16,1,1,37,62,93,1,2,1,17,0,1
917,25,0,4,5,14,2,1,66,50,40,2,4,7,52,25,0
918,41,0,10,1,1,0,1,74,34,53,2,3,10,48,10,0
919,41,0,3,2,9,0,1,19,77,49,1,1,4,15,6,1
920,54,1,12,7,12,1,0,28,77,67,1,2,4,22,1,2
921,56,0,11,1,5,1,1,83,21,82,2,2,9,59,23,0
922,35,0,2,5,13,1,1,20,85,35,1,2,0,17,3,2
923,46,0,9,4,20,0,0,39,63,81,1,2,3,30,4,2
925,26,2,1,4,20,2,0,25,69,36,1,0,1,24,7,2
926,23,2,2,1,1,0,0,67,26,64,1,2,0,34,0,0
927,23,1,2,1,5,1,1,91,35,57,2,4,9,58,25,0
928,26,3,5,2,6,1,0,39,61,40,1,0,4,35,2,1
929,39,0,7,4,20,1,1,64,29,73,1,1,4,55,9,0
930,27,0,3,0,16,0,1,60,30,65,2,4,8,28,22,2
931,42,0,10,0,16,0,1,52,43,28,2,2,11,35,13,2
932,22,0,1,1,2,2,0,29,67,68,1,0,4,28,7,2
933,60,2,5,5,15,1,1,72,32,85,2,2,6,33,9,2
934,54,1,6,2,6,0,0,44,37,20,1,1,1,23,7,2
935,38,2,11,2,9,1,0,85,24,70,2,2,7,45,16,2
936,57,2,12,6,19,2,0,40,44,72,2,3,8,22,19,2
937,23,0,2,6,19,1,0,57,36,72,1,1,5,50,9,0
938,46,0,6,6,17,0,1,91,2,63,2,3,6,75,26,0
939,21,0,0,3,3,2,1,40,44,41,1,2,3,34,6,2
940,23,2,2,0,0,0,0,50,33,89,1,0,0,30,3,2
941,46,0,20,2,6,2,0,26,76,92,1,2,2,15,9,1
942,23,2,2,1,1,1,1,49,59,80,1,0,4,48,1,2
943,21,0,0,5,15,1,2,29,67,58,1,2,0,26,7,1
944,27,2,6,4,4,2,1,48,51,28,1,1,3,36,1,2
945,53,0,8,7,21,2,1,18,85,74,1,1,5,16,9,1
946,48,0,4,1,1,1,0,90,15,34,2,2,12,60,8,0
947,47,0,6,0,16,0,1,62,34,49,2,2,7,31,5,2
948,42,0,10,1,5,1,1,55,52,73,1,2,2,42,6,2
949,58,0,4,4,4,1,0,76,14,56,2,2,14,63,8,0
950,36,1,15,0,22,0,1,58,46,81,2,5,6,45,11,2
951,44,0,7,2,11,1,0,67,4,89,2,5,9,34,23,2
952,46,0,13,7,12,1,1,59,46,91,1,0,2,29,9,2
953,26,2,2,3,18,2,0,64,38,77,2,4,11,31,21,2
954,59,0,0,2,9,1,0,48,58,88,2,5,8,35,28,2
955,42,0,14,2,11,2,2,13,80,94,1,2,5,12,6,1
956,60,2,7,0,16,0,1,40,58,22,1,1,0,22,2,1
957,59,0,10,6,17,2,2,40,68,44,1,2,1,30,6,1
959,52,2,13,5,14,1,2,83,14,55,2,2,6,53,29,2
960,35,1,5,5,14,1,1,69,29,50,2,3,10,57,23,0
961,37,2,12,5,13,2,0,10,77,78,1,0,2,6,1,1
962,22,2,1,1,2,2,1,53,49,44,1,1,0,40,4,2
963,32,2,4,2,6,0,0,38,69,46,1,1,4,27,2,1
964,42,0,18,2,11,1,1,65,41,87,2,4,5,49,18,1
965,31,0,5,0,16,1,0,46,46,80,1,2,3,21,9,1
966,47,1,6,3,18,1,0,62,41,37,2,3,8,52,29,0
967,47,2,6,1,1,1,0,61,34,34,2,3,11,57,20,0
968,24,2,3,5,13,1,2,89,5,37,2,3,13,74,8,0
969,28,0,7,6,7,1,0,36,56,27,1,2,1,17,4,2
970,46,0,2,7,12,0,1,66,28,43,2,5,13,60,17,0
971,56,3,13,3,3,2,1,53,39,59,2,4,12,40,8,1
972,49,0,6,5,13,1,1,94,1,50,2,5,8,72,10,0
973,43,0,14,5,15,0,0,80,24,77,2,3,6,79,14,0
974,30,0,4,6,7,0,0,34,66,27,1,2,0,27,7,2
975,35,2,14,7,21,1,2,41,54,33,2,5,10,32,28,1
976,21,0,0,4,20,0,0,67,31,63,2,2,6,34,21,0
977,24,1,3,3,18,2,1,42,49,53,1,2,4,20,7,2
978,45,0,0,4,23,2,2,16,83,45,1,0,4,13,9,1
979,39,2,15,4,23,1,0,39,71,94,1,0,5,20,9,1
980,47,0,9,6,17,1,1,62,32,44,2,3,12,43,19,0
981,44,0,17,2,9,1,1,33,63,88,1,1,1,23,9,1
982,42,0,4,0,16,0,0,49,45,78,1,0,5,40,1,2
983,36,1,0,0,0,0,1,14,88,50,1,1,3,12,4,1
984,43,2,13,2,9,1,0,58,43,72,1,1,0,52,3,2
985,37,2,10,1,5,1,2,38,67,91,1,2,3,25,7,1
986,48,1,7,6,17,1,1,22,77,26,1,0,3,20,5,2
987,23,0,2,1,5,0,1,78,19,20,2,3,14,72,22,0
988,21,2,0,4,20,2,0,49,52,82,2,2,10,40,7,2
989,22,0,1,2,11,1,0,40,59,76,1,2,5,22,6,2
990,54,2,5,3,3,2,1,52,69,22,1,2,1,42,2,2
991,30,2,9,7,12,1,0,69,20,57,2,3,14,61,26,0
992,22,1,1,7,10,1,0,16,81,25,1,2,2,10,8,2
994,55,0,13,0,22,1,1,18,67,70,1,2,1,9,4,1
995,45,0,14,2,9,0,0,30,68,79,1,1,3,20,0,1
996,21,2,0,4,23,2,0,81,22,29,2,3,10,62,25,0
998,28,1,7,3,18,1,1,67,45,40,2,2,14,58,21,0
999,29,0,1,7,12,1,1,16,77,85,1,2,1,8,5,1
1000,53,0,11,4,20,2,0,47,65,69,2,3,12,42,20,2
1001,33,0,7,6,7,1,1,10,86,72,1,1,4,9,0,1
1002,21,0,0,0,22,1,1,15,100,86,1,1,4,9,4,1
1003,46,3,12,3,3,1,0,14,67,50,1,2,5,13,9,1
1004,29,1,3,4,4,1,1,47,52,81,1,0,5,41,7,2
1005,28,0,2,4,23,2,2,50,52,73,1,0,4,43,3,2
1006,58,1,16,3,18,0,0,89,12,44,2,4,5,87,23,0
1007,23,2,2,7,10,0,1,42,41,23,1,2,3,41,8,2
1008,35,2,7,5,13,1,0,27,75,66,1,1,1,24,9,2
1009,51,2,10,0,0,1,0,42,62,70,2,3,7,33,8,1
1010,48,2,13,0,22,2,0,83,9,96,2,3,5,57,22,2
1011,32,0,7,7,10,0,1,24,73,63,1,1,2,15,3,1
1012,52,0,11,6,17,1,0,39,52,35,1,0,1,37,4,0
1013,38,0,2,5,14,0,0,81,13,83,2,3,7,77,27,0
1014,49,2,9,7,12,0,0,10,90,82,1,2,4,6,8,1
1015,43,0,5,4,4,1,1,42,62,60,1,0,1,39,6,2
1016,39,0,4,5,13,2,1,41,47,29,1,1,2,24,8,2
1017,40,1,3,1,1,1,0,72,11,67,2,5,13,60,24,0
1018,53,0,7,1,5,1,1,10,92,84,1,0,1,9,2,1
1019,45,2,8,0,0,2,0,21,67,33,1,1,4,15,0,1
1020,21,0,0,0,22,2,1,28,53,69,1,1,3,15,1,1
1021,54,0,3,6,7,0,0,66,37,43,2,2,10,45,5,0
1022,53,0,14,7,12,2,0,19,81,66,1,1,5,11,5,1
1023,32,0,1,3,18,0,0,25,77,31,1,0,1,23,3,2
1024,35,2,14,3,18,1,0,24,64,81,1,2,2,21,4,1
1025,51,2,5,0,0,2,0,10,91,44,1,1,2,8,1,1
1026,24,1,2,4,20,1,1,31,49,37,1,2,1,28,2,0
1027,25,0,4,2,9,1,1,65,40,79,2,4,11,35,16,2
1028,22,0,1,0,22,0,0,60,39,88,1,2,4,59,6,0
1029,43,0,5,7,12,0,0,13,83,24,1,2,4,11,1,1
1030,50,0,3,5,13,0,0,89,3,49,2,2,12,52,17,0
1031,40,2,3,0,16,1,1,41,52,32,1,0,4,29,8,1
1033,39,2,10,5,15,2,1,12,94,49,1,1,5,11,4,1
1034,58,1,8,3,3,1,0,54,46,32,1,0,2,26,4,0
1035,48,2,13,0,16,0,0,78,28,43,2,2,12,62,23,0
1036,46,0,8,1,5,1,1,69,54,52,2,3,8,35,8,2
1037,29,0,0,5,13,1,2,23,71,22,1,1,5,19,8,1
1038,49,0,15,3,8,0,1,35,65,28,1,0,5,27,0,1
1039,57,2,5,4,23,1,0,22,73,56,1,1,1,19,8,1
1040,59,3,11,6,7,2,0,23,94,40,1,1,3,10,8,1
1041,53,2,6,3,8,0,1,19,75,86,1,1,4,12,5,1
1042,49,1,5,4,20,2,1,13,83,21,1,1,4,7,4,1
1044,42,2,9,6,19,1,1,71,46,84,1,2,0,61,9,0
1045,30,0,5,1,1,0,1,12,85,65,1,1,5,9,6,1
1046,51,2,4,3,3,1,0,66,34,50,2,3,12,43,15,2
1047,43,0,15,0,0,2,0,69,47,54,2,2,12,53,11,2
1048,53,2,7,2,9,2,0,61,36,54,2,2,9,49,24,2
1049,49,0,6,6,17,1,0,60,43,71,1,2,3,57,3,0
1050,37,0,10,4,4,1,1,63,33,69,2,3,10,50,19,0
1051,43,0,16,3,8,1,1,60,33,69,2,5,6,59,10,2
1052,26,2,5,2,6,1,1,12,86,77,1,0,5,10,4,1
1053,43,0,9,6,7,0,0,36,48,50,1,0,4,35,4,2
1054,25,0,4,0,16,1,1,26,75,63,1,2,3,17,2,1
1055,51,0,7,4,4,1,0,87,0,79,2,3,14,66,21,0
1056,29,1,8,7,21,1,1,39,61,26,1,2,5,34,5,2
1057,50,0,14,2,9,2,0,70,5,59,2,5,8,44,12,0
1058,41,2,17,0,16,0,0,53,56,62,2,5,5,32,19,1
1059,36,2,3,0,16,0,1,37,59,85,1,1,2,30,0,1
1060,30,0,9,5,13,1,0,74,19,22,2,4,14,70,28,0
1061,59,0,11,4,20,1,1,73,14,28,2,3,14,66,13,0
1062,55,0,7,6,17,0,1,54,56,24,2,4,8,37,18,2
1063,40,1,8,5,14,1,1,55,46,69,2,4,10,41,28,0
1064,28,0,4,5,15,2,1,24,66,70,1,0,2,11,3,1
1065,52,0,9,6,7,2,0,88,7,65,0,6,21,60,42,0
1066,23,1,2,4,23,1,0,39,69,50,1,1,2,35,7,0
1067,35,2,2,4,23,0,0,88,22,33,2,4,10,44,18,0
1068,21,2,0,5,15,1,0,89,14,86,2,3,14,88,26,0
1069,31,0,10,1,2,0,1,41,72,32,1,0,0,35,8,2
1070,59,3,0,7,21,1,2,29,81,30,1,0,1,18,4,1
1071,58,0,6,0,22,1,0,61,35,68,2,4,8,59,13,2
1072,28,1,7,5,14,1,0,70,26,86,2,5,11,53,8,0
1073,46,0,9,5,13,2,2,30,86,62,1,2,3,24,7,1
1074,37,2,14,1,5,2,0,56,44,53,2,5,8,33,11,2
1075,39,2,3,4,4,0,0,23,79,73,1,1,0,12,6,1
1076,34,2,7,5,13,2,2,38,64,86,1,1,4,31,0,1
1077,21,0,0,4,20,0,2,86,7,84,2,5,14,65,17,0
1078,34,0,11,6,7,1,0,75,25,92,1,1,1,62,7,0
1079,43,2,9,5,13,1,1,43,74,87,1,1,4,40,2,2
1080,28,1,5,5,14,1,2,57,40,87,1,1,1,27,5,2
1081,26,1,0,1,2,0,0,65,27,83,2,2,14,49,6,0
1082,33,2,12,6,19,1,1,38,69,69,1,0,3,24,5,1
1083,29,1,8,3,8,2,1,63,32,83,2,4,10,57,5,0
1084,35,0,0,6,7,2,1,47,54,82,1,2,2,26,3,2
1085,34,2,13,6,19,1,0,50,43,98,1,2,3,40,8,2
1086,22,0,1,1,5,2,2,82,28,47,2,5,7,41,14,0
1087,43,2,5,0,16,1,0,39,71,73,1,0,0,27,5,1
1088,28,0,0,4,20,2,0,59,33,75,1,1,0,45,3,0
1089,23,2,2,2,11,2,1,55,43,88,2,5,13,42,19,2
1091,42,0,11,4,23,0,1,87,2,74,2,4,12,54,20,0
1092,30,0,1,6,17,0,1,55,45,87,2,4,8,33,25,2
1093,41,0,9,0,0,1,1,11,87,37,1,0,1,9,8,1
1094,46,1,18,3,18,1,0,59,34,91,1,1,0,40,0,2
1095,33,2,4,6,7,1,0,78,15,59,2,2,13,77,12,0
1096,60,0,16,3,18,1,1,39,37,85,1,0,0,22,3,1
1097,38,2,7,7,10,2,0,54,33,87,1,0,4,24,5,2
1098,49,0,16,3,3,0,0,26,75,42,1,0,0,13,1,1
1099,30,0,9,4,20,1,0,61,42,83,2,2,6,39,6,0
1100,27,1,6,5,14,2,1,59,38,58,1,2,3,48,3,0
1101,21,0,0,3,3,1,1,48,49,45,2,3,8,40,9,2
1102,26,0,5,1,5,1,1,56,40,32,2,5,6,48,25,0
1103,22,0,1,5,15,1,1,88,13,41,2,3,5,55,17,0
1104,42,0,7,4,20,1,2,79,32,81,2,2,6,55,18,2
1105,46,0,7,4,23,0,1,48,75,37,1,2,5,35,6,2
1106,60,0,15,6,19,1,1,25,67,68,1,1,2,15,8,1
1107,44,0,1,0,22,2,2,91,19,72,2,4,7,84,22,0
1108,23,0,2,4,4,1,2,59,44,82,2,5,13,56,21,2
1109,38,2,10,5,13,0,1,65,25,87,2,5,6,62,18,0
1110,54,0,10,2,11,2,2,54,50,84,1,2,0,53,9,1
1111,24,0,3,0,0,2,0,19,93,38,1,2,3,12,8,1
1112,48,0,10,6,19,1,0,15,82,80,1,0,0,14,2,1
1113,22,0,1,7,21,1,1,88,14,47,2,5,12,42,14,0
1114,41,0,4,0,22,0,2,16,95,84,1,2,2,11,2,1
1115,43,0,12,7,12,1,0,11,89,43,1,0,5,9,1,1
1116,34,2,6,1,1,0,1,15,70,94,1,1,2,11,5,1
1117,28,0,7,2,9,1,0,24,77,85,1,2,0,22,7,1
1118,41,1,2,0,22,2,2,35,58,71,1,2,5,18,8,1
1119,41,2,14,3,3,0,1,72,17,24,2,4,10,51,20,0
1120,40,2,15,7,10,1,1,87,28,47,0,8,22,73,48,0
1121,43,1,0,4,23,0,0,77,20,78,0,8,16,46,45,0
1122,57,1,8,0,0,2,0,53,48,65,2,3,13,33,23,2
1123,31,2,4,3,3,2,1,22,72,48,1,2,1,15,8,1
1124,34,2,5,0,16,2,0,88,14,34,2,2,10,76,27,0
1125,22,0,1,6,19,2,2,39,49,94,1,0,0,22,0,1
1126,28,2,7,1,5,2,0,57,42,64,1,1,0,54,7,0
1127,55,0,11,5,14,2,0,84,12,85,2,4,6,41,27,0
1128,57,0,11,7,12,1,0,22,79,47,1,0,2,11,1,1
1129,21,1,0,5,13,1,1,42,51,36,1,0,1,38,5,0
1130,60,0,16,1,2,1,1,12,93,31,1,0,0,9,7,1
1131,37,2,4,5,15,0,0,63,47,52,1,0,0,60,4,0
1132,41,0,3,6,19,1,1,24,84,92,1,1,5,21,1,1
1133,55,2,4,2,9,2,0,21,75,72,1,2,5,12,9,1
1134,23,2,0,2,9,1,1,13,75,29,1,0,3,10,4,1
1135,22,0,1,0,0,2,0,64,63,65,2,2,5,32,14,2
1136,47,2,8,4,4,2,1,26,86,51,1,2,4,14,6,1
1137,41,0,7,6,19,2,0,49,51,91,2,4,9,44,28,2
1138,60,0,14,1,2,1,1,24,82,20,1,0,4,17,3,1
1139,60,3,19,4,4,1,1,37,74,73,1,0,5,20,8,1
1140,34,2,1,0,22,1,2,89,7,97,2,3,6,47,19,2
1141,49,2,6,1,1,1,1,76,19,81,2,4,10,58,17,0
1142,55,0,17,6,7,1,2,40,61,41,1,0,4,18,5,1
1143,43,2,3,2,11,2,2,49,62,80,2,2,6,26,17,1
1144,47,0,8,0,16,1,0,80,24,91,2,5,7,70,5,0
1145,49,1,6,4,20,0,1,50,36,42,2,4,5,48,24,0
1147,42,0,4,4,20,2,1,83,8,91,2,5,6,54,27,0
1148,39,1,13,4,20,2,0,76,42,83,2,2,14,65,12,0
1150,58,0,5,7,21,1,2,35,62,49,1,0,4,19,2,1
1151,48,0,17,3,8,1,0,39,73,61,1,1,1,29,8,1
1152,58,1,14,4,4,2,0,51,51,48,2,2,7,49,19,0
1153,58,0,9,5,13,0,0,17,74,52,1,2,5,12,4,2
1155,52,0,10,5,14,2,0,30,57,39,1,2,1,20,3,2
1156,21,0,0,6,7,1,0,26,68,24,1,1,3,19,2,2
1157,33,3,11,1,1,1,2,87,24,67,2,3,7,53,8,2
1158,25,0,4,7,21,1,1,30,56,55,1,1,1,24,0,1
1159,55,0,5,1,2,1,1,49,48,34,1,0,4,42,3,2
1161,57,0,18,4,20,1,1,92,15,76,2,4,12,80,13,0
1162,30,1,9,5,15,2,0,43,60,36,1,0,2,39,8,0
1163,25,1,4,2,11,0,2,47,49,94,2,2,12,27,11,1
1164,24,0,3,7,21,1,0,44,52,58,1,1,2,35,2,2
1165,56,2,7,7,21,1,1,24,78,41,1,2,1,16,1,1
1166,33,1,7,7,21,2,0,34,75,94,2,5,5,24,27,2
1167,59,0,8,1,2,1,0,50,39,40,2,2,9,32,6,0
1168,29,1,8,2,6,0,2,57,25,25,2,4,8,49,17,2
1169,27,0,6,0,22,1,2,67,45,76,2,5,10,35,14,1
1170,45,0,15,2,6,0,1,16,81,70,1,1,4,13,6,1
1171,34,0,8,7,12,1,1,50,66,32,2,4,13,45,16,2
1172,43,1,12,2,6,1,1,66,39,37,2,2,12,36,15,2
1174,46,2,8,3,3,0,0,80,15,36,2,3,11,41,22,0
1175,21,0,0,4,4,0,1,42,57,39,1,2,2,35,2,2
1176,56,0,2,7,12,2,1,41,55,62,1,0,2,19,9,2
1177,29,2,1,7,10,1,2,63,31,72,2,4,9,54,15,2
1178,59,1,6,6,17,0,1,46,64,92,1,2,4,41,9,2
1179,27,2,3,0,22,1,0,49,53,89,1,0,2,38,7,1
1181,41,0,11,1,1,1,1,31,77,34,2,2,14,24,18,1
1182,43,1,12,7,12,1,0,75,34,73,1,1,5,48,8,0
1183,39,0,5,3,18,1,0,60,28,61,2,2,10,59,9,0
1185,40,2,10,1,2,0,2,82,24,41,2,3,13,81,23,0
1186,26,1,5,3,3,0,0,69,32,83,1,2,3,33,6,0
1187,57,2,14,3,18,2,0,94,9,38,0,7,23,62,24,0
1188,46,2,9,3,3,0,0,30,74,50,1,0,0,19,6,1
1189,39,3,8,4,20,1,1,50,48,87,1,1,3,26,0,1
1190,60,2,8,6,19,0,2,62,43,77,1,0,3,51,5,2
1191,41,0,0,2,6,0,0,72,34,84,2,3,13,57,17,0
1192,50,0,3,5,14,2,0,15,72,53,1,1,2,8,5,2
1193,23,0,0,0,16,2,1,72,28,63,2,3,11,48,10,0
1194,44,0,7,0,22,0,1,91,10,76,2,2,10,50,5,0
1195,24,2,3,5,14,1,0,17,79,46,1,1,1,8,5,1
1196,31,1,10,6,17,0,1,83,14,30,0,6,25,56,40,0
1197,44,3,8,5,15,2,0,89,14,42,2,3,11,74,11,0
1198,60,2,8,3,8,2,0,36,61,31,1,0,4,25,2,2
1199,53,1,0,2,6,0,0,58,32,32,1,0,5,53,6,0
1200,48,2,11,7,12,0,1,19,100,91,1,0,5,10,4,1
1201,29,0,8,4,20,1,1,46,29,63,2,3,13,45,5,2
1202,40,0,3,0,16,2,1,15,86,50,1,0,0,14,9,1
1203,22,2,1,7,12,2,0,84,18,90,2,4,10,81,8,0
1204,22,2,1,0,16,1,0,80,16,26,2,3,14,52,18,0
1205,50,2,3,7,21,1,1,84,10,30,2,5,14,83,6,0
1206,37,1,14,2,9,1,0,81,3,48,2,4,6,77,7,0
1207,54,1,11,7,10,2,1,48,61,37,1,1,5,45,1,2
1208,36,1,7,4,20,1,1,64,49,38,2,2,12,39,16,0
1209,24,2,3,6,17,1,1,32,77,73,1,2,3,30,5,1
1211,37,0,0,3,8,0,2,46,56,54,2,3,5,39,16,1
1212,30,0,9,7,21,1,1,61,55,42,2,2,13,40,11,2
1213,43,0,2,2,9,2,1,68,14,56,2,5,10,55,20,0
1214,34,2,7,6,17,2,1,69,36,31,2,5,8,49,28,0
1215,42,0,4,6,17,0,1,11,76,39,1,1,5,9,9,1
1216,22,0,1,1,5,2,1,63,30,80,1,2,0,52,2,0
1217,41,0,16,0,22,1,2,26,70,92,1,2,0,17,2,1
1218,49,2,4,6,19,1,0,64,28,87,2,2,11,35,5,0
1219,49,1,2,5,15,0,1,34,69,28,1,2,1,23,9,0
1220,52,0,4,3,18,1,0,53,40,49,1,1,4,36,7,2
1221,49,0,5,6,7,2,1,73,24,87,2,3,9,37,24,0
1222,46,0,17,6,17,1,0,62,41,36,2,2,12,58,26,0
1223,57,1,5,6,17,2,1,70,29,94,2,3,13,46,18,0
1224,33,2,12,5,14,1,0,13,89,74,1,2,5,12,3,1
1225,37,0,7,6,19,1,0,45,54,85,1,2,4,37,5,2
1226,51,0,10,1,2,1,1,24,87,59,1,2,2,19,4,1
1227,41,0,6,4,20,0,1,17,99,32,1,1,0,11,6,1
1228,50,0,15,6,17,0,1,16,77,91,1,1,0,15,5,1
1229,58,1,11,6,7,2,1,33,83,51,1,2,2,27,2,2
1230,21,2,0,0,0,1,1,32,67,52,1,0,0,28,1,1
1231,26,0,5,7,21,1,0,77,0,28,2,2,7,63,8,0
1232,53,0,6,0,0,0,0,11,100,74,1,0,0,7,6,1
1233,27,0,6,5,15,1,2,30,80,21,1,0,1,15,0,1
1234,27,1,6,4,23,1,0,83,13,92,2,4,14,50,18,0
1235,54,0,9,1,2,2,0,34,42,37,1,1,2,25,1,2
1236,38,0,12,4,23,1,1,24,63,51,1,1,2,12,1,1
1237,43,0,6,6,17,2,1,43,27,48,1,1,4,40,4,0
1238,29,1,8,0,0,1,1,61,58,53,2,2,12,58,18,2
1239,28,0,7,3,8,1,1,84,23,80,2,5,5,57,18,0
1240,47,1,3,6,7,2,0,46,61,89,2,2,14,33,23,2
1241,34,0,13,2,11,1,0,40,71,80,1,1,4,28,1,1
1242,39,1,15,5,13,2,1,72,31,26,2,4,8,38,28,0
1243,48,2,5,7,21,1,0,75,32,22,2,4,9,43,15,0
1244,45,0,9,2,11,1,0,63,46,68,2,2,8,49,17,2
1245,41,1,7,0,22,1,0,20,91,90,1,0,5,12,7,1
1246,51,2,6,7,12,0,2,80,5,43,1,2,4,56,3,2
1247,40,3,15,6,17,0,2,79,17,64,2,4,6,56,10,2
1248,35,1,5,0,0,0,2,61,55,35,2,2,5,59,25,2
1249,54,2,0,4,4,2,1,12,87,24,1,1,0,6,8,1
1250,42,0,13,4,23,1,2,20,86,73,1,0,3,16,1,1
1251,29,3,5,2,6,0,1,52,64,80,1,1,0,48,4,1
1252,43,0,8,0,22,1,2,83,17,79,2,3,9,55,19,2
1253,45,0,9,2,6,1,2,78,15,77,2,5,6,49,6,2
1254,53,1,4,4,20,2,1,60,45,52,1,2,0,39,3,0
1255,56,2,0,3,8,2,1,16,63,82,1,1,0,8,0,1
1256,43,2,10,3,18,2,0,64,54,59,2,5,14,63,18,2
1257,59,1,8,3,18,0,1,56,43,32,1,1,3,36,7,2
1258,26,0,1,7,10,1,1,32,69,55,1,1,2,16,8,2
1260,31,1,7,2,11,0,2,58,49,91,2,2,12,30,25,1
1261,38,2,2,6,7,1,0,54,30,86,1,0,1,43,9,0
1262,53,1,14,4,23,1,0,16,81,20,1,1,2,8,2,2
1264,44,0,12,4,4,2,2,86,16,28,2,5,7,81,28,0
1265,34,0,13,4,20,1,1,50,52,86,1,1,3,28,1,2
1266,30,1,9,3,8,0,0,81,16,61,2,5,5,52,12,0
1267,43,2,11,7,10,0,2,74,33,71,2,2,14,59,10,2
1268,30,2,4,3,8,1,2,50,50,31,1,0,0,42,5,1
1269,29,0,8,5,13,1,2,12,74,71,1,1,4,6,7,1
1270,51,0,9,5,14,0,1,27,74,31,1,0,5,13,7,2
1271,45,0,0,7,10,2,1,37,61,55,1,0,1,33,8,2
1272,28,0,7,1,1,2,1,72,24,34,2,4,11,63,16,0
1273,40,1,19,2,11,2,2,45,63,86,1,1,5,27,7,1
1274,40,0,13,6,7,1,0,75,33,77,1,2,0,48,9,0
1275,32,0,8,5,15,2,1,16,84,25,1,1,4,9,6,1
1276,48,0,9,5,15,2,1,41,43,42,1,2,4,40,1,2
1277,32,0,9,1,5,1,1,27,71,73,1,2,3,15,0,1
1279,36,2,13,6,7,2,0,65,38,78,1,2,3,54,4,0
1280,58,0,13,6,17,1,1,83,13,93,2,5,14,59,22,0
1281,55,0,0,1,2,1,1,28,60,56,1,2,4,18,4,2
1282,48,1,12,3,18,1,2,37,49,23,1,0,0,33,2,1
1283,38,0,11,7,21,2,0,74,33,62,2,3,13,72,9,0
1284,49,0,7,7,12,1,1,34,43,67,1,1,0,23,9,1
1285,29,0,8,4,20,0,2,33,73,43,1,2,2,32,5,1
1287,41,0,0,2,11,2,0,57,39,65,1,1,2,44,5,0
1288,28,0,7,4,23,2,1,66,26,82,2,5,5,43,7,0
1289,60,0,12,0,16,2,0,64,37,64,1,1,1,47,9,2
1290,60,1,13,1,2,0,0,88,27,68,0,5,22,86,22,0
1292,27,2,6,6,7,1,0,67,26,49,2,3,6,55,20,0
1293,30,2,9,4,23,1,1,18,74,45,1,2,0,16,6,1
1294,51,2,10,3,18,2,1,11,87,81,1,1,5,5,1,1
1295,32,3,8,5,13,2,0,85,6,87,0,8,15,70,52,0
1296,38,0,12,3,18,2,0,69,28,73,2,5,10,52,28,0
1297,59,0,7,0,22,2,2,74,34,67,2,4,5,71,27,2
1298,47,0,20,6,7,2,0,19,72,84,1,1,0,12,1,1
1299,51,0,3,2,6,2,2,33,65,59,1,0,3,16,3,1
1300,59,2,2,7,10,1,0,61,37,45,2,5,5,44,23,0
1301,21,0,0,5,14,0,0,72,35,65,2,5,9,43,9,0
1302,44,0,3,6,7,1,0,35,63,37,1,1,4,27,0,2
1303,27,0,5,7,12,2,2,93,6,47,2,4,10,64,17,0
1304,56,2,10,0,0,2,0,72,30,48,2,4,8,38,14,2
1306,52,1,6,1,2,0,2,86,10,66,2,5,13,77,7,0
1307,60,0,5,0,22,1,0,56,30,85,1,0,3,33,6,2
1308,22,2,1,1,5,2,2,32,60,61,1,1,5,17,5,1
1309,58,0,14,6,19,2,2,70,9,71,2,3,9,51,10,2
1310,36,3,1,0,16,1,2,32,83,22,1,2,2,14,3,1
1311,24,0,3,7,21,2,2,72,20,41,2,3,8,56,5,2
1312,45,3,10,3,8,0,2,48,37,85,1,1,0,34,2,1
1313,58,1,10,5,15,2,0,43,61,67,1,0,1,38,3,0
1314,26,1,5,4,20,1,0,24,64,78,1,1,5,17,9,2
1316,22,3,1,7,21,0,2,68,15,78,2,2,14,51,8,2
1317,30,1,9,2,6,0,2,72,30,25,2,2,6,64,14,2
1318,31,0,10,7,10,2,0,12,77,35,1,1,0,10,0,1
1319,50,0,18,5,14,0,0,17,88,54,1,0,3,16,3,1
1320,37,2,3,1,1,1,0,61,31,75,2,2,10,57,5,0
1321,54,1,17,5,14,1,0,22,51,93,1,0,5,15,2,2
1322,37,1,5,7,12,2,1,39,41,28,1,1,0,29,1,2
1323,38,2,2,2,6,1,0,36,59,75,1,0,5,28,3,1
1324,52,0,11,7,21,1,1,30,81,40,1,0,0,25,5,1
1325,56,3,5,0,22,2,0,61,42,67,2,3,12,49,14,2
1326,29,2,8,1,1,1,0,55,47,78,2,3,12,41,26,2
1327,46,0,10,5,15,2,0,50,22,93,1,2,3,36,3,0
1328,43,0,13,0,0,2,0,86,29,36,0,8,16,40,41,0
1329,58,0,8,1,1,1,1,40,69,47,2,2,7,36,14,2
1330,53,0,9,1,1,1,1,54,31,82,1,0,1,31,0,2
1331,37,2,16,7,21,2,0,49,65,50,1,0,1,32,5,2
1332,60,0,9,7,10,1,2,72,29,85,2,4,12,57,18,2
1333,60,2,4,3,18,1,1,11,100,94,1,2,0,6,5,1
1334,57,2,5,0,16,2,0,18,89,70,1,2,0,10,2,1
1335,59,0,16,1,2,1,1,37,58,81,1,1,4,25,7,1
1337,46,2,8,3,3,0,1,31,75,72,1,1,2,24,0,1
1338,44,0,5,7,21,1,0,83,29,84,2,2,7,57,21,0
1339,50,3,7,1,2,2,1,59,41,79,2,2,5,27,22,1
1341,53,2,8,2,6,0,0,72,29,33,2,2,12,61,14,0
1342,24,0,3,7,10,2,0,40,57,72,1,1,3,37,4,2
1343,42,2,8,2,9,2,0,20,80,37,1,1,0,10,5,1
1344,35,2,14,5,15,1,0,10,99,58,1,0,5,5,8,1
1345,38,1,12,4,20,0,0,52,44,24,2,4,6,36,13,0
1346,33,2,12,1,1,1,1,46,41,58,1,0,4,23,7,2
1347,35,2,6,7,21,0,2,84,13,34,2,5,8,41,9,2
1348,30,0,9,7,21,2,0,12,94,24,1,2,2,8,7,1
1349,32,0,3,4,20,0,1,16,66,25,1,1,2,14,3,1
1350,26,1,5,0,0,1,0,57,37,33,2,4,11,45,25,0
1351,29,0,8,6,7,1,2,69,22,33,2,3,11,42,20,2
1352,31,1,8,4,4,0,1,20,94,84,1,0,5,15,3,1
1353,51,0,7,6,17,1,0,79,22,32,2,4,12,49,25,0
1354,24,0,3,1,1,1,1,67,50,50,2,4,10,45,14,2
1355,50,0,5,5,14,1,1,48,44,49,1,1,4,23,9,2
1356,25,1,4,7,21,2,1,16,63,24,1,0,2,8,5,1
1357,33,2,9,7,21,1,1,47,57,62,1,1,2,46,1,2
1358,58,0,6,4,23,1,0,55,40,67,2,3,5,27,5,2
1359,34,1,11,7,12,2,0,90,14,55,2,2,13,70,20,0
1360,55,1,7,2,9,2,0,89,9,78,2,5,14,83,11,0
1361,44,0,11,0,16,2,0,79,9,45,2,4,8,60,29,0
1362,23,0,2,6,17,1,1,45,64,63,1,2,1,43,2,0
1363,56,2,3,0,22,2,1,63,41,92,2,2,10,49,14,1
1364,32,2,6,7,21,0,1,49,43,40,1,1,0,34,3,2
1365,56,1,14,5,13,0,0,60,27,53,2,4,6,53,6,0
1366,35,0,14,4,4,0,1,25,57,51,1,1,5,24,6,2
1368,48,0,11,7,21,1,1,73,21,84,2,5,13,56,7,0
1369,39,1,5,7,21,0,2,25,91,67,1,2,3,23,1,1
1370,55,0,8,1,2,1,1,84,23,41,2,3,9,39,26,0
1372,35,2,14,2,6,0,2,84,44,69,2,3,10,55,15,1
1373,30,0,9,3,8,2,0,43,57,51,2,3,12,23,28,2
1374,37,0,15,4,4,0,1,59,33,38,2,3,11,30,19,2
1375,39,2,13,6,17,1,0,12,80,37,1,1,5,7,5,1
1376,29,0,8,5,13,1,0,33,68,93,1,2,1,16,6,2
1378,23,2,2,4,20,1,2,21,80,28,1,1,3,18,2,1
1379,36,0,15,5,14,2,0,17,75,47,1,1,3,16,3,2
1380,35,2,9,5,13,1,0,64,31,47,2,3,7,58,25,0
1381,25,1,4,2,6,1,0,22,83,49,1,0,2,10,0,1
1382,44,0,13,7,21,0,0,26,79,50,1,1,4,17,1,1
1383,47,2,0,1,5,2,1,32,72,85,1,2,2,28,3,1
1384,35,0,5,4,4,0,1,58,33,22,1,2,5,34,9,0
1385,30,0,4,7,12,1,0,31,81,27,1,2,1,24,0,2
1386,48,0,6,7,12,2,2,58,31,41,2,2,9,27,28,1
1387,32,1,8,3,3,0,0,84,9,54,2,5,14,71,27,0
1388,37,1,12,1,1,2,0,12,86,57,1,1,1,8,7,1
1389,22,2,1,6,7,1,1,77,29,84,2,4,11,69,20,0
1390,34,3,7,0,22,2,1,21,72,79,1,2,5,19,6,1
1392,39,0,9,7,21,2,1,23,67,70,1,1,1,18,8,1
1393,48,0,6,7,10,2,0,54,45,40,1,0,3,52,7,0
1394,35,0,14,3,18,1,0,21,100,50,1,1,3,14,8,1
1395,53,3,9,5,14,1,1,88,5,46,2,3,10,76,21,0
1396,52,2,13,6,17,1,0,16,79,31,1,0,0,9,5,1
1397,47,1,6,0,0,0,1,78,7,87,2,5,7,59,17,0
1398,28,1,7,4,4,1,2,49,45,80,2,2,14,37,29,1
1399,31,3,3,2,9,2,0,43,60,24,1,0,2,26,3,1
1400,21,1,0,3,3,0,1,73,20,76,2,2,13,71,7,0
1401,39,3,7,1,5,1,2,49,42,61,2,2,6,23,21,1
1402,51,0,4,7,10,1,0,93,0,35,2,3,7,63,28,0
1403,29,2,5,1,2,2,0,35,47,75,1,0,4,34,5,2
1404,44,0,12,2,9,1,1,89,20,82,2,4,13,88,20,0
1405,53,2,8,5,15,2,0,30,79,54,1,1,3,28,5,2
1406,48,0,14,4,20,1,0,31,77,38,1,1,2,17,7,2
1408,27,3,0,4,20,1,0,57,58,21,1,1,0,56,5,0
1409,46,2,5,4,4,2,0,44,46,69,1,0,2,31,2,2
1410,41,0,8,4,23,2,0,87,10,71,2,3,6,65,21,0
1411,32,1,8,1,5,1,1,30,68,20,1,0,5,23,0,2
1412,27,1,4,3,8,0,0,76,31,74,2,4,6,74,12,0
1413,55,1,6,1,1,0,1,75,26,32,2,4,5,37,19,0
1414,36,0,3,0,16,0,2,90,16,32,2,4,14,70,7,2
1415,39,2,6,1,2,1,2,47,34,21,1,2,4,26,2,1
1416,46,2,11,2,6,1,1,84,23,69,2,5,12,60,20,2
1417,23,2,0,6,7,1,0,55,33,26,1,0,0,47,9,0
1418,26,2,2,2,6,1,1,36,47,78,1,1,5,20,9,1
1419,38,2,8,2,9,1,1,93,3,34,2,3,14,44,17,0
1420,55,2,5,7,21,1,1,53,59,26,2,4,13,41,22,2
1421,23,1,0,6,17,2,1,78,22,74,2,3,5,55,28,0
1422,31,0,10,2,11,2,2,15,75,94,1,0,0,10,1,1
1423,29,0,8,7,21,1,1,19,88,56,1,2,0,11,5,1
1424,52,0,8,3,8,2,0,75,41,68,2,4,14,61,8,0
1425,38,2,2,6,17,1,1,31,60,89,1,0,1,19,1,1
1426,37,0,12,7,21,1,0,36,57,21,1,0,5,23,0,2
1427,39,1,10,3,8,2,1,41,57,80,2,3,7,20,29,1
1428,46,0,11,6,19,1,1,28,95,96,1,1,1,23,2,1
1429,58,1,10,5,13,2,2,28,67,39,1,1,2,26,2,1
1430,37,1,12,1,2,2,0,25,78,42,1,0,4,18,3,2
1431,60,2,0,1,2,1,2,34,59,93,1,2,0,16,8,1
1432,40,3,4,2,9,1,2,79,35,80,2,5,13,36,7,1
1433,23,0,2,0,22,1,0,63,46,84,2,3,6,58,22,0
1434,23,2,2,4,20,2,0,91,0,35,0,7,17,81,49,0
1435,37,0,15,5,13,0,0,16,99,34,1,0,1,10,7,1
1436,36,0,4,4,4,1,0,58,32,69,2,3,8,48,6,0
1437,30,0,4,0,16,1,2,59,47,79,2,2,5,47,21,1
1438,40,2,10,7,12,1,2,22,55,57,1,0,0,13,0,1
1439,57,0,12,7,12,2,0,86,12,45,2,2,6,71,12,0
1440,40,0,15,1,5,2,1,57,58,66,2,5,8,43,13,2
1441,55,1,10,0,0,1,0,27,74,91,1,1,2,13,1,1
1442,41,2,12,2,6,2,2,22,92,36,1,0,4,20,6,1
1443,48,0,12,5,13,2,1,67,44,80,1,1,1,39,9,0
1444,53,0,0,1,2,2,0,54,37,93,1,1,5,42,9,0
1445,38,1,16,2,9,1,2,15,55,74,1,1,4,11,5,1
1446,29,0,5,1,1,2,0,85,36,65,2,4,9,44,6,0
1447,53,1,13,5,14,1,0,16,77,37,1,0,0,15,9,2
1448,58,0,8,2,9,0,2,88,20,44,2,2,13,72,24,2
1449,51,0,3,2,6,0,0,30,64,89,1,2,4,21,2,1
1450,31,2,5,7,21,0,2,49,38,32,1,0,5,23,5,1
1451,46,3,3,2,6,0,1,40,60,55,1,1,5,38,6,1
1452,47,0,12,7,21,2,0,76,28,24,2,3,6,47,20,0
1453,30,0,5,2,9,2,0,94,3,94,2,2,5,73,25,0
1454,23,0,2,2,6,1,1,63,51,55,2,2,6,35,10,2
1455,37,2,14,2,9,0,1,26,70,79,1,0,4,16,5,1
1456,37,0,0,5,14,2,1,22,65,31,1,2,5,19,3,2
1457,51,2,14,2,9,2,0,70,21,40,2,2,11,63,28,0
1458,55,1,15,4,4,1,0,92,0,72,0,7,18,55,52,0
1459,34,0,12,3,3,1,1,63,33,72,2,4,6,55,15,2
1460,47,2,1,3,3,2,0,21,76,68,1,0,4,14,0,1
1461,24,2,3,2,11,2,1,27,81,81,1,2,1,17,4,1
1462,47,2,6,7,12,1,0,66,33,41,2,5,6,50,22,0
1463,22,2,1,4,23,2,0,41,45,75,1,0,3,32,9,2
1464,30,0,8,4,23,2,1,31,70,71,1,1,2,25,2,1
1465,54,1,11,4,23,2,1,14,76,21,1,0,1,6,5,1
1466,47,0,1,2,11,1,0,81,23,95,2,5,14,70,27,0
1467,48,0,4,3,18,2,1,42,65,48,1,1,1,39,3,2
1468,50,2,3,5,14,0,0,78,5,90,2,2,10,44,24,0
1469,29,0,4,5,14,1,2,65,27,50,2,2,11,30,22,2
1470,21,0,0,5,14,1,0,81,25,20,0,8,22,75,49,0
1471,52,2,12,4,4,2,0,77,7,36,2,2,5,75,6,0
1472,53,0,11,4,4,1,0,11,99,86,1,0,3,9,3,1
1473,45,0,8,1,2,0,0,83,18,88,2,5,11,61,11,0
1474,53,1,5,1,5,2,1,70,35,44,2,2,9,34,16,0
1475,36,0,8,0,16,1,1,78,35,53,2,5,12,52,12,2
1476,49,0,12,3,8,0,0,50,50,93,1,2,5,37,2,2
1477,50,2,0,4,4,1,2,63,33,85,2,4,7,52,9,2
1478,39,0,17,6,17,1,0,11,96,76,1,1,3,9,7,1
1479,44,0,9,1,2,0,0,71,33,80,2,2,14,36,28,0
1480,60,2,10,6,17,1,0,19,72,88,1,1,4,17,3,1
1481,42,2,11,3,3,0,2,28,68,62,1,0,1,18,0,1
1482,51,2,11,5,15,1,0,68,34,32,2,2,12,35,20,0
1483,33,3,6,1,5,0,0,62,27,79,2,3,8,31,9,2
1484,60,1,5,1,1,0,0,71,35,67,2,4,10,67,11,0
1485,26,2,5,6,7,2,1,94,11,42,0,8,18,52,44,0
1486,40,2,10,0,16,1,0,72,40,91,2,5,12,71,12,2
1487,55,0,10,7,10,1,1,94,29,60,0,8,16,43,38,0
1488,44,1,8,2,11,1,0,58,51,67,2,3,9,51,17,2
1489,25,0,4,6,19,1,2,86,0,72,2,5,12,82,29,0
1490,56,0,12,0,16,0,1,55,62,78,2,3,5,33,19,1
1491,36,0,7,5,13,2,1,37,60,50,1,1,0,21,0,2
1492,60,0,20,2,9,2,2,67,27,55,2,3,9,31,15,1
1493,55,2,4,5,15,1,0,90,3,69,0,8,24,68,37,0
1494,33,0,10,5,13,2,0,36,52,46,1,0,3,20,4,2
1495,42,3,16,1,1,2,1,12,78,84,1,0,1,6,8,1
1496,33,0,7,7,10,2,1,52,42,78,1,2,0,47,1,2
1497,42,1,6,5,13,1,1,78,23,43,2,2,9,45,10,0
1498,52,1,9,2,6,1,0,79,42,24,2,4,7,65,13,0
1499,54,2,12,2,11,0,0,62,36,99,1,2,4,35,5,2
1500,37,0,3,2,6,1,2,51,50,26,2,3,10,27,24,1
1501,26,0,5,0,22,2,1,83,15,98,0,6,15,58,30,2
1502,28,0,7,7,21,1,1,38,57,63,1,2,5,19,1,1
1503,32,0,5,2,6,1,0,26,68,73,1,0,4,18,7,1
1504,51,1,11,5,13,2,0,52,45,41,1,1,2,49,6,0
1505,26,2,4,7,21,1,2,22,70,83,1,0,4,21,4,1
1506,45,1,5,4,20,1,1,56,48,63,2,4,9,26,11,2
1507,58,3,14,1,5,1,0,41,51,78,1,1,1,40,0,2
1508,48,1,6,5,13,2,0,51,51,89,1,0,3,38,2,0
1509,52,2,11,0,0,0,0,11,88,31,1,1,5,8,8,1
1510,60,2,7,4,23,0,0,61,43,36,2,4,13,42,5,0
1511,42,2,13,3,8,2,1,57,35,54,2,4,9,31,17,2
1512,33,2,12,1,2,2,2,81,23,38,2,3,8,53,16,2
1513,49,1,10,4,4,1,1,91,12,94,2,2,10,62,13,0
1514,54,0,15,0,22,1,1,54,31,85,1,0,5,53,4,2
1515,38,0,13,7,10,1,1,64,34,47,2,5,11,57,7,0
1516,59,0,7,7,10,0,0,22,82,64,1,1,2,19,3,1
1517,31,3,9,4,23,1,0,54,40,55,1,2,3,33,0,2
1518,39,0,5,0,0,1,0,74,20,66,2,4,10,66,16,0
1519,28,0,4,0,16,1,2,65,19,72,2,4,10,30,10,1
1520,57,0,9,2,6,1,2,71,40,76,2,2,7,61,27,1
1521,40,1,9,4,23,0,1,52,43,66,1,1,3,37,4,2
1522,23,0,2,3,18,1,1,64,34,71,2,3,12,42,24,2
1523,32,2,11,1,2,2,0,88,24,86,2,4,12,50,29,0
1524,55,0,5,4,20,1,1,26,69,88,1,2,0,22,2,1
1525,57,0,8,1,1,0,1,57,24,67,2,3,11,55,29,0
1526,23,1,2,4,23,1,0,47,57,34,1,2,4,40,2,0
1527,34,0,5,3,3,1,0,55,21,55,1,1,4,40,7,0
1528,27,0,6,6,7,1,1,44,59,34,2,5,7,32,20,2
1529,23,2,2,2,6,1,1,20,63,29,1,0,5,17,2,1
1530,54,0,14,5,14,0,0,84,3,83,2,2,7,50,23,0
1531,49,2,12,5,14,0,0,74,28,70,2,4,7,43,24,0
1532,42,2,0,0,0,1,0,11,80,36,1,1,3,8,4,1
1533,55,0,6,1,5,1,1,40,72,77,1,1,2,35,4,2
1534,39,0,6,2,11,1,1,71,25,72,2,4,8,49,22,2
1535,56,2,1,7,12,1,0,14,86,39,1,0,3,10,4,1
1536,23,0,2,5,13,2,0,63,31,71,2,2,7,51,13,0
1537,44,2,9,6,17,2,0,26,68,73,1,1,4,24,3,1
1538,33,2,8,1,2,2,1,30,82,76,1,1,5,28,7,1
1539,55,1,6,1,1,1,2,65,37,37,1,1,4,38,1,2
1540,28,1,6,6,17,2,2,13,88,30,1,0,4,12,6,1
1541,56,0,14,1,1,2,0,21,88,33,1,2,4,13,8,1
1542,37,2,0,6,7,1,0,63,39,20,2,5,11,37,14,0
1544,28,0,7,3,8,1,1,46,65,38,1,1,1,39,5,2
1545,60,0,6,0,22,2,1,26,76,98,1,2,0,12,5,1
1546,56,0,4,7,12,1,1,52,43,51,2,2,6,47,11,2
1547,44,1,9,2,9,2,0,67,26,57,2,2,14,51,27,0
1548,34,0,13,1,1,2,1,92,21,80,2,4,14,49,26,0
1549,31,0,10,7,10,1,1,67,32,70,2,4,11,51,16,2
1550,29,0,8,1,1,2,1,46,46,75,1,1,2,39,0,2
1551,58,2,11,0,0,0,2,12,81,73,1,0,3,8,5,1
1553,30,2,0,7,10,1,0,72,20,56,2,2,8,47,25,0
1554,53,2,0,2,11,1,0,17,83,82,1,2,1,13,4,1
1555,54,3,0,3,8,2,1,81,30,42,2,3,9,74,24,0
1556,34,1,2,2,9,2,1,81,14,51,2,4,9,53,21,0
1557,43,0,2,0,16,0,0,36,59,37,1,2,4,27,3,2
1558,52,0,3,6,7,2,0,67,39,66,2,3,12,44,17,0
1559,24,2,3,2,9,1,0,51,55,24,1,0,5,34,4,2
1561,24,0,3,1,1,1,0,45,35,84,1,2,1,43,6,2
1562,32,0,11,2,11,2,2,87,8,90,2,3,6,77,18,2
1563,21,1,0,7,21,0,0,25,59,55,1,2,3,21,3,2
1564,32,0,0,7,21,2,0,47,63,31,1,2,2,29,1,0
1566,29,3,8,5,13,2,0,17,90,62,1,0,1,11,8,1
1567,37,2,16,1,1,1,1,27,72,34,1,0,2,25,3,1
1568,50,0,10,5,13,0,0,68,50,34,2,4,5,35,5,0
1569,59,1,10,3,8,2,1,33,71,26,1,1,4,24,4,2
1570,33,2,10,5,14,2,2,43,74,91,1,2,4,30,5,1
1571,39,2,11,6,7,0,1,22,86,29,1,2,2,21,2,1
1572,54,1,13,7,21,1,1,78,18,58,2,4,10,62,12,0
1573,26,2,5,3,18,1,0,65,48,37,1,0,2,64,8,0
1574,30,0,9,4,23,1,0,53,52,50,2,5,6,40,8,0
1575,43,0,13,1,1,1,0,55,53,68,2,3,12,50,11,0
1576,34,0,13,4,4,1,1,67,37,66,2,2,13,34,7,2
1577,45,2,12,1,2,1,1,29,58,38,1,0,2,28,8,1
1578,39,0,6,3,3,0,1,43,43,50,1,2,0,36,7,2
1579,35,2,7,0,22,0,0,57,32,91,1,2,2,28,4,1
1580,37,2,0,7,12,0,1,16,92,53,1,2,3,15,1,1
1581,34,1,4,7,21,1,1,66,22,43,1,0,1,65,5,0
1582,52,0,11,2,9,2,0,90,9,77,2,4,5,54,12,0
1583,60,0,13,1,1,0,1,14,76,50,1,2,4,12,7,1
1585,35,2,9,5,14,0,0,32,66,90,1,0,0,16,1,1
1586,47,1,5,3,18,1,0,60,50,27,2,2,9,31,21,0
1587,58,0,9,7,12,2,2,77,23,79,2,3,5,71,23,2
1588,27,0,6,5,13,0,1,40,62,31,1,2,5,23,6,2
1589,33,0,12,7,21,1,1,26,74,53,1,1,3,17,3,1
1590,42,0,11,7,10,0,0,87,15,67,2,3,11,61,14,0
1591,55,2,8,2,9,2,0,24,71,76,1,2,0,13,6,1
1592,36,0,9,1,5,1,0,56,51,90,2,5,6,50,13,2
1593,21,1,0,1,2,1,1,42,58,59,1,1,1,33,2,2
1594,52,2,6,6,19,1,0,18,89,87,1,2,0,8,4,1
1595,28,2,7,0,0,0,1,84,7,71,2,5,8,46,7,2
1596,57,2,0,1,5,0,1,17,83,40,1,2,5,11,9,1
1597,23,3,2,7,12,1,0,21,63,84,1,1,5,17,7,1
1598,22,3,0,6,19,1,1,25,78,86,1,2,0,14,5,1
1599,55,0,3,6,19,1,1,30,86,91,1,2,3,19,3,1
1600,36,2,0,7,10,2,0,61,58,31,1,2,2,40,7,0
1601,43,1,9,4,4,2,0,20,79,80,1,0,5,16,2,2
1602,56,1,2,3,3,2,0,60,26,23,2,3,12,33,9,0
1603,24,2,3,2,11,1,1,55,35,82,1,0,3,46,9,1
1604,58,0,11,3,8,2,1,47,50,34,2,5,7,35,18,2
1605,47,0,13,2,6,1,2,46,63,94,2,4,12,33,28,1
1606,41,0,12,3,18,1,1,65,32,70,2,2,9,62,6,2
1607,25,2,4,4,23,0,1,65,28,22,2,4,12,53,9,0
1608,36,0,15,5,14,0,1,85,19,52,2,3,12,79,9,0
1609,43,2,12,0,22,0,0,58,36,79,2,4,14,45,11,2
1610,42,2,4,5,13,1,0,35,79,56,1,1,0,15,5,2
1611,54,2,8,1,1,1,1,47,43,72,1,1,5,29,5,2
1612,21,0,0,0,0,0,0,40,69,59,1,0,5,27,4,2
1613,34,0,8,5,13,0,0,72,21,75,2,4,10,56,11,0
1614,25,0,3,1,5,0,1,78,17,41,1,2,4,67,3,0
1615,56,1,10,1,5,0,2,30,60,66,1,0,3,15,9,1
1617,33,0,8,0,22,1,1,17,69,96,1,0,0,9,0,1
1618,32,0,1,4,4,1,1,24,65,94,1,2,5,12,6,1
1620,29,1,1,2,9,1,1,90,17,35,2,3,13,43,10,0
1621,39,0,10,1,2,1,0,60,36,35,2,5,13,43,5,0
1622,50,0,13,1,1,2,1,78,14,43,2,4,11,71,7,0
1623,26,0,0,3,18,1,0,17,83,57,1,1,2,10,1,1
1624,50,2,1,3,18,1,1,20,81,56,1,2,2,15,2,1
1625,53,2,1,3,3,2,0,68,17,74,2,4,11,35,23,0
1626,31,0,10,0,0,2,1,37,77,26,1,0,4,33,3,1
1627,30,2,9,2,11,2,0,15,79,66,1,2,5,14,1,1
1628,23,2,2,3,8,2,1,91,0,32,2,3,9,46,18,0
1629,59,0,9,7,10,1,2,37,66,62,2,3,11,33,13,1
1630,44,2,0,0,22,0,1,76,17,91,2,4,5,48,17,2
1631,49,0,6,7,12,2,0,73,37,21,1,2,4,56,7,0
1632,24,3,3,0,0,2,1,76,21,45,2,3,14,38,20,2
1633,40,3,10,1,2,1,0,77,38,23,2,4,9,40,16,0
1634,27,0,6,0,22,2,2,21,84,75,2,3,10,12,10,1
1635,30,1,9,3,18,1,0,14,83,86,1,2,4,12,0,1
1636,36,0,5,6,7,1,0,38,57,28,1,0,4,21,3,2
1637,47,0,4,3,3,0,2,76,24,34,2,3,8,65,26,2
1638,33,0,7,1,5,0,1,60,38,27,2,4,7,33,27,2
1639,43,2,1,5,15,0,1,73,29,85,2,4,7,38,26,0
1640,28,0,6,0,22,1,0,50,44,83,2,3,7,47,20,2
1641,34,1,13,4,20,2,2,55,56,41,2,5,11,40,13,2
1642,24,2,3,0,22,0,1,35,73,95,1,2,1,17,7,1
1643,34,0,11,5,13,2,1,74,27,94,2,3,10,45,23,0
1644,23,0,2,5,13,0,0,31,68,90,1,0,1,26,6,2
1645,54,2,9,6,17,1,1,44,74,76,1,0,4,41,7,2
1646,55,0,8,0,16,1,2,66,56,44,2,3,12,51,24,1
1647,35,1,7,4,20,0,2,51,51,71,1,1,4,28,3,2
1648,49,2,20,6,19,0,1,82,23,74,2,2,13,48,26,2
1650,35,0,2,3,18,0,2,53,54,30,1,2,1,50,9,2
1651,58,2,9,0,16,1,1,42,84,32,2,3,13,23,15,1
1652,30,2,4,3,3,2,0,52,44,67,2,4,8,37,17,2
1654,53,2,20,7,12,1,1,34,87,34,1,2,2,16,4,1
1655,59,0,17,5,14,1,1,73,30,39,2,4,9,67,12,0
1656,22,0,1,6,7,0,0,90,0,42,2,3,14,83,15,0
1657,24,0,3,6,17,2,1,31,59,80,1,2,4,16,2,1
1658,41,0,14,4,20,0,0,50,46,56,1,1,1,36,5,0
1660,30,0,9,5,14,1,0,58,34,37,1,2,0,29,8,0
1661,40,2,5,3,18,0,1,93,13,43,2,4,9,83,13,0
1662,50,3,7,7,12,1,2,27,96,79,1,1,5,22,0,1
1663,51,0,4,0,0,1,0,89,19,38,2,2,8,54,13,0
1664,57,2,13,1,2,1,1,10,88,80,1,0,0,9,1,1
1665,40,0,15,1,2,2,2,59,32,38,2,4,14,29,24,2
1666,37,2,12,2,6,1,1,15,86,89,1,2,3,13,3,1
1667,34,0,3,7,10,1,0,64,33,83,1,1,4,44,9,0
1668,52,1,18,3,3,1,0,53,53,63,1,1,0,29,9,2
1669,59,0,7,2,11,0,0,31,62,88,1,1,3,27,3,1
1670,32,2,4,5,15,1,0,19,93,35,1,2,5,16,8,1
1671,56,0,2,0,0,1,0,55,39,37,1,1,1,48,9,0
1672,47,1,15,0,0,2,0,66,63,72,1,2,0,47,9,2
1673,24,2,3,4,23,2,0,28,62,37,1,0,0,20,3,2
1674,36,0,7,6,19,0,1,75,39,82,2,5,12,35,9,2
1675,46,0,8,6,19,2,0,79,25,75,2,4,11,69,14,0
1676,28,2,7,1,1,1,0,69,42,79,2,3,11,32,16,2
1677,29,2,8,1,1,1,2,41,57,42,1,1,4,24,5,1
1678,57,0,0,4,23,0,1,11,100,79,1,1,0,9,6,1
1679,51,3,10,0,0,0,2,59,37,69,1,1,3,29,1,1
1680,31,1,7,1,2,1,1,28,66,20,1,1,1,12,2,2
1681,35,2,7,0,22,1,1,27,65,76,1,0,5,14,9,1
1682,50,0,3,4,23,2,2,68,28,63,1,0,0,52,2,2
1683,51,1,1,4,23,1,0,23,70,78,1,2,1,15,8,2
1684,53,0,17,1,1,0,0,14,84,74,1,1,3,7,7,1
1685,41,3,0,2,6,1,0,44,51,56,1,1,1,41,5,2
1686,22,0,1,5,13,1,0,40,65,42,1,1,1,38,0,0
1687,43,2,5,3,18,1,1,46,62,46,1,0,0,29,8,1
1688,33,2,8,0,22,2,0,63,28,96,2,3,13,55,24,2
1689,55,2,16,1,2,2,1,58,39,57,2,5,13,42,7,2
1690,27,0,6,6,17,1,0,87,23,87,0,8,15,51,45,0
1691,47,0,6,7,12,2,0,13,90,78,1,0,3,11,5,1
1692,24,2,3,3,8,0,1,55,36,23,2,2,7,51,27,2
1693,21,2,0,5,15,2,1,55,60,54,1,1,4,41,5,0
1694,49,0,3,2,11,1,0,41,47,68,1,0,2,38,5,2
1695,42,0,1,7,21,0,1,86,0,78,2,5,10,73,24,0
1697,21,2,0,4,20,1,0,63,33,76,2,2,10,31,28,0
1698,30,0,5,2,11,0,1,21,91,67,1,0,0,9,0,1
1699,35,2,10,3,18,0,2,24,62,80,1,0,2,13,2,1
1700,42,1,7,6,19,1,0,66,38,82,2,4,10,39,19,0
1701,33,1,12,6,17,1,1,91,22,25,2,2,8,41,18,0
1702,40,2,12,0,16,2,1,83,12,34,2,2,14,79,24,0
1703,29,2,6,1,2,2,0,60,30,78,2,3,9,52,25,2
1704,29,2,3,5,14,1,1,72,33,31,2,4,6,71,17,0
1705,40,0,17,3,18,1,2,53,42,92,1,1,5,26,3,1
1706,35,2,7,6,7,1,0,59,45,74,1,2,2,56,4,0
1707,57,0,8,4,20,1,0,65,48,84,2,5,11,29,25,2
1708,42,1,11,1,5,0,0,23,86,63,1,0,4,12,6,2
1709,45,1,11,1,1,2,1,87,19,90,0,8,17,73,46,0
1710,57,2,21,4,20,1,1,27,72,25,1,0,3,25,6,1
1711,54,0,4,2,6,1,0,49,62,69,2,4,6,22,29,1
1712,36,1,3,7,12,1,1,78,17,73,0,6,16,42,49,0
1713,25,0,4,7,21,0,1,53,49,31,1,1,0,51,0,2
1714,53,1,7,3,3,0,0,10,84,57,1,1,3,9,7,1
1715,55,0,7,7,10,0,0,37,67,48,1,1,5,25,4,2
1716,48,0,12,0,22,1,1,26,88,75,1,2,5,18,9,1
1717,56,0,10,2,9,0,0,28,60,21,1,1,0,20,5,2
1718,58,2,7,5,15,2,0,30,62,77,1,1,0,29,4,2
1719,51,0,14,2,11,0,0,49,37,71,1,2,0,23,5,2
1720,58,0,1,6,7,1,2,15,100,46,1,0,1,9,3,1
1721,45,0,4,5,15,1,0,49,59,45,2,5,12,25,12,2
1722,52,1,12,7,12,1,2,33,54,92,1,0,0,31,6,1
1723,35,0,6,4,20,1,0,46,61,86,2,4,6,31,8,2
1724,41,0,8,1,5,2,0,37,56,79,1,0,5,20,8,2
1726,27,0,6,7,10,1,0,69,23,62,0,8,21,63,48,0
1727,38,0,4,6,7,2,0,60,36,49,2,4,13,52,12,0
1728,47,2,13,3,3,1,1,58,31,62,2,5,5,33,28,2
1729,21,1,0,0,0,2,1,24,57,85,1,1,3,15,1,1
1730,22,0,1,4,23,2,0,71,30,35,2,5,8,37,24,0
1731,51,0,6,0,0,0,0,57,34,64,2,3,12,34,19,2
1732,41,2,20,5,14,2,2,61,27,62,2,3,5,41,10,1
1733,33,0,10,3,3,2,1,37,45,87,1,2,1,20,8,1
1734,50,2,14,6,19,1,0,41,50,81,1,0,0,25,8,2
1735,44,2,8,5,14,0,1,27,64,58,1,0,0,24,6,1
1736,43,0,3,4,4,2,2,45,48,41,2,2,14,44,27,2
1737,54,2,16,0,16,0,0,20,95,31,1,0,2,19,2,1
1738,34,0,13,6,19,2,0,38,72,86,1,2,4,17,1,2
1739,57,0,11,1,1,0,1,21,68,32,1,2,0,12,2,1
1740,39,0,1,6,17,1,1,33,47,68,1,2,3,17,3,2
1741,25,2,4,3,18,1,2,83,31,40,2,5,14,72,12,2
1742,38,1,5,7,21,1,0,93,19,48,0,5,21,90,32,0
1743,28,0,7,2,11,2,1,15,85,82,1,1,2,9,4,1
1744,24,0,0,6,7,0,2,37,70,26,1,1,4,20,4,2
1745,48,0,12,0,16,2,0,12,88,61,1,0,1,11,5,1
1746,45,1,15,0,16,2,1,14,87,92,1,1,3,7,9,1
1747,35,2,13,3,8,1,2,38,72,85,1,2,4,21,8,1
1748,57,1,10,0,16,1,0,39,64,90,2,2,8,38,25,2
1749,54,2,10,2,6,0,0,44,60,25,1,0,3,28,5,2
1750,51,0,16,6,17,1,1,70,32,25,2,4,10,45,6,0
1751,51,0,13,5,14,1,1,71,31,88,2,3,5,69,9,0
1752,31,2,7,4,20,1,0,24,85,51,1,2,0,19,2,1
1753,38,2,15,1,1,2,2,26,69,92,1,0,2,22,9,1
1754,24,0,3,6,7,1,0,19,81,71,1,0,5,17,0,1
1755,25,2,4,6,19,2,1,57,51,99,2,4,6,48,16,2
1756,53,2,3,4,20,2,2,40,68,75,1,1,5,23,7,1
1757,24,2,3,0,16,1,0,24,70,50,1,0,0,17,9,1
1758,43,0,8,6,19,2,1,79,19,81,2,5,14,75,25,0
1759,48,2,15,0,16,1,1,92,21,47,2,3,7,47,13,2
1760,24,0,3,2,9,1,1,34,67,79,1,2,1,17,3,1
1761,59,1,12,3,18,1,0,51,46,51,1,2,5,39,8,0
1762,27,0,2,2,6,1,0,91,15,36,2,5,12,90,12,0
1763,45,0,10,2,11,2,1,53,57,82,1,0,5,41,2,1
1764,29,0,8,0,22,0,1,77,32,66,2,3,13,36,9,2
1765,46,2,14,0,16,1,0,66,49,44,2,3,9,40,29,2
1766,35,1,3,7,12,2,1,81,5,62,2,5,9,44,5,0
1768,46,0,11,5,15,2,1,24,64,68,1,1,4,12,9,1
1770,60,0,5,7,12,2,1,83,21,68,2,3,13,59,21,0
1771,35,2,11,4,4,0,0,42,57,87,1,2,4,25,7,2
1772,50,0,6,0,22,0,1,58,31,70,1,0,1,38,3,2
1773,21,1,0,0,22,2,0,20,74,92,1,0,4,17,2,1
1774,45,0,5,2,9,1,0,50,56,39,1,0,4,33,8,2
1775,25,2,4,5,13,2,0,31,73,30,1,2,4,25,6,2
1776,44,1,4,5,14,1,2,24,92,25,1,1,5,12,1,1
1777,40,0,8,2,6,0,1,14,80,20,1,0,0,6,4,1
1778,43,1,9,3,8,1,1,59,43,20,1,1,3,38,5,0
1779,21,2,0,7,12,1,0,70,42,52,2,3,13,51,27,0
1780,46,0,11,3,18,1,1,31,85,81,1,1,0,16,2,1
1781,41,1,6,0,16,0,1,28,58,79,1,1,0,14,8,1
1782,54,2,6,6,7,1,1,46,64,71,1,1,0,28,9,1
1783,52,0,9,1,5,1,1,90,27,57,2,4,10,55,6,0
1785,59,0,12,1,1,0,1,14,86,67,1,0,5,11,2,1
1786,54,2,11,0,0,2,2,59,27,71,1,2,1,49,7,1
1787,26,2,0,2,6,1,1,62,48,34,2,4,8,46,21,2
1788,32,0,8,1,2,2,0,82,13,62,2,2,7,39,25,0
1789,43,0,7,0,0,1,1,85,15,88,2,4,14,59,11,2
1790,31,0,2,3,3,1,1,94,17,50,2,5,6,85,21,0
1791,27,0,6,6,19,2,1,73,33,98,2,3,11,72,7,0
1792,31,2,6,1,5,1,2,82,7,24,2,5,9,73,26,0
1793,49,0,7,5,14,2,0,15,100,52,1,0,2,12,5,1
1794,50,2,2,3,18,1,1,58,45,69,1,2,4,54,2,2
1795,58,2,6,7,21,0,1,68,35,32,2,3,13,40,25,2
1796,60,0,7,7,10,1,1,36,60,79,1,0,0,29,2,1
1797,52,2,17,7,21,2,0,41,78,61,1,0,3,28,5,1
1798,51,2,8,7,21,1,1,72,25,70,2,4,8,45,15,2
1800,59,0,0,4,4,1,0,53,40,51,2,4,5,44,21,0
1801,35,0,8,6,19,1,1,39,64,88,1,2,1,19,0,1
1802,48,0,5,4,20,2,1,38,70,93,1,0,5,26,5,1
1803,35,0,12,3,3,1,1,36,81,71,1,2,5,22,2,1
1804,50,0,7,3,3,1,1,19,89,74,1,1,3,10,8,1
1805,53,0,20,5,14,0,1,94,0,29,2,2,7,54,24,0
1806,42,2,7,1,5,2,0,76,26,75,2,3,9,75,16,0
1807,36,0,15,2,9,0,2,11,90,68,1,1,5,10,5,1
1808,25,1,4,2,6,2,0,12,83,42,1,1,2,8,1,1
1809,47,0,4,1,2,0,1,27,69,26,1,2,0,21,1,2
1810,34,0,12,1,5,0,0,29,56,24,1,0,2,14,6,2
1811,50,0,4,4,4,2,0,63,32,40,1,2,5,36,2,0
1812,53,0,18,3,3,2,2,61,38,80,2,2,14,57,25,1
1813,59,0,12,2,6,1,2,59,28,43,2,2,14,34,14,1
1814,23,0,1,7,10,0,1,69,13,43,2,3,7,67,11,0
1815,50,2,13,3,18,1,1,61,44,76,2,2,5,52,13,2
1816,54,0,12,0,22,2,0,34,82,86,1,1,3,17,1,1
1817,28,0,7,6,17,2,2,56,40,20,1,0,1,33,9,2
1819,43,1,13,5,15,0,1,37,67,76,2,5,5,30,24,2
1820,38,0,9,6,19,0,2,50,56,65,2,4,10,31,7,1
1821,55,2,0,3,3,1,1,51,40,55,1,2,5,26,0,2
1822,46,2,4,4,20,1,0,33,78,57,2,5,11,32,5,2
1823,29,0,8,3,3,2,1,72,13,41,1,0,2,51,1,0
1824,53,0,11,3,3,1,1,64,24,94,2,2,10,62,25,2
1825,40,0,2,1,5,1,0,49,37,79,1,0,2,26,9,0
1826,41,0,6,4,20,2,2,23,79,93,1,2,0,18,6,1
1827,36,1,11,1,1,1,1,42,69,30,1,0,3,39,2,2
1828,39,1,0,6,19,0,0,65,19,86,1,2,3,33,0,0
1829,57,0,12,5,14,2,1,92,7,62,2,3,7,82,20,0
1830,23,0,2,4,20,1,1,75,22,82,2,3,10,60,23,0
1831,24,1,3,5,15,1,0,37,55,49,1,0,0,33,1,0
1832,42,0,7,4,23,1,0,53,68,82,2,5,6,36,24,2
1833,26,0,5,5,14,1,0,74,23,25,2,4,13,58,9,0
1834,54,0,4,7,10,1,2,55,54,23,1,2,0,42,7,2
1835,52,0,10,0,0,1,0,14,85,72,1,2,4,10,9,1
1836,45,2,19,0,22,1,0,80,17,88,2,2,14,71,18,2
1837,23,2,2,4,20,0,1,27,79,24,1,0,4,13,3,1
1838,38,2,6,5,15,1,0,34,59,28,1,1,1,33,9,2
1839,52,0,16,4,23,0,0,33,71,58,1,1,2,26,8,2
1840,43,1,7,6,17,1,1,41,54,49,1,2,3,40,7,2
1841,23,2,2,3,18,2,2,80,31,68,2,2,13,48,13,2
1842,48,0,3,1,1,1,1,47,69,22,1,1,4,39,5,2
1843,49,2,8,0,16,1,1,79,5,50,2,2,9,50,7,2
1844,23,2,2,7,12,1,0,87,20,61,2,5,9,65,19,0
1845,33,0,10,6,7,1,0,27,80,63,1,1,4,16,0,2
1846,25,0,4,3,3,1,0,45,50,44,2,3,9,32,15,2
1847,23,2,2,7,12,1,0,57,34,59,1,1,5,44,2,0
1848,25,1,4,4,4,0,1,74,15,27,2,4,14,33,20,0
1849,23,0,2,6,17,2,0,60,53,32,1,1,4,58,4,0
1850,21,2,0,5,14,1,0,11,60,68,1,0,4,8,3,2
1851,55,2,7,7,12,0,0,27,81,58,1,1,4,20,5,1
1852,39,0,2,3,8,0,2,44,47,24,1,2,1,36,7,2
1853,33,0,1,2,11,0,1,19,84,80,1,1,1,10,8,1
1855,59,2,5,2,11,2,2,45,52,87,1,0,5,23,3,1
1856,52,1,6,6,19,2,0,76,34,86,2,5,14,41,12,0
1857,30,3,4,3,3,0,1,26,68,56,2,4,9,15,29,1
1858,48,0,20,1,2,0,0,32,69,94,1,2,1,31,4,1
1859,44,0,9,7,10,0,0,79,13,48,2,5,14,46,23,0
1860,30,0,0,2,6,1,1,25,67,57,1,2,1,20,0,1
1861,32,0,10,5,15,2,1,30,70,64,1,0,2,22,6,2
1862,60,1,9,1,1,1,0,36,51,56,2,2,5,34,15,2
1863,48,1,6,7,12,0,0,26,87,87,2,2,10,22,25,1
1864,24,3,3,7,12,0,1,94,8,73,2,3,14,72,13,0
1865,57,1,9,0,0,2,0,25,87,40,1,0,4,13,6,1
1866,43,0,4,4,20,1,0,45,46,42,1,2,2,31,4,0
1867,33,0,12,7,10,1,0,70,28,35,1,0,1,40,1,0
1868,40,1,11,7,10,1,1,81,32,53,2,2,14,80,28,0
1870,40,2,17,1,1,1,0,51,46,25,2,3,9,26,10,2
1871,33,2,9,1,5,2,0,40,69,80,2,2,13,32,14,2
1872,42,0,7,0,0,1,0,75,35,34,2,5,12,46,28,0
1873,54,2,4,5,15,1,0,52,44,66,2,5,13,33,13,2
1874,36,0,8,4,4,0,1,38,58,59,1,1,4,18,3,2
1875,26,0,5,4,20,0,0,13,80,91,1,2,3,11,9,1
1876,26,3,5,2,9,2,0,19,71,80,1,0,2,16,4,1
1877,52,0,5,7,10,2,1,63,38,69,1,1,3,53,2,2
1878,48,0,11,7,10,0,2,43,54,38,2,4,6,37,19,1
1879,51,2,5,7,21,2,0,36,60,23,1,1,1,30,8,2
1880,60,2,17,6,19,1,0,69,36,93,2,4,11,59,27,2
1881,41,0,1,4,23,1,1,53,44,70,1,1,0,45,5,0
1882,38,1,6,0,22,1,1,52,38,95,1,1,3,39,2,2
1883,60,2,13,0,0,2,1,24,68,59,1,2,2,19,2,1
1884,26,0,5,5,15,1,1,47,47,63,1,2,0,30,5,2
1885,46,2,0,4,4,2,1,89,3,94,2,2,12,64,22,0
1886,22,2,1,1,1,1,0,56,40,43,2,5,11,47,16,0
1887,49,1,11,2,9,1,1,30,70,41,1,0,1,22,2,1
1888,48,0,3,4,23,2,0,61,34,74,1,2,0,58,4,0
1890,35,0,4,7,12,2,0,70,13,61,2,5,9,38,24,0
1891,58,0,14,1,1,1,0,11,97,65,1,0,1,9,7,1
1892,25,2,4,4,20,1,0,38,69,30,1,2,0,17,0,2
1893,38,0,8,7,12,2,1,43,51,29,1,1,0,33,9,2
1894,22,1,1,4,4,2,0,60,34,44,2,2,7,31,27,0
1895,31,1,8,0,22,1,0,23,73,81,1,0,4,14,2,1
1896,40,2,5,2,11,1,0,42,51,82,1,0,1,29,3,1
1897,55,0,2,5,13,1,0,34,74,28,1,1,2,33,4,0
1898,38,0,7,7,10,1,0,78,17,94,2,4,8,77,6,0
1899,30,0,9,3,18,2,1,44,61,80,1,2,5,32,2,1
1900,52,1,15,6,19,2,0,48,54,74,1,0,5,26,2,0
1901,50,0,10,3,18,0,0,85,19,91,2,4,14,60,8,0
1902,34,0,13,3,3,1,1,22,61,69,1,2,0,18,2,1
1904,41,2,11,6,17,0,0,18,74,84,1,0,1,15,3,1
1905,46,0,10,0,0,1,1,60,56,30,2,4,11,38,5,2
1906,48,3,8,7,12,1,0,66,26,22,2,2,9,43,23,0
1907,54,0,15,1,2,2,2,43,33,45,1,0,4,42,0,2
1908,58,2,4,3,18,1,2,29,72,25,1,2,1,25,9,1
1909,59,0,8,0,0,1,0,43,63,61,1,0,4,31,0,2
1910,24,0,3,4,20,1,0,23,82,51,1,2,4,16,8,2
1911,30,2,9,4,4,2,1,19,82,28,1,2,1,15,4,1
1912,50,2,8,0,0,2,0,85,24,81,2,3,5,39,23,2
1913,30,2,4,2,9,1,0,48,58,44,2,3,12,28,20,1
1914,60,0,6,1,5,1,1,39,44,59,2,3,14,22,19,2
1915,23,1,2,3,3,2,0,56,36,27,2,3,6,39,16,0
1916,40,2,0,3,18,1,0,21,83,38,1,0,4,12,6,1
1917,23,2,2,6,19,2,1,55,36,68,1,0,3,54,1,0
1918,57,2,16,6,7,1,1,69,29,68,2,2,10,64,15,2
1919,45,0,18,6,17,2,0,78,5,82,2,3,5,62,7,0
1920,51,0,19,7,12,1,2,39,64,45,1,2,0,21,5,1
1921,28,0,5,3,8,0,0,76,28,92,2,3,11,46,26,0
1922,32,0,6,3,3,1,0,66,28,49,2,3,10,50,10,0
1923,43,0,14,2,6,1,1,62,58,86,2,3,10,41,28,1
1924,60,2,9,2,6,0,0,22,70,25,1,1,5,10,2,1
1925,34,2,0,3,18,1,0,45,36,49,1,1,3,23,0,2
1926,50,1,3,5,13,2,0,88,20,70,2,5,9,49,5,0
1927,55,0,0,5,13,0,1,22,85,54,1,0,1,14,4,2
1928,41,0,8,5,15,0,0,92,0,55,2,2,5,64,19,0
1929,53,0,10,7,21,0,1,77,14,35,2,3,12,59,23,0
1930,52,1,17,4,23,0,0,58,32,63,2,4,10,56,15,0
1931,23,2,2,6,17,1,2,93,0,23,2,5,11,91,18,0
1932,52,2,6,5,13,0,1,46,58,79,1,0,3,34,3,2
1933,57,2,1,7,12,2,2,31,97,39,1,1,2,16,5,1
1934,57,3,7,1,1,1,1,23,62,58,1,2,5,11,5,1
1935,42,1,7,0,16,1,0,34,57,83,1,0,3,32,2,2
1936,29,3,8,5,15,0,0,79,27,67,2,4,10,51,28,0
1937,48,0,0,1,5,1,2,80,16,26,2,4,9,67,12,0
1938,25,0,4,1,5,2,0,64,35,45,2,3,11,59,6,0
1941,59,0,12,5,13,1,0,55,43,87,1,1,0,42,9,0
1942,25,0,4,5,14,1,1,55,43,82,2,5,11,26,17,2
1943,40,2,11,2,6,1,1,17,88,54,1,0,5,13,9,1
1944,55,0,5,6,19,2,0,38,60,83,1,2,2,34,2,2
1945,27,0,6,7,12,1,1,62,21,81,2,2,14,33,21,2
1946,51,0,6,0,16,2,1,12,90,20,1,1,2,6,6,1
1947,24,2,3,2,6,1,1,49,54,63,2,5,11,40,27,1
1948,53,0,16,3,8,0,0,78,31,40,2,2,14,43,7,0
1949,47,0,6,4,23,1,1,38,63,82,1,2,2,27,8,1
1950,60,0,5,5,15,1,1,49,46,64,1,1,5,26,4,2
1951,21,0,0,7,21,2,1,22,76,21,1,0,1,12,1,2
1952,38,1,6,3,8,1,2,80,26,85,2,5,11,50,10,2
1953,37,0,0,6,17,2,1,12,91,74,1,0,4,10,0,1
1954,51,0,0,6,7,1,1,32,65,84,2,5,14,26,9,2
1955,42,2,5,4,4,1,0,67,14,69,2,3,12,40,6,0
1956,30,0,8,0,16,2,2,61,31,30,1,1,0,28,1,1
1957,21,0,0,5,14,0,0,64,16,90,1,0,1,51,1,0
1958,22,2,1,2,9,0,0,30,74,66,1,1,3,23,1,1
1959,23,0,2,1,5,2,1,42,51,68,1,1,1,35,4,2
1960,48,0,1,2,6,1,0,60,36,20,2,3,14,48,12,0
1961,29,1,4,5,13,1,2,11,85,22,1,2,1,7,5,1
1962,35,0,7,2,6,0,1,93,20,53,0,5,17,56,27,0
1963,28,2,7,0,16,1,1,86,0,91,2,3,10,63,15,2
1964,31,1,10,1,1,1,0,44,56,86,2,3,13,43,15,2
1965,43,0,4,0,22,0,0,86,0,71,2,3,9,80,7,0
1966,36,2,7,5,15,0,1,84,0,92,2,5,7,65,20,0
1967,47,0,2,0,0,1,0,21,70,71,1,2,5,13,8,1
1968,24,0,3,5,13,2,1,52,44,88,2,4,14,48,17,2
1969,57,3,3,5,15,1,2,32,66,42,1,2,2,31,9,1
1970,49,2,8,1,5,2,0,62,45,77,2,5,11,36,16,2
1971,26,2,5,3,8,2,0,36,78,84,1,1,0,20,4,1
1972,33,2,4,1,5,0,2,58,42,33,2,5,8,40,22,1
1973,23,0,2,6,7,1,0,68,32,23,2,2,12,51,14,0
1974,29,2,8,1,2,1,0,75,15,78,2,3,10,59,7,0
1975,36,2,15,7,12,1,0,94,10,50,2,4,14,65,7,0
1976,42,2,2,5,15,1,0,39,64,25,1,2,1,26,1,0
1977,24,2,3,3,18,1,0,67,36,66,2,3,13,47,11,2
1978,40,0,6,2,11,1,1,49,37,89,1,1,3,39,9,1
1979,55,3,13,0,0,2,1,41,55,85,1,1,1,30,6,1
1980,49,1,7,4,20,2,2,33,53,30,1,2,4,14,8,1
1981,48,0,16,0,16,2,0,48,58,51,1,2,4,31,9,1
1983,53,0,10,4,23,0,0,67,42,75,2,5,6,55,21,0
1984,50,2,9,2,9,1,1,74,33,60,2,5,11,35,18,2
1985,22,0,1,3,18,2,1,58,30,71,2,5,9,27,25,2
1986,25,0,4,4,23,1,1,47,45,46,1,2,5,22,7,2
1987,39,0,4,6,19,2,0,14,76,74,1,1,4,11,6,1
1988,47,1,11,2,9,2,1,94,0,87,2,2,13,90,13,0
1989,44,2,11,1,1,1,2,36,62,86,1,2,1,16,8,1
1990,47,0,5,7,12,2,1,51,53,78,1,2,4,26,7,2
1991,36,0,9,7,21,0,2,19,80,27,1,2,0,16,9,1
1992,35,0,8,7,21,0,0,12,91,92,1,2,1,5,0,1
1993,39,1,9,7,10,2,0,49,55,49,2,2,11,27,13,2
1994,37,0,11,3,8,2,1,10,77,70,1,0,4,9,3,1
1995,36,0,4,6,7,2,0,23,89,33,1,1,1,20,2,2
1996,40,2,6,0,22,1,2,57,58,80,2,3,14,47,29,1
1999,43,1,12,3,8,2,0,37,55,86,1,0,5,23,2,2
2000,43,3,13,6,19,2,0,45,58,76,1,2,3,29,7,2
2001,45,3,14,0,0,2,1,90,20,81,0,8,17,82,26,2
2003,25,3,4,7,12,0,0,45,47,30,1,2,3,39,2,2
2004,26,0,5,5,14,1,2,21,76,62,1,2,4,14,5,1
2005,30,0,9,1,1,2,0,28,92,51,1,2,4,15,9,1
2006,41,1,9,5,15,1,2,28,66,31,1,0,3,25,9,1
2007,43,2,14,4,4,0,0,57,47,67,2,5,9,43,7,2
2008,33,0,3,0,0,1,0,40,45,87,1,0,2,36,9,2
2009,38,1,0,2,9,2,0,12,94,68,1,0,5,6,8,1
2010,39,2,17,4,23,0,1,54,51,46,1,0,5,39,2,2
2011,33,2,3,6,19,2,1,66,40,78,1,1,4,55,0,2
2012,31,0,4,7,10,2,0,35,67,53,1,1,1,32,3,2
2013,34,2,8,6,19,1,0,53,37,78,2,5,12,36,26,2
2014,41,0,1,2,11,1,1,80,27,95,2,3,13,71,19,0
2015,46,2,12,3,8,0,2,76,30,60,2,3,13,57,12,2
2016,25,2,4,2,11,0,2,31,71,97,2,5,6,24,28,1
2017,26,2,4,0,16,1,1,90,2,20,2,5,10,80,12,0
2018,57,0,8,3,3,1,0,62,35,34,2,5,8,33,11,0
2019,35,1,7,5,13,1,0,63,37,38,2,2,8,34,21,0
2020,32,2,10,3,8,1,0,46,48,88,1,2,5,30,9,1
2021,54,3,9,3,8,2,0,52,46,67,2,4,9,35,17,2
2022,42,2,7,1,2,1,2,81,21,85,2,4,7,74,28,2
2023,44,2,9,3,18,2,2,63,53,33,2,2,9,56,8,1
2024,23,0,2,1,5,0,1,78,17,93,2,4,10,71,14,0
2025,30,2,7,4,23,1,1,48,35,52,1,0,0,33,9,2
2026,36,2,13,1,2,1,0,79,18,66,2,2,11,48,21,0
2027,22,2,1,5,15,2,0,78,22,88,2,4,10,49,5,0
2028,40,0,5,2,11,0,1,83,21,97,2,2,5,67,13,0
2030,29,1,8,7,12,1,1,92,5,42,2,2,12,81,18,0
2031,50,1,7,1,2,1,0,47,73,34,1,2,4,26,5,2
2032,53,2,7,5,13,2,0,53,38,55,2,2,12,50,28,0
2033,36,0,5,2,9,1,1,19,89,36,1,1,1,9,1,1
2034,30,2,9,1,2,1,2,83,18,37,2,5,7,59,27,2
2035,46,0,12,1,5,1,0,13,76,45,1,2,4,9,7,1
2036,33,1,12,1,1,1,0,34,53,41,1,1,5,23,9,2
2037,59,1,8,4,20,2,0,82,17,29,2,4,9,46,9,0
2038,52,0,8,6,17,1,2,62,18,50,2,5,5,47,15,2
2039,43,1,7,6,17,2,0,22,79,47,2,2,9,17,21,2
2040,34,2,13,7,21,2,1,35,57,38,1,0,2,19,1,1
2041,46,1,4,2,11,1,2,32,60,98,1,0,1,19,6,1
2042,52,0,13,4,20,0,1,83,19,85,2,5,5,56,14,0
2043,33,0,3,4,23,0,0,36,60,40,1,2,1,25,6,2
2044,59,0,9,6,19,2,0,13,91,71,1,1,0,7,2,1
2045,33,0,3,3,8,0,0,11,89,74,1,0,0,9,7,1
2046,50,0,0,1,1,0,2,83,21,93,2,5,9,74,17,0
2047,40,3,5,4,20,1,0,56,37,71,1,0,0,48,6,2
2048,53,0,7,1,2,2,1,64,38,61,2,4,8,60,28,0
2049,29,0,1,1,2,2,1,67,34,68,2,2,10,48,22,0
2050,39,0,0,1,5,2,1,50,46,23,1,2,1,45,4,0
2051,45,1,0,6,17,1,2,47,51,69,2,5,8,38,27,2
2052,34,1,5,5,15,1,2,78,25,78,2,5,10,35,27,2
2053,45,2,4,4,20,0,0,33,67,75,1,1,2,22,6,1
2054,48,0,9,1,1,0,1,82,21,60,2,4,10,65,11,0
2055,47,1,11,3,3,2,0,77,30,71,2,5,12,49,26,0
2056,37,0,8,0,16,1,2,41,48,55,1,2,1,35,8,1
2057,25,0,4,0,0,2,0,18,61,71,1,2,4,11,4,1
2058,43,1,5,1,1,1,1,59,42,93,2,4,13,36,24,2
2059,30,3,4,3,18,1,1,33,54,48,1,0,2,31,2,1
2060,38,1,15,2,6,1,1,84,30,57,2,5,8,73,10,0
2061,25,2,4,2,9,2,1,82,20,65,2,5,11,60,28,2
2062,56,1,6,0,0,0,0,56,34,34,2,4,6,33,8,2
2063,38,0,4,5,13,0,0,93,12,40,2,3,10,56,17,0
2065,28,0,7,0,22,1,1,61,50,77,2,5,7,37,27,1
2066,25,1,1,1,5,0,1,44,64,37,2,4,13,32,26,2
2067,47,1,5,7,21,2,0,30,70,63,1,0,3,28,6,2
2068,57,0,3,5,15,1,1,49,59,40,2,3,7,40,9,2
2069,51,2,3,4,23,1,1,72,8,73,2,4,13,43,12,0
2070,27,2,6,2,11,0,0,69,39,67,2,5,5,45,22,2
2071,55,2,13,2,6,1,0,23,74,47,1,0,3,15,1,1
2072,57,3,13,3,18,2,1,65,15,83,1,1,5,57,9,2
2073,36,3,1,1,5,2,1,37,50,41,1,2,2,17,6,2
2075,57,2,1,4,20,0,2,78,13,40,2,3,12,51,22,0
2076,26,0,5,7,21,0,1,68,34,55,2,5,10,61,15,0
2077,42,1,14,3,8,0,1,27,87,93,1,1,5,21,2,1
2078,53,0,13,2,9,2,1,75,9,71,2,2,12,37,17,2
2079,40,0,13,4,20,2,1,39,32,74,1,0,2,27,7,2
2080,32,1,4,7,21,2,1,61,21,30,1,0,3,46,3,0
2081,52,0,6,3,18,1,0,87,23,57,2,4,7,83,12,0
2082,46,2,0,5,13,1,0,51,63,27,2,2,5,30,29,0
2084,38,0,0,6,7,2,0,40,47,77,1,0,1,26,5,0
2085,48,1,7,0,16,0,2,66,24,41,2,4,7,38,8,2
2086,22,0,1,1,5,1,1,42,52,84,2,4,5,26,6,2
2087,43,0,5,6,17,0,1,14,89,25,1,0,0,9,4,1
2088,27,2,6,0,16,2,1,69,17,80,2,4,8,34,19,1
2089,35,2,9,7,10,0,1,42,49,53,1,2,4,29,6,1
2090,34,2,8,3,18,0,1,79,10,21,2,5,11,55,20,0
2091,53,2,14,2,6,1,0,85,0,59,2,4,8,52,23,0
2092,56,0,7,4,23,1,1,45,51,46,1,1,2,44,9,2
2093,39,0,14,2,11,2,0,15,73,72,1,1,5,13,2,1
2094,27,2,6,4,23,2,1,51,48,85,1,1,2,29,7,2
2095,57,2,9,6,17,1,2,41,52,66,1,1,2,24,3,1
2097,41,2,13,6,7,1,0,33,61,82,2,3,7,21,17,1
2098,38,2,10,7,21,1,0,72,33,23,2,2,7,63,9,0
2099,44,0,9,6,19,0,1,41,67,88,1,2,0,26,2,2
2100,32,0,10,4,23,2,0,51,44,41,1,2,1,36,9,0
2101,33,0,4,4,20,2,1,12,79,72,1,0,5,5,7,1
2102,36,0,13,4,23,1,1,61,50,55,2,2,7,41,10,2
2103,41,0,12,0,22,1,1,42,54,77,1,1,3,38,6,1
2104,47,0,16,4,4,1,1,64,24,34,2,5,9,47,13,0
2105,42,0,6,3,18,0,0,70,39,74,2,4,5,44,11,0
2106,59,2,7,7,21,2,1,38,72,89,1,2,5,21,1,1
2107,42,3,9,3,8,0,0,36,69,29,1,1,0,34,9,1
2108,37,0,16,3,18,0,1,45,50,65,1,0,0,27,4,1
2109,49,2,10,5,13,2,0,67,21,35,1,1,2,63,4,0
2111,30,1,9,4,23,0,0,14,100,78,1,2,5,6,7,1
2112,24,0,3,0,22,2,0,10,100,95,1,2,3,9,1,1
2113,59,0,15,6,17,2,0,78,5,94,2,5,7,36,9,0
2115,45,3,11,4,4,1,0,71,18,58,2,3,13,64,7,0
2116,52,0,10,0,16,1,0,94,6,60,2,5,6,70,23,0
2117,26,2,5,4,20,0,2,28,76,67,1,0,2,14,2,1
2119,33,0,12,6,19,2,2,61,39,91,2,3,8,36,20,1
2120,36,1,10,0,0,2,1,27,82,36,1,0,2,18,4,1
2121,23,0,2,5,13,1,1,45,49,61,2,4,12,43,19,0
2122,33,0,9,0,16,1,1,12,86,35,1,2,1,6,0,1
2123,53,0,5,1,1,1,2,14,100,29,1,1,0,7,1,1
2124,56,0,13,2,9,0,1,86,11,44,0,5,20,43,26,0
2125,50,0,11,2,6,2,0,77,28,83,2,5,10,56,12,0
2126,40,2,14,7,10,1,0,10,84,26,1,2,1,9,3,1
2127,58,0,5,5,13,1,0,84,15,48,2,2,7,80,20,0
2128,49,0,0,6,19,2,2,40,69,65,1,1,3,39,1,2
2129,57,0,3,1,5,1,0,14,72,89,1,2,5,11,9,1
2130,59,2,18,6,17,0,0,59,52,88,2,5,11,28,22,2
2132,41,2,9,0,22,0,1,74,33,68,2,2,13,53,5,2
2133,50,0,8,7,10,1,0,72,38,38,2,3,10,42,19,0
2134,57,0,9,1,5,1,0,26,65,30,1,0,5,25,6,2
2135,60,2,6,4,4,2,0,88,0,50,2,2,9,67,11,0
2136,37,0,11,2,9,0,1,61,29,94,2,5,10,52,21,2
2137,59,2,5,3,8,0,2,70,33,83,2,4,13,46,13,1
2138,56,0,9,3,8,1,2,15,84,63,1,1,0,7,1,1
2139,51,2,12,7,12,0,0,10,79,69,1,1,2,6,7,1
2140,46,1,15,4,4,1,1,90,16,89,2,4,5,78,29,0
2141,44,0,4,2,6,0,2,78,16,54,2,3,6,71,29,2
2142,40,0,8,2,6,2,2,89,15,54,2,4,12,42,6,2
2143,39,3,2,2,11,1,0,85,37,66,2,5,11,78,9,0
2144,47,0,11,7,12,0,1,49,77,46,1,0,4,41,2,2
2145,32,0,7,0,16,2,1,15,79,41,1,1,4,9,1,1
2146,51,1,4,7,21,2,0,46,49,24,1,0,4,37,6,0
2147,35,0,3,6,17,2,0,55,39,87,1,2,1,54,1,0
2148,30,0,5,7,21,0,0,77,26,37,2,5,11,70,10,0
2149,27,0,2,5,15,1,0,52,52,72,2,4,6,51,29,0
2150,33,0,7,2,11,0,2,71,27,88,2,4,9,38,21,1
2151,41,2,8,7,12,0,0,65,30,79,2,4,14,48,7,2
2152,25,1,4,5,13,1,1,22,78,40,1,2,0,11,6,2
2153,46,2,0,0,16,2,1,52,54,77,2,4,9,29,20,1
2154,32,2,5,6,19,2,1,91,6,77,2,4,13,67,13,0
2155,28,0,7,6,7,1,1,36,37,75,1,0,5,26,1,2
2156,51,0,15,5,13,1,1,53,55,48,1,1,5,40,8,2
2157,22,0,1,0,16,2,0,81,17,32,2,5,13,41,20,0
2158,52,2,6,2,6,2,1,56,50,40,2,2,13,44,24,1
2159,57,3,12,2,6,0,1,74,12,24,2,2,13,39,9,2
2160,57,0,5,0,16,1,1,31,72,33,1,1,4,28,9,1
2161,50,0,14,1,5,2,1,11,95,53,1,1,3,7,1,1
2163,42,0,18,7,12,0,1,31,71,64,1,2,3,22,0,1
2164,25,0,4,5,15,1,1,75,16,64,2,4,14,45,6,0
2165,21,1,0,3,8,1,0,79,29,69,2,2,7,37,27,0
2166,30,0,9,1,1,2,0,18,88,48,1,2,5,13,1,1
2167,39,0,13,7,10,1,1,65,38,39,2,4,13,53,25,0
2168,36,2,13,3,8,0,1,18,85,30,1,1,1,16,7,1
2169,57,0,0,3,18,1,0,21,96,61,1,1,4,17,1,1
2170,25,0,4,5,14,1,1,71,45,71,2,4,13,48,11,0
2171,22,0,1,5,13,1,0,60,27,39,2,5,5,52,26,0
2172,44,0,15,5,14,2,1,40,71,57,2,4,13,33,28,2
2173,57,0,14,3,8,0,1,13,74,58,1,1,0,6,6,1
2175,49,0,9,3,3,0,1,54,31,22,1,2,5,29,2,2
2177,52,1,6,6,7,2,0,31,70,40,1,1,2,20,0,2
2178,56,0,9,7,10,0,1,33,62,24,1,0,0,15,1,1
2179,21,0,0,5,13,2,1,79,29,63,2,3,13,75,13,0
2180,38,0,0,3,3,1,1,88,4,54,2,4,12,69,27,0
2181,51,1,12,7,21,1,0,31,74,57,1,0,1,17,5,2
2182,26,0,5,0,16,1,2,73,13,50,2,3,12,58,15,2
2183,40,2,8,3,18,2,1,79,20,54,2,5,12,69,29,0
2185,24,0,3,4,20,0,2,64,45,30,1,2,0,52,2,2
2186,43,1,8,0,16,1,0,44,68,22,2,4,8,38,20,2
2187,29,2,8,6,7,2,0,10,100,92,1,1,3,7,4,1
2188,22,3,1,6,17,1,2,57,47,36,2,5,6,50,11,2
2189,57,0,6,4,20,1,0,47,49,44,1,1,2,42,4,0
2190,56,1,11,1,1,0,0,50,47,61,1,1,5,47,5,0
2191,30,2,9,2,6,2,1,29,66,45,1,0,1,24,9,1
2192,51,0,6,1,5,2,1,25,95,50,1,1,5,22,3,1
2193,57,1,10,3,3,1,1,35,81,36,1,0,1,31,5,2
2194,46,0,14,5,13,1,0,38,78,64,1,2,4,36,8,2
2195,44,0,14,5,14,0,0,50,43,64,2,2,11,41,6,0
2196,54,0,13,2,6,1,2,37,45,54,1,0,4,27,2,1
2197,37,1,9,5,14,0,1,88,5,31,2,4,8,46,19,0
2198,29,0,8,0,0,2,0,37,63,59,1,1,3,28,7,1
2199,56,2,6,2,11,2,0,13,79,99,1,0,4,6,7,1
2200,37,2,0,2,9,0,1,93,5,25,0,8,24,58,43,0
2201,54,0,6,3,8,1,0,60,52,37,1,0,2,48,5,0
2202,38,0,4,5,15,1,1,65,42,60,2,3,13,57,22,0
2203,26,1,5,0,22,2,1,84,20,75,2,2,7,77,25,0
2204,55,0,0,0,16,0,1,38,66,31,1,2,5,31,9,2
2205,57,1,5,6,19,0,1,25,73,89,1,1,5,23,7,1
2206,49,2,10,1,2,0,1,74,30,20,2,3,8,36,23,2
2207,23,0,2,2,9,2,2,34,51,48,1,2,4,30,8,1
2209,21,0,0,0,22,2,1,39,67,90,1,1,2,29,1,1
2210,30,0,6,6,7,1,0,61,46,39,2,5,7,30,14,0
2211,41,1,9,0,0,2,1,78,37,93,2,3,5,38,15,2
2212,58,2,0,0,0,1,0,66,28,39,2,2,12,47,6,0
2213,30,0,9,6,7,2,0,61,37,67,2,3,5,41,20,0
2214,53,0,14,4,4,1,1,15,77,83,1,0,5,8,0,1
2215,33,0,5,3,18,1,1,66,11,53,2,3,5,46,14,0
2216,37,0,11,0,0,0,1,23,78,39,1,0,2,19,9,1
2217,41,0,16,6,7,1,0,20,86,88,1,1,5,11,5,1
2218,60,0,10,6,19,1,0,69,20,65,2,2,5,51,6,0
2219,45,1,8,0,0,1,0,35,56,59,1,2,2,19,7,2
2220,26,0,5,1,5,1,0,51,52,61,1,2,4,47,4,0
2221,57,0,13,5,13,1,1,20,82,81,1,1,4,10,9,1
2222,29,1,6,5,14,1,0,72,27,88,1,0,1,51,7,0
2223,45,3,8,0,16,2,1,54,58,93,2,2,8,27,11,1
2224,31,0,10,4,23,1,0,55,21,45,2,4,7,28,14,0
2225,55,2,16,3,3,1,0,87,22,46,2,3,9,54,8,0
2226,34,0,9,6,17,0,2,82,20,20,0,5,17,43,41,0
2227,31,3,10,1,1,1,0,35,56,24,1,0,2,17,9,2
2228,48,2,9,2,6,1,0,85,22,66,2,3,6,53,24,0
2229,24,1,3,3,8,0,0,93,5,78,2,2,10,90,20,0
2230,56,2,6,1,1,0,2,23,78,25,1,0,4,20,4,1
2231,21,0,0,6,7,2,1,40,50,85,1,1,4,18,0,2
2232,31,1,3,7,10,2,2,31,65,57,1,1,5,20,5,1
2233,47,2,12,6,7,1,0,12,84,81,1,0,5,8,7,1
2234,52,0,10,7,12,2,2,41,68,39,1,0,2,30,3,1
2235,42,0,8,1,2,1,2,69,28,53,2,5,6,49,10,2
2236,32,2,5,2,11,1,2,54,32,72,2,2,6,40,24,1
2237,35,0,3,4,4,0,0,32,64,36,1,2,1,29,5,2
2238,56,0,7,0,22,2,1,20,74,69,1,1,1,14,3,1
2239,34,3,13,1,1,1,0,79,18,28,2,2,12,40,28,0
2240,28,1,7,3,18,0,1,24,86,84,1,1,1,13,2,1
2241,22,0,1,5,13,1,0,77,28,34,2,2,7,42,14,0
2242,49,1,8,1,2,1,1,69,31,24,2,2,12,36,27,0
2243,57,2,10,6,17,1,0,85,11,84,0,6,16,45,42,0
2244,31,0,8,7,21,0,1,59,35,49,2,2,11,50,7,0
2245,21,0,0,4,4,2,2,27,55,49,1,1,4,21,4,1
2246,52,0,0,7,21,2,0,14,97,20,1,2,5,10,5,2
2248,45,1,0,7,12,1,1,13,95,53,1,2,5,11,3,1
2249,22,0,1,1,2,1,1,19,75,32,1,2,3,18,0,2
2250,60,3,9,3,8,1,1,27,48,87,1,0,5,18,6,1
2251,35,1,14,1,2,0,2,71,38,70,1,2,0,67,9,2
2252,58,2,5,3,8,0,1,72,25,67,2,5,5,39,24,2
2253,39,2,7,1,5,1,1,51,42,62,1,0,4,34,0,2
2254,44,0,14,1,5,2,1,40,53,39,2,5,10,38,20,2
2255,32,0,9,5,13,1,1,77,19,73,2,3,11,54,15,0
2256,60,2,8,1,5,0,1,90,0,44,2,3,7,52,23,0
2257,41,0,14,4,23,2,0,50,56,93,1,0,5,31,7,2
2258,35,0,2,7,12,1,0,30,78,58,1,0,0,28,1,2
2259,24,0,3,3,3,2,0,41,62,80,2,5,11,39,19,2
2260,52,0,4,2,6,1,0,91,2,64,2,3,11,72,26,0
2261,38,3,10,6,19,0,1,61,62,78,2,5,6,47,21,2
2263,54,0,14,5,13,0,0,12,83,53,1,1,3,8,6,1
2265,26,2,5,0,22,1,0,63,36,96,2,2,11,43,13,2
2266,37,2,4,2,11,1,2,92,12,81,2,4,7,63,27,2
2267,49,0,18,3,18,0,0,27,66,85,1,0,3,24,6,1
2268,49,2,10,7,12,0,0,14,99,30,1,1,2,7,5,1
2269,44,0,0,1,5,2,1,17,85,32,1,2,4,10,1,1
2270,49,1,6,6,7,2,0,44,65,34,1,0,0,22,2,0
2271,26,0,5,0,22,0,2,56,36,70,2,3,8,29,19,1
2272,31,1,10,7,12,0,1,33,55,56,1,2,1,22,7,2
2274,26,1,5,2,11,0,0,30,59,65,1,2,4,16,1,1
2275,44,0,9,5,14,0,1,48,48,51,1,0,2,43,7,2
2276,31,0,10,1,1,0,2,16,76,54,1,1,2,8,1,1
2277,24,1,3,3,8,0,0,85,27,37,2,4,8,67,26,0
2278,49,0,6,4,4,1,2,67,36,58,1,2,3,51,7,2
2279,34,0,2,1,5,1,1,75,33,39,2,3,14,58,26,0
2280,59,0,10,1,5,1,0,38,66,59,2,4,12,23,10,2
2282,53,0,0,4,23,0,1,39,76,31,1,0,5,34,5,2
2283,51,1,4,0,22,1,1,18,74,88,1,1,2,10,4,1
2284,42,2,7,6,19,2,0,13,91,87,1,0,1,6,9,1
2285,53,0,13,5,13,0,0,47,67,89,1,0,4,32,7,2
2286,32,0,11,1,1,1,2,53,45,55,2,3,6,52,11,2
2287,50,2,13,0,0,0,1,82,33,61,2,4,14,79,29,2
2288,51,2,5,4,23,1,0,12,100,72,1,2,1,10,7,1
2289,38,2,5,5,13,1,1,52,46,25,2,5,7,39,24,2
2290,38,0,17,2,6,1,0,65,27,42,2,3,8,47,25,2
2291,58,0,6,0,0,2,0,19,90,63,1,0,2,17,2,1
2293,45,0,6,3,3,2,2,47,76,24,1,2,2,28,9,1
2294,46,1,16,6,19,0,2,14,77,73,1,1,1,12,3,1
2295,57,0,11,7,21,1,0,89,9,67,2,5,9,43,24,0
2296,25,0,0,0,22,1,1,25,83,71,1,0,1,19,2,1
2297,60,0,5,0,0,0,0,94,15,85,2,4,11,80,19,0
2298,48,0,6,4,23,0,0,83,13,40,2,5,8,80,8,0
2299,51,3,5,0,0,1,0,22,73,24,1,2,2,21,1,1
2300,58,2,15,4,4,0,0,73,38,44,2,4,8,53,7,0
2301,30,0,6,1,1,2,0,53,43,84,2,5,8,49,7,0
2302,41,1,6,1,5,2,2,29,78,49,1,2,4,16,0,1
2304,22,0,1,6,17,1,1,79,13,79,2,3,11,69,10,0
2305,23,0,2,1,2,2,1,19,85,91,1,2,1,13,4,1
2306,58,0,7,1,1,2,1,30,75,56,1,0,3,19,9,1
2307,41,0,0,3,8,0,0,64,26,47,2,3,11,50,6,0
2308,26,0,3,7,12,2,0,75,40,77,2,3,14,52,18,0
2309,41,2,8,6,19,1,1,57,43,66,2,2,11,45,13,2
2310,29,0,8,5,13,2,1,93,12,42,2,5,14,57,20,0
2311,38,0,8,4,4,1,1,45,65,88,2,3,11,44,15,2
2312,43,0,2,2,9,0,0,89,12,24,2,3,13,64,14,0
2313,24,2,3,7,10,1,0,51,35,92,2,3,10,30,20,2
2314,43,0,6,5,14,0,0,93,0,55,2,5,7,67,23,0
2315,59,0,11,4,4,2,1,85,17,25,0,6,19,59,41,0
2316,31,0,4,1,5,1,0,52,40,94,2,5,7,42,24,2
2317,33,0,9,0,16,1,0,57,38,23,2,4,5,43,7,2
2318,29,1,5,3,8,2,0,81,17,67,2,5,11,69,7,0
2319,22,0,1,6,7,1,0,50,31,87,1,2,4,32,3,0
2320,41,1,6,2,6,2,0,31,74,26,1,1,5,29,6,2
2321,30,2,3,2,9,1,0,13,100,42,1,0,1,10,9,1
2322,49,2,8,2,11,0,1,66,39,92,1,1,3,38,8,1
2323,49,2,12,2,6,0,0,63,17,32,1,1,0,43,0,0
2324,34,1,5,4,23,2,0,47,41,47,1,1,5,36,4,0
2325,24,1,3,3,18,2,2,82,5,62,2,5,9,64,13,0
2326,46,1,13,4,20,1,1,61,26,83,2,5,13,29,7,0
2327,37,0,6,1,5,2,0,54,48,90,2,4,10,40,17,2
2328,46,0,6,0,22,1,0,87,5,83,2,5,11,75,6,0
2329,36,2,11,3,8,1,0,63,65,86,2,2,14,45,24,2
2330,52,1,8,6,7,2,2,77,26,71,2,2,6,71,9,0
2331,23,1,2,0,0,1,0,62,33,33,2,5,9,57,20,0
2332,24,2,3,4,23,1,1,41,59,25,1,0,5,36,7,2
2333,55,2,11,3,18,1,0,25,62,64,1,0,0,19,1,1
2334,42,0,6,0,22,1,1,26,95,84,1,2,0,25,4,1
2335,24,0,3,5,13,2,0,15,82,75,1,1,2,11,6,1
2336,46,2,10,5,13,1,0,79,21,94,2,5,11,58,11,0
2337,35,2,14,2,9,1,1,71,43,73,2,2,12,48,23,2
2338,53,0,15,7,21,0,1,70,42,55,2,5,6,51,28,2
2339,56,1,14,1,2,1,1,48,46,73,1,0,4,43,3,2
2340,22,1,1,5,15,0,1,90,12,79,2,3,5,76,21,0
2341,22,1,0,6,7,2,0,52,48,49,2,4,12,28,16,0
2342,34,3,13,7,21,1,1,51,38,26,1,2,5,38,2,2
2343,44,0,16,0,0,2,0,29,76,65,1,1,2,26,6,1
2344,27,2,6,4,4,2,1,75,19,28,2,3,11,44,21,0
2346,50,0,9,2,9,1,1,94,2,55,0,6,20,62,47,0
2347,27,1,6,2,11,1,0,86,29,83,2,2,10,62,13,0
2348,36,0,9,1,2,0,2,33,71,70,1,2,2,16,6,1
2349,51,0,0,5,14,1,1,26,60,64,1,0,3,22,1,2
2350,26,0,5,2,11,1,0,55,50,89,2,4,5,34,9,2
2351,47,0,9,2,9,1,0,21,85,84,1,0,4,11,5,1
2352,47,0,7,1,2,0,2,67,41,72,1,0,4,57,6,2
2353,40,0,4,6,17,1,0,70,37,40,2,5,8,45,11,0
2354,47,2,10,0,16,2,2,60,25,27,2,5,14,56,13,1
2356,45,1,13,4,23,0,0,48,54,93,1,0,0,38,0,0
2357,35,2,5,6,7,0,2,48,69,48,1,0,5,37,9,1
2358,35,0,10,2,6,2,0,50,59,72,1,2,2,27,3,2
2359,27,2,6,7,10,1,0,39,76,56,1,2,5,29,1,2
2360,38,0,11,6,19,1,0,80,28,88,2,4,6,50,29,0
2361,25,0,4,2,6,1,1,18,63,64,1,1,2,9,1,1
2362,21,0,0,2,11,1,0,29,76,89,1,1,0,20,6,1
2363,53,0,15,3,8,0,1,50,52,69,2,4,8,44,6,2
2365,55,3,14,2,9,2,1,28,88,88,1,0,5,12,4,1
2366,49,0,7,2,6,1,0,51,58,78,2,4,12,26,9,2
2367,23,0,2,7,12,2,0,76,29,86,2,5,7,74,18,0
2368,27,0,6,3,8,0,2,72,33,75,2,2,8,67,29,2
2369,39,1,5,5,14,1,0,65,51,70,2,5,12,52,8,0
2370,44,0,13,6,17,1,1,38,84,76,1,2,1,24,1,1
2371,51,2,18,4,23,0,0,65,45,93,1,0,5,49,5,2
2372,44,0,13,2,11,2,0,62,31,80,2,3,13,47,17,2
2373,56,0,4,7,12,2,2,12,93,94,1,1,1,11,1,1
2374,25,1,4,2,6,2,0,53,47,35,2,4,11,51,15,0
2375,46,0,9,2,6,0,2,64,36,86,2,5,12,57,22,1
2376,41,0,11,5,14,0,2,29,89,29,1,0,2,15,5,1
2377,43,2,6,0,0,1,0,45,58,39,1,1,4,22,7,1
2378,58,0,8,1,1,2,0,43,59,81,1,2,0,25,5,2
2379,41,0,9,7,21,0,1,29,70,60,1,1,3,17,1,1
2380,40,0,1,2,11,2,1,87,0,89,2,5,8,52,20,0
2381,38,1,4,3,18,0,0,63,40,84,1,0,0,36,7,0
2382,51,1,2,7,10,0,1,29,75,59,1,2,5,23,6,2
2383,53,0,8,1,1,1,1,33,58,80,1,0,4,18,7,1
2384,32,0,11,4,4,1,0,69,37,30,2,2,6,47,25,0
2385,30,0,3,3,8,2,0,33,51,28,1,1,3,32,0,2
2386,30,0,0,1,1,1,0,57,32,68,2,2,14,48,25,0
2387,37,0,1,4,4,1,1,43,74,63,1,1,3,27,7,2
2388,22,1,1,2,6,1,0,75,34,45,2,2,11,37,13,0
2389,21,1,0,3,8,2,0,50,49,74,1,2,3,35,3,0
2390,51,0,10,7,12,1,1,82,13,54,0,5,18,62,26,0
2391,43,0,11,7,21,0,2,79,21,35,2,4,6,37,17,2
2392,48,0,1,3,8,1,0,26,66,22,1,0,5,20,2,2
2393,42,0,12,7,10,0,1,65,31,26,2,3,14,38,22,0
2394,44,0,9,4,23,0,0,89,15,22,2,5,7,64,22,0
2395,55,0,17,0,16,2,0,45,46,85,2,5,14,23,20,1
2396,28,2,5,1,5,2,0,15,91,35,1,1,0,14,9,1
2397,30,1,9,2,9,0,1,68,37,60,1,2,4,50,2,2
2398,41,0,11,4,20,1,0,59,43,27,1,0,5,54,8,0
2399,31,2,5,1,5,0,0,73,48,44,2,3,11,70,28,0
2400,37,2,14,7,21,1,0,49,64,75,1,1,1,46,2,2
2401,43,3,5,6,19,0,1,55,33,82,1,2,4,46,5,2
2402,36,2,0,3,8,2,0,81,24,48,2,4,9,43,21,0
2403,24,1,3,1,2,1,0,17,93,82,1,0,2,7,6,1
2404,59,1,9,3,3,1,0,75,30,65,2,4,12,72,8,0
2405,33,1,0,6,7,0,0,53,37,67,1,0,5,43,2,0
2408,35,1,7,2,9,0,2,42,59,54,1,0,3,28,3,1
2409,42,0,4,5,15,2,0,19,90,56,1,1,0,13,2,2
2410,48,2,4,7,12,1,2,82,5,49,2,4,9,59,5,2
2411,25,0,4,0,16,1,2,60,51,28,1,1,5,53,4,1
2412,31,0,2,5,13,1,1,20,69,21,1,0,5,13,0,2
2413,53,0,10,7,10,0,2,28,66,53,1,2,3,20,4,1
2414,27,2,6,7,12,0,0,21,85,47,1,2,3,13,6,1
2415,54,0,2,4,20,0,1,61,42,71,2,4,11,39,9,0
2416,31,1,10,0,16,2,2,56,26,39,2,3,10,35,28,1
2418,39,0,7,5,13,1,1,11,99,37,1,2,1,6,7,1
2419,29,0,8,0,16,1,0,16,86,71,1,0,5,15,4,1
2420,24,2,3,7,12,1,1,25,71,50,1,1,1,22,9,1
2422,56,0,11,1,2,2,1,82,12,41,2,4,12,78,15,0
2423,59,0,0,6,17,1,0,68,42,92,1,2,5,40,7,0
2424,58,1,17,2,11,0,2,53,64,73,2,5,14,43,26,1
2425,31,0,10,6,7,1,1,67,51,73,1,0,4,66,1,0
2426,47,3,19,7,21,2,1,88,13,39,2,2,13,71,17,0
2427,57,1,14,3,18,1,1,14,90,61,1,0,0,12,0,1
2428,40,0,4,7,12,1,1,50,55,35,2,5,12,28,24,2
2429,28,0,7,3,18,1,1,71,32,89,2,5,11,63,10,2
2430,28,2,0,2,9,2,1,34,57,63,1,0,4,16,4,1
2431,22,1,1,7,10,2,1,34,69,82,1,2,5,23,3,2
2433,38,1,5,6,17,0,0,55,32,59,1,2,5,48,2,0
2434,46,2,12,1,2,1,1,83,5,71,2,2,6,40,27,0
2435,60,0,7,3,8,1,0,32,62,27,1,0,1,14,6,2
2436,35,0,13,7,21,1,0,48,57,57,2,3,8,46,7,2
2437,41,0,4,5,13,0,1,15,90,23,1,0,3,10,6,1
2438,37,1,7,3,18,1,1,44,63,35,1,1,3,22,4,2
2439,34,1,7,4,23,2,0,47,60,79,2,4,8,32,10,2
2440,49,0,7,3,18,1,2,49,41,87,2,2,6,25,25,1
2441,34,1,8,5,14,0,1,64,36,75,2,5,9,53,6,0
2443,39,0,8,6,7,2,0,87,14,44,2,4,7,62,9,0
2444,48,0,10,2,6,1,0,49,40,53,2,2,6,46,23,2
2445,37,1,2,3,3,2,0,87,20,47,2,3,9,58,14,0
2446,34,1,9,6,7,1,0,83,0,68,2,4,7,70,15,0
2447,55,1,8,3,18,0,0,38,62,54,2,5,12,23,17,2
2448,25,1,4,1,5,2,0,31,64,49,1,0,0,17,8,2
2449,27,0,1,7,21,0,1,62,39,23,2,2,10,42,5,0
2450,39,0,1,7,21,1,2,86,7,39,2,2,7,53,24,0
2451,35,2,11,6,7,0,1,10,84,90,1,1,1,4,8,1
2452,27,0,6,3,8,1,0,56,54,52,2,3,7,45,24,2
2453,49,0,7,1,1,0,0,89,7,77,2,3,8,44,21,0
2454,44,2,7,5,13,0,1,68,44,84,2,4,5,49,23,2
2455,43,1,10,0,0,1,1,80,21,51,2,3,7,49,16,0
2456,55,1,9,5,14,2,0,23,77,48,1,0,5,20,8,2
2457,49,2,2,6,17,1,1,45,60,61,2,4,6,39,23,2
2459,28,0,7,3,3,1,2,13,74,32,1,0,5,6,0,1
2460,39,0,7,2,9,2,0,14,82,80,1,2,5,9,7,1
2461,55,0,9,1,2,0,0,30,71,51,1,1,1,28,1,2
2462,44,0,6,1,2,1,0,50,39,26,2,3,13,30,16,0
2463,39,0,11,5,15,0,0,63,28,71,2,2,6,28,25,0
2464,38,3,10,1,2,0,2,78,10,82,2,5,7,51,9,2
2465,56,0,7,5,13,2,1,71,23,23,2,2,11,49,11,0
2466,45,0,15,5,13,1,0,28,65,66,1,0,4,23,9,2
2467,34,0,13,4,23,0,0,33,76,55,1,0,2,22,7,2
2468,50,0,12,4,20,0,0,39,48,87,1,0,2,19,8,2
2469,24,0,3,0,0,1,0,27,76,59,1,2,1,13,8,1
2470,44,0,9,4,4,2,1,48,44,90,1,1,3,45,2,2
2471,51,1,9,3,3,1,1,18,97,42,1,2,4,8,5,1
2472,40,3,7,1,5,1,1,83,15,26,2,3,7,64,17,0
2473,42,0,9,1,5,1,0,25,59,76,1,0,4,13,6,1
2475,31,2,10,6,17,2,0,69,22,44,2,3,8,54,12,0
2476,22,1,1,7,21,1,0,79,14,73,2,4,9,69,10,0
2477,44,0,10,3,8,0,1,43,50,44,2,2,12,29,29,1
2478,44,0,10,5,14,0,1,30,70,31,1,0,5,24,7,2
2479,44,0,1,5,14,0,1,83,23,93,2,5,13,61,14,0
2480,42,2,8,7,12,0,1,32,66,81,1,0,1,29,0,1
2481,50,1,7,0,22,1,0,26,64,86,1,1,2,21,9,1
2482,50,0,18,2,9,0,1,39,66,94,1,1,0,17,9,1
2483,38,1,10,0,0,1,0,91,14,32,2,2,13,80,25,0
2484,44,2,10,6,7,0,1,88,2,22,0,5,22,42,22,0
2485,31,0,10,5,14,0,2,58,38,88,2,2,9,50,16,2
2486,29,2,8,6,17,1,1,12,94,46,1,0,2,7,5,1
2487,22,0,1,6,19,0,1,42,56,78,1,2,4,31,7,2
2489,48,3,8,6,19,1,1,25,73,68,1,1,5,12,7,1
2490,26,2,5,6,19,1,1,22,62,93,1,0,4,19,6,1
2491,59,1,13,0,22,1,1,93,2,65,2,2,9,59,21,0
2492,23,0,1,1,1,1,0,80,33,90,2,4,6,52,22,0
2494,35,2,9,4,4,1,1,50,55,51,1,1,1,35,7,2
2495,49,0,15,3,8,1,1,68,40,82,2,2,12,34,20,2
2496,41,0,5,3,3,0,0,57,52,87,2,5,6,54,23,2
2497,27,1,6,0,16,2,1,35,70,28,1,2,5,32,6,1
2498,29,2,8,0,0,2,0,18,87,43,1,0,2,11,7,1
2499,32,0,10,5,15,0,1,48,64,91,1,0,2,24,1,2
2500,59,2,4,2,6,0,1,32,60,84,1,1,0,30,8,1
2501,29,0,2,5,15,1,1,27,80,91,1,2,5,23,6,2
2502,46,0,17,6,7,2,0,59,51,25,1,2,5,29,5,0
2503,42,1,5,2,11,1,0,57,47,76,1,0,5,47,8,2
2504,50,1,4,7,21,1,1,67,27,36,2,4,13,31,16,0
2505,60,0,8,3,8,1,2,72,29,36,2,4,11,48,25,2
2506,31,2,9,0,0,0,1,13,100,94,1,0,3,12,0,1
2507,46,0,7,2,9,2,1,91,20,29,0,8,23,89,37,0
2508,42,0,10,1,2,1,2,53,34,83,1,1,1,51,0,2
2509,43,0,12,4,23,1,0,68,38,24,2,3,13,34,6,0
2510,22,2,1,3,18,1,1,92,25,37,2,4,6,52,28,0
2511,56,2,11,6,17,2,1,47,51,28,1,2,5,34,3,2
2512,57,0,4,1,5,0,0,74,9,21,2,5,11,33,7,0
2513,52,0,6,0,16,1,0,64,30,82,2,2,9,35,17,2
2514,47,2,16,5,14,0,1,55,37,79,2,5,8,29,21,2
2515,38,0,12,5,14,0,1,74,1,56,2,5,5,48,6,0
2516,48,1,9,5,15,0,0,64,29,68,2,3,13,36,9,0
2517,52,0,13,0,0,1,0,44,40,49,1,1,2,35,5,2
2518,35,2,14,2,9,2,0,42,52,69,1,1,1,36,5,1
2519,31,0,7,7,10,2,0,17,87,59,1,2,5,12,3,1
2520,42,0,18,7,12,2,0,44,52,60,1,0,2,42,0,2
2521,22,1,1,0,0,1,0,38,54,93,1,0,4,35,0,2
2522,43,0,10,7,21,0,0,79,10,61,2,3,13,53,26,0
2524,28,0,7,2,6,1,0,22,78,73,1,0,2,16,9,1
2525,51,0,13,6,19,1,0,43,57,88,1,2,5,37,0,2
2528,47,2,1,6,19,2,2,65,38,84,2,3,5,52,10,2
2529,23,0,2,2,9,0,2,66,30,20,2,5,11,38,8,2
2530,36,2,15,3,18,1,0,73,30,93,2,4,7,68,16,0
2531,51,0,13,7,21,1,1,21,83,24,1,2,1,14,5,1
2532,46,2,10,2,6,0,1,61,40,78,2,5,12,27,9,1
2533,40,0,8,0,0,1,1,86,14,76,2,5,7,44,14,2
2534,25,0,4,5,15,1,2,84,8,30,2,4,10,53,8,0
2535,39,2,10,3,3,2,1,20,97,47,1,1,3,13,8,1
2536,47,0,9,1,2,0,0,26,75,54,1,0,0,12,6,1
2537,31,1,10,2,11,0,0,94,0,68,2,2,9,64,27,0
2538,34,0,11,6,17,1,1,65,23,54,2,4,9,55,6,0
2539,57,2,16,4,4,1,0,89,0,49,2,4,14,77,16,0
2540,25,0,4,1,5,2,1,48,32,92,2,3,5,38,15,2
2541,30,2,1,0,0,1,2,43,58,53,1,2,5,28,3,1
2542,54,0,4,0,0,1,2,59,40,80,2,3,6,52,27,1
2543,38,1,10,5,15,2,2,41,63,63,2,4,12,30,18,1
2544,32,0,11,3,3,1,1,10,82,50,1,1,3,7,6,1
2545,22,0,1,1,5,2,2,28,75,36,1,1,5,22,8,1
2546,43,2,9,6,7,2,2,39,37,43,1,1,2,30,7,1
2547,46,2,14,2,9,0,2,82,0,65,2,2,10,64,18,2
2548,38,1,6,0,0,1,0,22,65,87,1,0,5,21,5,1
2549,23,1,2,4,4,1,1,26,90,52,1,0,2,21,3,2
2550,21,0,0,4,20,1,0,66,27,67,2,2,13,60,25,0
2551,50,2,16,7,12,1,1,53,30,42,1,1,1,26,9,2
2552,52,2,3,5,15,2,0,68,31,67,2,3,12,48,29,0
2554,53,0,0,0,0,2,1,31,73,55,1,0,4,19,3,1
2555,50,1,6,7,10,1,1,66,38,54,2,3,5,31,11,2
2556,44,1,1,1,1,0,1,79,9,76,2,2,14,56,17,0
2557,46,2,4,0,22,2,1,11,96,96,1,0,2,5,9,1
2558,55,0,1,0,0,1,0,67,23,21,2,4,10,31,14,0
2559,21,0,0,5,13,1,2,24,78,22,1,1,3,21,6,1
2560,45,2,11,5,13,2,0,26,67,78,1,1,5,16,6,1
2561,59,1,13,7,21,1,1,79,22,36,2,5,6,38,23,0
2562,27,0,4,4,23,0,1,92,5,80,2,2,10,56,26,0
2563,22,0,1,4,23,1,2,24,78,83,1,0,3,15,9,1
2564,44,1,8,2,11,0,1,21,82,76,1,2,5,19,7,1
2565,58,2,9,3,18,1,0,22,64,67,1,0,1,14,2,1
2566,53,0,3,6,7,1,1,89,0,70,2,3,7,73,13,0
2567,21,0,0,5,13,0,2,89,0,93,2,4,13,76,14,0
2568,21,0,0,1,1,1,0,74,24,76,2,5,6,52,19,0
2569,46,0,15,2,9,1,0,48,62,45,2,5,11,29,15,2
2570,42,2,11,1,1,1,1,93,8,53,2,4,8,67,10,0
2571,37,2,5,1,5,1,0,82,19,75,2,3,8,80,29,0
2572,59,0,9,3,18,1,2,32,61,36,1,2,4,25,5,1
2573,58,0,0,7,12,1,0,16,81,81,1,1,4,12,8,1
2574,49,0,10,1,1,1,2,19,99,44,1,2,2,8,9,1
2575,35,1,12,5,13,2,1,20,77,67,1,1,3,16,0,2
2576,46,2,13,2,11,2,0,15,69,75,1,2,5,13,9,1
2577,35,1,2,7,21,2,0,10,95,64,1,0,0,6,4,1
2578,36,2,2,6,19,0,0,48,70,91,1,1,1,41,4,2
2579,50,0,10,5,15,1,1,67,31,28,2,5,11,41,18,0
2580,26,2,5,2,11,2,1,51,66,97,1,0,0,36,7,1
2581,57,1,12,2,11,0,0,26,74,91,1,2,0,19,3,1
2582,45,1,17,3,8,0,0,13,75,61,1,0,2,11,5,1
2583,26,0,5,0,0,0,0,19,77,61,1,1,4,18,9,1
2584,36,1,9,4,23,2,1,19,86,58,1,1,4,13,3,1
2585,52,1,15,5,13,0,2,31,75,80,1,1,4,30,3,1
2586,56,2,10,4,20,0,1,20,79,21,1,0,5,18,1,1
2587,28,0,6,2,6,2,1,20,87,51,1,2,5,10,4,1
2588,30,1,4,4,4,0,1,13,74,42,1,1,0,11,0,1
2589,37,0,3,7,12,1,1,44,59,78,1,0,4,41,2,2
2590,21,2,0,5,15,1,0,19,76,91,1,2,3,9,4,1
2591,38,0,8,4,4,1,2,51,56,49,2,4,11,31,26,1
2592,38,2,15,6,19,1,1,24,49,84,1,1,2,14,0,1
2593,45,2,7,4,23,2,1,15,95,71,1,2,5,8,4,1
2594,27,0,5,0,0,1,1,58,44,75,2,2,8,49,17,2
2595,29,0,8,5,14,2,0,78,20,50,2,3,6,55,13,0
2596,24,0,0,5,14,1,1,54,34,37,1,2,3,52,9,0
2597,58,2,0,3,8,2,1,18,68,27,1,1,0,11,4,1
2598,38,3,8,2,9,0,1,41,53,51,1,0,5,27,8,1
2599,23,2,2,5,15,2,1,69,40,88,2,5,9,67,9,0
2600,28,1,7,3,8,1,2,57,44,73,2,2,7,35,17,1
2601,53,0,12,4,23,2,0,11,93,93,1,1,4,7,1,1
2602,60,0,2,5,14,1,0,61,44,74,1,1,5,33,2,0
2603,43,0,4,7,21,2,0,67,41,63,2,3,10,55,28,0
2604,28,0,7,6,19,1,1,34,73,71,1,2,3,19,5,1
2605,22,1,1,0,22,1,0,87,10,96,2,5,8,76,25,0
2606,24,0,0,7,12,2,2,73,39,56,2,5,12,57,22,2
2607,45,0,2,7,21,2,0,57,55,43,2,4,9,51,24,0
2608,44,2,8,6,19,1,0,85,4,90,2,3,5,77,11,0
2609,58,0,13,7,21,0,1,54,51,83,1,0,2,50,3,2
2610,54,0,4,6,17,2,1,19,85,42,1,2,4,15,2,1
2611,36,0,15,1,5,0,0,51,57,91,2,3,13,34,12,2
2612,31,0,4,6,7,1,1,66,20,83,2,2,8,65,8,0
2613,39,1,5,5,15,1,1,15,99,35,1,2,2,11,6,1
2614,25,1,4,5,15,0,0,19,74,33,1,1,0,18,4,2
2615,52,0,8,6,19,2,0,22,92,83,1,1,5,14,6,1
2616,34,0,11,2,11,1,0,37,67,87,1,0,5,26,9,1
2617,35,0,14,5,14,0,0,53,42,22,2,5,10,39,13,0
2618,25,2,0,4,4,2,1,36,60,28,1,0,1,23,5,2
2619,29,2,5,4,23,1,1,22,82,81,1,0,3,16,4,1
2620,29,1,6,4,20,1,0,58,54,28,2,2,8,27,20,0
2621,59,1,6,0,22,0,1,75,4,92,2,5,13,69,24,0
2622,40,1,7,2,11,1,0,78,26,70,2,5,11,60,12,0
2624,27,2,6,1,5,1,1,91,0,73,2,5,14,65,10,0
2625,29,0,7,5,14,0,0,42,58,24,1,2,5,32,2,0
2626,53,0,14,4,4,0,1,56,34,39,2,5,8,38,25,2
2627,50,0,8,3,18,1,0,83,26,64,2,5,14,77,23,0
2628,50,2,7,1,1,1,1,54,42,49,2,3,14,25,8,2
2629,37,1,10,3,3,1,1,19,59,23,1,1,3,10,7,1
2630,31,0,10,6,17,1,0,56,42,87,2,5,12,31,17,2
2631,59,1,5,7,21,1,1,18,75,71,1,1,2,9,8,1
2634,37,2,16,3,3,2,1,43,57,52,2,2,9,39,11,1
2636,28,3,7,3,3,2,0,67,23,30,2,5,11,43,16,2
2637,30,2,4,7,10,2,1,63,40,42,2,5,5,47,25,2
2638,22,0,1,4,20,2,2,85,18,86,2,3,11,42,16,0
2639,47,0,6,6,17,1,2,60,11,83,2,3,11,31,9,2
2640,58,2,0,7,10,1,0,69,40,59,2,2,8,35,20,0
2641,21,0,0,1,2,0,0,93,13,44,0,7,17,68,42,0
2642,60,0,14,6,17,0,2,10,86,48,1,2,1,9,6,1
2643,49,1,18,4,20,0,0,81,7,55,2,2,14,74,20,0
2644,35,0,14,3,18,0,2,14,94,21,1,0,0,10,0,1
2645,54,2,7,4,4,2,0,66,25,89,1,0,4,50,2,0
2646,41,0,6,1,2,1,1,89,18,43,2,5,14,70,29,0
2647,34,1,3,6,17,1,1,67,28,26,2,4,7,42,10,0
2648,44,0,9,7,12,2,0,40,58,89,1,1,2,32,3,2
2649,31,1,4,5,15,1,1,66,24,71,2,3,9,44,7,0
2650,22,2,1,2,6,2,1,53,73,29,2,2,5,32,10,2
2651,46,0,9,3,8,1,0,21,77,91,1,2,1,15,3,1
2652,45,2,6,1,5,1,0,16,81,92,1,2,0,8,6,1
2653,26,0,4,4,4,1,0,79,15,35,2,5,8,53,17,0
2654,44,2,12,5,14,2,0,10,87,49,1,1,4,8,2,1
2655,39,0,9,0,22,1,0,12,94,90,1,2,0,6,6,1
2656,41,1,12,6,19,0,2,93,9,91,2,3,6,92,9,0
2657,32,2,5,6,7,1,0,73,25,68,2,5,9,67,14,0
2658,39,1,8,7,21,2,1,30,69,31,1,0,1,28,4,2
2659,48,0,15,3,18,0,2,21,68,87,1,2,4,11,2,1
2660,52,0,8,5,13,0,1,12,93,89,1,1,1,8,7,1
2661,23,1,2,1,5,1,0,49,63,91,1,1,2,25,1,0
2662,40,2,6,6,19,2,1,68,25,97,2,4,13,42,10,2
2663,50,1,6,3,8,0,0,67,52,45,2,4,5,47,7,0
2665,21,0,0,2,9,1,2,87,0,59,0,5,19,71,20,0
2668,49,3,12,1,2,0,1,81,17,22,2,3,12,69,14,0
2670,25,1,0,3,18,1,0,78,37,56,1,2,3,38,1,0
2671,41,0,20,0,16,1,1,52,44,79,1,1,4,46,1,1
2672,42,1,11,2,6,1,0,37,46,61,1,1,2,35,6,2
2673,40,0,6,1,1,1,0,50,51,72,1,0,3,46,6,2
2674,60,0,15,4,20,1,2,42,57,60,1,0,3,39,5,1
2675,29,2,6,0,16,0,1,62,13,59,2,4,9,49,6,2
2676,36,2,7,0,0,1,0,63,46,79,1,1,3,41,3,2
2677,53,0,0,6,19,1,0,49,39,82,2,2,9,33,28,0
2678,32,0,10,7,21,2,0,88,14,93,2,5,10,47,22,0
2679,54,0,8,2,9,2,1,77,11,91,2,2,10,49,6,2
2680,51,1,10,3,3,0,0,73,20,70,2,4,12,35,10,0
2681,53,0,14,4,4,0,1,18,73,26,1,0,1,16,3,1
2682,24,0,3,5,13,0,0,82,14,20,0,7,22,54,28,0
2683,26,1,5,4,20,1,0,83,25,27,2,4,7,42,23,0
2684,36,0,0,2,6,1,2,13,100,84,1,2,2,10,4,1
2685,24,0,3,0,0,0,1,69,19,81,2,4,9,50,18,2
2686,43,2,16,4,23,1,1,67,26,62,1,2,4,46,4,2
2687,49,0,11,2,11,2,1,11,97,67,1,2,1,10,1,1
2688,37,2,15,2,9,1,0,79,17,27,2,5,14,54,9,0
2689,54,2,8,5,15,1,2,94,12,60,0,5,18,83,27,0
2690,49,2,17,0,0,2,1,60,37,47,2,3,11,43,14,1
2691,55,0,21,3,8,2,1,36,38,78,1,1,0,22,1,1
2692,29,2,2,7,12,1,0,82,14,94,2,3,9,66,22,0
2693,33,1,8,2,11,1,0,71,6,77,2,5,10,67,12,0
2694,27,0,6,0,16,2,1,82,4,83,0,7,20,64,37,2
2695,38,1,7,6,17,1,2,69,43,71,1,0,4,59,3,0
2696,58,2,13,1,2,0,1,81,30,76,2,5,7,38,7,2
2698,59,2,8,4,4,1,0,27,53,66,1,1,5,25,1,2
2699,29,2,8,2,6,2,1,51,47,60,2,2,11,48,19,1
2700,33,0,3,5,15,1,0,45,50,32,2,3,8,42,21,0
2701,30,0,9,7,12,1,0,76,23,43,2,3,8,73,20,0
2702,58,2,8,0,22,2,2,64,45,80,1,1,0,63,9,1
2703,31,3,9,1,2,1,0,45,48,46,1,0,1,28,2,2
2704,38,0,4,1,1,0,1,82,19,64,2,2,14,43,27,0
2705,48,2,1,2,11,1,1,27,58,94,1,0,3,13,0,1
2706,24,0,3,3,18,2,0,76,27,40,2,3,10,57,22,0
2707,26,0,5,1,5,0,0,39,63,75,1,0,0,20,5,2
2708,27,0,6,6,19,2,1,14,98,72,1,2,1,9,1,1
2709,28,0,4,3,8,1,0,71,32,73,2,4,10,46,22,0
2710,33,0,3,7,12,1,0,24,62,36,1,1,0,23,0,2
2711,51,2,8,4,4,0,0,47,46,50,1,1,2,34,9,2
2712,34,0,13,5,14,2,0,74,18,21,2,5,5,47,29,0
2713,54,0,7,0,22,1,1,88,6,99,2,4,7,57,17,2
2714,29,1,5,1,1,2,0,28,82,69,1,0,3,26,2,2
2715,21,0,0,6,7,1,1,41,64,67,1,2,3,34,8,2
2716,28,1,7,4,20,2,1,20,74,33,1,0,4,13,2,2
2717,32,2,9,4,4,1,0,43,64,89,1,1,0,38,7,2
2718,40,1,4,3,3,2,2,52,43,35,1,0,5,42,7,2
2720,32,0,11,3,8,2,1,72,40,86,2,5,10,35,8,2
2721,30,0,9,5,13,2,0,64,40,84,1,0,1,45,5,0
2722,31,0,10,3,8,1,0,49,43,23,2,5,12,37,17,2
2723,41,0,17,1,5,2,0,30,59,62,1,2,3,29,7,2
2724,43,2,7,1,1,2,0,73,34,46,2,5,5,48,10,0
2725,52,2,6,1,1,1,1,41,67,59,1,2,1,37,0,1
2726,58,0,10,6,7,1,1,23,78,58,1,1,4,22,5,1
2727,31,0,10,7,10,1,2,40,55,90,1,0,5,36,2,1
2728,46,0,7,6,7,1,0,42,81,45,2,5,7,21,14,2
2729,41,1,6,6,7,2,0,89,12,28,2,3,12,83,14,0
2730,39,1,12,2,6,2,0,66,29,57,2,3,12,65,8,0
2731,45,1,1,7,12,1,1,35,65,21,1,0,2,22,7,2
2732,31,0,3,1,2,1,2,80,0,22,2,3,5,36,5,0
2733,26,0,3,0,16,0,0,13,94,62,1,2,4,6,6,1
2734,50,2,17,4,4,1,1,54,48,35,1,1,4,53,8,2
2736,37,0,9,2,11,2,0,52,57,92,2,3,7,25,6,1
2737,27,1,6,7,12,1,0,63,43,53,1,1,3,40,3,0
2738,52,2,15,0,16,1,1,14,71,50,1,0,2,10,0,1
2739,42,1,8,2,6,0,0,26,91,63,1,1,4,15,2,1
2740,54,1,17,4,23,1,1,18,86,73,1,2,4,8,0,1
2741,29,0,4,0,16,2,1,36,60,92,1,1,1,31,1,1
2742,23,0,2,0,0,1,1,22,81,30,1,2,5,17,5,1
2743,41,0,0,7,12,2,1,50,37,42,1,1,3,27,6,2
2744,27,0,3,7,12,0,0,71,10,91,2,5,8,39,23,0
2745,42,0,10,0,16,1,1,28,64,33,1,1,5,22,8,1
2746,46,0,20,6,7,1,0,83,34,93,2,3,10,52,18,0
2749,35,0,14,4,23,1,1,42,63,77,2,3,10,29,21,2
2750,25,3,4,7,10,1,1,80,26,65,2,5,13,44,11,2
2751,33,0,4,3,3,1,1,42,73,62,1,2,3,31,1,1
2752,29,0,2,3,8,1,0,85,35,87,2,5,11,45,6,0
2753,48,0,0,2,9,1,1,36,50,69,1,1,1,33,4,2
2754,43,0,9,3,3,1,1,61,38,55,2,2,5,35,29,2
2755,59,1,5,6,19,2,1,14,87,75,1,1,1,10,8,1
2756,56,3,10,0,22,0,1,74,22,91,2,2,9,51,23,1
2757,24,0,3,5,13,0,0,10,94,64,1,2,5,8,5,1
2758,59,2,4,2,11,1,1,40,77,81,1,2,2,27,8,1
2759,26,1,5,3,3,2,0,11,81,55,1,2,2,9,0,1
2760,49,2,0,0,22,1,1,34,54,71,1,1,2,28,1,1
2761,23,1,2,2,9,1,0,66,36,60,2,4,9,49,19,0
2762,40,1,3,0,16,1,0,67,41,86,2,4,6,41,11,2
2763,27,0,6,6,19,2,2,30,64,80,1,2,5,18,5,1
2764,48,0,8,5,15,1,0,11,83,44,1,2,3,7,8,1
2765,54,0,6,1,2,1,0,92,0,91,2,3,7,54,10,0
2766,54,2,10,7,12,0,1,29,72,75,1,2,3,18,1,1
2767,52,2,13,6,7,2,0,36,60,84,1,1,3,27,6,2
2768,21,0,0,1,2,1,2,24,87,38,1,1,1,23,9,1
2769,42,0,12,0,0,2,0,94,12,48,2,3,10,69,5,0
2770,21,0,0,2,9,1,0,68,29,38,1,0,1,40,4,0
2771,43,0,8,1,2,0,1,17,76,29,1,2,4,12,6,1
2772,24,1,3,5,14,2,0,73,31,32,2,2,7,34,10,0
2773,29,0,8,7,10,1,1,93,2,35,0,8,24,88,29,0
2775,52,2,19,0,0,2,1,52,49,77,1,0,3,51,4,1
2776,45,2,9,7,10,0,1,62,38,71,2,3,10,57,6,2
2777,51,1,4,6,7,0,0,62,29,44,1,2,4,53,6,0
2778,37,0,12,3,8,0,2,30,75,70,1,2,1,29,2,1
2779,31,2,9,7,10,1,1,36,71,52,1,1,0,33,0,1
2780,52,0,12,5,13,0,0,54,46,55,2,5,6,41,5,0
2781,57,1,12,3,3,1,0,89,23,41,0,8,16,66,21,0
2782,54,2,14,2,9,1,0,24,64,50,1,0,2,13,3,1
2783,39,2,4,6,19,0,0,63,37,66,2,4,12,59,23,0
2784,24,1,3,3,8,1,0,54,60,49,2,3,11,44,28,2
2785,55,0,5,7,21,0,0,71,24,27,2,2,11,47,9,0
2786,29,0,8,1,1,0,1,29,73,77,1,2,0,15,1,1
2787,21,0,0,7,21,0,1,56,42,28,2,5,8,44,8,0
2788,24,0,3,7,10,1,0,40,39,65,1,2,1,22,8,2
2790,57,1,3,1,5,1,0,64,43,28,2,4,7,62,9,0
2791,56,2,7,3,8,1,0,28,65,62,1,0,1,26,9,1
2792,59,0,14,7,21,0,0,62,41,23,2,2,12,58,5,0
2793,48,0,11,1,5,1,0,45,73,36,1,2,4,42,2,2
2794,39,0,7,7,12,2,1,10,100,44,1,1,4,9,8,1
2795,38,0,6,2,11,2,0,26,73,95,1,0,2,18,3,1
2796,46,2,7,4,4,2,2,57,74,62,2,2,13,27,21,1
2797,31,1,5,6,17,2,1,44,47,41,1,0,1,35,0,0
2798,29,2,7,7,12,1,1,39,64,53,1,0,1,23,0,1
2799,39,2,0,6,7,1,1,68,40,21,2,4,8,49,20,0
2801,25,1,4,1,5,1,0,83,3,24,2,2,6,58,14,0
2802,56,0,13,7,21,1,2,53,36,31,1,2,5,49,2,2
2803,58,0,9,1,1,2,2,17,73,40,1,1,0,13,8,1
2804,54,0,9,7,21,1,1,31,87,27,1,1,5,15,3,1
2805,27,1,6,0,0,0,1,34,41,91,1,0,1,18,7,1
2806,55,1,3,6,17,2,0,27,75,52,1,0,4,24,9,2
2807,57,1,12,0,16,2,2,44,60,24,1,0,3,37,6,1
2808,51,0,16,3,3,0,0,17,80,33,1,1,5,8,7,1
2809,35,0,13,2,9,2,2,88,14,23,2,5,6,62,12,2
2811,42,2,14,2,9,2,2,39,73,31,2,4,14,29,11,1
2812,24,0,3,3,18,0,0,81,16,56,0,6,15,62,43,0
2813,36,1,14,6,7,0,1,35,93,62,1,2,4,32,6,2
2814,40,3,11,0,22,2,0,43,83,90,2,5,6,20,22,1
2815,48,0,2,1,1,1,0,15,100,69,1,1,1,14,3,1
2816,59,0,5,3,18,2,0,86,15,53,2,2,6,40,20,0
2817,60,2,5,2,9,0,2,74,20,23,2,2,7,61,24,2
2818,22,2,1,3,3,1,0,32,68,79,1,0,1,29,4,2
2819,30,0,9,1,5,2,0,17,81,47,1,1,2,12,3,1
2820,57,0,14,4,23,1,2,34,60,46,1,1,4,15,4,1
2821,52,3,13,3,3,0,0,20,75,69,1,0,0,11,0,1
2822,52,0,12,6,7,1,0,12,96,67,1,0,5,6,2,1
2823,53,0,9,6,19,2,0,11,92,88,1,1,3,5,8,1
2824,51,2,14,5,13,0,1,72,30,55,2,2,13,52,5,0
2825,44,0,9,4,4,1,0,43,49,70,1,2,5,27,9,2
2826,57,3,11,2,6,0,1,59,34,39,2,2,11,52,16,2
2827,24,0,3,3,3,1,1,22,68,44,1,0,1,12,2,1
2828,46,0,8,3,3,0,0,68,29,27,2,5,12,65,17,0
2829,37,0,11,2,11,1,1,51,40,76,2,4,9,30,20,1
2830,60,0,6,5,14,0,0,69,36,57,2,2,7,58,25,0
2832,47,2,15,4,4,1,1,78,14,37,2,3,14,36,7,0
2833,32,3,8,3,18,1,1,18,78,75,1,0,3,16,3,1
2834,38,1,3,7,12,1,0,83,26,89,2,2,13,49,23,0
2835,41,2,11,5,13,1,1,57,47,20,1,2,2,34,3,2
2836,49,1,18,0,22,0,0,85,13,83,2,4,13,71,29,0
2837,49,0,12,3,3,1,0,80,34,58,2,5,12,43,16,0
2838,35,0,8,7,10,1,0,76,32,69,2,5,10,68,14,0
2839,34,1,12,7,12,0,1,68,29,37,2,3,6,42,12,0
2840,40,2,5,1,5,0,0,80,29,41,2,5,5,53,20,0
2841,48,0,6,4,4,2,1,38,78,89,1,1,3,22,7,1
2842,54,1,9,1,1,2,1,79,16,72,2,5,10,62,7,0
2843,39,1,8,6,7,2,0,76,2,62,2,4,7,59,6,0
2844,27,2,6,4,4,2,0,39,73,71,1,0,4,17,3,1
2845,51,2,6,3,18,0,1,53,67,39,1,0,4,24,0,1
2846,25,2,4,6,7,2,0,36,61,25,1,1,3,31,7,2
2847,31,1,10,5,15,2,0,39,69,69,1,0,0,20,2,2
2848,55,0,2,4,23,2,0,25,61,20,1,2,2,17,5,2
2849,26,2,2,2,11,1,0,73,17,84,2,4,9,65,14,0
2850,25,2,4,0,16,1,0,78,26,71,2,5,13,35,19,2
2851,21,0,0,0,0,1,0,76,36,37,2,2,5,73,19,0
2852,54,0,7,5,14,1,0,15,93,61,1,0,2,10,2,1
2853,28,0,5,5,14,1,1,31,73,34,1,0,1,19,7,2
2854,39,3,17,5,15,2,0,27,65,55,1,0,2,18,4,1
2855,27,0,2,3,8,1,2,63,34,93,1,1,5,45,1,2
2856,29,2,3,5,14,2,0,33,78,70,1,2,3,27,3,2
2857,29,2,8,2,9,0,0,68,52,86,2,5,8,59,19,2
2858,38,1,12,7,12,1,0,44,46,44,2,2,14,38,15,0
2859,39,2,11,2,11,1,2,58,61,92,1,1,0,45,0,1
2860,60,2,10,7,12,1,2,14,92,56,1,2,2,9,2,1
2861,44,0,3,6,17,0,0,60,47,86,2,2,8,38,13,0
2862,32,0,11,6,7,0,0,94,0,74,2,4,5,67,8,0
2863,30,2,9,2,9,0,1,15,88,22,1,2,5,7,1,1
2864,52,3,2,5,13,0,2,53,40,74,1,2,1,40,8,2
2865,45,2,11,0,0,0,1,11,82,66,1,2,1,7,7,1
2866,60,0,8,2,11,1,0,35,62,67,1,1,2,29,0,1
2867,56,3,3,2,6,2,0,43,71,41,2,5,14,30,5,1
2868,33,1,2,6,19,1,0,46,47,98,1,2,1,29,6,0
2869,22,2,1,5,13,0,0,72,40,41,2,3,12,44,19,0
2870,43,1,8,2,9,1,1,86,0,60,2,4,12,66,24,0
2871,23,1,2,2,6,2,0,39,68,23,1,2,2,38,1,0
2873,31,2,10,1,2,1,1,90,13,58,2,3,10,65,24,0
2874,29,1,8,1,1,1,0,69,34,44,2,3,11,54,10,0
2875,42,2,4,0,22,1,0,22,79,98,1,1,0,13,7,1
2876,37,1,7,3,3,1,1,26,68,38,1,2,5,20,0,1
2877,41,0,10,7,21,1,1,15,71,57,1,0,2,9,4,1
2878,48,2,9,5,15,1,1,42,31,83,1,2,1,33,1,2
2879,32,0,2,5,14,2,1,73,23,65,2,5,8,70,23,0
2880,60,1,10,6,19,0,1,70,41,79,2,3,13,52,24,0
2881,45,1,7,2,11,2,0,49,63,71,2,3,10,25,24,2
2882,21,0,0,3,8,2,0,77,29,84,2,3,5,52,13,0
2883,32,2,11,5,13,0,0,70,34,40,2,4,12,33,23,0
2884,24,2,3,6,7,1,2,70,32,20,2,4,10,61,28,2
2885,45,0,0,6,19,1,2,68,20,84,2,2,5,47,24,2
2886,38,0,6,3,3,0,0,31,56,66,1,1,3,15,0,1
2887,36,0,12,1,2,1,1,64,38,86,2,3,14,30,29,2
2888,31,0,6,4,20,2,0,47,60,46,1,1,1,41,7,0
2889,34,2,6,4,4,2,0,32,67,41,1,1,1,15,5,2
2890,35,0,4,0,22,2,1,56,50,95,1,1,1,44,7,1
2891,31,2,10,7,21,2,0,64,60,21,1,1,3,61,5,0
2892,33,0,12,4,20,2,1,78,24,63,2,2,11,38,10,0
2893,28,1,7,2,11,1,1,13,73,89,1,1,0,9,3,1
2894,56,0,11,6,19,1,0,59,55,68,2,2,7,39,11,0
2895,27,1,3,7,10,1,2,77,30,23,2,2,10,69,21,0
2896,23,2,2,5,15,1,0,25,78,70,1,2,0,15,8,2
2897,36,0,9,6,7,1,2,24,66,26,1,1,0,20,4,1
2898,28,2,1,6,19,0,2,27,82,91,1,1,2,16,6,1
2899,55,0,9,1,1,2,0,72,34,32,1,1,1,66,0,0
2900,42,0,6,4,4,1,2,72,30,67,2,4,8,60,28,2
2901,50,1,11,4,4,1,0,76,33,58,2,3,7,57,10,0
2902,45,1,11,0,0,2,0,84,4,76,2,2,5,40,8,0
2903,21,0,0,6,17,0,0,41,76,80,1,0,0,24,4,2
2904,26,0,5,7,10,1,1,44,69,71,1,0,4,36,1,2
2905,21,0,0,7,12,2,1,43,73,44,1,0,3,38,5,2
2906,37,1,5,0,0,1,0,69,46,45,2,4,11,48,15,0
2907,59,2,8,3,8,1,1,63,25,24,2,4,7,56,29,2
2908,37,2,7,1,5,1,0,14,100,74,1,1,1,7,9,1
2909,52,0,0,4,20,0,0,22,72,72,1,0,2,14,3,2
2910,28,0,7,6,7,2,0,45,55,68,1,2,4,42,5,0
2911,38,0,7,7,12,0,1,81,22,92,2,3,14,62,26,0
2912,22,2,1,3,8,1,2,70,32,27,2,4,7,57,18,2
2913,21,0,0,7,12,2,1,80,12,30,2,4,14,67,21,0
2914,30,2,4,3,18,0,0,16,92,43,1,1,1,15,0,1
2915,56,0,4,5,15,1,2,91,30,90,2,4,11,56,15,2
2916,35,0,11,7,21,1,1,18,77,50,1,0,2,14,5,1
2918,32,0,10,2,9,2,0,20,64,82,1,2,1,9,7,1
2919,47,2,8,5,13,2,0,33,59,54,1,1,0,22,7,2
2920,25,1,4,3,8,0,0,58,30,27,2,2,7,52,22,0
2921,54,0,12,2,9,1,1,12,94,70,1,1,5,11,2,1
2922,53,0,13,4,20,2,0,67,27,22,2,4,8,46,29,0
2923,44,0,10,1,1,1,0,76,16,79,2,4,5,74,15,0
2924,54,1,13,2,9,0,0,85,5,24,2,2,8,61,9,0
2925,58,1,8,7,21,1,0,89,0,79,2,5,11,84,20,0
2926,47,3,6,4,20,1,2,68,54,64,2,4,14,38,15,1
2927,35,0,4,2,9,1,1,89,16,71,2,5,9,49,28,2
2928,27,1,6,6,17,0,0,34,49,22,2,2,8,30,18,0
2929,41,2,7,1,5,1,0,12,90,60,1,1,4,9,7,1
2930,29,2,8,0,16,0,0,69,31,58,2,2,5,43,14,2
2931,43,0,4,2,6,0,1,67,38,75,2,3,6,54,6,2
2932,43,0,4,1,1,1,2,57,25,68,2,3,13,52,14,2
2933,52,1,6,1,2,2,0,92,0,27,2,5,10,72,28,0
2934,45,0,8,4,4,1,0,58,40,24,2,4,8,53,19,0
2935,56,2,9,0,22,1,0,61,29,65,1,2,1,53,4,2
2936,29,0,5,7,12,2,1,32,60,63,1,1,0,16,4,1
2938,43,1,1,7,10,1,2,69,21,20,2,2,13,48,15,0
2939,56,2,3,2,9,1,1,88,11,28,2,5,11,61,5,0
2940,45,0,9,2,11,1,0,17,96,96,1,0,0,16,8,1
2941,43,3,15,2,11,1,0,37,64,74,1,2,3,16,4,1
2943,36,0,6,5,15,0,1,62,45,77,2,5,6,60,26,0
2944,31,0,10,4,23,2,1,35,64,58,1,1,3,33,6,2
2945,45,0,18,2,11,0,0,19,61,75,1,0,3,17,1,1
2946,40,0,9,2,11,0,2,62,49,82,1,2,3,54,1,1
2947,57,0,16,3,8,1,1,56,34,80,1,0,1,25,3,1
2948,53,0,2,5,14,1,0,60,33,75,1,0,0,54,1,0
2949,44,3,11,4,23,1,2,28,73,21,1,0,1,13,0,1
2950,42,0,1,4,4,1,1,46,47,77,1,1,3,43,5,2
2951,58,2,7,3,8,2,1,27,83,71,1,2,5,14,1,1
2952,35,2,6,4,20,2,0,60,55,34,2,3,8,57,12,0
2953,46,2,13,6,7,0,0,89,2,35,2,3,12,80,25,0
2954,32,1,11,4,23,0,1,73,14,27,2,5,12,66,14,0
2955,39,0,0,7,21,2,2,30,63,35,1,2,1,21,8,1
2956,44,1,7,1,2,1,1,47,43,73,1,1,2,34,2,2
2957,56,3,9,3,18,0,1,40,65,43,1,1,0,28,8,1
2958,47,0,13,5,13,1,0,77,12,45,2,2,14,45,10,0
2959,39,2,2,6,19,0,0,31,70,97,1,1,0,16,7,2
2960,54,1,10,2,11,1,2,22,86,69,1,0,1,10,5,1
2961,41,0,13,3,8,1,1,22,74,24,1,2,0,20,5,1
2962,44,0,12,0,22,2,1,32,75,69,1,0,2,31,1,1
2964,24,1,3,5,15,2,2,18,88,31,1,2,2,11,2,1
2965,56,0,8,1,1,2,0,52,54,39,1,0,0,27,0,2
2966,50,3,11,1,5,2,0,85,5,60,2,2,14,81,28,0
2967,37,0,4,2,11,1,0,14,100,67,1,2,2,12,8,1
2968,24,1,3,5,13,1,0,53,53,20,2,3,6,24,22,0
2969,49,1,1,2,9,1,1,51,36,50,1,2,1,30,7,2
2970,28,1,4,0,22,1,0,28,83,67,1,2,3,19,2,1
2971,34,0,9,1,5,2,1,14,92,56,1,2,1,7,1,1
2972,57,1,2,0,0,2,1,91,5,60,2,5,12,50,16,0
2973,52,1,8,7,10,2,0,70,38,91,2,4,7,49,9,0
2974,30,0,9,7,12,2,1,21,89,81,1,0,4,15,1,1
2975,43,2,6,1,5,0,1,56,22,86,1,2,2,33,0,2
2976,34,0,10,4,20,1,0,62,37,58,2,3,10,52,19,0
2977,36,3,15,1,2,0,0,55,61,47,2,5,14,31,19,2
2979,22,0,1,7,12,0,1,31,42,55,1,1,5,18,4,2
2980,60,2,12,6,7,1,0,37,54,72,1,1,2,18,7,2
2981,55,3,13,6,7,1,2,93,14,23,0,8,20,58,53,2
2982,51,1,8,3,18,2,1,57,58,28,1,2,0,27,0,2
2983,35,0,14,1,5,2,0,53,53,93,1,1,2,50,6,2
2984,56,1,16,5,15,0,1,74,22,79,2,3,9,55,27,0
2985,42,0,7,0,0,1,0,81,31,34,2,5,10,70,13,0
2986,43,1,7,0,22,2,1,80,22,86,2,5,7,73,9,0
2987,28,0,7,4,4,1,0,15,85,60,1,2,4,8,0,1
2988,59,0,4,4,23,2,2,69,31,85,2,3,7,38,21,2
2989,43,0,17,2,6,1,1,17,82,86,1,1,2,14,7,1
2990,31,0,0,6,7,2,2,11,83,84,1,0,2,10,3,1
2991,54,0,7,5,14,1,2,34,73,47,1,2,5,21,5,1
2992,25,0,4,3,18,2,1,20,64,73,1,2,4,12,7,1
2993,36,1,11,3,3,0,1,61,21,88,2,2,10,51,10,2
2994,22,2,1,1,2,0,1,14,95,77,1,1,4,13,4,1
2995,36,2,13,6,7,2,1,33,96,27,1,1,4,27,5,1
2996,58,0,0,7,21,2,2,28,76,66,1,1,2,16,8,1
2997,23,0,2,3,3,2,0,14,88,46,1,0,5,10,2,1
2998,45,2,5,0,16,1,0,58,42,71,2,3,5,43,23,2
2999,42,0,1,6,19,1,0,14,99,82,1,0,5,8,7,1
3000,43,0,11,6,7,1,2,25,64,32,1,1,4,20,9,1
3001,40,0,12,5,15,0,1,32,67,93,1,0,5,15,1,1
3002,50,1,15,1,5,2,1,28,80,71,1,1,3,25,9,1
3003,54,0,8,5,13,2,2,41,55,28,1,1,1,34,5,2
3004,32,3,3,0,22,2,0,42,52,82,2,2,8,37,8,1
3005,32,0,11,1,2,2,0,10,91,28,1,2,5,6,2,1
3006,58,0,14,0,0,1,0,67,34,81,2,4,11,40,24,2
3007,44,1,6,7,12,1,1,53,38,79,2,3,12,36,19,2
3008,46,0,11,3,18,2,0,93,0,29,2,5,6,63,11,0
3009,57,1,5,6,17,0,2,73,19,22,2,5,9,65,26,0
3010,40,3,16,0,16,0,1,72,21,82,2,2,11,52,6,1
3011,29,2,8,4,23,2,1,89,2,20,2,3,11,77,12,0
3012,44,0,5,3,8,2,0,71,41,89,2,5,13,68,11,0
3013,48,0,3,2,9,1,1,73,30,35,2,3,6,41,9,2
3014,30,0,1,2,6,1,2,32,66,58,1,0,4,28,7,1
3015,52,0,6,4,4,1,0,10,94,85,1,1,3,8,1,1
3016,57,2,4,0,0,1,0,37,70,72,1,0,2,25,4,1
3017,41,1,5,7,12,2,0,20,86,24,1,0,1,15,1,2
3018,40,0,4,3,8,2,0,58,49,26,1,0,3,57,8,0
3019,32,3,6,5,13,1,0,74,32,30,2,2,5,42,12,0
3020,54,0,2,0,16,0,2,61,42,29,2,3,12,57,8,2
3021,38,0,12,3,18,0,2,11,94,77,1,0,2,10,9,1
3022,31,1,10,0,0,0,1,57,51,43,1,0,1,31,0,2
3023,30,0,9,1,1,2,1,67,32,81,2,3,5,57,11,0
3024,42,0,15,5,14,1,1,27,87,25,1,2,4,25,9,2
3026,37,2,8,2,6,1,1,69,18,92,2,2,6,62,25,2
3027,59,0,11,7,10,1,1,50,38,37,1,1,1,45,3,2
3028,47,2,10,1,5,0,1,30,71,43,1,0,3,16,9,1
3029,44,2,13,0,16,0,2,79,32,90,2,4,10,75,16,1
3030,47,0,8,3,3,2,1,19,97,89,1,2,5,11,4,1
3031,39,3,4,7,10,1,1,94,0,85,0,5,16,48,33,2
3032,24,2,3,4,20,2,2,50,59,48,1,1,4,39,4,1
3033,47,2,7,0,0,1,1,33,66,86,1,0,1,31,6,1
3034,49,2,9,5,14,2,0,37,90,56,2,5,14,27,19,2
3035,41,0,15,5,14,1,2,68,39,93,2,2,8,41,7,2
3036,44,0,15,1,5,1,1,41,53,36,2,3,12,19,14,2
3037,54,2,2,3,18,2,1,31,74,41,1,2,2,15,7,1
3038,49,0,14,1,5,2,1,55,48,44,2,5,6,52,21,2
3039,56,1,5,3,3,2,0,74,23,30,2,5,10,57,18,0
3040,46,2,14,2,11,0,1,20,85,73,1,0,5,14,8,1
3041,49,2,7,0,0,1,2,93,13,58,2,2,9,59,28,2
3042,31,1,10,5,15,0,0,51,52,81,2,5,9,29,12,0
3043,50,0,13,2,11,2,1,44,54,91,1,0,2,28,5,1
3044,44,2,14,2,11,0,1,37,80,65,1,0,3,24,6,1
3045,46,0,8,3,3,1,1,16,88,82,1,0,4,15,5,1
3046,29,2,8,7,12,0,0,15,95,43,1,2,2,10,6,1
3047,32,0,0,1,1,1,0,58,50,20,2,5,9,47,27,0
3048,48,2,10,5,14,0,1,23,74,43,1,2,3,10,3,1
3049,52,0,11,1,5,1,1,74,15,21,2,2,11,64,18,0
3050,38,2,5,4,20,1,1,89,20,74,2,2,11,66,20,0
3051,26,0,5,1,2,0,2,47,44,68,2,4,12,38,12,1
3052,24,3,3,5,14,0,1,33,71,87,1,1,0,25,3,1
3053,58,0,3,5,13,1,0,20,89,77,1,1,2,14,7,1
3054,35,2,8,6,17,2,0,73,25,20,2,2,5,55,18,0
3055,58,0,8,6,19,2,2,18,84,87,1,0,4,16,9,1
3056,32,1,11,5,15,1,0,83,15,71,2,2,14,73,18,0
3057,21,2,0,0,0,2,1,92,0,46,2,2,7,67,28,0
3058,43,0,7,1,5,2,0,32,55,94,1,0,3,19,9,2
3059,47,2,9,2,11,1,1,53,44,71,1,1,3,33,8,1
3060,57,2,1,5,14,1,1,38,66,88,1,0,4,24,9,2
3061,36,0,8,3,8,0,0,43,52,48,1,2,1,26,8,2
3062,25,1,2,1,1,1,0,13,74,61,1,1,2,10,5,2
3063,31,0,10,0,16,1,1,79,22,58,2,3,6,59,7,0
3064,60,0,0,0,0,2,0,37,58,46,1,2,1,29,5,2
3065,42,1,11,2,6,0,1,71,21,25,2,2,5,63,6,0
3066,50,2,3,5,13,2,1,68,21,38,2,2,8,43,14,0
3067,27,2,6,6,19,2,0,49,61,67,1,0,0,48,4,2
3068,37,2,16,1,5,0,0,58,49,28,2,2,6,31,19,2
3069,27,0,6,0,16,1,0,65,51,65,2,2,9,47,18,2
3070,32,2,10,4,20,2,0,24,80,49,1,1,0,20,6,1
3071,39,0,3,2,11,1,1,46,36,75,1,1,1,37,4,2
3072,47,0,5,4,4,1,2,34,77,21,1,0,5,33,3,1
3073,53,0,9,3,18,2,0,11,91,27,1,2,4,7,6,1
3074,30,2,9,7,10,2,0,35,56,68,1,0,1,21,8,1
3075,24,1,0,1,5,1,1,76,25,78,2,3,5,36,13,0
3076,23,0,2,7,10,0,0,21,74,57,1,2,5,16,2,2
3077,35,3,5,4,4,1,0,37,84,21,1,0,5,21,7,2
3078,40,2,18,0,0,0,0,33,85,54,1,1,5,30,7,1
3079,54,0,1,0,22,0,2,44,62,90,1,2,1,29,7,1
3080,28,2,7,1,5,1,1,43,63,65,1,1,1,35,0,1
3081,49,0,13,2,11,2,1,70,45,82,2,2,14,58,25,2
3082,37,0,10,4,20,2,1,37,62,55,1,1,0,22,6,2
3083,30,0,9,4,23,2,0,30,74,90,1,0,0,28,7,2
3084,38,0,3,4,23,1,0,62,39,52,1,2,1,50,0,0
3085,49,1,8,6,19,2,2,33,50,78,1,2,3,29,4,1
3086,58,1,12,2,6,1,1,48,58,24,1,0,5,40,3,2
3087,31,0,5,5,15,2,0,14,81,77,1,2,1,12,7,1
3088,38,0,8,7,10,2,1,13,87,48,1,0,5,5,0,1
3089,30,1,5,0,0,1,1,46,61,60,1,0,2,21,3,1
3090,56,2,15,4,23,2,0,32,85,51,1,1,4,19,8,1
3091,42,0,0,3,18,2,0,89,16,42,2,2,13,79,23,0
3092,34,2,8,4,20,2,1,65,50,85,1,2,3,43,7,2
3093,28,1,1,0,0,2,2,38,41,88,2,2,11,19,22,1
3094,42,2,5,4,20,1,0,90,0,84,2,2,6,64,22,0
3095,42,0,8,5,15,0,0,62,39,91,2,3,12,48,20,0
3096,22,0,1,2,6,2,0,65,51,53,2,4,5,37,25,2
3097,46,0,10,1,5,1,1,60,53,82,2,4,11,41,8,2
3098,50,2,17,1,5,2,2,59,48,42,1,0,0,50,3,1
3099,56,2,2,1,5,1,1,54,39,33,1,2,0,46,2,0
3100,57,0,12,4,23,1,0,12,83,43,1,1,0,10,0,1
3101,49,1,4,7,10,0,2,18,93,50,1,2,2,10,0,1
3103,38,1,12,2,9,0,0,20,82,57,1,1,1,10,9,1
3104,23,0,2,7,10,1,1,76,26,94,2,5,11,68,15,0
3105,40,0,2,0,22,2,1,73,29,71,0,8,25,60,21,0
3106,26,1,3,7,21,1,0,77,19,23,2,2,6,52,10,0
3107,60,2,6,0,16,1,1,82,14,23,2,2,8,77,6,0
3108,35,0,14,6,19,1,2,65,11,70,2,2,14,44,25,2
3109,39,0,12,1,2,1,0,75,21,49,2,2,5,44,23,0
3110,48,0,13,4,20,2,1,21,67,92,1,2,0,12,5,1
3111,22,2,1,4,23,1,2,28,81,73,1,1,3,23,7,1
3112,43,3,9,1,5,0,1,48,40,26,1,2,5,30,8,2
3113,47,1,6,2,9,1,0,38,70,91,1,2,0,23,8,1
3114,46,2,1,7,10,1,0,66,45,53,2,5,10,42,26,0
3115,44,0,0,1,2,2,2,88,15,61,2,3,9,50,10,0
3116,56,1,11,7,21,1,2,51,43,40,1,0,2,25,7,2
3117,47,0,12,4,4,2,0,89,4,27,2,4,6,88,5,0
3118,40,2,17,3,18,2,1,87,29,26,2,4,13,44,18,2
3119,36,0,1,6,19,1,2,33,74,89,1,2,4,30,5,1
3120,21,3,0,3,18,2,1,27,61,40,1,0,5,21,1,1
3121,54,0,12,2,9,0,0,76,23,41,2,5,5,62,17,0
3122,39,1,2,5,15,0,0,49,65,82,2,2,7,44,5,0
3123,52,2,14,4,20,1,2,36,64,92,1,1,1,18,1,1
3125,21,1,0,0,0,2,2,29,58,72,1,2,5,17,7,1
3126,43,0,6,5,15,2,0,41,61,38,1,0,1,20,3,2
3127,60,1,0,0,22,1,0,79,28,89,2,4,14,38,22,0
3128,51,1,2,3,8,0,2,43,70,20,1,1,1,32,2,2
3129,48,0,6,7,10,2,0,35,63,25,1,0,2,22,1,2
3130,45,2,10,5,14,1,2,58,44,52,1,1,3,38,7,2
3131,21,0,0,0,16,2,0,34,71,91,1,2,4,33,4,2
3132,41,2,17,3,18,1,0,33,52,58,1,0,2,27,1,1
3133,41,1,20,0,22,1,0,52,44,87,1,2,3,38,9,2
3134,49,0,15,5,14,1,0,54,45,27,1,1,3,44,2,0
3135,45,1,0,6,17,1,0,19,68,39,1,1,3,14,3,2
3136,33,0,12,7,12,1,0,66,39,44,2,3,8,51,28,0
3137,59,0,3,0,16,2,0,67,33,88,2,3,8,58,11,2
3138,28,1,6,7,21,1,0,41,41,43,1,0,4,24,5,2
3139,43,0,8,7,21,2,0,79,11,32,2,4,8,39,10,0
3140,33,3,10,6,7,0,0,67,31,85,2,4,11,38,14,2
3141,56,0,18,2,9,1,0,92,0,76,2,2,13,51,7,0
3142,36,0,10,2,11,1,0,44,42,92,2,2,8,36,14,2
3143,44,2,6,7,21,2,1,31,74,23,1,2,2,21,5,1
3144,39,2,11,7,10,2,0,66,36,62,2,3,9,60,22,0
3145,48,0,5,5,13,0,1,90,11,50,2,4,7,70,16,0
3146,36,0,12,2,11,2,1,61,46,77,2,5,7,44,29,2
3147,22,0,1,3,18,1,0,21,69,55,1,2,5,19,2,2
3148,33,1,8,3,18,1,0,52,49,50,2,2,8,28,5,2
3149,36,2,8,4,4,2,1,79,12,55,2,4,6,54,23,0
3150,41,0,11,7,10,2,0,52,50,46,1,2,3,42,7,0
3151,49,1,4,1,1,1,2,81,16,54,2,2,6,49,14,0
3152,37,1,8,7,21,2,2,19,81,82,1,2,1,18,9,1
3153,25,3,4,7,12,2,0,51,52,39,1,1,5,35,9,2
3154,55,3,7,2,9,1,1,46,67,46,2,4,13,43,20,1
3155,50,1,3,7,12,2,0,18,89,64,1,1,4,8,4,1
3156,44,0,7,4,23,2,0,86,5,62,2,5,10,52,14,0
3157,41,0,15,0,22,0,1,34,67,79,1,0,0,25,6,1
3159,58,0,8,3,8,2,2,64,32,64,2,2,8,41,23,1
3160,45,1,7,4,4,2,0,35,69,41,1,1,2,30,7,2
3161,57,0,3,6,7,1,0,24,68,87,1,0,0,14,9,1
3162,28,0,6,5,15,1,1,60,56,68,2,5,12,43,21,2
3163,54,2,0,0,22,0,0,91,14,82,2,5,9,90,7,0
3164,60,0,8,3,8,1,1,66,23,68,2,5,8,31,22,2
3165,27,1,4,4,4,1,0,55,39,92,1,0,1,30,6,0
3166,56,0,7,0,22,0,1,70,29,92,2,2,12,62,22,2
3167,46,2,18,4,4,1,1,27,86,66,1,0,4,19,2,1
3168,33,2,12,1,1,0,0,84,14,85,2,3,6,62,17,0
3169,53,0,12,5,15,1,0,25,68,86,1,2,4,17,1,2
3170,37,0,1,1,2,1,1,80,29,29,2,3,5,70,20,0
3171,50,0,5,1,1,1,0,12,96,38,1,0,4,6,3,1
3173,53,0,13,1,2,1,0,26,90,88,1,0,2,21,6,1
3174,55,0,0,5,13,1,1,64,30,92,2,2,6,39,14,0
3175,55,3,15,3,3,1,1,75,32,90,2,2,7,34,29,1
3176,58,0,7,3,3,2,2,63,32,50,2,2,11,32,16,1
3177,36,2,9,4,4,2,2,35,65,65,1,0,0,23,1,1
3178,54,1,21,4,4,0,2,46,52,81,1,1,0,22,7,1
3179,52,0,15,0,0,1,1,23,63,30,1,2,5,16,6,1
3180,60,0,2,0,0,2,0,37,73,79,1,0,0,18,4,1
3181,58,0,14,5,14,1,1,44,39,77,1,1,0,36,9,2
3182,57,2,7,3,8,1,0,30,76,47,1,2,3,27,7,1
3183,21,1,0,5,13,1,2,19,81,29,1,0,2,14,3,1
3184,58,1,3,5,14,2,1,55,35,23,1,0,2,45,4,0
3185,28,1,6,4,4,2,0,53,36,70,1,2,4,41,4,0
3187,54,1,0,3,8,1,1,10,82,32,1,0,0,9,9,1
3189,29,0,8,3,3,2,0,89,0,54,2,3,9,77,16,0
3190,29,0,0,4,20,1,1,31,73,74,1,2,1,19,6,2
3191,41,0,10,2,6,1,2,64,41,68,2,3,8,39,28,1
3192,59,1,13,1,5,2,2,34,57,53,1,2,5,24,5,1
3193,43,1,6,5,14,2,2,69,26,74,2,3,9,67,5,0
3194,34,0,0,5,15,0,0,43,50,77,1,0,5,19,9,0
3195,47,2,2,5,14,1,0,56,46,92,1,2,3,36,6,0
3196,44,3,5,1,2,0,1,63,49,35,1,1,3,55,8,2
3197,52,0,3,2,6,2,1,82,28,57,2,2,11,66,17,0
3198,30,1,9,2,6,2,2,48,48,51,1,1,3,29,7,1
3199,51,0,5,4,23,1,1,80,20,60,0,6,18,72,49,0
3200,58,2,4,2,9,2,2,79,10,64,2,5,13,63,29,2
3202,21,3,0,2,6,1,2,49,46,49,1,0,3,40,2,1
3203,37,0,8,3,3,2,0,83,20,86,2,4,7,43,24,0
3204,35,0,14,1,1,2,1,53,49,32,2,4,14,30,27,2
3205,59,2,4,2,9,1,0,55,47,22,2,4,13,32,25,2
3206,27,2,0,7,21,1,1,37,59,48,1,0,5,17,5,2
3207,21,0,0,6,7,2,0,47,66,61,1,1,3,33,8,0
3208,27,1,6,4,4,1,2,68,24,31,2,4,6,33,20,2
3209,58,3,13,2,11,1,0,45,58,84,1,0,5,20,1,1
3210,44,0,9,0,22,0,2,60,34,67,2,2,6,32,8,1
3211,52,0,9,5,14,1,0,30,77,79,1,0,0,29,2,2
3212,27,0,6,3,18,1,1,11,64,80,1,0,2,8,7,1
3213,45,2,9,4,23,0,1,18,80,79,1,1,2,11,4,1
3214,30,2,6,4,23,2,0,87,10,51,2,4,14,65,7,0
3215,24,1,3,4,4,1,0,15,70,86,1,1,5,9,8,1
3216,35,2,11,6,17,0,0,34,70,42,1,1,5,22,5,2
3219,36,2,15,7,10,1,0,45,51,34,1,0,3,41,1,2
3220,55,0,5,5,15,1,1,18,77,37,1,1,5,16,2,1
3221,56,1,6,7,12,2,1,50,46,28,1,0,0,28,6,2
3222,21,0,0,0,16,0,1,85,21,71,2,3,6,64,7,0
3223,24,0,3,3,18,1,0,17,85,55,1,2,5,13,8,1
3224,40,0,9,0,0,2,1,87,25,64,2,3,13,81,15,0
3225,24,1,3,5,15,2,1,70,12,39,2,2,7,46,12,0
3226,25,1,4,5,15,2,1,63,36,64,1,0,1,60,0,0
3227,39,0,10,1,5,2,0,91,20,75,2,4,8,73,28,0
3228,47,2,8,7,21,2,0,85,35,61,2,4,9,66,7,0
3229,22,0,1,6,7,2,0,78,21,85,2,2,12,59,22,0
3230,26,0,5,6,7,1,1,54,53,54,1,1,4,32,4,2
3231,31,2,10,0,16,1,1,27,71,59,1,1,2,21,3,1
3232,41,2,2,2,9,1,1,49,67,30,2,4,11,25,22,1
3233,35,3,3,3,8,0,1,48,42,75,2,5,6,28,15,1
3234,22,0,1,3,18,1,1,67,34,24,2,4,13,30,29,0
3236,58,0,2,1,2,0,2,84,22,25,2,4,9,62,21,0
3237,24,0,2,1,2,1,0,67,23,74,1,1,3,41,6,0
3238,51,1,9,4,23,1,0,15,90,66,1,2,5,14,3,1
3239,37,0,12,6,7,0,0,77,18,71,2,4,6,41,12,0
3240,57,0,16,5,15,0,0,36,61,24,1,0,2,29,4,2
3241,56,1,10,6,19,1,1,90,0,69,2,2,14,56,23,0
3242,21,2,0,3,8,0,0,54,45,83,1,2,5,49,7,2
3243,41,0,7,1,1,1,2,52,45,52,2,2,8,49,13,2
3244,28,1,3,6,7,2,2,33,76,62,2,5,9,32,17,1
3245,32,0,8,1,2,2,0,58,58,28,1,2,0,53,8,0
3246,41,0,2,1,1,1,0,24,72,37,1,2,3,14,5,2
3247,34,0,7,2,9,0,0,58,41,67,1,1,5,48,0,2
3248,60,0,4,2,11,2,0,62,42,82,2,2,14,31,19,2
3249,37,0,12,2,9,1,0,66,38,85,2,5,11,36,22,2
3250,42,0,2,5,15,1,2,44,51,42,2,4,8,26,20,2
3251,45,0,5,1,2,1,0,82,23,37,2,3,7,50,18,0
3252,55,1,3,4,23,0,0,68,37,43,2,3,5,40,9,0
3253,30,2,9,7,12,1,0,77,39,57,2,4,13,74,24,0
3254,56,0,9,0,0,1,1,84,11,58,2,3,5,79,8,0
3255,27,0,6,2,11,1,0,61,39,77,2,5,11,41,24,2
3257,49,0,11,7,21,1,0,17,88,68,1,0,0,14,8,1
3259,45,0,8,5,15,1,0,18,84,38,1,2,1,13,6,2
3260,53,0,4,2,9,2,0,90,2,72,2,3,5,44,11,0
3261,23,1,2,1,5,1,1,41,64,35,1,2,2,18,2,2
3262,31,0,9,6,7,1,0,32,71,48,1,1,5,22,1,2
3263,45,1,1,7,10,2,1,66,49,89,2,5,10,36,19,0
3264,39,0,16,4,20,2,1,12,90,56,1,1,0,5,8,1
3265,53,0,8,2,6,2,2,65,36,69,2,2,12,45,29,1
3266,40,0,5,7,10,1,0,94,2,84,2,3,10,74,6,0
3267,58,0,7,1,5,1,0,15,77,73,1,0,3,8,7,1
3268,57,1,11,5,14,1,0,60,54,31,2,4,8,28,17,0
3269,24,2,3,3,18,0,1,11,65,27,1,0,0,6,7,1
3270,34,0,9,1,2,2,0,80,9,53,2,2,11,49,11,0
3271,35,2,2,5,15,1,0,10,92,21,1,2,4,8,7,2
3272,40,0,3,3,3,0,1,26,70,67,1,0,4,23,7,1
3273,55,2,8,2,6,1,0,52,62,71,1,2,4,29,9,1
3274,49,2,12,3,18,1,0,74,24,40,2,4,14,34,14,2
3275,29,0,8,7,21,2,0,27,77,77,1,2,0,18,7,1
3276,31,3,8,2,6,0,0,27,62,31,1,0,3,12,3,1
3277,45,2,11,0,0,2,1,65,34,52,2,3,10,58,23,2
3278,59,1,5,3,8,1,0,33,70,66,1,1,0,18,4,2
3279,48,0,13,4,23,0,2,60,31,80,1,2,3,30,3,2
3280,25,2,4,7,21,1,0,55,62,94,1,1,5,40,1,2
3281,30,2,4,1,2,1,0,53,31,29,2,2,9,33,10,2
3282,39,2,15,6,19,2,0,80,20,90,2,5,12,71,12,0
3283,53,3,8,7,12,2,1,64,36,72,2,2,7,29,11,2
3284,45,2,13,4,20,1,0,16,94,91,1,2,4,15,7,1
3285,31,1,4,0,0,0,2,14,90,35,1,0,3,8,9,1
3286,24,2,3,5,15,1,0,21,92,93,1,1,5,12,4,1
3287,25,0,4,3,8,1,2,71,42,88,2,5,6,37,8,1
3288,50,0,10,1,5,2,0,32,70,29,1,2,1,21,7,2
3289,26,1,5,0,22,1,1,32,77,83,1,2,0,24,7,1
3290,45,0,7,4,23,1,0,77,38,26,2,3,10,43,17,0
3292,48,0,9,3,3,1,1,58,48,43,2,3,10,57,7,2
3293,26,1,5,6,17,0,0,66,32,71,2,2,7,38,16,0
3294,44,1,9,7,10,1,0,60,45,81,2,3,10,34,6,0
3295,21,0,0,0,0,2,1,27,62,85,1,1,5,22,3,1
3296,23,0,2,1,2,2,0,72,31,57,2,2,13,53,26,0
3297,52,1,9,4,4,0,0,61,28,51,2,5,10,39,26,0
3298,29,2,0,6,19,1,2,40,61,90,1,2,2,31,9,1
3299,35,0,12,3,18,1,0,69,19,45,2,4,8,32,8,0
3300,38,2,14,3,8,0,0,54,53,25,2,2,7,33,11,2
3301,21,0,0,6,17,0,0,79,36,28,2,4,12,42,28,0
3302,39,0,9,7,10,2,1,53,41,70,2,5,6,27,20,2
3303,30,0,6,5,15,1,1,28,72,93,1,2,4,23,5,1
3304,52,1,12,4,20,2,1,44,53,27,1,2,4,31,5,2
3305,58,0,5,3,3,0,2,15,100,69,1,1,4,10,5,1
3307,46,3,9,3,3,1,0,58,47,37,2,4,13,46,29,2
3308,60,2,9,1,1,0,2,63,31,52,2,4,13,55,19,2
3309,25,2,4,4,4,1,1,16,95,83,1,0,3,10,9,1
3310,52,2,8,2,6,1,0,46,61,20,1,0,4,40,3,2
3311,42,0,12,6,19,1,0,14,82,71,1,1,0,7,9,1
3312,57,1,6,3,8,1,0,34,62,45,1,2,3,22,7,2
3313,54,1,3,2,9,1,2,49,45,76,2,5,12,34,11,1
3314,21,0,0,3,3,1,0,70,28,30,2,4,12,38,9,0
3315,22,0,1,3,18,1,1,21,81,29,1,2,1,11,6,1
3316,52,0,8,2,11,1,0,33,60,85,1,2,4,26,4,1
3317,37,0,9,2,6,2,0,34,51,76,1,1,5,28,8,1
3318,52,1,7,3,3,1,2,22,64,53,1,1,3,11,5,1
3319,40,1,10,1,5,1,1,41,52,40,1,0,0,39,7,2
3320,39,2,4,2,6,1,1,25,78,72,2,3,6,17,23,1
3321,33,0,12,1,1,0,1,32,56,64,1,2,2,20,2,1
3322,58,0,11,1,5,0,2,11,100,86,1,0,1,6,2,1
3323,43,1,12,6,19,2,0,90,5,86,2,5,7,46,13,0
3324,59,2,9,6,17,2,0,59,40,55,1,1,1,58,3,0
3325,36,0,10,0,16,2,0,34,50,63,1,1,0,19,0,1
3326,58,2,9,7,21,1,2,87,5,24,0,5,21,69,51,2
3327,48,1,11,1,2,2,2,74,19,48,2,5,5,34,22,2
3328,60,0,0,2,9,2,0,81,21,47,2,3,12,76,17,0
3329,41,2,3,6,19,0,0,20,100,67,1,1,3,16,3,1
3330,33,1,5,2,9,0,1,20,67,42,1,2,0,13,3,1
3333,54,2,7,7,10,2,0,47,62,23,1,0,5,43,7,2
3334,38,1,3,0,16,1,0,39,54,70,1,0,1,25,2,2
3335,39,0,10,2,9,2,0,24,71,72,1,2,0,23,8,1
3336,28,0,7,6,7,2,1,56,55,29,1,1,2,48,4,0
3337,59,0,7,3,18,0,0,10,93,26,1,2,0,4,1,1
3338,47,3,10,1,2,2,1,89,20,22,2,2,7,60,11,0
3339,59,0,18,7,10,1,1,74,17,74,2,4,11,65,23,0
3340,41,0,8,3,3,1,1,43,59,61,1,0,4,31,5,1
3341,41,1,10,1,1,1,0,64,42,92,2,5,5,45,7,0
3342,59,0,8,3,18,2,1,29,78,69,1,2,1,27,1,1
3343,60,0,8,1,2,0,1,40,52,46,1,1,0,23,4,2
3344,56,2,11,5,15,2,0,49,45,24,1,2,2,37,1,0
3345,31,1,10,4,4,0,0,81,23,46,0,6,25,49,47,0
3346,53,1,12,2,11,1,0,64,36,69,2,2,14,58,19,0
3347,45,3,6,2,6,1,0,12,76,86,1,1,4,11,7,1
3348,42,1,5,5,13,0,1,33,72,67,1,1,3,27,4,2
3349,48,0,11,4,23,2,2,51,50,78,1,2,5,28,7,1
3350,57,3,9,6,19,1,1,23,79,79,1,2,1,11,4,1
3351,26,2,2,3,8,0,0,19,72,42,1,0,0,13,7,1
3352,42,2,10,2,6,1,0,93,0,74,0,6,16,55,20,0
3353,45,1,10,4,4,0,1,17,81,85,1,0,1,8,5,1
3354,41,2,1,1,2,1,2,46,41,66,1,2,5,22,8,1
3355,50,0,16,5,15,2,0,33,60,92,1,1,4,15,6,1
3356,56,0,0,7,10,1,0,83,2,63,2,2,12,39,10,0
3357,45,1,6,6,19,1,1,77,20,80,2,3,11,48,20,0
3358,57,0,5,1,2,1,1,28,74,54,1,1,3,12,3,1
3359,36,1,7,1,2,1,1,74,27,26,1,0,5,33,6,0
3360,57,0,3,0,16,2,1,63,52,28,2,5,10,49,24,2
3361,50,2,11,6,17,2,1,80,20,39,2,3,12,75,24,0
3362,37,0,9,6,17,1,2,30,66,52,1,1,3,21,5,1
3363,46,1,6,3,18,2,0,91,3,81,2,5,8,74,6,0
3364,32,1,11,1,1,1,0,52,48,89,2,5,9,25,24,2
3365,24,0,3,4,23,1,0,31,67,82,1,1,5,24,9,2
3366,29,0,3,2,11,1,0,12,85,71,1,2,0,5,9,1
3367,57,3,18,3,18,0,0,66,24,92,2,4,8,63,19,2
3368,26,2,0,0,0,1,0,63,30,70,2,3,6,53,14,2
3369,42,3,15,6,17,0,0,15,86,33,1,2,3,10,9,1
3370,37,2,14,5,15,0,1,25,81,69,1,0,0,21,6,1
3372,22,2,1,1,2,0,0,75,27,32,2,5,14,66,25,0
3373,49,2,15,3,8,1,0,51,48,73,1,0,4,27,9,2
3374,35,0,14,2,11,2,0,10,84,66,1,0,0,9,6,1
3375,27,0,3,3,3,1,1,49,59,68,1,1,4,39,6,2
3377,21,3,0,6,7,1,0,71,28,72,2,2,5,64,29,0
3378,29,0,8,4,4,0,0,39,54,34,1,2,5,18,6,2
3379,27,0,6,0,0,2,2,58,38,82,2,5,12,42,26,1
3380,46,0,0,6,7,0,0,69,36,21,2,5,9,54,5,0
3381,23,2,2,0,22,2,0,75,41,99,2,3,14,63,7,0
3382,40,2,10,1,5,2,2,66,37,56,2,4,9,43,25,1
3383,41,1,10,6,19,2,1,39,63,65,1,0,5,21,0,2
3384,42,0,10,6,7,1,1,20,65,43,1,1,1,13,4,1
3385,34,2,12,7,10,0,1,80,22,68,2,4,5,47,8,2
3386,52,3,3,7,10,0,1,37,59,65,1,2,4,18,2,1
3387,34,0,6,1,5,1,1,43,43,44,2,4,9,26,21,2
3388,46,1,17,4,20,2,1,18,73,61,1,2,3,12,6,1
3389,32,0,11,7,10,1,1,35,49,71,1,1,2,29,0,2
3390,39,0,11,6,7,1,1,88,0,58,2,2,6,72,19,0
3391,46,2,4,4,20,0,0,46,56,43,1,1,0,37,1,2
3392,37,2,16,7,21,0,1,82,18,37,2,5,11,51,28,2
3393,52,0,3,2,9,2,2,13,100,34,1,2,0,12,8,1
3394,43,0,4,6,7,2,0,27,63,47,1,2,0,25,3,2
3395,39,0,0,0,0,0,1,80,29,36,2,2,6,69,10,0
3396,52,1,4,6,17,1,0,63,41,47,2,2,10,51,10,0
3397,54,2,2,2,11,2,0,50,42,66,2,3,8,32,6,2
3398,30,1,7,3,3,0,1,61,45,63,2,3,9,41,18,2
3399,45,1,0,2,11,1,0,70,31,79,2,3,5,64,10,0
3401,30,2,9,7,10,1,1,41,57,89,2,3,8,40,19,1
3402,40,2,8,0,22,1,1,16,71,74,1,1,4,10,1,1
3403,60,0,12,5,13,1,1,54,33,36,2,3,12,48,5,0
3404,53,2,3,2,6,2,0,52,38,65,2,4,13,25,15,1
3405,33,3,12,2,6,1,0,69,46,53,2,4,10,58,17,2
3406,27,0,6,6,19,1,1,53,57,79,1,0,4,25,8,2
3407,57,0,3,7,12,2,0,33,45,72,1,0,3,32,0,2
3408,60,0,9,4,20,1,0,40,40,24,1,0,1,20,6,2
3409,56,0,6,4,23,2,0,67,13,48,2,5,14,55,24,0
3410,60,0,6,5,14,1,1,93,4,70,2,5,14,42,23,0
3411,29,0,8,7,12,2,1,73,41,23,2,4,10,38,17,0
3412,59,2,8,6,19,1,0,67,33,79,2,5,7,34,8,0
3413,29,1,8,0,0,0,2,88,18,21,2,2,6,69,7,0
3414,32,2,10,6,7,0,1,22,73,75,1,2,0,17,7,1
3415,56,2,8,2,6,0,1,52,33,50,1,0,2,49,8,2
3416,32,0,9,3,3,2,1,56,48,43,2,4,7,33,10,2
3417,31,2,10,3,18,2,0,20,80,26,1,0,3,13,2,1
3418,25,0,4,4,4,2,0,44,68,45,1,1,0,21,6,2
3419,50,0,14,3,3,1,0,13,87,26,1,2,1,11,4,1
3420,60,2,9,7,21,1,1,72,26,32,2,2,5,60,15,0
3421,44,0,13,1,5,0,0,54,28,30,1,2,2,27,3,0
3422,44,2,13,4,20,2,0,24,66,92,1,2,4,22,0,1
3423,59,0,4,1,2,0,0,54,51,69,2,3,14,47,8,0
3424,58,0,10,3,8,1,0,38,71,88,1,0,2,27,4,1
3425,60,0,6,7,10,1,1,14,100,44,1,0,0,12,8,1
3426,29,1,8,2,9,0,0,63,25,34,2,3,9,49,28,0
3427,27,2,4,5,14,1,1,35,78,75,1,0,3,24,8,1
3428,57,0,15,1,1,0,1,35,61,64,1,0,4,27,5,2
3429,34,0,12,4,4,1,2,11,90,81,1,0,1,5,6,1
3431,58,1,10,4,4,1,1,48,44,40,1,2,0,42,6,0
3432,39,1,14,3,3,2,1,54,54,66,2,4,6,52,20,2
3433,31,0,10,4,20,1,1,28,81,74,1,2,3,26,6,1
3434,42,0,4,7,10,2,0,92,5,81,0,7,20,66,23,0
3435,50,0,0,0,16,1,0,22,78,56,1,2,0,12,5,1
3436,29,2,8,4,4,2,0,14,77,39,1,1,0,6,1,1
3438,58,0,16,1,5,1,1,87,9,94,2,3,12,69,11,0
3439,58,0,14,0,16,2,0,73,20,58,2,3,8,59,22,0
3440,43,1,8,3,3,2,2,58,59,88,2,2,5,48,7,1
3441,21,2,0,7,21,1,2,92,1,80,2,5,8,60,28,0
3442,59,2,18,6,7,1,1,23,85,94,1,2,0,15,9,1
3443,27,1,6,1,2,0,1,51,37,61,1,0,3,46,4,0
3444,46,0,10,0,16,0,1,37,69,81,1,0,4,36,5,1
3445,41,2,12,3,8,2,1,54,50,45,2,2,14,43,28,2
3446,28,2,7,0,22,1,1,17,92,80,1,1,5,9,3,1
3447,51,0,10,1,5,1,1,81,18,92,2,5,10,38,16,0
3448,35,0,14,0,0,0,0,48,50,34,1,0,2,35,8,2
3449,26,0,5,3,3,1,1,67,39,30,1,1,3,55,2,0
3450,50,2,4,0,22,1,0,65,32,95,2,4,12,60,21,2
3451,24,0,3,1,2,2,1,67,38,20,2,2,13,45,10,0
3452,26,1,5,6,19,0,1,80,24,99,2,2,13,39,29,0
3453,56,0,21,0,22,2,0,10,95,75,1,0,2,6,3,1
3454,59,0,15,1,2,1,0,42,60,81,1,1,3,33,3,2
3455,25,0,4,4,4,1,0,21,94,32,1,2,5,18,8,2
3456,36,0,13,6,7,0,1,15,100,33,1,2,2,11,6,1
3457,31,0,8,6,17,1,0,29,66,71,1,1,2,23,2,2
3458,49,0,2,0,0,2,0,82,26,24,2,4,8,67,16,0
3459,46,2,1,7,21,1,2,87,9,66,2,5,6,54,19,2
3460,44,0,5,3,18,1,0,62,47,91,2,4,11,35,21,2
3461,55,0,12,0,0,1,1,48,39,54,2,4,9,41,26,2
3462,56,0,20,4,23,0,0,49,45,47,1,2,5,22,8,2
3464,41,2,2,5,15,1,1,67,36,64,2,3,9,54,29,0
3465,32,0,11,0,16,2,1,94,21,72,2,3,7,90,10,0
3466,36,0,7,1,1,0,1,37,86,69,1,2,2,19,4,1
3467,42,1,3,4,20,2,0,14,84,82,1,2,0,11,8,1
3468,55,0,8,1,5,1,0,85,10,32,2,2,6,58,18,0
3469,55,0,7,2,9,0,1,27,83,64,1,1,4,12,2,1
3470,41,0,13,1,1,2,1,57,62,74,2,5,9,54,16,2
3471,55,3,8,2,9,2,2,58,33,75,1,2,2,50,6,1
3472,22,1,1,1,2,0,2,27,73,74,1,2,3,19,6,1
3473,57,0,4,2,9,0,2,67,57,51,2,4,14,60,10,1
3474,43,0,9,2,11,1,2,22,80,97,1,1,5,21,0,1
3475,36,1,9,3,3,0,2,14,77,55,1,2,5,11,9,1
3476,45,0,3,7,12,1,2,53,41,72,2,2,6,37,21,1
3477,34,2,7,2,9,1,0,85,0,48,2,3,12,80,8,0
3478,29,0,8,0,0,1,1,20,78,45,1,1,1,16,0,1
3479,28,0,7,4,4,1,2,13,81,94,1,2,4,7,0,1
3480,33,0,4,3,3,1,0,18,76,70,1,0,5,16,1,1
3481,48,1,9,6,19,1,1,59,53,73,2,3,6,29,26,2
3482,51,2,11,3,18,0,0,71,9,22,2,5,12,44,13,0
3483,21,0,0,0,0,0,2,21,77,87,1,1,1,10,8,1
3484,51,2,10,0,16,1,0,20,78,61,1,1,4,10,4,1
3485,52,0,15,0,0,2,1,91,4,73,2,5,9,44,25,2
3486,36,1,11,4,23,2,1,42,68,92,1,2,4,32,8,2
3487,35,0,12,5,13,1,0,48,56,32,1,0,1,40,8,0
3488,32,2,0,2,9,2,0,81,14,65,2,2,13,76,23,0
3489,31,0,5,2,9,1,0,78,20,63,2,2,7,40,8,0
3490,32,0,11,6,17,1,1,31,61,66,2,4,9,15,21,1
3492,46,1,10,3,18,1,1,48,43,25,1,2,2,28,8,2
3493,47,0,11,0,0,0,1,84,20,89,2,5,14,83,8,0
3494,50,0,9,4,20,2,1,55,38,67,2,5,5,44,11,2
3495,38,1,8,2,6,0,1,49,45,83,1,0,4,37,1,2
3497,24,1,0,2,6,1,1,34,57,21,1,0,1,22,7,2
3499,51,0,4,6,19,1,1,72,37,74,2,3,9,47,12,0
3500,21,0,0,3,3,0,1,60,54,76,1,1,5,39,5,2
3501,53,0,12,2,9,2,1,23,84,76,1,1,5,12,3,1
3502,48,0,8,5,15,1,1,72,22,29,2,3,11,49,8,0
3503,36,3,15,2,11,0,1,20,85,86,1,2,2,18,8,1
3504,39,2,15,3,8,1,0,42,45,79,1,0,5,38,9,2
3505,58,0,7,0,0,2,1,62,36,89,2,5,7,49,8,2
3506,37,3,11,2,9,1,1,60,43,67,2,4,14,33,8,1
3507,33,0,10,4,4,2,0,67,41,24,2,3,14,47,7,0
3508,29,0,8,2,6,1,0,51,41,68,2,2,12,35,24,2
3509,54,0,5,5,14,0,0,35,49,25,1,1,5,18,0,2
3510,37,2,11,3,3,0,0,53,44,53,1,1,0,30,3,2
3511,24,0,3,4,20,2,2,78,13,83,2,5,5,72,20,0
3512,38,0,0,4,23,1,0,11,100,76,1,2,5,8,5,1
3513,42,0,5,2,11,1,1,11,100,67,1,2,2,10,9,1
3514,22,0,0,0,16,2,2,63,37,33,1,1,2,31,5,2
3515,33,0,9,5,15,0,1,46,58,24,1,0,4,22,5,2
3516,27,1,6,5,13,2,1,88,0,90,2,4,9,85,14,0
3517,42,0,10,2,6,1,1,71,25,28,2,3,6,42,16,2
3518,58,0,10,4,23,0,2,74,9,69,2,4,10,73,25,0
3519,45,1,0,1,2,1,1,92,0,92,2,3,14,51,23,0
3520,36,2,9,4,20,0,0,30,70,20,1,0,2,20,6,2
3521,40,0,11,2,6,0,2,41,55,71,1,0,5,22,0,1
3522,27,2,6,1,5,2,2,35,75,43,1,1,2,23,9,1
3523,27,0,6,3,3,2,2,23,72,94,1,2,2,15,0,1
3524,53,0,3,6,17,2,0,20,72,80,1,0,0,18,9,1
3525,21,0,0,0,22,1,0,10,95,69,1,1,3,5,6,1
3526,29,0,4,0,22,1,0,53,43,83,1,0,1,28,2,2
3527,22,2,1,6,7,1,0,42,60,20,1,0,3,23,7,0
3528,37,0,10,6,17,1,2,70,49,87,2,5,10,55,29,2
3529,56,0,14,6,19,2,1,41,45,73,1,1,1,33,6,2
3530,32,0,10,1,2,2,2,23,85,21,1,2,0,19,8,1
3531,22,0,1,4,4,1,0,17,100,80,1,2,1,15,3,1
3532,53,2,13,1,2,2,0,35,61,80,1,1,1,34,0,2
3533,41,2,12,7,10,2,0,38,50,34,1,0,1,20,3,2
3534,25,0,4,4,23,2,1,54,56,85,1,2,3,43,2,2
3535,30,0,1,3,8,2,2,52,58,44,1,1,2,40,9,2
3536,58,2,14,0,0,2,1,37,68,49,1,2,5,24,9,1
3537,43,2,6,2,6,0,2,29,71,67,1,1,1,22,5,1
3538,25,2,0,7,21,0,0,51,41,57,1,0,5,44,4,0
3540,23,2,2,3,3,2,0,93,9,30,2,4,11,44,10,0
3541,41,0,18,0,0,0,1,69,37,65,2,5,9,32,18,1
3542,27,2,6,5,15,0,2,31,89,62,1,2,1,14,7,1
3543,34,0,9,1,1,2,2,10,87,30,1,2,2,5,1,1
3544,48,0,0,4,4,1,1,34,66,45,1,1,2,29,0,2
3545,57,2,0,7,21,1,1,42,55,80,1,1,5,31,4,2
3546,27,2,1,5,14,1,2,48,58,29,1,1,4,33,1,2
3547,45,0,10,7,12,1,0,76,4,44,2,2,8,55,8,0
3548,36,2,12,7,10,0,2,72,26,74,2,3,13,51,27,2
3549,54,1,6,1,1,0,0,25,82,28,1,1,5,19,1,2
3550,33,0,12,6,17,1,1,69,30,38,2,2,8,51,8,0
3551,56,1,5,4,4,1,0,23,84,62,1,2,5,12,5,2
3552,27,0,3,0,22,0,0,91,6,73,2,3,5,73,12,0
3553,31,2,6,7,10,1,0,45,58,36,1,1,4,36,2,2
3554,28,0,7,3,3,1,0,65,36,82,2,4,7,57,17,0
3555,47,0,11,5,15,0,2,29,73,86,1,0,2,17,6,1
3556,40,0,9,2,6,0,0,83,18,43,2,2,7,41,11,0
3557,58,0,7,4,4,1,1,51,51,20,1,2,0,34,2,2
3558,27,1,6,2,11,1,2,10,82,73,1,0,5,9,8,1
3559,35,2,14,2,9,0,0,75,9,76,0,5,20,70,26,0
3560,38,1,5,5,13,1,0,65,22,67,2,4,6,61,14,0
3561,39,0,14,4,20,0,0,10,85,87,1,0,3,6,8,1
3562,39,0,3,5,13,1,0,76,16,57,2,5,12,53,7,0
3563,23,0,2,5,15,1,1,74,12,55,2,3,13,43,27,0
3564,37,0,7,4,20,0,1,65,60,53,1,1,4,39,4,2
3565,44,1,3,3,18,2,1,39,28,58,1,0,0,19,1,2
3566,49,0,2,2,9,1,0,37,72,43,1,1,0,28,5,2
3567,38,1,10,5,13,0,1,93,0,53,2,4,11,66,7,0
3568,31,0,10,4,20,1,0,64,44,69,2,5,6,34,16,0
3569,32,3,5,5,15,0,0,82,19,47,2,5,6,62,15,0
3570,57,1,13,2,9,0,0,60,49,62,2,4,12,57,27,0
3571,21,0,0,6,19,2,1,64,33,75,2,5,13,46,16,0
3572,24,0,3,1,5,0,1,45,50,86,1,2,4,20,1,2
3573,53,0,13,4,20,2,0,63,36,33,2,3,13,50,29,0
3574,40,0,10,0,16,2,1,58,45,84,1,0,0,52,3,2
3575,60,1,7,4,4,2,0,66,29,59,2,3,11,41,21,0
3576,28,0,5,7,21,1,1,70,34,47,2,3,12,38,20,2
3577,59,0,6,4,4,0,0,28,82,87,1,1,5,14,1,1
3578,46,1,0,1,5,1,0,46,47,55,1,2,4,40,7,0
3579,49,0,12,3,3,1,2,48,52,87,1,2,5,32,1,1
3580,60,2,11,2,6,2,0,45,53,24,2,3,7,31,24,2
3581,40,2,13,3,18,0,1,14,79,51,1,1,4,11,5,1
3582,38,1,16,0,0,0,0,54,50,54,1,1,0,37,0,2
3583,45,0,13,2,9,2,0,28,83,69,1,0,5,22,4,1
3584,58,0,11,2,11,0,0,50,54,86,1,0,5,37,8,2
3585,57,0,3,5,15,1,0,76,30,79,2,2,5,75,26,0
3586,50,3,16,7,12,2,2,36,61,65,1,0,4,19,5,1
3587,21,0,0,0,22,1,0,54,28,76,1,2,1,26,2,2
3588,25,0,4,5,15,1,1,93,3,88,2,3,9,49,13,0
3589,48,0,18,1,2,1,1,88,21,34,2,2,6,57,13,0
3590,21,0,0,6,7,1,1,64,43,29,2,2,7,44,15,0
3591,59,0,16,2,11,1,0,29,75,99,1,2,3,17,8,1
3592,24,2,3,2,6,2,1,28,57,47,1,1,2,22,1,1
3593,24,3,3,0,0,1,1,49,47,67,1,1,5,46,4,1
3594,36,0,7,5,15,1,2,70,33,46,2,2,10,43,28,2
3595,32,2,0,0,22,1,0,49,30,97,2,5,5,37,14,2
3596,37,3,16,0,22,2,1,55,42,89,1,2,0,50,2,1
3597,58,2,7,3,18,1,0,31,61,38,1,2,5,15,1,1
3598,23,0,2,5,15,0,0,23,63,86,1,2,3,19,6,2
3599,35,0,11,4,23,2,0,12,99,20,1,1,2,11,3,1
3600,56,0,15,0,22,1,0,89,14,75,2,4,11,72,16,0
3602,45,0,11,2,6,1,1,69,58,83,2,2,12,55,9,2
3603,28,2,7,6,19,2,1,65,45,85,2,3,13,41,17,2
3604,34,2,2,1,5,1,1,51,60,30,1,1,0,30,9,2
3605,56,2,7,4,20,2,1,75,41,80,2,3,14,45,19,2
3606,40,2,6,1,1,1,1,19,74,53,1,0,1,15,6,1
3607,56,0,9,3,3,0,2,69,42,61,2,2,9,46,19,1
3608,37,1,13,0,0,2,1,46,38,27,2,2,9,32,14,2
3609,57,0,14,0,22,1,1,25,93,90,1,1,1,13,5,1
3610,21,2,0,4,4,2,0,12,80,30,1,1,2,9,6,2
3611,31,2,10,0,22,1,1,78,18,70,0,8,18,41,22,2
3612,59,2,12,5,14,0,0,37,63,93,1,0,3,31,7,2
3613,25,1,4,1,1,1,1,35,64,48,1,1,1,21,3,2
3614,50,0,3,2,6,0,1,52,45,68,2,4,7,32,8,1
3615,40,1,13,2,6,1,1,61,36,35,2,4,8,28,27,2
3617,42,1,15,2,11,2,1,18,81,94,1,2,5,15,0,1
3618,60,1,5,2,11,1,0,40,57,89,1,0,5,29,3,2
3619,27,2,6,7,12,0,0,17,88,69,1,1,4,14,3,1
3620,26,0,5,1,1,0,2,26,86,36,1,0,2,15,7,1
3621,38,1,17,3,3,1,2,48,56,26,2,4,7,37,6,1
3622,22,1,1,7,10,0,1,14,73,90,1,1,2,12,4,1
3623,24,0,3,6,19,2,0,87,8,82,0,7,15,68,29,0
3624,44,2,0,3,8,1,0,68,36,38,2,3,5,40,15,0
3625,32,0,1,3,3,2,1,48,45,75,2,3,7,29,27,2
3626,31,3,10,1,5,2,1,81,6,90,2,4,13,66,19,0
3627,39,2,7,3,18,2,0,27,68,71,1,2,0,25,1,1
3628,39,2,12,5,13,0,0,84,0,83,2,5,5,50,21,0
3629,23,0,2,3,18,1,0,38,72,91,2,2,10,28,10,2
3630,31,0,8,1,2,1,1,62,26,47,2,2,9,39,12,0
3631,58,0,5,6,7,2,0,49,38,21,1,2,2,33,8,0
3632,32,3,11,6,19,0,1,37,63,90,1,1,3,19,7,1
3633,24,0,3,0,22,1,1,67,52,91,2,2,5,32,14,1
3634,24,3,3,1,1,2,1,47,56,48,1,2,4,24,3,1
3635,28,1,6,5,13,1,0,23,84,71,1,2,1,17,2,2
3637,31,1,4,2,6,0,1,53,41,48,1,1,2,47,1,2
3638,21,0,0,6,7,2,1,81,13,45,2,2,14,42,14,0
3639,60,0,17,1,1,1,2,61,46,44,2,5,11,51,18,2
3640,45,2,8,3,8,0,0,53,64,75,2,2,5,43,24,2
3642,47,2,15,6,17,1,1,84,0,49,2,5,10,46,11,0
3643,22,2,1,2,6,0,2,24,86,51,1,0,0,13,8,1
3644,32,0,0,3,8,2,2,57,38,31,2,2,6,25,8,2
3645,38,1,12,1,1,2,0,24,72,64,1,0,1,18,8,2
3646,23,0,1,4,23,2,0,86,14,53,2,5,10,53,15,0
3647,28,3,7,2,9,1,1,90,6,41,2,2,9,47,19,2
3649,44,2,9,0,0,0,1,77,16,59,2,2,5,40,5,2
3650,36,1,0,7,10,2,0,32,79,41,1,0,0,26,1,2
3652,57,2,8,1,5,0,1,72,22,64,2,5,11,46,29,2
3653,41,0,6,1,5,0,1,87,0,70,2,4,8,59,25,0
3654,46,0,11,1,2,0,1,28,65,36,1,2,1,23,4,2
3655,24,2,2,2,9,2,2,38,60,33,1,2,5,26,9,1
3656,32,0,2,0,16,2,0,35,57,45,1,0,4,18,4,2
3657,57,0,10,5,13,2,2,31,71,28,1,0,4,18,9,1
3658,23,1,2,3,18,2,2,43,53,92,1,0,0,34,6,1
3659,33,1,8,0,0,1,1,73,14,59,2,3,9,66,26,0
3660,57,2,1,1,5,0,1,12,91,32,1,1,2,6,8,1
3661,42,1,3,5,15,1,2,89,0,41,2,5,12,80,26,0
3662,32,1,11,5,13,2,0,29,72,36,1,1,2,26,1,0
3663,34,0,12,4,20,0,2,72,27,70,2,2,12,42,8,2
3664,47,0,4,7,21,2,1,62,44,31,2,2,14,41,23,2
3665,32,0,2,7,10,0,0,43,49,34,1,2,4,20,7,0
3666,56,2,5,1,5,1,0,17,94,39,1,0,1,13,2,1
3667,22,0,1,0,22,1,0,60,38,77,1,1,0,55,5,0
3668,34,1,5,3,8,2,0,74,12,39,2,5,9,48,9,0
3669,35,1,4,4,4,1,1,80,21,41,2,4,10,73,14,0
3670,57,0,10,1,5,0,0,46,72,65,1,2,1,32,7,2
3671,23,0,2,4,4,1,1,89,14,48,2,5,8,75,27,0
3672,23,0,2,1,1,2,0,41,47,22,1,2,5,23,7,0
3673,54,0,3,2,9,1,0,83,5,93,2,4,9,41,28,0
3674,41,0,14,7,12,1,1,50,55,64,2,2,6,49,26,2
3675,53,0,0,1,2,2,1,47,47,29,1,0,1,29,9,2
3676,27,0,3,2,11,0,2,46,50,84,2,2,10,29,24,1
3677,48,3,12,0,22,1,0,29,82,93,1,1,5,23,1,1
3678,24,1,3,0,22,1,0,81,9,98,2,2,7,38,21,0
3680,58,2,4,6,17,0,0,71,35,51,2,2,9,48,8,0
3681,38,0,17,4,23,1,1,82,15,49,2,5,14,71,26,0
3682,56,2,11,5,13,2,1,49,58,64,1,1,0,46,7,2
3683,44,2,10,7,21,2,0,58,42,41,2,4,12,39,5,2
3684,59,2,16,4,4,1,2,38,68,31,1,1,4,31,4,1
3685,50,2,4,7,21,1,0,26,76,82,1,2,5,22,6,1
3686,58,0,0,5,14,1,2,28,77,82,1,0,4,14,8,1
3687,44,2,6,4,20,1,2,13,99,92,1,1,0,8,3,1
3688,56,0,14,1,5,2,0,93,4,50,2,4,8,43,14,0
3689,22,0,1,4,23,1,1,63,35,53,1,0,1,48,7,0
3690,57,2,9,6,7,2,2,72,39,53,2,5,5,47,18,2
3691,56,0,18,2,11,0,0,32,64,94,1,1,2,28,7,1
3692,26,0,5,1,2,2,0,88,0,38,0,6,19,80,45,0
3693,45,0,11,3,18,1,2,70,36,86,2,2,14,38,8,1
3694,43,0,8,4,4,2,2,31,90,49,1,1,4,30,7,1
3695,23,1,2,3,18,0,0,80,42,60,2,3,7,65,7,0
3696,43,0,4,7,12,2,0,15,100,65,1,2,5,10,0,1
3697,52,0,8,0,22,2,0,55,46,75,1,1,3,53,7,2
3699,53,2,6,1,1,0,0,64,32,23,1,1,4,42,3,0
3700,22,0,1,4,23,2,0,15,89,44,1,2,5,13,2,2
3701,50,2,12,6,17,0,0,54,35,78,1,0,2,30,2,2
3702,23,2,2,4,23,1,0,54,48,40,1,2,0,51,3,0
3703,33,2,10,5,13,1,2,28,68,21,1,0,4,15,1,1
3704,39,0,9,0,16,1,0,92,15,60,0,7,22,71,41,0
3705,38,0,7,3,18,1,0,27,61,21,1,1,3,22,2,2
3706,52,2,10,7,10,1,1,58,58,55,1,0,5,57,4,2
3707,21,1,0,7,21,1,0,43,36,77,2,2,7,42,23,0
3708,54,1,12,0,0,1,0,81,21,36,2,5,12,52,11,0
3709,50,2,8,4,23,1,2,73,43,46,2,5,12,51,17,2
3710,48,3,5,3,18,2,0,71,29,46,2,5,11,50,17,2
3711,33,0,4,2,6,2,0,65,26,38,2,2,6,34,21,2
3712,58,1,0,5,13,1,2,11,99,55,1,0,2,10,7,1
3713,28,2,7,2,9,1,1,83,4,39,0,8,21,75,48,0
3714,57,0,4,7,10,0,1,55,51,76,2,2,9,40,13,2
3715,50,1,12,5,13,0,0,16,60,51,1,1,0,10,6,2
3716,51,2,9,7,21,2,1,70,31,89,2,3,10,60,11,2
3717,51,0,14,1,2,1,0,54,55,22,2,4,6,42,24,0
3718,32,0,7,4,4,0,0,75,25,57,2,5,9,43,27,0
3719,41,1,10,4,23,1,0,54,51,86,1,0,1,27,1,0
3720,22,2,1,2,6,2,1,58,22,36,2,4,7,33,15,2
3721,34,0,7,3,3,2,0,45,65,48,1,2,1,40,5,2
3722,52,0,9,5,15,1,1,55,54,33,2,4,8,50,13,0
3723,58,0,7,7,12,1,2,64,45,53,2,2,11,62,12,2
3724,49,2,4,0,0,2,2,72,28,75,2,3,12,33,23,1
3725,29,0,8,0,22,1,1,85,14,74,2,5,11,55,28,2
3726,34,2,5,3,8,2,0,81,19,60,2,2,6,72,11,0
3727,26,0,5,3,18,2,0,81,22,52,2,3,6,78,19,0
3728,22,2,1,0,0,2,0,58,54,82,2,4,12,27,27,2
3729,21,2,0,3,8,1,2,35,93,24,1,0,0,30,5,1
3730,26,2,5,0,0,0,1,42,66,44,1,0,4,26,7,1
3732,22,1,0,0,0,1,1,37,60,93,1,1,5,31,1,2
3733,48,2,10,7,21,0,0,92,13,91,2,4,12,62,17,0
3734,53,1,12,3,8,2,2,55,41,69,2,5,14,38,14,1
3735,22,2,1,6,19,2,0,64,41,77,2,2,5,48,24,0
3736,38,2,9,6,7,1,0,38,63,83,2,2,9,19,18,1
3737,44,0,0,5,13,0,0,20,79,24,1,0,2,12,6,2
3738,48,0,4,1,2,2,1,80,31,65,2,2,6,39,6,0
3739,23,2,2,1,5,1,1,38,65,90,1,0,1,18,5,1
3740,21,0,0,1,5,1,0,85,11,49,2,2,10,71,10,0
3741,28,0,2,2,11,0,0,38,70,74,1,0,3,30,5,2
3742,51,0,2,0,22,0,0,24,54,85,1,2,1,21,4,1
3743,33,2,9,4,4,0,1,62,51,76,2,4,6,29,5,2
3744,23,2,2,7,12,0,2,18,70,41,1,2,5,8,7,1
3745,26,3,5,7,21,1,0,44,57,94,1,1,0,39,1,1
3746,47,3,11,3,8,2,0,41,54,55,1,1,5,18,7,1
3747,56,0,8,4,4,0,0,22,77,26,1,2,2,15,3,2
3748,47,0,8,3,3,0,1,70,32,63,2,5,7,36,13,2
3749,55,0,11,7,12,1,0,22,70,82,1,1,1,10,7,1
3750,32,1,11,7,21,1,1,83,3,38,2,2,11,54,9,0
3751,31,2,10,1,5,2,1,13,88,84,1,2,2,10,1,1
3753,22,1,1,6,17,2,0,22,73,74,1,0,4,14,5,2
3754,47,1,9,4,4,0,2,28,59,44,1,2,5,18,0,1
3755,45,0,8,0,22,2,1,82,13,81,2,2,12,40,12,2
3756,35,0,11,5,15,1,2,86,21,78,2,5,14,51,22,2
3757,41,2,13,7,10,0,0,57,43,60,1,2,3,46,6,2
3758,28,2,5,4,4,0,0,23,59,47,1,2,5,15,2,1
3760,56,2,13,6,17,2,0,43,52,23,1,0,3,36,1,2
3761,30,0,9,5,14,1,2,45,62,60,1,0,5,35,6,1
3762,23,0,2,5,13,0,0,18,63,39,1,1,2,8,3,2
3764,43,0,0,1,2,1,0,11,100,43,1,2,1,5,6,1
3765,50,1,12,1,2,2,0,55,41,51,1,1,0,54,9,0
3766,44,0,11,0,0,2,0,42,67,40,2,2,9,20,18,1
3767,54,0,10,1,2,1,1,70,22,28,2,3,5,34,7,0
3768,32,0,8,4,23,1,0,60,33,52,2,3,8,47,21,0
3769,42,1,6,6,17,2,0,58,51,56,1,1,3,44,8,0
3770,38,1,5,1,2,1,2,37,74,55,1,0,3,23,1,1
3771,57,0,11,5,13,1,1,24,71,65,1,2,4,12,8,1
3772,50,0,14,5,15,2,1,83,26,41,2,4,12,67,24,0
3773,58,0,2,0,22,2,1,76,19,94,2,5,6,58,25,0
3774,27,1,6,7,21,0,0,48,53,62,1,2,0,41,3,0
3775,59,0,14,5,13,2,2,67,54,87,2,2,11,30,15,1
3776,57,0,12,4,4,1,1,74,30,90,2,3,14,53,8,0
3777,34,2,5,2,11,2,0,84,17,76,2,3,14,48,13,2
3778,29,2,8,2,6,2,0,63,27,51,1,1,4,31,6,2
3779,39,0,4,4,20,1,2,47,54,55,2,5,14,37,15,1
3780,29,0,0,4,23,2,0,19,84,72,1,2,2,15,2,2
3781,56,0,5,7,12,0,0,35,61,66,1,2,0,28,2,2
3782,39,2,0,3,8,2,0,48,58,77,2,3,7,46,24,2
3783,38,2,15,6,17,1,1,58,54,56,1,0,5,44,7,2
3784,36,3,2,4,20,2,0,37,62,37,1,0,4,27,9,2
3785,33,0,4,6,19,0,2,52,39,93,1,1,5,30,8,1
3786,57,1,6,5,15,1,2,57,44,93,1,0,4,50,7,2
3788,34,0,5,1,2,2,1,49,36,87,1,2,0,26,2,2
3789,28,2,7,6,17,0,1,65,52,56,2,3,12,62,19,0
3790,57,2,12,5,15,1,0,40,59,71,1,0,5,20,1,2
3791,31,2,10,2,9,1,1,60,57,25,2,5,14,41,6,2
3792,57,3,8,6,17,1,1,40,64,30,1,1,5,26,6,1
3793,25,2,4,6,19,2,0,92,13,89,0,7,24,78,49,0
3794,40,0,15,2,11,1,0,52,52,70,1,2,3,50,0,2
3795,39,2,0,3,18,2,2,59,54,24,1,0,2,41,9,2
3796,34,2,13,5,15,1,1,41,43,55,1,1,4,36,8,2
3797,54,0,7,4,4,0,0,21,71,59,1,0,0,9,5,1
3798,50,0,7,7,21,1,1,39,44,60,1,1,2,26,4,2
3799,30,0,6,3,18,1,1,36,58,69,1,1,0,31,3,1
3800,31,2,0,2,9,1,0,67,37,59,2,5,11,50,28,0
3801,45,2,2,2,11,2,0,50,55,98,1,0,4,37,1,2
3802,37,0,14,5,15,1,1,31,89,22,1,2,0,18,0,2
3803,54,1,5,2,6,0,1,30,69,37,1,1,2,14,5,1
3804,44,1,7,3,8,1,0,78,35,29,2,3,9,75,12,0
3806,43,0,6,3,18,1,0,36,73,81,1,0,5,28,9,1
3807,28,1,1,0,16,2,1,13,78,69,1,0,5,8,9,1
3810,44,2,15,1,5,0,0,24,94,80,1,1,2,16,8,1
3811,31,2,10,2,11,2,1,13,100,76,1,0,0,11,3,1
3812,36,0,2,1,2,2,2,25,73,57,1,1,0,14,8,1
3813,21,0,0,1,2,1,0,88,10,80,2,5,9,65,28,0
3814,39,1,16,5,15,2,1,84,24,72,2,5,11,65,16,0
3815,34,2,13,1,1,2,0,10,100,86,1,2,5,4,3,1
3817,43,1,5,0,16,1,0,86,10,28,2,4,14,48,18,0
3818,33,0,12,7,12,1,0,44,54,86,1,2,2,41,9,2
3819,29,1,8,6,17,2,0,76,36,74,2,2,7,56,29,0
3820,23,0,2,6,19,1,2,51,37,69,2,2,10,48,14,2
3821,32,0,11,1,1,2,0,49,56,83,2,4,13,33,28,2
3822,38,0,10,6,17,1,2,20,74,86,1,1,1,18,2,1
3823,21,0,0,4,23,0,1,73,28,75,2,2,8,72,28,0
3824,40,1,7,5,13,0,1,77,18,60,2,3,14,45,18,0
3825,40,0,16,3,3,2,1,26,76,32,1,0,4,25,1,1
3826,60,2,13,0,16,2,0,86,9,20,2,4,14,48,24,0
3827,33,2,10,1,5,2,1,50,36,26,1,1,1,32,0,2
3828,48,0,19,7,21,1,0,34,87,29,2,2,5,28,13,1
3829,33,0,1,6,17,0,1,33,67,89,1,1,1,15,5,2
3830,54,2,10,2,9,1,0,50,45,40,1,0,1,46,5,2
3831,60,0,1,4,4,0,0,80,0,88,2,5,8,47,23,0
3832,44,0,5,0,0,2,1,14,91,70,1,0,1,7,6,1
3833,30,2,9,3,8,2,0,90,10,38,2,2,7,80,12,0
3834,21,0,0,3,8,0,0,32,71,39,1,2,1,23,1,2
3835,36,2,9,3,8,2,1,82,0,36,2,4,10,75,7,0
3836,58,2,15,6,17,1,0,22,74,71,1,2,2,20,2,1
3837,33,0,8,7,21,0,1,25,54,37,1,1,1,20,0,1
3838,43,2,8,0,16,1,0,67,37,68,2,3,7,59,8,2
3839,57,0,7,1,2,2,1,72,26,58,2,3,7,52,22,0
3840,51,2,17,6,17,0,0,63,45,21,2,2,5,39,11,0
3841,48,1,10,7,10,0,0,55,20,66,1,2,1,40,2,0
3842,36,3,5,7,21,2,0,78,28,48,2,3,9,76,20,0
3843,56,0,18,5,14,1,0,46,48,33,1,1,4,44,2,0
3844,55,2,5,6,17,0,0,44,72,64,1,1,5,26,8,2
3845,51,2,2,6,19,1,2,64,34,92,2,3,6,55,22,2
3846,23,2,2,4,4,2,1,45,45,38,1,0,0,35,6,2
3848,48,0,12,7,10,0,0,26,83,24,1,1,0,19,9,2
3849,27,0,0,5,14,1,1,70,35,73,0,7,16,35,40,0
3850,30,0,3,4,23,0,0,77,23,93,2,5,10,37,24,0
3851,52,0,8,7,21,2,1,69,41,48,2,3,7,62,28,0
3852,44,1,13,7,10,2,1,12,77,22,1,2,0,10,1,1
3853,56,0,11,2,6,1,0,56,41,49,1,0,4,44,4,2
3855,45,2,10,1,5,0,0,47,54,83,1,1,4,37,2,2
3856,31,0,6,7,12,0,2,29,62,28,1,0,0,25,2,1
3857,32,0,5,0,0,2,1,36,56,88,1,2,3,32,5,1
3858,60,0,6,3,18,1,0,93,18,27,2,3,8,79,6,0
3859,31,0,8,2,6,0,0,58,37,84,2,5,8,40,11,2
3860,52,0,0,4,4,1,1,91,13,86,2,3,12,50,28,0
3861,28,1,7,2,11,0,0,47,70,74,1,2,2,31,2,2
3862,26,2,5,7,10,0,0,64,37,82,2,5,12,51,7,2
3863,30,0,4,5,15,2,0,66,41,44,2,4,7,57,16,0
3864,32,1,11,1,1,1,0,65,33,88,2,3,10,41,10,0
3865,58,0,14,2,11,1,0,20,82,98,1,2,1,13,6,1
3867,27,0,6,7,21,0,1,32,54,26,1,0,2,30,0,2
3868,27,0,6,4,23,0,0,50,45,76,1,2,3,30,1,2
3869,23,2,2,2,9,1,2,41,61,46,2,5,6,33,9,1
3870,38,2,9,2,6,1,1,74,30,80,2,3,13,38,15,2
3871,37,3,14,0,0,1,1,91,26,78,2,4,13,64,29,2
3872,31,2,7,6,19,2,0,34,62,78,1,2,2,21,1,2
3873,56,3,1,7,21,0,1,62,34,22,2,5,8,31,6,2
3874,60,0,0,2,9,1,1,66,33,44,2,5,12,52,22,0
3875,34,1,3,7,12,0,1,92,18,38,2,5,6,57,15,0
3876,45,0,16,6,19,1,0,58,47,98,2,4,12,29,8,2
3877,34,0,12,3,8,2,1,20,85,57,1,2,5,15,3,1
3878,21,2,0,6,19,1,1,85,33,85,2,2,9,84,25,0
3879,51,1,8,4,20,1,0,57,38,37,2,2,5,42,8,0
3881,34,3,3,2,11,1,0,76,28,70,0,8,19,46,24,2
3882,44,1,9,7,12,1,0,64,29,57,2,2,13,38,25,0
3883,30,2,9,7,12,1,1,25,70,76,1,0,4,11,2,1
3884,53,0,8,5,14,2,1,36,61,58,1,2,0,20,7,2
3885,53,0,7,1,5,2,0,88,29,36,0,7,15,80,22,0
3886,58,0,13,2,6,1,1,27,69,25,1,2,1,15,7,1
3887,36,3,10,1,1,1,2,58,41,32,2,2,14,49,15,1
3888,51,1,7,7,21,1,1,42,59,88,1,0,2,21,5,2
3889,45,0,19,4,20,0,0,53,46,92,1,1,5,52,8,2
3890,50,2,7,6,7,0,1,63,33,66,2,5,10,61,26,0
3891,51,0,13,6,19,2,1,14,90,81,1,0,4,10,4,1
3892,31,2,10,5,15,2,0,66,28,45,2,3,12,62,16,0
3893,41,0,8,4,23,2,1,33,71,91,1,0,2,27,0,1
3895,59,1,20,6,7,1,0,62,50,88,2,2,11,46,19,0
3896,58,0,6,6,17,1,1,41,58,91,2,5,5,34,29,2
3897,31,2,10,6,17,1,1,57,45,55,1,1,0,31,6,2
3898,46,2,12,2,9,2,1,66,31,39,1,0,2,40,4,2
3899,47,2,11,2,11,1,0,43,67,90,2,3,13,19,8,1
3900,39,1,12,5,15,1,0,16,79,46,1,2,5,9,2,2
3901,26,0,5,6,7,0,0,25,86,81,1,0,3,12,4,1
3902,37,2,13,4,20,1,1,41,55,44,1,0,4,26,5,2
3903,48,1,15,0,16,1,1,25,63,77,1,0,2,19,1,1
3904,28,1,7,4,20,2,0,88,0,69,2,2,5,74,6,0
3905,34,2,13,3,3,0,0,53,49,79,1,1,4,39,8,2
3906,53,0,10,2,9,1,1,29,88,80,1,2,5,16,0,1
3907,25,0,4,7,12,0,1,79,48,23,2,2,5,45,16,0
3908,23,0,2,6,7,1,1,15,97,61,1,1,5,11,9,1
3909,54,2,4,7,12,1,2,41,80,33,1,0,1,32,6,1
3910,53,1,6,7,12,1,1,89,20,87,2,4,14,59,19,0
3912,30,1,0,1,2,0,2,68,22,52,2,4,7,57,14,0
3913,48,1,0,3,18,2,0,71,42,36,2,2,13,59,9,0
3915,34,1,10,4,23,1,1,22,78,70,1,0,5,14,3,1
3916,43,0,3,3,18,2,0,10,87,31,1,1,1,4,0,1
3917,22,0,1,5,13,1,0,65,41,60,2,5,14,60,6,0
3918,43,2,11,7,21,1,1,70,45,86,2,5,10,47,10,2
3920,39,0,7,0,22,2,1,77,20,87,2,2,12,44,26,2
3921,37,1,13,3,8,0,2,24,67,93,1,0,4,20,7,1
3922,25,0,4,2,9,1,0,24,85,43,1,1,1,20,4,1
3923,21,2,0,2,6,1,0,27,67,57,1,0,0,19,9,1
3924,58,0,7,4,23,1,1,47,71,30,1,1,1,26,0,2
3925,31,1,10,4,20,2,1,45,41,58,1,0,5,40,2,0
3926,50,2,4,1,5,2,1,50,57,56,1,1,3,25,9,1
3927,26,1,5,7,10,1,0,54,49,40,1,1,2,39,6,0
3928,56,0,10,5,14,1,2,51,49,23,2,2,11,45,15,2
3929,53,0,2,0,22,2,1,16,97,78,1,1,3,12,0,1
3930,51,0,11,2,9,2,0,86,0,93,2,3,12,63,12,0
3931,36,0,15,5,13,1,0,92,11,87,0,7,15,80,28,0
3932,60,1,13,0,0,2,0,87,16,41,2,5,12,56,9,0
3933,21,1,0,5,15,0,0,54,54,76,2,5,7,47,24,0
3934,26,0,0,5,13,0,0,54,14,60,1,0,4,31,6,0
3935,51,2,15,0,0,1,1,37,52,40,1,0,1,33,7,1
3936,46,0,9,2,9,1,1,36,72,84,1,1,3,16,4,1
3938,59,0,11,4,20,1,0,56,49,52,2,5,8,52,20,0
3939,51,1,9,6,19,2,0,23,76,67,1,0,1,16,3,2
3940,24,3,3,3,18,1,1,69,45,69,2,5,5,47,11,2
3941,47,2,13,2,11,2,0,51,45,89,1,2,5,30,4,1
3942,58,2,8,4,23,2,0,54,53,53,1,1,1,30,0,2
3943,45,0,11,2,6,0,1,64,36,31,1,2,2,48,8,2
3944,52,1,12,4,23,0,0,35,79,39,1,1,1,22,0,2
3945,43,2,15,1,5,2,1,18,86,81,1,1,0,10,1,1
3946,28,0,7,3,3,2,1,72,44,89,2,5,8,53,28,2
3947,57,0,8,0,16,1,2,44,55,44,1,1,0,38,0,1
3948,55,0,16,4,23,2,0,49,39,73,2,5,12,33,16,2
3949,42,0,11,4,20,1,0,74,38,70,2,2,12,72,16,0
3950,59,3,0,2,11,1,0,64,42,77,2,2,14,63,7,2
3951,27,2,6,0,22,0,0,43,43,71,1,0,4,24,8,1
3952,54,0,2,6,17,1,1,43,50,65,1,2,3,22,3,2
3953,27,0,1,2,11,1,0,33,68,83,1,0,0,16,1,1
3954,54,2,14,5,13,2,1,48,42,84,2,3,6,27,22,2
3955,28,0,7,6,7,1,1,41,59,44,1,2,3,23,7,2
3956,42,2,13,3,8,2,1,31,54,60,1,1,3,18,5,1
3957,38,0,5,2,9,1,0,54,39,34,1,0,0,46,0,2
3959,28,1,7,4,4,1,1,59,24,87,2,4,6,35,13,0
3960,32,2,3,1,5,2,1,68,28,86,2,3,10,58,22,2
3961,40,2,12,3,3,2,1,13,82,25,1,1,0,10,9,1
3962,34,0,5,1,5,2,2,52,45,40,1,0,0,43,4,2
3963,57,2,4,0,16,0,1,57,38,92,2,5,12,39,20,1
3964,39,1,14,1,5,0,0,54,41,83,2,3,8,52,11,0
3965,55,1,10,2,11,0,0,22,86,73,1,1,2,14,4,1
3966,50,2,1,1,5,2,1,93,9,72,2,5,12,74,13,0
3967,41,1,11,4,23,1,1,13,81,21,1,2,1,5,4,1
3968,46,3,13,5,13,1,0,36,56,74,1,0,3,34,3,2
3969,54,0,0,3,3,1,0,12,86,40,1,1,5,8,1,1
3970,45,0,5,3,8,1,0,83,18,48,2,4,11,77,26,0
3971,34,0,11,4,23,2,0,18,89,87,1,1,2,14,0,1
3972,59,0,4,2,11,0,2,42,70,91,1,2,3,40,4,1
3973,21,0,0,3,8,1,0,36,67,35,1,2,5,19,3,2
3974,48,0,6,5,15,0,0,25,73,75,1,2,4,13,4,2
3975,50,0,5,3,8,1,0,39,49,35,2,2,7,24,17,2
3976,46,2,4,1,2,2,1,66,33,68,2,2,10,49,6,2
3977,39,2,8,7,10,1,0,86,7,44,2,5,8,52,19,0
3978,50,1,6,7,21,1,1,14,100,50,1,0,4,12,6,1
3979,58,2,10,2,11,0,1,40,72,83,1,1,0,37,1,1
3980,48,0,7,7,10,1,0,46,61,94,1,0,3,26,8,2
3981,34,0,0,3,18,1,0,44,61,30,1,2,0,43,8,0
3982,43,0,7,2,9,1,0,17,80,83,1,1,3,8,8,1
3983,50,1,7,7,21,1,0,15,87,86,1,1,5,9,1,1
3984,56,0,14,2,11,1,1,77,23,95,2,2,10,58,17,2
3985,42,0,5,5,15,1,0,27,76,60,1,0,2,12,4,2
3986,41,2,16,7,12,2,0,49,56,90,1,1,2,39,7,1
3987,31,2,0,5,13,0,1,64,29,25,2,3,10,56,21,0
3988,37,1,6,2,9,1,1,91,25,53,2,2,11,51,13,0
3989,55,1,13,1,5,1,2,79,3,64,2,2,14,43,16,0
3990,40,0,4,6,17,1,2,58,53,88,2,5,5,53,24,2
3991,38,0,12,4,23,0,1,88,20,27,2,5,10,86,15,0
3992,23,0,2,4,23,1,0,54,49,87,1,1,4,37,3,0
3993,38,1,17,7,10,2,0,33,52,92,1,1,5,31,9,2
3994,47,0,4,7,21,2,1,64,17,44,2,2,8,63,16,0
3995,39,2,12,2,9,1,0,42,63,20,1,1,2,36,0,2
3997,28,0,5,3,8,1,1,32,53,72,1,1,1,21,1,1
3998,56,0,12,0,0,1,1,89,3,37,2,2,5,49,11,0
3999,44,2,1,6,7,2,2,91,9,21,2,4,14,47,21,0
4000,41,0,13,2,9,1,2,19,74,41,1,0,5,10,2,1
4001,44,0,16,1,5,1,1,24,59,93,1,1,2,23,9,1
4002,28,1,7,4,23,0,0,15,93,50,1,2,0,8,3,1
4003,28,0,7,1,5,2,1,24,88,27,1,2,1,21,9,1
4004,22,0,1,5,14,0,2,66,34,30,2,3,13,47,8,0
4005,39,0,16,2,6,1,0,32,67,42,1,1,3,19,2,1
4006,34,2,6,5,14,1,0,42,55,91,1,1,1,27,5,2
4007,54,2,14,7,21,1,2,73,29,84,2,2,12,45,7,1
4008,48,2,12,3,8,0,0,63,46,85,2,4,5,45,20,2
4009,46,2,10,1,1,2,1,58,31,43,2,5,8,26,25,2
4011,53,2,14,7,21,0,0,72,25,27,2,2,9,43,25,0
4012,56,0,10,1,5,1,0,21,77,42,1,0,1,15,8,1
4013,53,2,1,5,15,0,1,43,39,27,1,2,0,32,9,0
4014,43,2,7,5,13,1,0,85,26,71,2,4,10,44,26,0
4015,38,2,8,1,2,2,1,22,81,36,1,1,0,14,0,1
4016,48,0,9,3,18,1,1,69,41,39,2,5,9,49,16,2
4017,40,0,11,4,20,1,1,26,46,23,1,1,1,25,4,2
4018,35,1,13,2,9,1,0,81,22,49,0,7,24,42,28,0
4019,49,0,7,3,18,2,0,70,28,39,2,2,8,51,18,0
4020,26,1,1,7,12,1,1,20,68,65,1,2,3,9,4,1
4021,36,0,15,5,15,0,1,33,62,33,1,0,0,19,7,2
4022,33,0,12,4,4,2,1,85,5,89,2,3,14,39,5,0
4023,30,0,6,4,4,1,0,92,4,62,2,3,9,60,23,0
4024,34,1,13,5,15,1,0,84,19,93,2,2,10,41,28,0
4025,43,1,3,2,11,0,0,22,84,96,1,1,0,21,4,1
4026,50,3,6,2,11,2,1,14,71,92,1,2,4,13,4,1
4027,36,2,0,5,13,1,0,22,75,35,1,1,2,13,0,2
4028,52,0,15,1,5,1,2,45,61,57,2,3,5,26,6,1
4029,26,2,5,3,18,2,0,26,83,32,1,1,5,13,0,1
4030,34,2,10,7,10,1,2,37,79,48,1,1,3,33,5,1
4031,52,3,12,3,18,1,0,31,50,78,1,0,0,23,3,1
4032,39,1,13,4,23,2,0,14,95,45,1,2,0,12,0,2
4033,44,0,8,7,12,1,0,84,30,54,2,2,9,59,9,0
4034,25,0,4,4,23,2,0,46,66,85,1,1,3,36,5,2
4035,45,2,2,0,16,0,0,37,68,24,1,0,2,30,7,2
4036,25,0,2,7,21,2,0,36,53,40,2,2,13,35,17,0
4037,26,0,5,1,1,1,1,13,82,36,1,0,0,9,9,1
4038,29,0,8,2,11,2,1,36,60,69,1,1,2,35,0,1
4039,36,2,12,6,19,1,2,84,20,95,2,3,12,70,26,2
4040,21,2,0,3,8,1,2,74,29,74,2,3,7,39,23,2
4041,22,1,1,6,19,1,1,64,25,86,2,4,12,34,19,0
4042,21,0,0,6,17,1,2,73,0,44,2,3,10,71,18,0
4043,33,2,8,2,6,1,0,13,98,35,1,1,4,9,6,1
4044,50,0,2,6,17,1,2,13,93,22,1,2,2,8,4,1
4045,55,2,18,6,19,2,1,27,58,83,1,0,4,18,4,1
4046,56,2,8,5,15,0,0,34,59,91,1,2,4,33,0,2
4047,29,0,4,2,9,2,1,21,85,32,1,2,1,18,4,1
4048,23,0,2,7,10,1,2,58,45,45,2,3,6,34,29,2
4049,45,2,5,1,1,0,1,66,40,44,2,3,6,44,24,2
4050,22,0,1,2,6,1,1,55,55,55,2,4,11,39,22,2
4051,43,2,3,4,23,0,0,75,16,25,2,5,9,47,11,0
4052,26,0,3,4,20,2,1,92,10,93,2,5,5,49,24,0
4053,23,0,2,4,4,1,1,34,58,63,1,2,4,31,1,2
4054,29,0,8,6,19,0,1,79,31,81,2,3,12,40,26,0
4055,38,0,0,5,13,1,0,46,29,71,1,1,5,32,6,0
4056,27,2,6,7,10,1,1,82,33,37,2,3,14,74,6,0
4057,54,2,9,0,22,0,0,16,87,87,1,0,3,8,1,1
4058,29,1,8,1,2,0,2,28,67,66,1,2,0,26,6,1
4059,27,2,6,7,21,0,1,41,64,77,1,1,1,29,9,1
4061,21,0,0,5,14,0,0,83,20,84,2,4,14,68,21,0
4062,30,0,9,4,23,2,1,65,44,28,2,3,12,41,5,0
4063,59,0,12,4,4,0,1,64,47,46,2,3,9,37,25,2
4064,32,0,1,4,20,1,0,59,33,84,2,4,8,30,20,0
4065,55,1,6,3,8,1,0,52,53,85,1,2,0,43,0,2
4066,55,0,12,3,3,2,0,55,34,78,1,1,1,31,3,2
4067,39,0,0,0,16,2,1,85,16,52,2,3,12,78,27,0
4069,51,2,13,7,21,2,1,49,50,31,1,1,5,27,6,2
4070,27,2,6,1,5,0,1,56,51,84,1,0,3,36,0,2
4071,36,0,3,0,0,0,2,10,100,83,1,1,3,4,1,1
4073,36,0,5,2,9,0,0,68,35,51,2,3,10,37,21,2
4074,43,0,12,6,17,1,0,70,45,53,2,5,12,37,12,0
4075,40,3,11,0,0,0,1,72,14,45,2,2,13,45,9,2
4077,39,0,11,6,7,2,0,58,27,25,2,4,7,39,20,0
4078,31,2,7,0,16,0,1,74,9,36,2,2,9,50,7,2
4079,27,0,1,4,20,0,0,45,50,90,2,4,9,44,25,0
4080,24,0,3,5,13,1,1,50,62,39,2,3,6,32,14,2
4081,22,2,0,7,21,2,2,20,83,67,1,1,5,9,9,1
4083,47,1,5,2,6,1,0,43,36,22,1,1,0,27,6,2
4084,59,2,6,6,17,1,0,92,14,43,2,5,6,43,26,0
4085,25,0,4,1,2,2,1,92,12,67,2,3,5,65,14,0
4086,37,0,10,4,20,2,2,79,25,69,2,4,11,60,11,2
4087,42,2,13,2,11,1,0,60,40,72,2,4,13,32,17,2
4088,33,0,6,2,6,2,2,42,46,41,1,0,2,31,9,1
4089,30,0,2,4,20,1,1,70,32,77,2,2,5,39,23,0
4090,34,0,10,7,21,1,0,23,93,47,1,2,2,21,3,1
4091,56,0,18,5,14,2,1,26,75,64,1,2,2,16,9,1
4092,40,0,1,6,7,1,1,23,92,71,1,1,3,12,5,1
4093,21,0,0,3,18,1,2,21,70,53,1,0,2,17,6,1
4094,49,0,14,0,0,0,0,49,60,53,2,2,7,35,5,2
4095,45,0,6,0,16,1,1,54,46,81,1,2,3,31,3,1
4096,51,3,0,2,11,0,1,18,86,98,1,1,0,12,2,1
4097,26,0,5,3,18,1,0,29,68,73,1,0,5,14,7,1
4098,42,2,2,0,0,2,0,20,77,71,1,1,4,13,6,1
4099,59,0,11,1,2,2,1,82,17,60,2,2,11,68,19,0
4101,42,0,3,6,17,1,0,10,76,32,1,0,1,9,8,1
4102,47,0,13,5,15,0,1,44,72,68,1,0,5,20,4,2
4103,28,0,4,0,22,1,0,91,12,68,0,6,25,83,34,0
4104,35,1,10,5,14,0,2,51,34,92,2,2,8,38,16,2
4105,21,0,0,1,2,1,0,57,41,47,2,2,7,33,13,0
4106,46,0,14,3,3,1,0,60,47,88,2,2,11,35,6,2
4107,31,0,10,4,20,1,0,85,9,39,2,2,12,50,26,0
4108,34,1,13,1,2,2,2,34,68,70,1,0,2,31,3,1
4109,32,0,8,1,2,0,0,28,60,70,1,0,2,21,2,2
4110,55,2,6,3,8,2,1,55,53,79,1,0,2,46,5,2
4111,36,2,7,1,1,1,0,62,31,27,2,2,8,56,21,0
4112,59,0,8,1,1,2,1,36,56,57,1,2,1,21,9,1
4113,24,1,3,0,22,0,1,33,62,85,1,2,4,18,4,1
4114,56,3,8,5,13,1,1,46,61,77,1,0,4,37,3,2
4115,35,2,10,4,4,1,1,86,13,59,2,3,7,83,27,0
4116,47,0,12,4,4,2,2,40,54,30,1,1,1,36,7,1
4117,42,0,4,1,1,0,0,25,72,45,1,1,0,15,3,2
4118,51,0,8,0,0,1,0,22,67,79,1,0,3,15,5,1
4119,45,1,5,2,11,2,0,45,52,98,1,1,2,33,9,2
4120,47,0,10,6,17,1,1,16,83,46,1,0,4,10,9,1
4121,21,2,0,7,10,2,0,73,26,25,2,4,11,37,24,0
4123,46,2,7,0,0,2,1,18,89,89,1,0,5,15,0,1
4124,26,0,0,2,11,2,2,11,83,67,1,1,0,8,7,1
4125,37,0,8,5,15,1,0,94,0,45,0,5,23,82,49,0
4127,23,0,2,6,19,1,1,18,66,89,1,1,5,17,8,1
4128,41,1,1,7,10,0,0,35,77,93,1,0,0,23,1,2
4129,41,0,4,2,9,0,1,16,81,50,1,0,4,11,3,1
4130,54,1,9,7,21,0,1,47,63,83,2,2,7,46,24,2
4131,27,1,6,4,4,2,0,47,49,51,1,0,1,41,4,0
4132,21,0,0,0,22,1,0,51,48,96,2,4,6,40,7,2
4133,58,0,16,4,20,1,1,10,100,23,1,2,3,7,2,1
4134,44,0,13,3,8,1,1,26,51,77,1,0,2,25,7,1
4135,24,2,3,1,1,2,2,39,42,65,1,1,5,22,3,1
4136,55,1,11,0,0,1,1,37,75,61,1,2,1,30,1,1
4137,43,2,10,7,10,0,1,34,68,47,1,2,1,25,2,1
4139,28,2,7,7,10,1,0,89,15,78,2,2,12,79,7,0
4140,56,0,12,2,6,1,0,48,44,27,2,5,8,47,17,2
4141,56,0,13,3,8,1,2,58,37,91,2,3,14,57,22,1
4143,59,0,2,7,12,1,1,63,33,90,1,0,5,58,4,0
4144,41,0,15,5,13,0,0,47,46,71,1,1,3,33,3,0
4145,21,2,0,0,0,1,1,64,23,22,2,5,13,35,18,2
4146,23,1,2,3,3,0,0,56,30,63,2,5,5,35,23,0
4147,23,2,2,2,6,1,1,13,80,40,1,0,4,11,8,1
4148,31,2,10,7,21,2,1,53,44,82,2,2,11,40,20,2
4149,31,1,8,6,7,1,1,59,57,40,2,4,10,57,8,0
4150,32,2,11,4,4,0,2,66,33,38,2,4,5,45,22,2
4151,24,3,2,0,16,1,1,21,100,54,1,2,3,19,4,1
4152,38,1,13,7,10,1,1,34,59,81,1,2,0,23,2,2
4153,34,0,11,5,14,0,1,23,64,87,1,0,2,17,3,1
4154,52,1,12,3,8,0,0,33,84,20,1,2,4,30,0,2
4155,54,0,7,0,0,2,1,57,46,23,1,0,3,31,0,2
4156,51,1,18,2,6,1,0,65,16,43,2,3,7,35,25,2
4157,34,1,11,5,14,0,0,72,32,90,2,5,8,40,22,0
4158,57,0,0,1,2,1,1,65,50,50,1,1,1,52,6,0
4159,32,1,0,5,13,1,1,21,75,79,1,0,3,19,7,2
4160,46,2,11,0,16,2,1,14,83,32,1,0,3,12,0,1
4161,53,0,16,2,11,0,0,39,56,86,1,2,1,19,4,1
4162,42,2,4,3,8,2,0,67,16,73,2,5,9,49,6,0
4163,51,0,3,5,14,1,0,40,50,55,1,0,4,32,1,0
4164,23,0,2,5,13,1,0,47,61,55,1,1,1,36,9,0
4165,39,0,15,7,12,2,2,34,57,49,1,0,4,33,5,1
4166,45,2,17,1,2,1,0,40,54,20,1,0,0,27,5,2
4167,60,0,9,3,3,1,0,63,22,69,1,2,3,41,3,0
4168,39,0,8,5,13,2,1,21,83,76,1,1,1,16,4,1
4169,21,0,0,0,22,0,1,87,28,84,0,5,25,78,45,0
4170,41,0,8,3,8,1,1,85,28,55,2,4,7,74,21,0
4171,29,2,0,1,5,1,2,49,36,70,1,0,3,48,5,2
4172,36,0,9,5,13,2,0,12,94,44,1,1,5,10,3,1
4174,47,2,5,0,22,1,0,25,86,99,1,2,2,11,5,1
4175,23,1,2,6,17,2,2,46,56,83,1,2,3,39,5,2
4176,41,1,14,5,15,0,1,43,73,56,1,0,1,27,8,2
4177,47,1,11,2,6,0,0,27,80,26,1,0,1,23,0,2
4178,48,0,5,7,12,1,0,54,16,81,2,3,8,44,23,0
4179,41,1,8,6,19,2,0,44,67,92,1,1,5,30,8,2
4180,50,1,0,0,16,0,2,52,37,21,2,2,8,36,25,2
4181,26,3,5,6,17,2,1,28,80,80,1,0,1,14,0,1
4182,49,0,11,4,20,1,2,45,69,64,1,1,2,26,0,1
4184,52,0,8,7,21,0,0,65,42,71,1,0,2,29,9,2
4185,37,0,1,1,1,1,1,53,56,75,2,5,10,30,23,2
4186,60,0,12,3,3,1,2,31,66,32,1,1,0,23,4,1
4187,55,0,11,2,9,2,0,70,26,49,2,2,7,67,5,0
4189,34,1,9,1,5,1,1,52,44,78,1,2,5,33,4,2
4190,22,2,1,7,12,0,1,48,54,57,1,1,1,27,6,2
4191,44,0,9,7,21,1,0,83,16,73,2,2,14,59,23,0
4192,33,0,9,4,4,1,1,49,67,55,1,2,5,24,4,2
4193,50,0,11,7,21,0,2,67,26,38,2,5,6,37,8,2
4194,50,2,7,4,4,1,1,82,33,30,2,4,5,48,23,0
4195,42,2,13,7,10,2,0,72,47,83,2,3,6,43,21,2
4196,51,2,10,2,6,1,1,50,52,60,1,1,2,29,2,1
4197,57,0,0,2,9,2,2,16,78,69,1,0,1,10,7,1
4198,46,0,6,4,20,1,0,55,52,69,2,3,11,26,5,2
4199,57,0,3,1,2,1,1,27,73,27,1,1,1,22,4,1
4200,52,2,16,6,17,0,2,21,74,36,1,1,4,16,9,1
4201,55,2,5,4,20,2,1,19,73,83,1,0,0,10,0,1
4202,58,2,14,2,6,1,1,40,39,44,1,2,0,34,6,1
4203,34,1,13,0,22,0,2,54,43,90,1,0,1,41,4,1
4204,60,0,9,7,10,1,0,49,49,66,1,1,1,28,1,2
4205,58,0,6,1,5,2,1,91,23,69,2,4,6,89,17,0
4206,36,2,13,5,14,1,0,44,55,31,1,0,5,30,0,2
4207,35,0,14,2,11,1,1,54,45,87,2,4,6,31,24,1
4208,49,0,13,0,0,2,0,62,47,27,2,5,11,56,22,0
4209,59,0,3,0,0,1,2,45,51,89,1,0,5,41,2,1
4210,30,0,9,5,15,2,2,43,43,29,1,0,2,39,2,2
4211,35,1,14,3,18,1,2,53,68,87,1,2,5,47,4,1
4212,41,2,8,2,6,2,2,53,47,65,1,0,2,41,4,1
4213,50,1,14,7,10,2,0,51,47,65,2,5,10,39,5,0
4214,33,2,12,5,15,0,0,63,33,72,2,2,6,46,14,0
4215,44,0,11,6,19,1,1,21,71,65,1,0,3,10,6,1
4216,31,1,10,4,20,0,1,70,3,49,1,1,4,66,5,0
4217,26,2,5,1,2,2,1,13,91,33,1,2,2,10,2,1
4218,38,3,2,0,22,0,1,62,41,92,2,4,13,53,21,2
4219,59,2,7,3,3,1,1,61,39,43,2,5,9,55,24,2
4220,60,0,10,4,4,0,2,46,67,64,1,0,4,43,7,1
4221,23,1,2,5,13,0,0,25,81,68,1,2,4,22,7,2
4222,45,1,6,4,23,2,0,68,30,80,2,5,10,50,13,0
4223,56,0,3,7,21,1,2,77,7,70,2,3,14,46,5,2
4224,46,2,4,2,11,1,0,62,32,88,2,2,11,49,25,2
4225,22,0,0,4,23,1,0,60,43,78,2,3,14,34,21,0
4226,33,2,2,4,20,1,0,85,17,51,2,5,9,76,7,0
4227,39,0,10,0,22,1,0,76,23,82,2,4,14,72,6,0
4228,30,0,8,7,21,2,0,32,80,52,1,1,0,16,3,1
4229,49,2,12,6,17,1,0,23,78,24,1,1,4,14,5,2
4230,58,1,6,0,16,1,0,81,18,26,2,4,9,37,19,0
4231,52,0,3,3,8,2,0,42,54,80,1,0,1,19,9,2
4232,59,3,9,4,4,1,1,20,89,52,1,1,2,19,1,1
4233,47,0,9,5,13,1,1,51,70,88,2,4,13,25,17,2
4234,51,0,9,1,1,1,1,43,68,44,1,2,5,35,5,2
4235,22,0,1,3,8,1,1,76,30,55,2,4,5,45,12,0
4236,25,0,4,5,13,1,0,75,31,90,2,3,12,39,25,0
4237,36,2,8,1,2,1,0,73,23,84,2,2,9,69,7,0
4238,29,0,8,1,1,0,1,40,57,51,1,0,4,20,8,2
4239,45,3,5,3,8,2,1,45,67,55,1,0,3,36,1,1
4240,53,2,6,6,17,1,0,16,87,20,1,1,3,7,9,1
4241,21,2,0,3,18,2,2,85,11,73,2,5,9,45,23,2
4242,38,0,17,2,11,2,0,32,61,96,1,0,1,20,8,1
4243,48,1,8,5,14,1,0,52,35,63,2,5,5,32,24,0
4244,36,0,8,6,7,2,1,37,67,47,1,0,4,19,4,2
4245,25,0,4,4,20,2,1,12,93,76,1,0,2,8,2,1
4246,32,2,8,0,0,2,0,48,66,68,1,0,3,41,5,1
4247,37,2,16,3,3,1,0,62,45,39,2,4,9,32,11,2
4248,50,2,4,3,3,1,1,46,61,72,1,1,5,43,3,1
4249,35,0,7,7,10,1,2,32,55,63,1,2,0,22,4,1
4250,27,2,6,7,10,1,0,81,11,75,2,2,6,36,24,0
4251,36,2,7,0,0,0,2,69,18,84,2,2,5,48,5,1
4252,34,0,1,5,14,1,0,71,39,38,2,2,14,61,20,0
4253,47,1,4,1,1,2,0,79,19,75,2,4,8,55,5,0
4254,46,0,5,2,9,2,1,50,47,28,1,0,3,40,1,2
4255,32,0,10,2,11,2,0,68,29,91,2,5,6,36,6,2
4256,59,0,5,5,14,1,0,84,5,69,2,4,7,47,29,0
4257,25,3,4,2,9,2,2,52,54,41,1,2,5,39,3,1
4258,42,2,7,7,12,0,1,52,55,93,1,2,1,32,0,1
4259,28,0,2,2,11,2,1,64,40,78,2,3,8,45,17,2
4260,29,0,8,0,22,1,0,44,59,67,2,3,11,43,29,2
4261,25,0,2,3,8,1,2,46,62,43,2,5,11,32,18,1
4262,28,3,1,3,3,0,0,26,81,70,1,2,0,18,3,1
4263,53,0,6,7,10,2,1,89,22,61,2,3,13,77,25,0
4264,47,2,6,0,22,1,1,45,58,91,1,1,2,41,3,1
4265,58,0,10,7,21,2,2,87,24,21,2,4,12,86,15,0
4266,25,0,0,5,15,1,1,38,69,32,1,1,2,18,7,2
4267,46,0,11,1,1,1,1,72,19,50,2,5,13,39,21,0
4268,40,0,3,6,19,0,0,18,85,98,1,0,1,11,7,1
4269,53,2,7,6,17,2,1,76,40,55,2,4,6,62,6,0
4270,39,0,8,7,10,0,0,89,9,25,2,2,10,57,12,0
4271,56,2,0,5,14,1,2,76,15,61,2,4,6,71,29,0
4272,21,0,0,0,0,1,0,27,72,44,1,1,5,18,8,1
4273,40,0,16,7,10,0,1,73,37,32,2,3,6,45,15,2
4274,56,0,10,4,20,1,1,55,46,63,2,4,8,29,13,2
4275,45,0,12,7,12,1,0,16,92,52,1,0,0,11,3,1
4276,37,0,1,6,19,1,0,66,40,77,2,3,8,48,24,0
4277,51,2,13,5,13,2,1,47,33,24,1,1,2,45,5,0
4278,44,0,12,1,1,1,0,79,34,44,2,5,13,78,21,0
4279,40,2,4,2,9,2,2,54,35,78,1,0,1,37,7,1
4280,37,2,9,7,21,2,1,80,10,68,2,2,11,39,16,2
4281,44,1,0,1,2,1,2,31,87,63,1,2,5,29,2,1
4282,37,1,9,6,19,2,1,60,48,87,1,2,3,50,2,0
4283,28,2,7,0,16,1,2,93,24,91,2,5,5,64,22,1
4284,21,1,0,2,11,1,1,81,24,69,2,3,14,77,13,0
4285,44,1,10,7,12,2,0,19,78,85,1,2,1,14,3,1
4286,51,3,0,4,20,1,0,52,52,82,1,1,0,26,3,2
4287,29,2,0,3,3,2,0,38,51,47,1,0,5,25,0,2
4288,45,1,3,5,13,1,0,76,36,83,2,5,14,43,20,0
4289,56,3,4,2,11,2,1,75,42,93,2,4,6,66,18,2
4290,26,3,5,3,3,1,0,84,2,48,2,2,11,63,26,0
4291,35,0,3,5,13,0,0,40,48,40,1,1,3,23,5,0
4292,43,0,4,5,13,1,1,64,35,71,2,3,8,48,14,0
4293,59,2,11,7,21,1,1,59,30,26,2,2,7,31,12,2
4294,36,2,3,6,7,0,1,61,33,68,2,3,8,30,7,2
4295,23,0,2,5,14,1,0,94,18,75,2,2,9,59,28,0
4296,54,2,15,2,6,0,0,50,55,87,1,1,0,23,6,1
4297,21,0,0,1,5,2,2,54,50,45,1,0,4,27,7,2
4298,25,2,4,1,5,1,0,71,29,58,2,3,14,38,25,0
4299,55,0,11,1,1,1,0,53,34,37,2,3,8,42,8,0
4300,53,0,5,5,15,1,1,74,33,65,2,4,13,55,17,0
4301,44,0,7,6,7,0,1,58,37,37,2,4,11,39,28,0
4302,44,2,3,0,16,1,2,44,54,92,1,0,5,24,6,1
4304,27,0,6,5,13,2,1,42,62,88,1,2,5,39,3,2
4305,28,0,4,4,23,1,0,64,33,58,2,5,12,30,27,0
4306,58,0,6,6,7,0,1,46,42,84,1,1,1,23,4,2
4307,25,0,4,0,0,2,0,23,87,48,1,0,2,15,9,1
4308,60,0,12,6,17,0,1,66,38,40,2,5,8,49,17,0
4309,38,1,11,0,22,2,2,80,35,74,2,3,8,68,21,2
4310,31,2,1,2,6,2,1,80,24,37,2,4,6,60,19,0
4311,36,0,13,3,8,1,1,29,50,93,1,2,5,14,2,1
4312,42,2,17,4,20,0,0,34,70,82,1,2,0,19,8,1
4313,40,1,7,3,8,1,1,60,52,22,2,2,7,47,29,2
4314,49,0,8,2,9,1,0,88,5,42,2,3,13,67,21,0
4315,26,2,5,4,23,1,2,52,45,47,2,2,13,47,13,1
4316,46,2,8,1,2,1,0,35,52,92,1,0,0,16,9,1
4317,24,1,3,1,2,2,0,12,81,28,1,0,2,7,5,2
4318,34,1,6,3,8,2,0,48,35,62,1,1,1,27,7,2
4319,46,0,12,4,4,0,1,50,34,62,2,5,9,38,20,2
4320,49,0,11,1,5,0,1,76,19,85,2,2,10,51,29,0
4321,53,0,15,7,12,1,1,46,73,58,2,5,10,43,20,2
4322,34,1,2,0,0,0,1,65,29,55,2,5,12,52,7,0
4323,51,0,7,2,6,1,1,66,41,45,2,2,14,35,11,2
4324,40,0,15,3,18,1,0,45,61,37,1,0,5,34,7,2
4325,44,0,1,4,23,0,0,46,54,46,1,0,5,41,4,0
4326,23,2,2,6,17,2,0,67,41,57,2,2,9,38,18,0
4327,27,1,2,3,18,1,1,53,46,31,1,1,3,40,5,0
4328,42,0,16,3,3,1,2,45,64,36,2,3,13,24,10,1
4329,40,2,19,0,22,2,1,35,73,73,1,1,5,34,8,1
4330,26,0,5,1,2,2,0,27,68,64,1,0,1,25,9,2
4331,34,0,4,5,13,2,1,25,78,29,2,5,11,24,28,2
4332,21,0,0,6,19,1,1,86,0,99,2,3,11,85,10,0
4333,32,2,9,4,23,1,1,52,65,75,1,1,2,36,6,2
4334,23,2,2,3,3,2,0,25,85,77,1,0,5,12,9,1
4335,29,2,7,4,4,2,0,75,16,67,2,4,9,58,29,0
4336,27,2,0,6,19,1,1,34,81,98,2,3,7,22,20,1
4338,57,3,8,7,10,2,2,17,85,29,1,2,1,13,5,1
4339,45,0,16,5,13,1,2,41,65,42,1,0,3,21,3,1
4340,47,0,9,4,20,2,0,91,33,77,2,2,14,81,12,0
4341,46,0,11,6,7,0,1,40,60,21,1,1,3,20,9,2
4342,54,0,10,2,11,1,0,53,46,86,1,1,4,25,4,2
4343,52,0,4,2,6,1,1,61,45,58,2,4,13,44,20,2
4344,53,0,8,1,1,1,0,22,63,20,1,2,4,12,0,2
4345,60,0,10,5,13,0,0,75,31,59,2,5,8,62,15,0
4346,40,0,3,6,7,0,0,30,90,80,1,2,5,25,2,2
4348,34,0,7,3,8,1,2,37,59,77,1,2,3,32,3,1
4349,22,2,1,5,13,1,1,78,12,60,2,5,7,68,9,0
4350,48,1,9,4,20,2,1,57,32,73,2,3,12,38,25,0
4351,48,2,3,7,12,0,0,72,9,30,2,4,11,59,22,0
4352,37,0,16,3,3,1,0,54,60,52,1,2,4,26,5,2
4353,55,2,10,7,21,1,1,55,45,65,2,5,13,47,19,2
4354,53,2,9,5,14,1,0,59,37,93,2,5,14,42,13,2
4355,25,0,4,4,23,1,2,94,22,23,2,2,9,43,28,0
4356,51,0,8,0,16,2,1,47,56,52,2,2,8,46,20,1
4357,33,1,7,3,8,2,2,44,75,69,1,0,1,26,9,1
4358,47,0,13,6,19,1,1,22,70,76,1,0,5,11,7,1
4359,48,1,9,5,15,1,1,49,57,87,2,5,7,24,20,2
4360,57,2,11,4,23,2,1,65,12,84,1,0,0,61,2,0
4361,53,0,7,3,3,0,1,63,44,57,2,2,8,51,20,2
4362,21,0,0,6,17,1,2,51,57,32,1,1,3,38,4,2
4363,48,1,4,1,2,2,1,40,69,39,1,2,0,23,3,2
4364,56,1,20,3,8,2,1,64,17,80,1,2,5,47,8,2
4365,35,2,4,6,7,1,0,21,73,35,1,1,3,18,3,2
4366,33,0,3,7,10,1,2,53,42,77,1,1,3,42,0,1
4367,28,0,7,6,19,0,0,52,37,97,1,0,2,43,8,0
4368,26,2,4,2,9,2,0,69,44,58,2,5,5,58,21,2
4369,26,0,0,5,14,0,1,92,14,75,2,2,14,61,25,0
4372,27,0,6,3,8,1,2,17,78,42,1,1,3,11,8,1
4373,40,0,7,0,0,1,0,88,27,54,2,5,5,86,23,0
4374,32,2,0,6,19,1,2,14,100,77,1,1,1,9,4,1
4375,32,0,11,4,20,1,0,85,18,21,2,5,5,58,18,0
4376,56,2,13,0,22,1,0,12,87,96,1,2,5,10,5,1
4377,29,2,8,0,16,2,0,39,66,53,1,2,5,22,2,1
4378,49,2,17,6,19,0,0,79,15,81,2,5,13,43,28,0
4379,34,2,8,4,20,1,0,22,74,35,1,1,3,10,4,1
4380,46,1,2,4,4,0,0,56,38,63,1,1,3,38,1,0
4381,44,3,12,1,1,2,0,29,85,93,1,1,2,17,8,1
4382,56,0,9,3,18,1,0,79,32,82,2,2,13,51,21,0
4383,39,2,7,7,21,1,2,62,34,50,2,2,10,32,16,1
4384,44,2,17,1,1,2,1,69,32,89,2,2,11,41,17,2
4385,58,1,12,3,3,2,0,21,76,39,1,2,4,11,6,1
4386,26,2,5,3,3,0,0,33,57,91,1,0,3,28,6,1
4387,33,0,6,7,10,0,0,56,41,33,1,2,0,51,4,0
4388,31,2,3,1,2,0,0,15,72,63,1,2,5,11,4,1
4389,59,0,0,3,8,1,1,89,14,68,2,2,9,59,13,0
4390,41,0,7,3,3,1,0,45,54,23,1,2,0,42,2,2
4391,52,2,18,7,21,1,0,85,12,30,2,2,9,59,12,0
4392,40,0,0,1,2,0,0,69,14,53,2,5,13,68,12,0
4393,47,2,5,7,10,2,0,31,71,45,1,2,2,14,5,1
4394,52,0,8,3,3,2,1,58,23,34,2,4,11,55,23,0
4395,40,0,7,7,21,0,2,83,15,69,2,2,9,69,11,0
4396,28,3,6,7,12,2,0,51,46,82,2,2,12,40,13,2
4397,49,2,8,1,5,2,0,29,77,79,1,0,3,14,8,1
4398,45,0,7,3,3,2,1,23,83,43,1,0,3,16,6,1
4399,33,0,6,0,16,2,0,19,66,92,1,0,2,11,9,1
4400,32,0,9,6,19,2,0,21,74,79,1,2,2,18,5,2
4401,39,2,16,1,1,1,1,64,26,36,2,2,11,45,6,2
4402,24,1,3,1,2,1,0,40,44,43,1,1,0,34,7,0
4403,56,0,9,6,7,1,0,83,8,87,2,2,6,45,24,0
4405,28,2,6,5,15,1,2,18,80,67,1,0,1,13,3,1
4406,43,0,8,7,21,0,0,82,7,62,2,2,7,68,26,0
4407,55,1,7,4,20,1,0,31,83,49,1,0,3,17,6,2
4408,29,2,8,6,19,1,1,67,3,72,2,3,8,48,24,0
4409,27,1,0,3,18,1,1,75,28,43,2,3,11,53,14,0
4410,44,2,15,2,9,2,0,30,76,21,1,0,4,17,3,1
4411,30,2,9,7,12,2,2,16,89,46,1,2,0,10,5,1
4412,36,1,0,0,0,2,1,92,4,66,2,2,10,44,11,0
4413,53,3,10,2,11,2,1,66,43,76,2,5,14,39,7,1
4414,52,0,13,4,23,2,1,18,100,27,1,2,0,17,9,1
4415,49,0,5,0,0,1,2,83,0,46,0,7,19,67,50,2
4416,58,2,4,0,22,2,1,22,81,73,1,0,3,13,4,1
4417,26,2,5,2,11,1,0,34,77,81,1,1,4,17,2,1
4420,50,2,7,0,22,1,2,31,72,97,1,1,5,14,0,1
4421,32,1,11,6,7,0,1,20,76,29,1,2,3,9,9,2
4422,29,0,8,6,19,0,0,40,80,79,1,1,1,29,1,2
4423,40,0,4,0,22,2,0,11,85,65,1,2,1,6,8,1
4424,41,0,11,4,4,0,0,93,0,47,2,5,9,86,13,0
4426,41,1,8,0,16,1,1,25,76,26,1,0,1,14,1,1
4427,45,2,10,0,16,2,1,86,13,90,2,4,6,81,18,0
4428,38,0,14,5,15,1,0,58,43,75,1,1,5,51,6,0
4429,45,0,6,0,22,0,0,41,51,80,1,2,5,20,7,1
4430,47,2,14,1,5,0,1,77,23,33,2,4,5,54,12,0
4431,21,0,0,3,3,2,1,89,27,60,2,4,5,66,26,0
4432,31,0,2,6,19,1,1,69,9,98,2,3,6,65,20,0
4433,27,0,6,6,7,1,0,14,100,66,1,0,5,12,5,1
4434,30,0,9,6,17,0,0,41,52,87,2,2,9,39,5,2
4435,45,2,10,6,19,2,2,27,92,71,1,0,5,21,2,1
4436,54,3,1,4,4,1,2,62,21,34,2,3,6,50,29,2
4437,22,0,1,0,16,2,0,63,49,78,2,3,12,47,28,2
4438,52,2,13,7,10,1,1,66,53,72,2,5,8,30,19,2
4439,32,0,2,7,10,1,0,82,9,57,2,5,7,44,22,0
4440,48,0,6,3,3,0,1,54,58,81,1,2,5,28,9,1
4441,51,0,1,3,18,0,1,67,35,83,2,5,12,45,14,2
4442,47,0,7,0,22,1,1,76,20,71,2,2,14,46,28,2
4443,36,1,11,1,1,1,0,37,66,38,1,1,0,27,2,2
4444,59,3,12,5,15,0,0,75,17,26,2,2,10,41,10,0
4445,57,0,11,6,7,1,1,39,80,41,1,0,0,29,1,2
4446,38,2,4,0,22,1,1,18,94,67,1,1,3,11,6,1
4447,37,2,15,3,18,1,0,67,42,63,1,0,2,66,6,0
4448,37,0,6,6,17,0,0,48,56,64,1,0,3,29,9,2
4449,26,1,5,2,11,1,1,63,46,88,2,5,11,56,19,2
4450,49,2,4,5,13,2,0,72,9,21,2,5,12,64,13,0
4451,55,2,12,2,9,0,1,41,64,89,1,0,4,35,0,1
4452,51,2,9,6,19,0,0,89,14,71,2,5,8,77,11,0
4453,24,0,0,6,19,0,1,91,14,68,0,8,16,53,20,0
4454,58,0,5,2,9,2,1,68,38,23,2,3,5,62,21,0
4455,34,2,7,1,1,2,0,36,74,58,1,2,0,26,1,2
4456,59,2,14,2,9,2,1,29,64,64,1,2,1,19,8,1
4457,52,2,14,1,5,0,0,55,36,55,2,4,6,35,28,2
4458,58,0,6,6,17,1,1,64,48,53,2,2,13,44,10,0
4459,42,2,7,4,20,1,2,48,47,38,2,5,13,46,21,1
4460,22,2,1,0,0,1,1,70,25,65,0,8,23,49,29,2
4461,37,0,16,2,6,1,0,61,44,34,2,4,12,35,20,2
4462,48,0,4,7,12,2,2,72,38,45,2,5,14,32,11,2
4463,40,0,10,1,1,0,0,57,41,64,1,1,3,30,3,2
4464,45,0,5,2,11,2,0,26,52,68,1,0,5,15,9,1
4465,40,0,19,6,19,0,2,90,6,81,2,2,11,42,25,2
4466,21,0,0,7,12,1,0,30,74,52,1,0,4,24,9,2
4467,59,0,12,0,0,0,1,66,19,80,2,2,13,47,23,2
4468,21,0,0,7,12,1,1,48,55,42,1,0,3,33,0,2
4469,41,1,8,6,19,1,1,22,90,74,1,1,5,17,8,1
4470,59,0,14,6,7,2,0,94,19,78,0,5,16,92,20,0
4471,30,0,7,5,14,1,2,41,44,23,1,0,5,25,7,2
4472,25,0,4,0,22,2,0,30,77,80,1,1,2,22,0,1
4473,30,0,9,3,8,0,1,24,66,34,1,0,0,21,4,1
4474,43,1,9,5,14,2,0,26,86,45,1,2,1,24,5,2
4475,23,0,2,4,20,2,2,49,49,66,1,2,1,36,0,2
4476,33,3,5,1,5,2,0,22,85,91,1,2,1,17,6,1
4477,60,0,9,1,1,2,1,94,2,67,2,2,14,90,19,0
4478,41,0,5,7,12,2,1,53,53,41,2,4,6,51,10,2
4479,44,2,15,0,0,0,0,65,22,92,2,3,12,29,18,2
4480,41,2,4,4,20,2,1,10,84,53,1,1,2,5,7,1
4481,30,2,9,0,16,1,1,39,71,36,1,2,3,36,9,1
4482,58,0,12,0,16,0,0,92,7,32,2,5,13,68,6,0
4483,27,0,0,4,4,2,2,42,56,47,1,1,3,24,1,2
4484,26,0,5,4,23,2,0,60,30,87,1,1,1,59,0,0
4485,27,2,6,5,13,0,1,81,30,94,2,3,9,72,25,0
4486,50,2,7,7,12,2,1,76,16,29,2,4,8,56,16,0
4487,53,2,13,3,18,2,0,38,57,21,1,2,5,29,0,2
4488,26,0,5,6,19,0,0,66,25,96,2,2,14,62,29,0
4489,49,0,12,4,20,0,0,30,87,59,1,1,0,18,3,2
4490,45,0,4,7,10,1,1,84,22,46,0,8,22,78,39,0
4491,28,3,7,5,15,1,0,53,48,44,1,0,4,52,2,0
4492,43,0,7,7,12,1,1,40,63,68,1,0,4,26,9,1
4493,54,2,4,2,9,2,1,17,73,29,1,0,2,13,7,1
4494,51,0,10,5,13,0,1,60,46,77,2,4,14,57,17,0
4495,50,0,6,1,1,1,0,31,75,71,1,1,2,30,9,2
4496,27,0,3,1,5,2,1,33,57,34,1,2,1,28,1,2
4497,26,0,5,4,4,1,0,65,36,64,2,3,8,53,25,0
4498,47,1,4,0,22,0,0,16,85,81,1,2,3,12,3,1
4499,33,1,12,3,3,2,2,27,73,64,1,1,4,24,8,1
4500,26,2,5,0,0,1,1,23,71,63,1,0,3,14,6,1
4501,37,0,16,4,23,0,1,64,48,51,2,3,13,53,29,2
4502,22,2,0,7,21,2,2,51,64,51,1,0,4,35,8,1
4503,45,2,3,0,0,0,1,42,39,93,1,2,2,30,1,1
4504,42,0,4,0,0,1,2,76,35,45,2,3,7,68,28,2
4505,52,0,4,7,10,0,0,84,20,34,2,5,5,38,28,0
4506,30,0,9,2,9,0,1,45,57,42,1,0,0,30,2,1
4507,40,0,2,6,17,1,0,38,65,93,1,2,0,31,0,2
4508,31,2,3,1,5,1,0,51,39,66,2,4,9,45,22,2
4509,36,0,5,1,5,2,0,80,16,40,2,2,10,52,15,0
4510,23,3,2,1,5,2,1,84,2,33,2,4,6,83,5,0
4511,59,0,6,6,19,0,0,63,39,70,1,1,0,52,0,0
4512,51,2,12,1,1,2,1,74,34,85,2,3,7,38,6,2
4513,45,0,11,0,22,0,1,42,60,98,1,2,5,37,0,1
4514,44,2,5,6,17,2,0,41,88,89,1,0,2,31,7,2
4515,42,0,6,6,7,1,2,92,28,74,0,7,15,84,51,0
4516,39,0,5,0,0,0,0,84,14,92,2,4,9,67,25,0
4518,51,0,11,5,14,1,2,22,65,21,1,1,2,16,7,1
4519,60,0,17,2,6,1,1,83,12,25,0,5,24,73,40,0
4520,40,1,13,5,14,1,1,54,51,60,2,3,7,28,13,2
4521,54,0,15,5,15,1,0,55,66,68,1,1,3,31,9,2
4522,41,2,18,0,0,1,0,33,48,67,1,2,1,19,7,1
4523,58,1,12,7,12,1,0,56,44,33,2,2,5,51,15,0
4524,48,0,8,3,3,1,2,21,83,94,1,1,4,10,6,1
4525,51,0,13,2,9,0,2,13,72,63,1,0,0,8,7,1
4526,59,2,1,6,19,2,1,36,58,67,1,2,2,16,2,2
4527,33,1,10,6,17,0,0,46,57,64,1,0,2,40,3,0
4528,55,1,6,6,7,1,1,11,96,68,1,0,5,7,4,1
4530,29,0,8,4,23,2,0,66,37,65,2,4,5,49,7,0
4531,44,0,6,1,5,0,2,55,43,58,1,2,1,53,2,2
4532,58,0,5,6,17,2,0,82,5,27,2,5,9,62,14,0
4533,32,2,0,7,10,1,1,88,30,38,2,4,10,48,28,0
4534,42,3,4,4,23,2,0,38,60,91,1,1,2,33,8,1
4535,31,2,10,3,3,2,0,49,60,75,2,5,11,34,17,1
4536,48,0,4,2,6,2,0,81,4,28,0,6,20,60,35,0
4537,30,0,9,2,9,1,1,72,59,67,2,2,6,33,16,2
4538,28,2,7,3,3,1,0,71,16,57,2,5,9,46,14,0
4539,27,0,6,0,0,0,1,32,65,56,1,0,0,28,6,1
4540,34,0,6,6,17,1,1,32,80,25,1,1,4,19,4,2
4541,53,0,0,7,12,1,1,59,48,46,2,2,11,38,16,0
4542,31,0,6,7,12,1,0,49,75,36,1,1,1,40,2,2
4543,48,0,7,5,15,2,1,13,72,87,1,2,3,9,5,1
4544,29,1,3,3,8,0,2,11,89,50,1,1,4,9,0,1
4545,50,2,9,3,18,0,0,88,0,65,2,4,10,55,6,0
4546,24,0,3,2,9,1,0,25,69,46,1,1,5,13,9,1
4547,58,0,12,7,21,2,0,26,72,37,1,2,2,13,5,2
4549,59,0,2,1,2,2,0,31,77,53,1,2,4,16,1,2
4550,25,1,4,7,10,0,1,40,61,93,1,2,0,21,5,1
4551,24,0,3,4,20,0,1,49,66,47,2,2,7,38,7,2
4553,56,0,6,4,4,2,1,12,92,24,1,1,4,9,2,1
4554,35,0,14,5,14,2,2,56,44,22,2,4,11,35,8,2
4555,41,0,15,2,11,1,1,51,42,84,1,0,1,46,2,2
4556,32,0,7,2,11,2,1,85,9,80,2,4,11,72,29,0
4557,56,0,14,4,20,2,1,61,37,46,2,3,14,45,17,0
4558,47,2,0,2,11,2,0,67,52,70,1,0,4,30,8,2
4559,39,0,15,1,5,1,1,59,26,56,2,5,12,51,28,0
4560,41,2,0,5,14,2,0,87,2,25,2,4,12,66,10,0
4561,32,1,4,6,17,1,0,60,31,38,2,2,13,49,15,0
4562,52,0,8,1,5,1,0,13,71,47,1,0,1,11,1,1
4563,26,0,5,3,3,1,2,49,53,81,2,3,6,37,29,1
4564,46,2,3,3,18,2,0,93,0,45,2,2,7,75,22,0
4565,26,0,5,0,0,1,1,53,58,68,1,0,1,29,1,1
4566,32,2,11,7,10,1,0,58,36,33,1,0,3,55,7,0
4567,42,0,8,1,1,2,0,73,42,21,2,5,10,55,6,0
4568,25,0,4,7,21,2,0,55,40,71,1,2,5,27,8,2
4569,43,0,14,1,5,2,1,34,57,93,1,2,3,16,8,1
4570,39,0,8,6,19,1,0,34,43,69,1,2,3,31,4,2
4572,51,0,1,7,12,1,0,74,24,57,2,2,13,62,20,0
4573,40,0,6,4,20,0,1,70,40,50,2,2,14,55,15,0
4574,47,1,1,5,13,2,0,83,18,31,2,5,11,60,18,0
4575,56,2,4,6,7,1,0,86,4,32,2,3,14,56,23,0
4576,49,0,14,4,23,2,0,50,47,28,1,2,0,33,3,0
4577,43,0,16,6,19,1,1,20,75,72,1,2,0,11,4,1
4578,29,1,2,2,9,2,1,73,24,55,1,2,0,58,9,0
4580,45,2,10,6,7,0,0,12,87,75,1,0,4,10,3,1
4581,35,2,14,0,16,1,0,76,42,40,2,3,8,62,17,0
4582,38,2,4,4,23,1,2,44,50,76,2,4,9,35,11,1
4583,39,0,17,4,4,2,1,62,41,86,2,4,9,52,20,2
4584,34,0,0,3,8,0,2,80,25,80,2,2,7,42,20,2
4585,57,1,8,1,5,1,1,77,22,27,2,5,11,40,15,0
4586,42,0,9,4,23,2,0,28,91,57,1,0,4,21,0,2
4587,27,2,6,5,15,2,0,27,98,38,1,1,0,18,9,1
4588,59,0,9,2,9,2,0,89,8,64,2,5,5,77,6,0
4589,33,0,11,6,19,2,0,11,89,94,1,0,4,5,9,1
4590,50,2,0,7,21,1,0,39,64,43,1,1,1,29,6,2
4591,36,2,5,7,12,1,0,47,65,50,1,1,1,38,7,2
4592,54,3,12,2,6,2,0,61,27,87,1,2,1,33,1,2
4593,57,0,6,1,5,0,2,66,34,27,2,5,7,55,27,2
4594,51,1,5,3,18,2,0,10,84,24,1,2,2,8,4,1
4595,27,0,6,2,9,2,1,17,73,87,1,2,3,16,8,1
4596,49,0,9,5,13,0,0,20,79,38,1,2,5,17,4,2
4597,33,1,12,1,2,0,0,30,59,88,1,0,1,15,9,2
4598,56,1,5,6,17,2,0,26,73,26,1,0,4,18,1,2
4600,34,0,8,1,5,1,0,39,61,57,1,0,3,28,4,2
4601,21,0,0,1,1,0,0,35,43,25,1,0,5,25,7,0
4602,45,2,9,0,0,2,1,81,0,56,2,3,10,70,25,0
4603,40,0,0,4,20,2,0,34,72,85,1,2,1,16,3,2
4604,43,0,15,5,14,1,2,38,54,75,1,2,2,17,2,1
4605,55,0,9,3,3,1,2,89,0,94,2,4,7,87,27,0
4606,33,0,5,3,18,1,1,67,20,45,2,4,10,30,17,2
4607,32,1,8,4,23,2,2,28,78,76,1,1,1,26,0,1
4608,39,2,0,0,16,2,1,57,50,55,1,1,0,54,1,2
4609,44,0,7,7,10,1,0,71,39,54,2,4,13,42,16,0
4610,43,0,20,7,10,1,2,49,40,38,1,0,5,29,8,1
4611,49,0,5,3,3,0,0,46,54,71,1,1,0,37,4,2
4612,29,1,5,1,2,1,1,88,2,92,2,4,11,61,20,0
4613,55,2,12,2,9,0,0,17,71,75,1,2,4,13,1,1
4614,37,1,14,4,23,0,1,37,67,52,1,0,1,34,8,2
4615,37,0,5,4,20,0,0,59,44,23,2,4,6,43,22,0
4616,34,3,13,1,2,0,0,24,89,69,1,1,0,22,7,1
4617,21,1,0,6,7,2,2,91,0,56,0,6,16,45,48,0
4618,49,1,7,4,20,0,2,90,9,88,2,5,12,80,10,0
4619,38,3,13,4,23,2,1,43,49,77,1,2,4,39,7,1
4620,27,3,6,2,11,1,1,53,46,84,1,1,2,40,5,1
4621,23,0,2,3,8,1,1,43,61,56,1,2,3,22,8,2
4622,30,2,9,1,1,2,1,47,55,65,1,2,1,29,6,1
4623,41,0,9,5,14,1,0,68,29,34,2,5,7,67,19,0
4625,24,2,3,1,2,2,0,35,52,80,1,1,1,22,6,1
4626,26,0,5,3,8,2,0,66,41,73,2,3,8,34,23,2
4627,30,1,9,5,14,1,1,24,78,29,1,2,0,11,1,2
4628,52,3,7,4,23,0,1,69,36,25,2,4,9,42,27,2
4629,42,0,7,2,11,1,0,32,80,67,1,2,4,28,9,1
4630,24,0,3,3,8,1,0,64,62,86,2,2,5,50,9,2
4631,34,0,8,6,17,1,0,92,15,89,2,2,7,45,10,0
4632,54,0,14,3,8,2,1,40,48,77,1,1,1,35,4,1
4633,32,0,0,1,5,0,2,35,77,59,1,0,1,19,2,1
4634,36,2,8,5,15,0,0,60,30,30,2,5,8,38,8,0
4635,40,0,10,3,8,2,0,28,73,88,1,0,1,18,8,1
4636,39,2,8,3,18,2,1,53,51,38,1,2,1,48,9,2
4637,28,0,1,7,10,1,0,51,37,32,1,2,3,38,3,0
4638,55,1,17,6,17,1,1,67,31,88,2,2,12,64,20,0
4639,60,0,9,6,19,2,1,19,94,92,1,0,1,13,6,1
4640,36,2,3,1,1,1,2,52,43,24,2,4,7,39,18,1
4641,58,1,10,7,10,2,1,70,47,65,2,4,11,55,19,0
4642,22,2,1,3,3,1,1,92,0,35,2,3,14,45,23,0
4643,32,0,10,6,7,2,1,13,100,89,1,2,1,8,4,1
4644,42,0,9,1,1,1,1,45,59,82,1,0,2,39,7,2
4645,33,2,5,1,2,1,1,54,65,73,1,0,0,26,0,1
4646,24,2,3,2,6,1,1,27,59,76,1,2,4,24,8,1
4647,23,2,2,2,11,2,1,70,26,92,1,0,5,42,1,2
4648,24,1,2,7,12,0,2,27,71,25,1,0,0,20,0,1
4649,51,2,10,1,5,0,1,62,40,78,1,0,2,37,0,2
4650,37,1,13,0,16,0,1,62,55,26,1,0,4,60,6,0
4651,59,0,10,6,7,2,1,57,35,71,1,0,2,53,5,0
4652,37,0,6,6,7,1,0,75,28,34,2,5,5,44,12,0
4653,49,1,4,7,21,2,2,20,78,79,1,0,4,19,0,1
4655,37,2,16,6,19,0,2,18,82,66,1,1,1,14,5,1
4656,48,0,15,0,0,0,0,52,45,44,1,2,3,37,9,2
4657,44,0,9,2,11,1,1,78,18,70,2,3,9,70,19,0
4658,57,0,18,7,12,2,0,27,59,30,1,0,5,23,0,2
4659,42,2,8,0,22,0,1,21,73,89,1,2,0,15,7,1
4661,29,2,8,4,20,0,2,53,46,42,1,2,1,38,1,1
4662,25,2,3,1,2,1,1,20,77,77,1,0,1,12,4,1
4663,33,2,12,5,13,1,2,39,52,93,1,0,5,36,0,1
4664,59,1,10,0,22,2,2,78,22,81,0,6,16,46,33,2
4665,24,2,3,1,1,1,0,73,21,75,1,1,4,66,3,0
4666,42,1,8,7,21,1,1,11,90,33,1,0,4,8,9,1
4667,22,0,1,4,20,2,0,20,67,48,1,2,2,9,3,2
4668,25,0,4,2,9,2,0,19,93,82,1,2,3,15,7,1
4669,29,2,6,1,2,2,1,33,75,25,1,1,3,27,8,1
4670,28,1,7,0,16,0,1,24,83,78,1,1,3,16,8,1
4671,24,2,3,7,12,1,0,62,62,64,1,1,3,53,3,2
4672,56,2,4,2,9,0,0,23,73,41,1,2,5,16,8,1
4673,26,2,5,2,6,1,2,39,72,90,1,2,2,38,9,1
4674,23,0,2,0,16,1,0,71,34,54,2,3,6,34,12,0
4675,23,0,2,4,20,2,0,41,73,65,1,1,4,24,2,2
4676,57,2,13,0,22,1,1,74,21,93,2,4,10,36,14,1
4677,56,1,12,4,23,1,1,12,87,70,1,2,4,8,9,1
4678,35,0,13,6,7,1,0,23,81,78,1,1,0,15,1,1
4679,35,1,12,3,18,1,1,18,80,57,1,1,4,8,3,1
4680,50,2,3,3,8,0,0,35,55,62,1,2,4,31,7,1
4681,29,0,8,1,5,2,2,85,11,40,0,8,17,60,35,0
4682,58,1,3,6,7,0,1,36,60,82,1,1,0,18,8,2
4683,36,2,5,7,10,1,0,28,76,63,1,2,1,15,3,1
4684,28,2,2,1,1,2,0,20,85,21,1,0,1,12,6,2
4685,31,0,10,2,9,1,0,82,24,44,2,2,5,47,28,0
4686,54,3,11,4,23,2,1,14,72,61,1,2,1,9,2,1
4687,33,0,1,6,19,2,1,19,88,97,1,2,5,16,6,1
4689,49,0,2,3,18,0,1,68,35,45,0,8,18,39,41,2
4690,38,2,6,4,4,2,1,61,27,37,1,2,0,50,2,0
4691,60,2,3,0,22,2,0,83,13,97,0,5,21,69,20,0
4692,38,2,17,5,15,0,0,63,44,35,2,5,14,33,13,2
4693,24,2,1,3,8,1,1,37,61,44,1,1,4,24,6,1
4694,24,0,3,7,12,1,1,90,0,24,0,5,18,52,40,0
4695,51,2,5,5,14,1,1,24,61,63,1,0,3,16,1,1
4696,60,2,13,6,7,1,1,68,41,44,2,2,7,37,19,2
4697,60,2,6,0,0,0,1,26,57,70,1,0,4,25,4,1
4698,43,0,11,6,19,1,0,11,60,86,1,2,1,6,0,1
4699,32,3,9,3,8,1,2,64,32,67,2,5,9,53,29,1
4700,47,2,13,6,7,2,1,16,84,30,1,2,2,12,5,1
4701,34,2,13,6,7,0,2,64,34,45,1,0,0,61,7,2
4702,21,0,0,7,12,2,0,87,3,39,2,4,9,74,5,0
4703,24,0,3,0,22,0,0,87,0,75,2,4,11,40,8,0
4704,45,0,14,4,4,1,1,33,58,88,1,2,4,27,6,1
4705,41,0,13,3,18,2,1,29,58,60,1,2,0,28,1,1
4706,41,0,3,4,20,1,1,60,46,66,1,2,1,54,8,0
4707,49,0,9,6,19,2,2,16,84,94,1,2,1,12,4,1
4708,22,0,1,2,11,1,0,32,74,76,1,2,1,23,8,1
4709,37,0,16,2,11,1,0,31,62,78,1,2,5,15,0,1
4710,44,1,10,2,6,0,2,53,43,68,1,0,1,26,4,1
4711,57,0,2,6,19,2,0,62,51,99,2,2,8,58,11,0
4712,23,0,2,1,5,1,0,71,44,25,2,2,13,63,13,0
4713,49,1,16,4,23,0,0,20,70,66,1,1,2,17,3,2
4714,51,0,16,2,6,0,2,39,69,87,2,4,12,38,18,1
4715,30,0,9,6,19,0,0,20,63,67,1,0,0,12,2,2
4716,48,2,17,7,10,0,0,37,72,76,1,0,4,36,3,1
4717,44,1,12,6,17,1,1,23,66,68,1,0,0,22,5,2
4718,33,0,12,5,13,0,0,47,70,28,2,5,11,34,22,0
4719,49,0,3,4,4,0,2,36,48,80,1,1,5,26,9,1
4720,47,1,11,6,17,0,0,15,62,25,1,0,1,14,8,2
4721,44,1,4,4,20,1,1,34,70,62,1,0,2,19,3,2
4722,35,0,8,0,0,0,1,41,57,48,1,1,2,40,0,1
4723,43,0,10,7,10,1,2,77,18,29,2,5,9,58,24,2
4724,35,0,10,4,23,1,2,39,56,28,1,2,2,28,3,1
4725,60,2,11,7,12,1,2,64,30,51,2,3,12,63,26,2
4727,47,1,8,4,20,2,0,53,47,88,1,1,4,46,8,0
4728,32,0,6,7,21,0,1,78,24,30,2,3,10,54,10,0
4729,40,0,8,1,5,2,0,61,34,50,2,4,8,55,29,0
4731,44,0,8,2,9,2,0,38,76,51,1,2,0,30,5,1
4732,30,0,9,7,21,1,0,32,75,36,1,0,5,20,2,2
4733,30,0,9,5,15,2,2,19,85,81,1,2,3,12,8,1
4734,59,0,5,5,15,1,1,36,63,22,1,1,3,28,3,2
4735,46,0,9,4,20,0,1,46,58,94,1,0,5,42,7,2
4736,37,0,13,0,22,1,0,19,77,73,1,0,1,17,5,1
4737,22,0,1,4,20,0,0,13,100,68,1,1,5,12,4,1
4738,52,2,7,2,11,2,0,50,60,68,1,0,0,46,8,2
4739,38,1,8,3,18,1,1,71,47,21,2,4,9,51,24,0
4740,41,0,10,0,0,1,1,64,29,59,2,4,14,47,29,2
4741,50,0,10,7,21,2,1,89,2,26,2,4,11,51,27,0
4742,25,0,4,7,12,2,2,59,37,61,2,4,10,46,9,2
4743,22,0,1,0,0,2,1,92,7,59,2,5,6,46,10,0
4744,45,0,6,4,23,2,1,11,98,29,1,1,4,8,4,1
4745,54,2,9,1,5,2,1,68,31,66,2,2,7,49,13,2
4746,49,2,0,3,18,2,2,91,0,48,2,2,12,45,14,2
4747,44,2,17,7,12,2,1,19,77,23,1,2,3,15,2,1
4748,23,0,2,2,11,1,1,19,62,83,1,2,1,11,2,1
4749,23,2,2,7,21,0,0,72,27,86,2,5,10,54,29,0
4750,46,2,12,0,16,2,0,44,71,88,1,1,3,23,0,1
4751,49,0,13,4,4,1,2,91,0,47,2,4,12,84,13,0
4752,25,1,4,0,16,1,2,78,23,75,2,5,12,65,11,2
4753,47,0,8,3,8,2,0,45,61,86,2,3,7,44,7,2
4754,53,0,5,7,21,1,0,24,74,61,1,1,0,16,1,1
4755,51,0,13,6,19,2,0,64,33,66,2,3,9,51,20,0
4756,31,0,3,4,20,0,1,37,64,44,1,0,3,29,7,2
4757,38,2,14,0,16,0,0,89,10,61,2,4,5,78,19,0
4758,52,0,5,3,8,2,0,48,66,42,1,2,0,44,1,2
4759,58,2,9,2,9,2,2,76,14,50,2,5,7,61,27,2
4760,24,0,2,4,4,1,2,45,63,48,1,2,5,33,5,2
4761,25,1,4,2,9,1,1,77,45,57,2,5,9,72,27,0
4762,46,0,6,6,7,2,2,86,0,56,2,4,7,71,12,0
4763,51,1,0,2,11,2,1,88,7,75,2,4,9,60,21,0
4764,55,0,8,1,1,0,0,71,38,21,2,4,8,66,17,0
4765,59,1,10,7,21,1,0,60,55,82,2,2,5,46,5,0
4766,57,0,4,1,2,0,1,48,50,41,1,0,3,42,5,2
4767,50,0,13,6,17,1,0,76,18,93,2,5,6,48,5,0
4768,51,1,10,2,9,2,1,35,72,53,1,1,2,24,3,1
4769,47,2,6,5,13,0,2,45,42,66,1,1,1,24,5,1
4770,40,0,0,5,13,0,1,31,59,60,1,0,3,16,8,2
4772,58,0,2,5,13,0,1,88,13,63,2,2,14,63,17,0
4773,34,1,11,7,12,1,1,11,94,69,1,0,2,10,2,1
4774,59,0,11,1,1,1,0,60,55,36,2,4,12,56,12,0
4775,54,1,7,0,22,2,0,54,28,65,2,4,10,46,13,2
4776,44,2,17,5,13,2,2,71,20,89,2,2,14,61,9,2
4777,29,0,8,6,7,1,1,67,45,21,2,3,9,61,12,0
4778,28,2,7,7,12,1,0,40,58,32,1,0,1,34,1,2
4779,28,0,7,5,14,0,0,65,29,62,2,3,12,60,27,0
4780,60,0,8,2,9,2,0,10,100,38,1,1,2,9,1,1
4781,28,1,6,3,18,2,0,33,66,85,1,1,2,21,3,2
4782,34,1,0,1,2,2,1,74,33,33,2,3,8,35,8,0
4783,60,0,6,7,12,1,0,83,29,22,2,5,10,57,11,0
4784,26,2,5,7,12,0,0,41,60,31,1,2,4,18,7,2
4785,45,1,4,5,13,2,1,20,79,27,1,2,5,12,6,2
4786,32,0,11,7,10,1,0,49,44,86,1,2,0,41,6,2
4787,36,2,11,2,9,1,1,44,58,70,1,1,3,34,4,1
4788,34,1,7,2,6,1,0,47,58,34,2,5,8,37,6,2
4789,46,0,5,2,11,1,1,16,69,90,1,1,2,11,8,1
4790,21,2,0,4,20,2,0,50,37,36,2,2,13,24,28,0
4792,43,1,13,6,19,1,1,34,64,68,1,2,1,33,2,2
4793,36,0,10,6,19,0,1,33,68,86,1,0,4,23,2,1
4794,39,0,5,2,11,2,1,64,33,92,2,5,14,42,14,2
4795,59,2,8,5,15,1,1,11,76,33,1,2,1,9,3,1
4796,29,0,8,4,4,0,1,33,76,81,1,0,0,22,6,1
4797,46,1,8,1,2,0,2,33,66,30,1,0,2,19,8,1
4798,60,3,10,2,11,0,1,31,86,71,1,0,0,17,2,1
4799,24,1,3,5,14,1,1,93,1,90,0,8,16,50,30,0
4800,49,0,9,7,10,0,1,93,22,21,2,2,12,61,7,0
4801,35,0,4,5,14,2,1,55,39,59,1,1,4,42,6,0
4802,29,0,4,0,22,0,0,64,35,89,1,1,5,54,4,2
4803,37,1,16,6,17,2,0,68,51,87,2,5,14,49,14,0
4804,52,1,12,4,4,1,1,42,65,42,2,5,11,41,13,2
4805,44,0,8,1,1,1,0,50,57,80,1,2,1,40,8,2
4806,33,0,12,3,3,1,0,17,92,77,1,1,5,10,4,1
4808,35,0,14,3,18,1,1,93,0,47,2,2,11,87,6,0
4809,39,0,6,6,7,1,0,42,45,64,1,0,2,28,0,2
4810,56,2,2,3,3,0,1,13,90,83,1,0,0,9,5,1
4811,58,1,8,5,15,0,1,80,30,58,2,4,5,50,6,0
4812,59,2,20,4,23,1,2,67,40,89,2,5,10,56,11,1
4813,23,0,1,7,21,2,0,63,31,77,2,4,12,49,15,0
4814,21,2,0,0,16,1,0,55,42,20,2,5,6,29,15,2
4815,52,0,6,0,0,1,0,80,13,52,2,2,8,39,18,0
4816,33,1,8,6,17,0,0,47,68,60,1,2,0,32,4,0
4817,31,0,10,7,21,0,0,82,27,79,2,5,14,43,16,0
4818,30,0,9,3,3,1,0,18,96,67,1,0,3,10,9,1
4819,32,2,11,0,22,1,0,76,25,69,2,2,9,49,26,2
4820,59,2,3,3,3,1,0,29,71,63,1,0,3,15,9,1
4821,27,2,0,7,12,1,0,65,41,53,2,3,8,31,14,0
4822,31,0,6,2,11,2,1,83,30,81,2,5,5,77,20,0
4823,60,2,7,1,2,0,0,41,64,69,1,2,1,36,8,2
4825,40,0,4,6,17,1,0,20,90,62,1,2,2,17,8,1
4826,40,2,9,4,4,1,1,84,4,73,2,4,10,81,8,0
4827,58,1,5,4,4,0,0,66,22,47,2,4,8,46,28,0
4828,47,0,1,7,12,0,0,42,45,56,1,1,1,35,4,0
4829,50,2,0,6,19,2,1,79,27,98,2,5,10,63,10,0
4830,28,1,7,0,22,1,2,57,36,85,2,4,10,42,8,1
4831,37,0,11,0,22,2,2,36,58,68,1,0,3,29,0,1
4832,35,2,10,0,16,1,2,63,38,21,0,5,17,48,20,1
4833,35,0,14,4,20,0,2,21,99,81,1,2,2,13,1,1
4834,45,1,0,4,23,2,1,70,38,90,2,2,5,64,5,0
4835,51,2,16,1,5,2,0,54,54,37,2,4,6,36,26,2
4836,52,0,1,7,21,0,1,33,53,65,1,1,3,25,9,2
4837,53,0,8,1,2,0,1,19,86,47,1,1,4,11,1,1
4838,58,0,16,7,21,1,1,79,28,83,0,6,23,40,53,2
4839,47,0,3,6,7,1,0,78,24,82,2,3,6,64,25,0
4840,43,0,14,2,6,2,0,52,47,71,1,1,0,36,3,2
4841,32,1,9,3,18,0,1,62,48,43,2,2,12,33,16,2
4842,52,0,15,4,20,1,0,93,0,62,2,3,13,81,9,0
4843,52,0,9,5,13,2,0,87,13,41,2,2,8,57,12,0
4844,27,2,6,4,20,2,1,86,0,45,0,5,16,42,39,0
4845,56,0,10,4,20,1,1,79,31,78,2,3,8,71,8,0
4846,48,0,10,4,4,2,1,63,46,42,2,3,12,34,15,2
4847,42,0,14,6,19,1,0,79,40,98,2,4,6,51,26,0
4848,49,2,15,6,19,2,1,15,86,65,1,0,0,14,3,1
4849,53,0,8,1,1,1,0,63,43,34,2,2,11,54,12,0
4850,28,0,7,7,12,1,2,35,78,93,1,0,5,26,8,1
4851,40,3,4,3,18,1,0,90,0,62,2,3,8,62,25,0
4852,38,0,0,0,0,1,1,54,55,93,2,5,12,46,20,2
4853,36,0,10,5,14,2,0,63,48,37,2,5,14,39,14,0
4854,54,1,7,5,13,0,0,90,6,29,2,2,6,79,22,0
4855,23,0,2,4,4,1,0,79,2,66,2,3,9,70,12,0
4856,36,0,10,1,2,1,2,77,20,62,2,5,12,74,5,0
4857,45,0,2,2,6,0,1,81,16,68,2,4,12,79,10,0
4858,27,3,5,4,20,2,0,15,88,30,1,2,2,8,9,1
4859,54,3,6,0,22,2,0,45,53,79,2,2,6,37,10,1
4860,53,0,0,1,2,2,1,23,71,24,1,1,2,18,5,2
4862,43,0,3,7,12,1,2,90,5,93,2,4,6,56,17,2
4863,47,2,21,7,10,2,0,89,17,32,2,2,12,49,22,0
4864,38,0,10,6,17,2,1,26,47,40,1,1,3,22,0,2
4865,51,2,11,1,5,0,0,80,12,63,2,3,13,49,6,0
4866,34,2,5,1,1,1,0,93,22,28,2,2,5,60,25,0
4867,32,0,8,1,5,2,0,88,12,68,2,5,5,45,10,0
4868,24,1,3,6,7,2,0,18,74,52,1,1,2,11,4,2
4869,41,0,15,1,2,2,0,77,32,46,2,3,9,64,26,0
4870,41,0,8,0,22,0,0,15,86,75,1,2,3,13,5,1
4871,42,2,12,0,0,1,2,39,52,76,1,0,5,29,9,1
4872,27,0,4,3,3,1,0,29,74,38,1,2,1,20,6,1
4873,22,0,1,3,8,1,1,63,41,81,2,2,7,45,19,2
4874,25,0,4,6,17,0,1,29,90,39,1,2,4,16,6,1
4875,47,1,9,7,21,1,1,42,54,21,2,5,5,41,14,2
4876,22,0,1,0,16,1,0,47,66,48,1,1,0,44,8,2
4877,55,2,8,2,6,1,0,10,98,33,1,1,2,9,2,1
4878,41,0,7,6,19,2,2,14,100,74,1,2,4,10,4,1
4879,49,0,17,7,10,2,0,67,23,33,1,0,0,50,6,0
4880,33,0,5,4,23,2,1,88,17,42,2,3,6,50,27,0
4881,27,2,2,2,9,1,1,32,84,83,1,1,2,28,6,1
4882,27,0,6,6,17,0,0,24,61,21,1,1,3,21,1,2
4883,44,0,11,4,20,2,0,86,27,93,1,0,3,60,0,0
4884,40,2,8,5,14,1,1,84,21,44,2,4,10,66,10,0
4885,29,3,5,3,8,0,0,74,24,33,2,3,14,39,20,2
4886,52,1,8,0,0,1,1,11,88,93,1,2,3,6,7,1
4887,53,0,2,1,5,1,1,29,78,87,1,1,2,25,2,1
4888,55,0,0,4,4,2,0,22,60,26,1,0,1,18,2,2
4889,38,2,17,6,17,2,0,68,32,93,2,2,7,49,26,2
4890,43,1,12,5,13,2,0,22,81,58,1,2,0,20,2,2
4891,27,0,6,7,10,0,1,54,50,73,2,4,8,44,23,2
4892,57,1,0,0,22,1,1,46,48,79,1,1,5,25,2,2
4893,35,0,7,6,7,2,0,84,16,29,0,7,15,54,30,0
4894,32,2,10,6,7,2,1,89,22,80,2,3,14,58,17,0
4895,25,2,4,3,18,2,1,50,33,52,1,2,2,23,3,1
4896,46,2,0,4,4,2,0,62,45,27,2,5,6,28,16,0
4897,25,2,4,7,21,2,1,57,31,73,2,4,10,42,14,2
4898,54,2,4,2,11,0,2,12,85,75,1,1,4,7,9,1
4899,26,0,2,7,21,2,0,72,20,51,2,2,9,62,29,0
4900,59,2,14,7,12,0,0,27,64,71,1,2,5,13,4,1
4901,42,1,9,4,23,0,0,89,4,39,0,5,18,63,32,0
4902,33,0,5,7,21,0,0,13,80,82,1,0,5,8,2,1
4903,43,1,11,1,2,1,2,68,28,85,2,5,10,35,25,2
4904,51,0,12,5,15,2,2,69,18,81,2,2,6,40,24,2
4905,44,2,4,6,7,1,0,61,44,33,1,2,1,51,3,0
4906,39,3,12,7,10,0,1,73,28,45,2,4,12,72,8,0
4907,42,0,2,2,9,0,1,57,28,39,2,4,6,32,11,2
4908,35,1,7,3,8,2,1,80,31,32,2,3,7,43,15,0
4909,23,2,2,5,15,1,0,75,19,30,0,8,19,65,31,0
4910,35,2,0,2,6,2,1,90,0,85,2,4,14,77,24,0
4911,59,2,8,2,9,2,0,16,90,35,1,2,5,8,1,1
4912,30,2,1,4,23,1,0,82,16,24,2,5,7,59,9,0
4913,40,0,6,2,11,0,1,67,26,97,2,3,5,46,18,2
4914,25,1,4,6,7,1,0,53,34,79,1,2,5,25,4,0
4915,46,2,5,6,7,0,0,54,49,28,1,1,1,30,9,2
4916,26,2,0,3,3,2,1,46,51,38,1,1,4,43,3,2
4917,56,0,0,1,2,0,1,28,72,57,1,1,0,25,1,2
4918,34,2,6,2,9,0,0,59,40,93,1,2,1,38,7,2
4919,28,1,0,7,12,1,0,91,1,39,2,5,13,65,10,0
4920,52,1,13,2,11,1,0,19,77,83,1,1,5,15,3,1
4922,34,0,4,4,20,0,2,17,82,67,1,2,2,11,1,1
4923,29,0,8,3,18,0,0,74,22,66,2,4,7,67,5,0
4924,41,2,10,0,16,0,1,29,62,27,1,0,3,14,0,1
4926,33,0,8,7,10,2,0,73,30,71,2,4,12,57,19,0
4927,40,0,18,3,18,1,1,85,19,94,2,3,13,81,10,0
4928,54,0,10,6,17,1,0,84,34,88,2,3,9,83,24,0
4929,54,0,7,4,23,2,0,26,66,45,1,0,1,24,8,2
4930,53,0,8,2,6,0,0,36,43,29,1,1,0,27,1,2
4931,50,0,5,7,12,2,1,41,54,66,1,0,3,28,5,2
4932,31,2,8,1,5,1,2,52,28,51,2,5,14,33,24,1
4933,49,0,7,7,21,0,1,47,35,59,2,4,9,21,21,2
4934,25,2,4,4,23,0,1,59,37,21,1,1,2,41,6,2
4935,48,1,2,3,18,0,1,61,22,78,2,5,6,43,28,0
4936,41,0,6,1,1,1,1,58,34,55,1,1,5,32,5,2
4937,42,0,0,1,5,1,0,59,56,54,2,2,13,53,14,0
4938,58,0,8,6,19,2,2,69,23,68,2,3,12,31,16,2
4939,26,0,5,4,23,1,1,78,8,39,2,4,14,64,29,0
4940,52,0,19,1,2,1,1,62,33,54,2,3,6,60,5,0
4942,28,0,7,4,4,2,2,85,14,32,2,4,14,70,10,0
4943,41,2,5,7,21,2,1,13,87,73,1,2,4,9,4,1
4945,25,2,3,0,22,2,0,70,25,79,2,3,13,47,11,2
4948,24,0,3,4,20,0,0,23,98,30,1,1,2,12,6,1
4949,38,0,9,1,1,0,0,39,64,42,1,2,1,18,4,2
4950,47,0,13,1,1,0,2,49,48,85,2,5,8,35,21,1
4951,27,3,3,2,11,2,1,30,61,71,2,2,14,21,25,1
4952,45,0,15,4,23,1,0,80,28,49,2,2,12,74,13,0
4953,50,1,2,1,1,1,1,78,15,32,2,3,5,68,11,0
4954,24,1,3,2,6,1,0,66,14,23,2,3,5,63,5,0
4955,49,0,6,6,7,2,1,46,42,83,1,2,1,40,2,2
4956,45,1,5,2,11,2,1,11,84,65,1,2,5,8,1,1
4957,44,1,10,5,14,1,0,71,19,55,2,2,12,59,19,0
4958,45,1,10,1,1,1,1,58,40,58,2,2,6,35,21,2
4959,23,0,2,5,15,1,0,26,75,73,1,0,5,21,5,2
4960,21,0,0,2,9,2,1,51,49,68,1,1,3,28,7,2
4961,35,0,11,3,18,1,1,32,70,50,1,2,4,16,7,1
4962,51,0,12,5,14,1,1,61,35,82,2,3,11,44,19,0
4963,55,2,5,5,13,2,0,12,95,24,1,0,2,9,5,1
4964,43,1,12,4,20,0,1,72,29,38,2,2,9,68,17,0
4965,30,2,9,4,4,1,1,11,88,21,1,2,0,8,6,1
4966,35,0,14,0,16,0,2,33,71,66,1,0,4,21,8,1
4968,47,0,4,6,7,2,0,46,48,44,1,2,2,28,0,0
4969,43,2,5,1,2,1,0,33,56,36,1,0,4,17,1,2
4970,50,0,8,3,18,1,1,11,75,27,1,0,0,10,9,1
4971,43,2,14,3,18,0,0,56,49,44,1,1,5,39,3,2
4972,60,1,17,2,9,1,0,44,42,38,1,2,5,26,7,2
4973,46,0,11,6,19,2,1,85,22,81,2,4,11,54,25,0
4974,48,0,8,6,7,0,1,43,63,25,1,0,4,36,5,2
4975,38,2,7,0,0,1,1,15,92,52,1,0,4,7,7,1
4976,29,2,8,2,6,1,0,15,71,91,1,1,4,13,2,1
4977,32,0,1,7,10,1,1,86,11,26,2,2,7,51,21,0
4978,31,0,10,5,15,1,2,31,62,37,1,1,0,21,8,1
4979,58,0,0,7,12,1,1,16,100,39,1,2,4,11,4,1
4980,50,3,14,2,9,1,0,15,82,65,1,2,3,10,9,1
4981,44,0,6,4,20,2,0,93,10,30,2,2,10,58,15,0
4982,34,0,0,5,13,0,1,14,100,87,1,1,3,13,2,1
4983,40,1,13,7,12,2,1,23,84,36,1,1,4,22,5,1
4984,30,2,4,2,6,0,0,89,2,79,2,4,11,58,26,0
4985,60,2,8,6,19,2,0,64,37,71,2,4,14,38,18,0
4986,43,1,0,5,13,2,0,24,64,53,1,1,5,19,2,0
4987,24,2,3,6,7,0,1,10,77,36,1,2,0,6,7,1
4988,40,2,15,0,16,2,2,32,50,75,1,0,0,29,8,1
4989,35,0,10,2,9,2,0,24,72,21,1,0,1,23,0,1
4990,45,1,9,2,9,2,1,67,39,35,2,5,6,35,24,2
4991,36,0,10,7,21,2,0,15,90,54,1,2,0,14,0,1
4992,36,1,14,3,8,2,0,79,4,64,2,5,13,77,9,0
4993,24,2,3,6,19,2,1,40,62,85,1,2,3,32,6,1
4994,56,0,2,5,14,1,0,26,70,31,1,1,0,17,4,2
4995,34,0,0,1,2,0,2,62,59,63,2,3,14,27,15,2
4996,24,0,3,7,10,0,0,53,43,70,1,0,1,23,6,2
4997,54,2,16,0,16,0,1,57,41,22,2,2,9,29,12,1
4998,58,2,7,1,5,2,0,60,47,92,2,2,12,52,8,2
4999,31,2,10,0,0,1,1,19,81,41,1,1,0,15,2,1
5000,25,1,4,2,11,0,1,56,39,91,1,0,0,54,2,2
5001,57,0,12,5,14,0,1,52,66,55,1,0,3,43,1,2
5002,60,0,4,1,5,0,0,20,70,58,1,1,4,18,4,1
5003,46,2,13,6,17,1,1,71,38,89,2,2,8,58,15,2
5004,40,2,8,1,1,1,0,85,9,61,2,4,6,79,20,0
5005,48,0,8,2,6,2,0,30,87,63,1,0,4,29,5,1
5006,32,0,11,5,13,2,0,75,19,37,2,3,6,55,29,0
5007,49,0,8,4,20,2,1,23,67,28,1,0,1,13,7,1
5008,36,1,3,0,16,1,1,85,34,46,2,5,7,43,6,0
5009,52,1,12,5,13,0,2,27,65,65,1,2,0,16,6,1
5010,24,0,3,5,13,1,1,54,30,47,2,5,12,46,29,0
5011,22,0,1,1,1,0,1,39,63,30,1,0,1,20,2,2
5012,48,2,9,2,9,2,0,51,57,22,1,0,1,29,2,2
5013,52,0,6,7,10,2,2,14,76,21,1,2,0,7,6,1
5014,45,2,10,0,16,2,0,65,27,78,2,3,8,43,22,2
5015,45,0,8,7,21,2,1,16,83,46,1,2,2,14,1,1
5016,34,0,10,2,9,1,1,43,72,32,1,0,4,23,0,1
5017,52,1,5,3,8,1,2,42,65,24,1,0,4,21,2,1
5018,23,3,2,2,6,0,0,14,93,28,1,1,2,9,5,1
5019,42,0,6,2,11,2,1,31,67,66,1,0,3,17,7,1
5020,56,0,9,7,12,2,1,69,29,61,2,2,7,41,29,2
5022,34,0,13,0,16,1,0,41,66,64,1,2,1,26,5,1
5023,54,2,7,6,7,1,0,42,53,75,1,1,3,37,1,2
5024,28,2,7,7,12,0,1,30,72,75,1,2,3,18,7,1
5025,49,0,9,4,20,1,2,39,58,21,1,0,5,34,7,1
5026,28,0,7,4,23,2,2,34,67,49,1,2,1,21,9,1
5027,41,3,13,4,4,2,1,31,62,43,1,0,5,30,6,1
5028,41,1,11,5,15,0,1,51,61,78,1,2,0,29,5,2
5029,35,0,5,7,12,0,0,42,64,49,1,1,1,26,4,2
5030,43,2,10,6,17,2,0,61,24,28,1,1,0,52,2,0
5031,59,0,12,1,5,2,0,67,21,45,2,5,10,56,14,0
5032,23,0,0,7,21,2,0,31,62,25,1,2,2,25,2,2
5033,26,0,5,1,2,1,0,76,29,74,2,4,6,62,9,0
5034,55,2,9,1,1,1,0,66,36,70,2,3,9,64,14,0
5035,57,0,5,6,19,2,1,11,95,73,1,1,5,5,7,1
5037,55,3,6,3,18,2,1,70,33,24,2,3,5,43,17,2
5038,56,0,12,5,13,1,2,19,75,47,1,2,4,18,0,1
5039,27,0,6,4,20,1,2,38,47,56,1,2,4,37,9,1
5040,53,0,7,7,12,0,1,51,46,55,1,1,0,49,2,2
5041,38,3,8,2,9,2,0,65,65,85,1,0,5,33,0,1
5042,54,0,1,4,4,2,2,20,91,44,1,0,2,12,3,1
5043,49,2,15,1,5,0,0,41,46,77,1,1,5,40,8,2
5044,36,0,7,3,8,1,2,46,60,41,2,2,6,32,22,1
5045,32,1,5,6,7,1,1,40,59,41,1,1,5,39,4,2
5046,54,1,13,3,8,2,0,55,32,55,2,4,13,51,8,0
5047,34,1,8,7,12,1,1,39,71,77,1,2,2,24,9,1
5048,49,2,7,0,22,2,1,20,82,73,1,1,0,15,0,1
5049,51,1,5,3,8,2,2,69,37,64,2,4,13,50,25,2
5050,51,2,16,4,20,0,0,10,93,87,1,2,5,5,5,1
5051,41,1,2,6,19,0,0,50,48,80,1,0,0,41,4,0
5052,40,1,7,1,5,1,2,46,65,80,1,1,0,37,7,1
5053,36,0,11,2,6,1,0,35,66,48,1,2,4,30,1,2
5054,46,0,17,0,22,1,0,30,74,68,1,1,4,13,9,1
5055,28,0,7,7,21,0,1,76,25,45,2,2,5,61,16,0
5057,60,2,13,0,22,2,1,42,53,99,1,2,2,33,1,1
5058,26,0,5,0,16,1,1,65,43,21,2,3,7,39,10,2
5059,51,1,8,6,7,1,0,92,0,66,0,7,20,70,33,0
5060,42,0,15,1,5,1,0,22,73,61,1,0,1,13,6,1
5061,49,0,10,5,15,1,2,13,67,37,1,1,1,8,2,1
5063,53,1,11,6,19,1,1,37,66,66,1,0,3,21,9,2
5064,53,2,2,7,10,2,0,31,58,77,2,3,11,22,17,2
5065,26,0,5,5,13,2,1,48,64,77,2,3,13,28,6,2
5066,22,2,1,3,3,1,0,85,0,20,2,2,5,73,9,0
5067,27,2,6,4,20,1,0,12,81,39,1,1,3,8,8,1
5068,26,0,5,0,22,2,1,24,77,98,1,0,3,20,5,1
5069,29,0,8,4,23,2,2,84,22,88,2,4,11,77,29,0
5071,53,0,8,1,1,1,0,91,2,85,2,3,7,71,9,0
5072,52,1,9,0,16,0,0,68,16,71,2,3,14,48,15,0
5073,35,0,8,2,9,0,0,27,61,60,1,1,2,17,1,1
5074,47,0,18,0,22,1,0,71,35,92,2,4,6,41,10,2
5075,28,1,3,1,5,0,2,33,65,26,1,1,4,16,2,1
5076,35,0,6,4,20,1,1,74,23,51,2,2,14,39,13,0
5077,27,2,6,1,2,0,2,35,54,34,1,2,5,27,5,1
5078,52,0,16,2,9,0,0,18,85,35,1,2,5,11,4,1
5079,44,2,8,1,5,1,1,67,32,76,2,5,8,32,26,2
5080,30,0,9,3,18,2,0,48,51,92,1,2,3,28,9,2
5081,60,0,7,5,14,2,1,46,53,83,2,4,9,27,13,2
5082,29,1,6,4,23,2,1,12,100,70,1,1,0,9,2,1
5083,60,0,13,0,0,2,0,11,81,71,1,0,0,8,1,1
5084,36,0,4,0,0,0,1,44,40,76,1,2,2,31,2,1
5085,24,0,3,2,6,2,1,22,86,68,1,1,3,19,2,1
5086,40,1,1,5,14,1,0,26,80,33,1,1,3,24,0,0
5087,33,0,2,4,4,1,0,81,10,45,2,5,8,59,11,0
5088,44,0,0,4,20,1,0,42,64,26,1,0,2,23,2,0
5089,21,0,0,2,9,1,0,48,41,72,1,0,1,27,9,2
5090,25,2,4,7,10,1,1,37,64,38,1,0,1,22,6,1
5091,40,0,14,0,16,0,0,21,72,62,1,1,1,20,9,1
5092,51,0,13,6,19,1,0,79,19,85,2,5,11,73,9,0
5093,43,2,0,6,17,1,1,61,31,86,2,3,5,60,27,0
5095,26,2,5,7,21,1,0,16,84,80,1,0,5,11,4,1
5096,24,0,3,0,22,0,1,85,2,73,2,5,7,66,28,0
5097,44,0,8,2,6,2,0,63,43,23,1,1,4,50,2,0
5098,45,2,11,6,17,1,0,16,93,64,1,1,2,12,2,1
5099,46,0,0,5,14,0,0,52,31,64,2,2,8,51,8,0
5100,21,3,0,7,21,2,0,60,43,50,1,0,2,47,6,0
5101,23,0,2,4,4,0,1,32,60,38,1,1,2,28,8,2
5102,45,3,5,2,9,0,0,12,96,54,1,1,5,10,0,1
5103,25,0,2,7,12,0,1,67,40,26,2,4,14,35,5,0
5104,34,2,10,7,10,1,0,92,18,44,2,5,5,63,8,0
5105,48,2,15,1,1,1,2,71,15,68,2,3,14,68,14,2
5106,32,0,4,3,18,2,1,25,72,26,1,1,3,14,1,1
5107,48,2,17,2,9,1,1,14,90,26,1,2,4,8,7,1
5108,54,2,4,3,8,1,0,60,33,81,2,5,5,50,9,2
5109,23,3,2,6,19,0,0,39,57,95,2,5,6,21,29,2
5110,30,2,0,0,0,1,1,80,28,77,2,4,14,52,5,2
5111,58,0,21,3,3,0,1,29,61,37,1,1,1,24,6,1
5112,22,2,1,4,23,2,2,74,22,68,2,3,6,64,22,2
5113,24,0,3,5,15,2,2,31,82,24,1,0,3,26,6,1
5114,28,2,7,1,5,2,0,65,48,62,2,2,14,38,6,2
5115,55,2,10,6,7,0,2,32,51,44,2,5,10,22,11,1
5116,37,0,12,2,6,0,0,21,89,22,1,0,3,17,0,1
5117,33,0,10,2,11,1,2,16,89,96,1,1,2,12,2,1
5118,47,0,6,5,14,0,0,19,74,28,1,1,1,11,3,2
5119,47,0,5,5,13,1,0,69,43,76,2,4,9,59,22,0
5120,24,0,3,6,7,0,1,14,87,83,1,2,5,12,8,1
5121,59,2,8,7,10,1,0,47,59,43,1,1,1,29,9,2
5122,33,0,5,4,4,1,0,18,97,83,1,1,0,9,6,1
5123,25,0,4,1,2,0,0,26,78,36,1,0,2,22,9,2
5124,35,1,10,2,11,1,0,80,13,81,2,3,12,76,17,0
5125,25,0,4,2,11,0,0,45,76,71,1,0,5,43,2,2
5126,51,0,0,1,1,1,2,40,61,45,1,0,0,39,0,2
5127,24,2,3,7,10,0,0,55,35,56,2,4,8,33,15,2
5128,27,0,6,5,14,0,0,25,88,22,1,0,2,12,7,2
5129,47,0,5,2,9,0,0,26,76,39,1,1,4,24,5,1
5130,53,2,8,3,8,2,2,66,43,51,2,3,6,56,5,1
5131,33,0,9,6,19,2,2,16,89,90,1,0,0,8,9,1
5132,29,0,3,3,3,1,0,49,57,77,1,0,2,30,9,2
5133,29,0,8,7,12,2,0,36,53,37,1,1,2,34,8,2
5134,38,0,14,5,13,1,0,65,41,80,2,2,10,61,22,0
5135,26,1,5,6,19,2,0,44,60,89,1,1,0,37,8,0
5136,53,2,7,0,0,1,1,36,87,73,1,0,3,27,3,1
5137,42,0,8,4,20,0,0,39,68,67,1,1,5,36,5,2
5138,35,1,10,7,12,1,2,46,50,77,1,1,2,22,9,1
5139,34,0,2,3,3,0,1,61,64,21,2,5,5,29,7,2
5140,59,2,9,1,5,1,0,68,33,66,2,4,6,52,26,0
5141,25,1,4,0,0,1,0,73,11,51,2,5,14,56,6,0
5142,25,0,4,0,16,0,1,19,96,45,1,2,0,17,2,1
5143,23,0,2,7,10,0,2,56,58,82,2,2,8,29,19,1
5144,26,2,5,0,22,0,1,23,92,66,1,1,5,16,7,1
5145,50,2,5,2,11,1,0,55,60,74,2,5,9,39,22,1
5146,45,1,10,3,18,2,0,78,32,52,2,2,10,52,15,0
5147,33,2,12,0,22,2,0,55,51,67,1,2,2,26,6,1
5148,44,0,4,5,15,1,0,40,58,65,2,2,8,35,18,2
5149,47,0,7,5,13,1,1,59,39,44,2,4,13,35,17,0
5150,23,1,2,1,5,1,2,29,65,93,1,0,1,26,2,1
5151,32,0,6,2,9,2,1,53,44,64,1,0,2,23,7,1
5152,31,2,6,4,23,1,1,71,29,81,2,5,13,35,9,2
5153,32,0,9,0,0,2,0,69,34,80,2,5,6,52,20,2
5154,41,2,12,1,1,2,1,18,83,27,1,1,0,10,2,1
5155,29,3,8,3,8,0,0,13,90,81,1,0,2,10,6,1
5156,35,0,13,2,9,2,0,68,45,94,2,5,8,43,23,2
5157,43,1,11,0,16,1,1,49,55,30,1,1,0,40,6,2
5158,39,3,12,0,16,1,0,51,44,78,1,2,5,23,7,1
5159,56,2,5,0,22,2,0,28,59,76,1,2,4,21,4,1
5160,51,1,6,5,14,0,0,17,100,59,1,0,4,13,5,2
5161,45,0,13,7,10,2,0,43,49,23,1,2,1,31,4,2
5162,46,0,16,1,1,1,1,44,51,51,1,1,5,30,5,2
5163,40,0,11,1,1,0,0,46,53,66,1,2,1,43,6,2
5164,56,3,0,6,19,0,0,73,30,97,2,5,12,41,23,0
5166,28,0,3,1,2,1,1,45,55,64,2,5,7,43,27,2
5167,39,2,15,0,0,1,2,43,57,23,1,1,1,25,5,1
5168,54,0,0,4,20,0,0,75,25,79,2,5,13,51,5,0
5169,28,0,4,2,11,1,0,76,37,98,2,3,12,72,25,0
5170,60,1,13,2,11,2,1,53,47,94,2,3,7,43,5,2
5171,36,1,4,7,12,2,2,85,4,79,2,4,5,76,13,0
5172,24,2,1,5,13,2,1,92,11,51,2,3,9,82,11,0
5174,48,1,0,4,4,2,2,64,29,22,2,2,7,61,26,0
5175,60,0,11,1,5,1,2,53,52,55,2,5,11,36,29,1
5176,48,0,0,1,5,1,0,24,64,70,1,2,4,18,1,2
5177,50,0,10,7,12,0,2,10,100,85,1,2,1,9,7,1
5178,59,1,13,3,18,0,2,25,86,73,1,2,1,21,7,1
5179,59,0,4,5,13,1,2,70,23,49,2,2,7,50,5,0
5180,49,0,9,2,9,1,0,19,80,39,1,0,0,10,2,1
5181,32,0,4,3,8,2,0,56,57,64,2,3,8,40,20,2
5182,57,2,9,3,8,0,0,24,74,55,1,0,5,15,5,1
5183,47,0,1,6,7,2,0,59,40,84,2,4,9,31,20,0
5184,30,1,9,7,21,1,0,80,33,33,2,2,13,65,20,0
5185,44,0,18,1,1,2,1,80,29,77,2,3,10,63,6,0
5186,22,0,1,4,4,2,2,82,24,78,2,4,7,61,25,0
5187,31,2,7,7,12,2,1,85,3,84,0,6,25,74,42,0
5188,39,1,6,7,21,0,0,19,82,46,1,0,2,14,9,2
5189,49,2,8,5,14,0,1,44,57,33,1,2,5,36,6,2
5190,41,2,15,2,11,1,0,44,43,88,1,2,0,29,5,1
5191,26,2,2,2,6,1,1,11,100,70,1,2,0,10,9,1
5192,46,2,20,6,7,0,0,48,46,69,1,0,0,43,6,2
5194,35,0,0,4,4,1,0,11,100,66,1,2,0,7,6,1
5195,28,0,7,5,15,2,1,69,41,30,2,2,10,64,16,0
5196,28,0,1,6,17,1,0,62,38,23,1,1,3,60,6,0
5197,29,1,6,5,13,2,0,20,80,36,1,2,0,9,7,2
5199,60,1,0,6,19,0,0,61,61,66,2,5,11,39,10,0
5200,21,2,0,6,17,2,0,25,51,35,1,0,1,19,6,2
5201,52,1,11,3,8,1,2,29,74,23,1,0,1,14,9,1
5202,35,2,9,2,9,1,1,20,79,87,1,0,1,19,2,1
5203,58,0,7,2,9,1,0,19,62,65,1,1,0,18,4,1
5204,44,1,13,3,8,2,2,11,87,91,1,1,4,6,2,1
5205,57,1,0,6,19,1,0,50,59,69,1,2,5,39,6,0
5206,23,2,2,1,1,1,2,11,86,66,1,2,4,7,3,1
5207,40,3,1,0,16,0,1,72,32,93,2,5,7,37,20,2
5209,41,0,8,1,2,1,0,45,52,60,1,2,4,37,1,2
5210,44,0,8,5,13,1,1,78,4,46,2,3,12,47,26,0
5212,42,0,9,5,15,1,1,65,21,68,2,3,14,44,24,0
5213,30,0,3,3,8,1,0,53,57,51,2,3,8,38,10,2
5214,43,0,5,3,3,0,1,83,14,63,2,4,7,75,10,0
5215,59,2,14,6,7,2,0,20,90,51,1,2,1,19,0,1
5216,38,1,4,5,14,0,2,11,98,21,1,1,1,6,7,1
5217,60,0,10,5,14,1,1,28,61,80,1,1,4,25,1,2
5218,26,0,5,1,2,2,2,63,47,87,2,4,12,53,7,2
5219,28,0,7,7,12,1,0,11,86,34,1,0,4,8,1,1
5220,32,0,11,5,13,1,1,14,73,85,1,2,5,10,0,1
5221,33,2,6,6,17,1,0,18,86,54,1,1,0,8,7,1
5222,25,0,4,6,17,1,0,83,28,37,2,4,9,39,28,0
5223,56,2,11,5,14,0,0,75,12,67,2,3,9,68,17,0
5224,47,1,5,7,10,1,0,44,50,32,2,2,10,29,21,0
5225,40,0,6,4,20,0,1,14,99,62,1,1,5,6,4,1
5226,38,0,7,7,21,2,1,60,60,35,1,0,5,55,7,2
5227,59,2,13,2,9,1,2,10,95,27,1,2,4,7,4,1
5228,32,0,10,1,5,1,2,21,89,61,1,2,1,18,8,1
5229,59,2,4,2,9,0,0,55,45,59,2,4,10,42,19,2
5230,51,0,17,2,11,1,1,66,38,72,2,2,12,40,16,2
5231,47,1,9,6,7,1,0,63,35,44,2,5,5,42,13,0
5232,57,0,10,4,4,1,2,14,87,71,1,2,0,8,9,1
5233,48,0,18,2,6,0,1,45,47,23,1,1,1,33,9,1
5234,40,2,0,5,14,1,0,54,33,41,2,4,7,51,20,0
5235,36,1,13,5,14,1,0,91,0,58,2,4,8,84,21,0
5236,40,3,3,2,9,2,1,29,81,68,1,1,3,26,5,1
5237,25,1,4,6,19,1,0,20,85,92,1,0,1,10,1,1
5238,38,2,7,2,11,2,0,57,49,91,2,5,10,39,19,1
5239,43,2,3,7,10,1,0,54,55,33,1,1,1,50,1,2
5240,22,0,1,4,4,1,0,70,23,24,1,0,3,53,9,0
5241,38,0,13,7,10,0,1,19,74,51,1,2,1,10,4,1
5242,28,0,7,2,6,2,0,34,70,72,1,0,2,28,8,1
5243,44,0,4,3,8,1,1,59,46,84,1,2,1,50,7,2
5244,48,1,16,1,5,1,0,69,31,81,2,5,14,33,8,0
5245,34,0,9,7,10,2,0,33,69,88,1,2,1,23,3,1
5246,39,2,11,1,1,1,0,43,56,53,1,0,5,42,0,2
5247,29,3,5,3,18,0,2,74,21,85,2,5,13,60,20,1
5248,25,0,4,6,19,0,0,34,71,80,1,1,3,33,6,2
5249,25,2,4,5,14,2,1,85,20,84,2,2,10,57,25,0
5250,29,0,8,3,18,2,0,93,20,88,2,5,13,92,11,0
5251,50,0,6,1,2,0,1,49,40,80,1,2,3,43,3,2
5252,53,1,5,0,16,2,1,15,94,39,1,0,2,11,6,1
5254,28,0,7,2,9,1,0,39,62,36,1,1,0,20,9,2
5255,44,3,10,4,20,1,1,70,35,36,2,4,14,54,25,2
5256,49,3,4,5,15,2,2,33,62,91,1,2,5,25,7,1
5257,49,1,4,4,20,2,1,64,47,58,2,4,10,54,9,0
5258,51,0,2,6,19,1,0,34,68,90,1,0,3,30,0,2
5259,40,2,8,5,13,2,0,13,86,36,1,2,1,8,0,1
5260,51,0,0,1,1,1,1,60,56,24,1,1,4,45,2,0
5261,34,2,9,3,18,0,1,79,11,87,2,2,8,44,26,2
5262,33,2,12,5,14,2,0,58,38,41,1,0,1,52,8,0
5263,46,2,4,7,10,0,0,14,81,48,1,2,3,11,7,1
5264,51,0,2,3,18,1,1,10,83,70,1,0,2,9,2,1
5265,28,0,0,3,18,2,1,35,60,27,1,1,4,27,5,2
5266,24,2,3,7,21,1,0,79,22,41,2,2,6,39,15,0
5267,24,0,3,2,9,1,1,68,33,83,2,5,5,64,26,2
5268,35,0,8,5,14,2,1,88,0,36,0,6,20,81,34,0
5269,32,0,9,7,12,2,1,11,71,76,1,2,1,5,8,1
5270,51,1,9,1,5,1,0,47,58,81,1,2,3,39,5,2
5271,41,3,2,2,11,0,0,44,64,81,1,1,1,43,4,2
5272,49,0,7,6,19,1,1,34,49,87,1,0,4,25,5,2
5273,58,0,11,5,15,1,0,33,66,74,1,0,1,14,1,2
5274,46,2,4,1,2,1,1,28,63,22,1,2,5,20,1,1
5275,47,0,11,0,22,0,2,30,70,98,1,1,1,15,8,1
5276,55,1,14,0,22,1,0,42,64,69,1,2,3,25,4,2
5277,35,0,14,3,8,1,0,33,77,41,1,2,3,18,4,1
5278,29,0,6,2,11,2,1,20,93,99,1,2,3,9,0,1
5279,46,0,20,7,12,0,0,42,61,66,2,3,14,23,8,2
5280,33,0,12,0,16,1,0,15,84,37,1,0,2,9,7,1
5281,34,1,12,2,6,2,1,83,18,45,2,3,5,53,21,0
5282,56,2,7,7,10,0,2,85,17,82,2,2,12,46,12,2
5283,50,0,15,5,13,1,0,27,81,32,1,1,5,17,5,2
5284,21,0,0,5,15,1,0,22,74,94,1,1,1,21,9,2
5285,38,3,14,1,5,1,1,78,27,42,2,4,13,53,21,0
5286,46,0,14,4,4,1,1,48,55,71,1,0,1,31,9,2
5287,30,0,9,0,0,0,0,80,12,85,2,3,13,72,9,0
5288,34,0,5,1,1,2,0,20,80,48,1,0,1,13,3,1
5291,46,3,13,2,9,2,1,54,57,51,2,2,8,41,21,1
5292,25,0,4,4,4,1,0,31,57,61,1,1,4,15,5,2
5293,31,0,6,4,20,1,2,66,27,40,2,3,13,47,29,2
5294,37,0,9,1,2,0,0,28,70,75,1,2,3,19,8,1
5296,22,2,1,5,14,1,0,78,18,70,2,5,7,62,22,0
5297,30,3,9,1,5,2,0,10,89,74,1,1,4,7,8,1
5298,34,1,11,2,11,0,0,61,35,93,2,2,13,38,11,2
5299,29,0,8,7,21,1,0,16,99,44,1,1,2,14,5,1
5300,54,0,3,0,0,2,0,69,41,21,2,3,12,40,29,2
5301,56,2,10,7,21,1,2,70,19,78,2,3,6,64,23,2
5302,53,0,15,7,12,1,0,73,23,69,2,5,11,60,9,0
5303,45,2,9,0,22,0,0,39,75,65,1,2,3,18,4,1
5304,27,2,6,6,17,1,1,85,4,77,2,3,14,56,21,0
5305,31,2,10,7,12,1,0,62,35,50,2,2,12,44,5,0
5307,53,0,5,4,4,2,2,50,53,78,1,0,5,47,5,1
5308,28,2,0,6,17,1,1,22,92,80,1,2,3,19,2,1
5309,22,2,1,1,2,0,1,16,87,52,1,0,5,8,3,1
5310,54,0,9,7,12,1,0,57,36,30,1,2,0,42,5,0
5311,57,1,15,6,7,2,0,26,84,39,1,2,5,25,2,2
5312,26,2,5,1,1,2,0,89,4,59,0,7,20,48,47,0
5313,55,0,8,0,22,1,1,14,90,85,1,0,0,6,3,1
5314,41,2,11,6,19,2,0,47,71,98,2,5,10,29,27,2
5315,36,0,8,0,16,1,0,19,81,70,1,1,0,12,2,1
5316,41,2,9,4,20,0,1,41,68,21,1,1,4,25,2,2
5317,58,3,8,1,1,1,0,83,29,80,2,4,5,64,29,0
5318,23,0,2,0,0,1,0,10,75,72,1,2,4,4,3,1
5319,27,0,6,2,9,1,1,45,50,20,1,0,0,30,7,2
5320,44,1,0,4,20,2,0,33,56,50,1,0,2,19,6,0
5321,25,0,4,7,10,1,1,13,79,26,1,0,4,10,4,1
5322,51,0,10,6,19,1,0,12,81,99,1,0,3,9,0,1
5323,31,2,10,3,8,2,0,43,67,48,1,1,3,20,3,1
5324,41,1,8,2,11,0,1,57,48,77,2,2,10,49,13,2
5325,55,3,4,2,9,1,0,10,81,68,1,2,0,9,6,1
5326,26,2,5,3,8,2,0,34,61,85,1,1,0,25,1,1
5327,57,0,5,7,21,1,1,68,27,94,2,5,12,33,5,2
5328,43,1,8,3,8,2,0,34,55,31,1,1,0,31,8,2
5329,33,3,8,1,2,1,0,38,61,60,1,1,1,33,2,2
5330,24,2,3,1,5,1,0,24,75,77,1,0,1,23,8,1
5331,45,0,13,2,11,1,2,36,82,70,1,0,3,18,6,1
5332,47,2,16,2,9,0,0,47,56,26,1,0,5,36,7,1
5334,27,1,0,6,19,2,0,19,75,79,1,0,1,12,3,2
5335,59,0,6,3,8,1,1,27,77,27,1,0,5,26,1,1
5336,49,0,16,7,10,2,0,55,31,91,2,3,5,42,24,2
5337,32,0,11,2,9,1,1,67,26,64,2,2,12,48,18,2
5338,27,0,5,2,6,0,1,44,50,54,1,0,4,23,2,1
5339,52,0,11,5,15,0,1,80,23,34,2,5,13,48,25,0
5340,27,1,6,7,12,1,0,92,0,71,2,4,9,68,29,0
5341,28,0,7,0,0,2,1,34,60,71,1,0,2,15,7,1
5343,36,2,15,1,1,1,0,53,33,36,2,5,9,32,6,2
5344,30,2,5,3,8,1,1,44,73,55,1,1,4,40,8,1
5345,32,3,4,3,8,2,0,66,20,55,1,1,5,34,4,2
5347,43,1,6,2,11,0,1,71,35,97,2,2,12,48,11,2
5348,39,0,0,7,21,1,0,26,63,46,1,0,0,12,2,2
5349,37,1,16,4,4,1,1,29,69,36,1,0,5,25,7,2
5350,38,1,6,5,13,1,0,56,38,46,1,1,0,52,4,0
5351,24,1,3,5,13,2,1,74,41,33,2,2,5,55,18,0
5352,25,2,4,6,17,0,0,44,51,55,2,2,7,30,27,2
5353,47,0,10,2,9,0,1,12,79,75,1,2,3,6,6,1
5354,42,2,5,1,2,2,1,68,38,85,1,1,5,45,8,2
5355,28,0,7,7,10,0,0,93,9,74,2,2,14,73,29,0
5356,53,2,11,6,17,0,1,24,85,61,1,2,1,19,5,1
5357,37,2,12,3,18,0,1,50,71,64,1,1,0,24,3,1
5358,38,2,14,7,10,0,0,69,31,63,2,2,10,40,12,2
5359,53,0,3,1,2,1,0,51,56,33,2,4,7,49,29,0
5360,42,1,2,4,23,1,2,42,39,91,1,2,2,31,2,2
5361,60,0,4,0,16,0,1,36,70,27,2,5,10,25,20,1
5362,49,1,3,7,21,2,1,56,49,80,2,3,6,43,24,2
5363,41,2,0,2,11,1,1,34,63,98,1,2,1,16,7,1
5364,55,0,9,0,16,2,1,70,15,56,2,4,11,44,18,2
5365,31,0,5,7,10,2,1,75,51,57,2,2,12,68,21,0
5366,53,2,9,5,14,1,0,37,63,88,1,1,3,22,6,2
5367,31,0,0,1,1,2,1,35,80,76,2,2,12,31,14,2
5368,46,2,0,0,16,1,1,91,6,84,2,4,9,43,10,2
5369,35,2,4,0,22,2,2,40,85,99,1,2,5,22,5,1
5370,40,0,8,6,17,2,0,57,42,88,2,3,11,29,11,2
5371,28,2,7,2,6,0,2,19,78,43,1,1,0,13,2,1
5372,42,1,10,1,1,1,0,73,16,42,2,3,8,54,15,0
5374,25,0,4,3,3,1,1,33,56,32,2,4,7,23,9,1
5375,44,0,0,6,7,1,0,57,50,75,2,4,5,35,20,0
5376,54,0,4,6,7,0,0,93,0,50,2,4,14,86,23,0
5377,55,2,7,3,18,0,0,34,77,34,1,1,5,25,8,1
5378,37,1,9,5,14,1,2,48,65,54,1,1,1,33,3,2
5379,49,0,7,3,8,2,1,47,50,35,1,1,5,41,1,2
5380,60,2,8,4,20,1,1,74,16,72,2,4,12,43,25,2
5381,46,2,3,3,3,0,2,10,76,28,1,2,2,9,9,1
5382,35,0,9,1,5,2,0,68,26,82,1,0,4,33,5,0
5383,40,2,9,3,3,2,2,31,58,36,1,0,3,15,4,1
5384,46,2,13,5,15,2,0,37,62,43,1,0,4,16,5,2
5385,57,0,10,6,17,1,0,91,27,89,2,2,14,85,23,0
5386,35,0,13,7,12,1,1,62,12,94,2,5,13,41,15,2
5387,29,0,8,0,22,2,1,18,83,68,1,0,2,15,7,1
5388,60,0,5,1,5,0,0,32,60,59,1,2,4,25,1,2
5389,35,2,10,7,12,2,1,10,76,21,1,1,3,9,3,1
5390,59,0,14,1,2,0,0,38,71,70,1,2,1,33,0,2
5391,51,1,13,2,11,1,0,21,75,70,1,2,5,18,9,1
5392,46,1,4,7,21,0,2,26,66,42,1,0,1,12,8,1
5393,26,0,5,3,3,2,1,83,16,38,2,3,13,70,19,0
5394,45,0,4,2,11,0,0,60,44,78,2,4,7,59,25,2
5395,60,0,3,4,20,0,0,91,14,35,2,5,11,90,8,0
5398,53,2,9,2,6,2,0,40,69,31,1,1,2,30,2,1
5399,22,0,1,2,6,1,1,60,19,63,1,0,4,42,9,2
5400,48,0,9,0,0,0,1,33,68,60,1,0,5,24,0,1
5401,31,1,4,2,9,1,1,82,17,82,2,4,9,50,18,0
5402,53,0,0,5,15,1,1,78,11,69,2,3,13,68,17,0
5403,50,2,0,7,10,1,0,43,63,44,1,2,1,42,7,2
5404,42,2,4,7,10,2,2,77,27,78,2,3,10,60,23,2
5405,38,2,9,6,7,1,1,71,15,29,2,5,7,59,7,0
5406,51,0,4,1,1,0,1,37,58,57,1,0,4,19,9,1
5407,22,1,1,4,20,1,0,83,0,67,2,5,13,80,15,0
5408,44,2,10,3,18,0,0,73,28,66,2,2,9,45,19,2
5409,36,2,10,5,13,2,1,33,68,48,1,2,1,18,7,1
5410,29,2,8,1,5,1,1,50,55,59,1,1,5,44,5,2
5411,21,2,0,1,5,2,2,86,31,71,2,3,5,68,21,0
5412,58,0,15,0,22,1,2,79,2,73,2,2,13,71,6,2
5413,55,0,16,5,14,1,1,52,61,79,1,1,2,49,5,2
5414,55,1,10,1,5,2,1,59,47,45,2,4,14,32,21,2
5415,36,2,8,0,0,0,1,85,0,80,2,4,13,43,12,2
5416,31,1,10,1,1,0,0,13,94,46,1,2,3,11,9,1
5417,54,2,7,2,6,0,2,82,18,61,2,3,13,78,27,2
5418,28,1,7,4,23,1,1,27,79,50,1,2,0,23,9,2
5419,23,0,2,4,23,2,1,37,49,49,1,1,0,31,1,2
5420,59,0,4,4,4,0,1,54,46,57,2,2,11,49,9,2
5421,27,2,6,2,11,2,1,92,7,82,2,2,14,63,17,0
5422,50,0,5,4,20,2,1,24,79,58,1,1,3,19,6,1
5423,40,0,3,0,0,1,1,27,63,27,1,1,0,23,2,1
5424,26,2,4,7,21,0,0,55,58,89,2,2,13,50,21,2
5425,35,0,10,2,9,2,0,43,53,80,2,5,7,32,14,2
5426,29,2,5,0,16,1,1,81,22,41,2,2,13,76,25,0
5427,27,0,1,0,0,0,1,45,56,42,1,1,5,22,5,2
5428,41,0,11,1,2,2,0,73,14,72,2,5,14,62,18,0
5429,35,1,7,7,12,2,0,56,38,20,2,3,9,28,15,0
5430,59,0,6,4,23,1,2,51,54,67,1,1,1,43,7,1
5431,58,2,16,3,8,1,0,47,48,66,1,2,2,42,9,2
5432,39,1,13,3,8,1,1,60,26,39,2,5,7,52,12,0
5433,38,2,10,6,7,2,1,29,53,71,1,1,2,19,0,1
5434,21,0,0,3,18,1,1,72,24,65,1,1,1,65,9,0
5435,60,1,6,1,5,0,1,53,54,80,2,5,11,31,23,2
5436,51,0,0,7,10,2,1,55,43,22,2,5,10,51,25,0
5437,42,1,4,7,10,2,0,48,57,65,1,2,4,38,8,2
5438,40,1,13,6,17,1,0,53,36,72,2,3,12,52,13,0
5439,58,1,16,4,4,1,0,39,52,63,1,1,0,25,7,2
5440,58,1,0,1,5,0,1,31,59,57,1,0,4,24,2,2
5441,57,1,0,4,23,1,1,28,67,72,1,0,3,21,4,2
5442,60,0,3,4,20,1,2,30,66,88,1,0,2,17,9,1
5443,56,0,16,1,1,0,1,55,54,72,1,0,0,30,2,2
5444,59,0,6,1,5,2,1,34,66,71,2,3,9,17,29,1
5445,42,2,0,7,10,0,1,90,1,34,2,3,6,78,28,0
5446,40,2,3,7,21,1,1,47,38,45,1,1,5,33,8,2
5447,47,2,12,1,5,1,0,61,48,81,1,2,2,34,1,2
5448,31,1,5,0,16,1,0,93,5,63,2,5,5,65,22,0
5449,25,1,4,4,20,2,1,64,26,75,2,3,10,40,17,0
5450,45,3,11,4,20,0,2,64,49,82,2,3,14,31,27,1
5451,59,2,9,5,15,2,0,40,58,94,1,0,2,19,8,2
5452,28,0,7,3,8,1,1,30,65,92,1,1,1,23,0,1
5453,46,2,6,2,9,2,1,76,30,78,2,4,12,73,14,2
5454,51,0,13,2,6,1,1,89,3,47,2,3,9,82,9,0
5455,41,0,0,6,17,0,0,10,88,60,1,2,5,4,4,1
5456,47,0,8,3,8,2,1,91,0,85,2,4,13,62,28,0
5457,27,0,6,7,10,1,0,12,84,29,1,1,2,10,4,1
5458,52,0,5,0,0,1,0,31,66,25,1,1,1,21,2,1
5459,58,2,11,4,20,1,2,71,25,35,2,3,7,46,8,2
5460,35,2,14,3,18,2,2,42,70,68,2,3,5,24,23,1
5461,22,2,1,3,8,0,2,34,64,26,1,0,4,18,8,1
5462,48,1,17,7,21,1,1,41,39,72,1,2,1,28,2,2
5463,59,1,14,5,13,1,0,86,13,65,2,5,10,69,24,0
5464,53,0,10,2,11,2,0,65,23,92,1,2,5,52,4,2
5465,58,0,1,2,11,1,0,36,84,66,1,2,3,17,5,1
5466,43,0,9,5,15,1,0,82,4,32,2,3,6,46,7,0
5467,35,1,14,1,5,0,1,21,61,37,1,2,0,16,8,2
5468,25,1,0,4,23,1,0,79,13,61,2,4,13,41,18,0
5469,40,0,18,6,7,2,0,75,25,44,2,4,5,64,5,0
5470,29,0,8,5,14,2,0,43,56,49,1,2,4,26,8,2
5471,38,2,3,3,18,2,2,81,14,90,2,3,12,61,13,2
5472,35,1,10,7,21,1,0,53,54,24,1,0,1,28,6,0
5473,54,0,4,5,14,2,1,30,82,80,1,0,1,21,1,1
5474,55,1,12,6,17,1,1,72,28,53,2,3,10,60,25,0
5475,45,0,3,7,21,2,0,14,94,39,1,0,5,13,7,1
5476,46,0,8,4,4,2,1,61,13,90,2,3,6,42,19,2
5477,58,0,12,2,6,2,0,26,63,72,1,1,5,18,1,1
5478,55,0,11,7,21,1,1,27,66,76,1,1,3,24,6,1
5479,35,0,10,7,10,0,1,36,62,53,1,0,2,28,2,2
5481,27,0,6,2,9,1,0,73,38,79,2,4,12,66,5,0
5482,27,1,6,0,22,1,1,55,25,68,2,2,10,34,9,2
5483,36,0,0,2,9,1,1,37,66,94,1,1,5,30,0,1
5484,37,0,11,2,9,0,0,10,83,92,1,1,3,9,4,1
5485,34,2,6,0,22,2,0,79,0,75,2,5,6,54,20,0
5486,59,0,14,7,21,0,1,38,72,48,1,1,3,17,9,1
5487,26,0,5,3,3,2,2,46,70,31,2,2,11,32,5,1
5488,45,0,0,2,6,1,2,15,99,67,1,1,1,9,0,1
5489,52,0,7,4,4,2,1,62,40,62,2,2,8,46,25,2
5490,60,0,8,1,1,1,1,24,74,45,1,1,4,13,1,1
5491,31,0,8,6,7,1,1,43,45,24,1,2,1,19,5,2
5492,52,2,10,6,17,0,1,93,9,54,2,4,7,53,9,0
5493,33,0,3,2,6,0,0,93,12,94,2,3,11,51,23,0
5494,47,0,17,7,10,1,0,89,21,83,2,5,14,66,24,0
5495,23,0,2,0,22,2,0,55,50,90,2,2,10,37,28,2
5496,40,0,16,6,7,1,1,46,54,82,1,2,2,28,9,2
5497,55,0,8,3,3,2,2,18,77,78,1,0,4,11,9,1
5498,26,2,5,0,22,1,0,94,11,90,2,5,11,91,9,0
5499,29,0,5,5,15,1,2,87,15,25,2,3,9,77,20,0
5500,21,0,0,1,2,2,0,89,20,75,2,5,13,73,17,0
5501,44,1,12,4,4,1,1,10,89,26,1,0,4,7,0,1
5502,42,0,14,4,23,1,0,90,5,27,2,3,10,69,9,0
5503,25,2,4,7,21,1,2,66,32,58,2,4,7,46,19,1
5504,26,0,5,0,16,1,1,53,50,47,2,2,7,50,23,2
5505,55,1,1,7,12,2,0,74,23,81,2,2,7,51,17,0
5506,23,0,0,0,22,1,1,20,83,80,1,2,0,16,5,1
5507,54,0,8,2,9,2,2,30,77,79,1,1,0,26,6,1
5508,26,3,0,7,21,1,2,34,71,93,1,1,3,30,8,1
5509,46,1,4,2,6,2,1,18,68,30,1,0,5,13,1,1
5510,29,0,8,2,6,2,1,51,50,53,2,3,14,42,28,2
5511,46,2,7,7,21,1,1,65,26,27,2,2,11,50,25,2
5512,33,1,5,5,13,1,0,21,100,26,1,1,5,17,9,2
5513,43,0,6,7,12,1,1,85,4,86,2,4,8,76,13,0
5514,42,0,1,5,13,2,0,15,85,48,1,2,5,14,2,2
5515,32,2,0,1,1,0,0,74,39,50,2,3,8,43,12,0
5516,32,2,11,1,1,0,0,65,27,81,2,3,8,43,29,2
5517,36,1,11,3,8,2,0,64,38,69,2,2,5,50,24,0
5518,48,1,11,7,10,1,1,54,37,33,1,1,2,52,8,0
5519,24,0,0,4,4,2,0,24,74,47,1,2,3,21,2,2
5520,50,0,5,1,2,1,1,26,70,75,1,0,1,14,3,1
5521,21,0,0,4,4,1,1,65,24,39,2,2,8,52,11,0
5522,49,2,0,3,8,2,0,23,59,59,1,2,5,14,0,1
5523,26,0,5,5,15,1,1,49,35,20,2,4,10,26,24,2
5524,58,0,8,6,19,1,0,63,33,69,1,1,5,42,3,0
5525,43,0,5,4,4,1,0,49,47,94,1,1,0,40,1,2
5526,21,1,0,7,10,1,0,36,65,68,1,1,1,31,3,0
5527,33,3,1,6,17,2,1,18,96,40,1,0,5,13,1,1
5528,47,2,3,1,5,0,0,38,53,30,1,2,0,25,6,2
5529,30,0,9,4,23,1,0,55,48,91,1,1,2,42,3,2
5530,32,0,2,7,10,0,2,43,51,26,1,0,1,20,4,1
5531,26,1,5,0,22,2,1,62,43,76,2,5,10,36,20,2
5532,33,2,12,5,15,0,0,36,69,78,1,2,2,23,5,2
5533,45,0,7,5,15,0,2,12,88,34,1,2,2,6,2,1
5534,38,0,15,7,12,1,2,70,18,32,2,5,9,40,26,2
5535,32,1,0,6,19,0,1,47,45,87,2,2,6,30,25,2
5537,21,0,0,3,18,0,0,25,76,56,1,0,0,20,7,2
5538,22,0,1,2,9,1,2,20,71,77,1,0,1,11,8,1
5539,30,1,7,0,0,1,1,76,19,78,0,7,18,68,44,0
5540,58,0,7,2,6,2,1,58,37,49,2,5,5,50,29,2
5541,36,0,6,7,10,1,1,35,58,61,1,1,2,24,1,1
5542,35,0,10,7,10,0,0,38,45,49,1,2,3,34,4,2
5543,40,0,9,7,10,1,1,32,52,32,1,1,3,19,9,2
5544,59,2,12,7,10,1,1,28,74,54,1,0,0,21,2,1
5545,26,0,5,7,12,0,0,16,79,54,1,2,0,15,5,1
5546,60,2,8,2,9,2,1,36,62,44,1,2,2,16,3,1
5547,35,0,9,0,16,2,0,44,60,78,2,5,9,30,15,1
5548,40,2,10,2,9,1,2,65,49,46,2,3,12,35,5,1
5549,45,0,9,6,19,1,1,40,51,81,1,0,4,38,7,2
5550,26,0,5,2,6,2,1,35,84,34,1,2,5,30,5,1
5551,23,1,2,1,2,2,1,28,53,92,1,0,4,23,3,2
5552,49,2,14,7,12,2,1,81,29,55,2,4,12,45,19,2
5553,59,1,13,5,13,0,0,14,90,25,1,0,3,9,0,2
5554,38,2,5,2,9,2,2,46,57,34,2,5,13,36,22,1
5555,36,2,15,6,19,1,1,73,37,80,2,3,6,34,24,2
5556,40,2,7,1,1,0,0,46,63,73,2,3,7,42,20,2
5557,27,2,6,7,10,0,1,93,0,31,2,4,9,80,23,0
5558,29,0,4,2,11,1,1,54,35,97,1,2,4,35,0,1
5559,51,0,0,1,2,1,1,93,8,84,2,4,5,48,7,0
5561,38,0,16,2,9,0,0,77,16,52,2,3,11,62,5,0
5562,57,1,15,0,22,1,0,63,36,65,1,2,4,36,1,2
5563,24,2,0,6,7,1,2,72,27,39,2,3,11,65,5,0
5564,43,1,10,6,17,1,1,81,0,46,2,5,8,46,27,0
5565,50,0,13,6,7,2,0,40,65,87,1,0,5,29,9,2
5566,47,1,5,6,7,1,2,55,38,46,2,5,14,49,5,2
5567,33,0,12,7,21,0,0,28,73,70,1,0,4,21,1,1
5568,46,0,12,3,3,0,1,32,73,31,1,0,5,31,0,1
5569,31,0,3,1,1,2,1,24,59,20,1,0,5,14,2,1
5570,35,1,11,3,8,0,1,13,78,21,1,1,1,7,4,1
5571,59,0,11,1,1,2,0,69,24,27,2,2,6,32,18,0
5572,38,1,10,4,4,0,1,91,26,72,2,5,13,60,29,0
5573,21,1,0,1,1,1,1,81,7,29,1,2,5,60,7,0
5574,51,1,14,2,9,0,2,82,17,21,2,2,12,46,7,2
5575,27,2,6,5,14,2,1,74,25,88,2,4,13,41,11,2
5576,53,0,9,1,1,0,0,42,71,25,1,1,2,32,6,2
5577,23,0,2,4,23,1,2,86,9,90,2,3,5,58,18,0
5578,49,1,3,6,17,2,2,10,82,53,1,1,2,7,1,1
5579,43,0,5,1,5,2,1,81,0,30,2,2,10,70,14,0
5580,37,1,5,3,3,0,1,78,2,93,2,5,5,36,12,0
5581,48,0,17,1,5,1,0,84,26,26,2,4,5,50,8,0
5582,50,0,13,1,1,2,0,44,64,38,2,5,9,41,21,2
5583,21,1,0,7,21,1,1,26,84,88,1,1,2,15,2,1
5584,41,0,9,0,16,1,1,16,96,64,1,1,5,9,4,1
5586,30,0,9,2,9,0,1,56,32,30,2,4,11,41,19,2
5587,25,0,4,3,18,1,2,67,21,54,2,2,14,40,20,2
5588,51,0,9,3,18,2,1,73,36,23,2,3,7,38,9,2
5589,51,0,9,0,0,2,0,11,73,67,1,1,3,8,7,1
5590,45,0,0,4,4,1,1,47,37,57,1,1,5,21,9,2
5591,53,0,17,3,18,0,1,48,50,78,1,1,5,33,5,1
5592,30,0,9,5,14,0,1,56,53,38,1,1,2,34,2,0
5593,49,2,0,6,7,1,0,65,31,74,2,5,10,40,7,0
5594,31,0,10,3,8,0,1,74,22,75,2,3,5,68,20,0
5595,55,0,9,3,8,1,0,39,51,66,1,0,0,18,0,2
5596,44,0,17,2,11,0,0,29,74,65,1,2,5,27,5,1
5597,57,0,2,0,22,2,1,27,73,71,1,1,5,14,7,1
5598,29,3,8,6,19,1,1,82,27,90,2,3,11,71,11,0
5599,41,0,5,0,22,2,1,54,46,81,2,5,12,48,19,2
5600,28,2,6,6,19,0,1,50,39,91,2,3,7,43,9,2
5602,43,2,1,5,15,1,1,43,67,44,1,1,1,21,8,2
5603,29,1,8,6,19,0,0,13,76,95,1,2,4,11,6,1
5604,24,0,3,0,16,1,1,49,46,70,1,1,5,39,1,1
5605,34,2,13,5,15,2,0,36,51,63,1,2,4,26,3,2
5606,43,2,7,4,23,2,0,60,27,42,2,4,7,52,14,0
5607,53,2,9,7,10,1,1,20,81,52,1,0,1,15,8,1
5608,55,0,9,5,14,2,0,21,70,51,1,0,5,13,7,2
5609,57,2,0,6,7,1,1,45,50,65,2,2,11,27,26,2
5610,57,1,7,5,15,0,2,60,37,82,1,2,0,32,3,2
5611,23,2,2,1,2,0,1,26,81,32,1,1,0,16,1,1
5612,30,0,0,5,14,2,0,17,76,28,1,2,5,15,6,2
5613,43,2,12,6,7,1,0,49,46,46,1,1,2,47,4,0
5614,21,2,0,4,23,1,0,64,30,64,2,2,9,57,26,0
5615,58,0,16,4,23,1,0,38,62,52,1,2,2,23,0,2
5616,22,2,1,5,15,1,1,78,34,46,2,4,14,62,21,0
5617,59,1,13,1,2,1,2,71,23,73,2,4,5,67,18,0
5618,57,0,12,7,21,0,1,27,83,67,1,2,5,17,7,1
5619,26,2,2,6,7,1,0,80,21,65,2,3,14,63,22,0
5620,49,2,17,0,0,1,1,39,50,35,1,0,3,26,4,1
5621,34,0,13,1,5,1,2,20,93,45,1,0,1,14,3,1
5622,28,1,7,2,11,0,2,56,50,85,2,2,7,32,18,1
5623,51,0,5,5,13,1,2,35,67,70,1,1,3,27,0,1
5624,50,1,7,7,21,2,2,68,48,83,2,2,14,58,21,2
5625,43,2,1,0,0,1,0,63,44,69,2,5,5,34,25,2
5626,47,1,6,3,18,2,0,81,36,42,2,3,6,75,21,0
5627,58,3,5,2,9,1,0,79,33,61,2,3,7,61,25,2
5628,38,0,10,7,10,2,1,89,6,21,2,2,10,64,7,0
5629,31,0,7,0,22,0,2,35,91,93,1,0,5,20,8,1
5630,54,2,19,1,1,0,0,23,71,20,1,1,5,14,6,1
5631,49,0,15,0,0,2,0,88,0,33,2,3,11,53,20,0
5632,41,3,9,2,9,2,1,32,73,81,1,0,4,25,5,1
5633,40,2,3,1,1,2,0,34,82,23,1,1,4,26,9,2
5634,34,2,10,0,16,2,0,64,34,43,1,1,1,40,6,2
5635,43,2,11,3,8,1,0,73,37,32,1,1,4,51,7,0
5636,59,0,4,0,22,2,0,26,81,99,1,1,2,18,6,1
5637,28,3,7,4,4,1,2,91,3,83,2,4,5,67,13,2
5638,34,0,4,0,22,0,0,83,14,69,2,3,8,51,27,0
5639,55,0,5,1,5,1,0,36,73,88,1,1,5,32,5,2
5640,37,0,14,5,13,0,0,40,80,40,1,0,4,19,0,2
5641,51,0,13,6,7,1,2,57,38,21,2,4,5,26,12,2
5642,30,0,9,6,19,2,1,85,31,86,0,7,18,61,49,0
5643,48,1,7,5,13,2,1,78,31,35,2,4,8,74,9,0
5644,43,2,15,1,2,2,2,55,30,70,1,0,3,25,6,1
5645,37,0,8,7,12,0,1,46,64,65,2,4,7,31,7,2
5646,41,0,3,7,21,1,1,34,70,34,1,0,4,17,3,1
5647,42,1,5,0,22,1,0,61,32,79,2,4,10,54,18,0
5648,45,3,5,6,19,1,0,24,69,69,1,1,1,21,6,1
5649,49,2,0,4,23,2,0,24,80,57,1,2,4,21,2,2
5650,56,3,12,3,3,2,0,61,33,32,2,3,12,42,20,2
5651,59,1,3,7,10,2,0,46,58,26,1,2,4,29,3,0
5652,26,0,4,1,5,1,1,57,40,46,2,2,9,27,21,2
5653,56,0,15,2,6,1,2,27,96,41,1,0,4,21,0,1
5654,36,0,0,0,16,2,0,74,31,42,2,2,12,57,14,0
5655,58,0,6,7,10,1,2,35,54,64,1,1,2,17,1,1
5656,27,0,5,3,3,1,0,91,12,38,2,4,14,72,8,0
5657,41,0,8,3,8,2,2,71,14,50,1,0,2,34,5,2
5658,55,0,16,3,3,0,0,82,22,66,2,4,6,77,24,0
5659,34,2,7,5,14,1,0,75,28,90,2,2,6,74,12,0
5660,38,0,8,7,10,2,0,50,58,66,1,1,4,38,5,2
5662,56,0,13,3,18,0,0,14,77,51,1,0,3,12,9,1
5663,28,0,7,4,20,2,1,43,66,46,1,2,3,30,0,2
5664,23,1,2,7,12,0,1,85,7,74,2,4,13,67,14,0
5666,47,2,7,0,0,0,0,46,62,24,1,1,3,44,2,2
5667,52,0,6,7,10,1,1,13,84,22,1,2,4,9,6,1
5668,36,0,15,0,0,1,0,16,97,91,1,1,3,7,1,1
5669,48,3,4,3,3,2,0,57,44,46,2,3,12,53,24,2
5670,24,2,1,5,13,1,0,63,66,66,2,5,13,57,27,0
5671,21,0,0,4,23,2,1,68,21,23,2,2,5,43,27,0
5672,53,0,0,1,5,0,2,16,98,24,1,1,3,11,4,1
5673,54,0,15,1,1,0,0,65,21,83,2,5,6,59,26,0
5674,60,2,6,6,19,1,0,19,90,84,1,1,5,8,3,1
5675,53,0,16,3,18,1,2,24,74,24,1,1,5,20,4,1
5676,37,2,6,1,5,2,1,11,97,41,1,0,1,9,4,1
5678,38,0,15,2,11,1,0,37,73,68,1,0,2,25,1,1
5679,35,1,0,6,7,1,1,26,95,76,1,2,2,19,6,2
5680,50,1,14,0,16,2,1,67,22,73,2,5,12,51,14,2
5681,33,1,6,3,8,0,1,46,62,91,1,0,2,42,7,2
5682,52,0,6,3,3,1,0,17,67,93,1,2,1,9,5,1
5683,59,0,6,3,18,1,1,90,20,68,2,3,11,77,11,0
5685,39,2,12,1,5,1,1,74,46,52,1,0,3,39,5,2
5687,37,3,8,7,21,0,1,75,32,85,2,3,7,61,12,2
5688,59,1,6,2,11,0,1,18,76,82,1,2,2,16,7,1
5689,50,2,0,4,20,1,0,13,89,39,1,1,4,7,8,1
5690,47,2,11,2,9,1,0,70,23,75,2,3,14,66,13,0
5691,23,0,2,2,6,1,2,43,56,29,1,1,1,37,5,1
5692,53,2,10,7,12,2,0,78,6,47,2,3,14,62,13,0
5693,24,0,3,4,4,1,1,34,64,51,1,2,4,21,3,2
5695,38,0,12,6,7,2,2,80,15,93,2,3,12,70,26,0
5697,34,2,13,4,23,1,0,52,42,44,2,5,14,43,22,2
5698,55,0,13,0,16,1,1,39,64,59,1,1,0,29,0,1
5699,28,0,7,4,20,1,0,94,11,63,0,8,16,62,34,0
5700,40,0,10,1,5,2,1,27,63,40,1,0,0,26,6,2
5701,55,0,12,5,13,1,1,85,17,41,2,5,11,74,16,0
5702,29,0,8,1,5,1,1,42,45,90,1,2,3,41,4,2
5703,57,1,14,6,7,0,1,54,52,26,2,4,13,47,29,0
5704,29,1,8,6,7,1,0,67,42,75,2,4,7,32,9,0
5705,51,0,11,1,1,2,1,91,13,69,2,2,14,80,21,0
5706,22,0,1,4,20,2,1,33,76,25,1,1,5,32,0,2
5707,24,1,3,6,19,0,2,14,60,69,1,0,0,12,2,1
5708,40,2,10,6,17,2,2,59,49,29,2,3,7,39,13,2
5709,22,0,1,7,10,2,0,64,27,43,2,3,8,43,24,0
5710,52,1,11,4,20,0,1,69,26,52,2,5,14,48,8,0
5711,32,0,1,0,22,2,0,87,10,67,2,3,13,62,20,0
5712,34,1,8,0,0,1,0,10,82,71,1,1,1,7,4,1
5713,50,0,7,4,4,0,1,87,8,38,2,2,10,41,11,0
5714,25,2,4,2,6,1,1,57,27,23,2,3,13,37,25,2
5715,48,0,14,1,1,0,2,86,5,54,2,2,7,63,11,0
5716,35,3,2,6,17,1,0,41,60,23,1,1,0,34,2,0
5717,37,0,8,7,21,0,1,50,42,73,1,2,0,37,8,2
5718,22,0,1,6,17,1,1,81,18,83,2,4,12,40,10,0
5719,36,0,15,6,19,2,0,33,63,90,1,2,3,28,4,2
5720,57,2,6,5,15,2,1,80,18,21,2,4,6,44,9,0
5721,58,1,1,2,6,0,0,63,42,57,2,3,6,56,24,0
5722,24,1,1,5,13,2,0,22,66,78,1,1,2,11,5,2
5723,49,1,6,1,1,2,0,30,68,22,1,1,3,18,0,2
5724,25,1,4,4,20,2,1,13,90,68,1,0,4,8,7,1
5725,35,0,6,1,1,1,0,36,72,55,1,2,4,34,2,2
5726,57,0,10,3,3,0,0,19,62,77,1,1,4,13,8,1
5727,53,0,16,2,9,1,2,57,42,71,2,5,9,34,9,1
5728,37,0,7,3,3,1,0,48,56,39,2,5,10,34,28,2
5729,27,3,6,4,23,1,0,27,80,52,1,2,1,20,4,1
5730,41,2,8,5,14,2,0,16,83,34,1,1,5,10,8,1
5731,29,1,2,1,5,1,0,46,37,66,1,1,5,23,5,0
5732,35,1,0,7,10,0,0,21,90,34,1,2,4,12,9,2
5733,59,1,5,2,9,2,0,43,79,69,1,2,1,27,2,2
5734,42,0,1,7,12,1,0,84,8,34,2,3,13,38,5,0
5735,26,2,5,0,22,1,0,43,62,86,1,2,2,24,9,1
5736,31,2,6,4,23,0,0,22,73,78,1,0,1,18,7,1
5737,47,0,10,0,22,0,2,33,73,67,1,1,5,16,5,1
5738,49,3,14,3,8,1,0,42,71,42,1,2,5,39,8,1
5739,27,0,6,7,12,1,0,56,46,80,1,1,2,41,0,2
5740,26,0,3,7,10,2,2,26,71,74,1,1,3,18,0,1
5741,26,0,1,5,14,1,1,39,48,33,1,0,2,37,9,0
5742,54,2,12,7,10,2,0,71,43,20,2,2,6,50,21,0
5743,43,0,8,5,13,1,1,67,35,77,2,2,8,66,17,0
5744,25,0,4,4,4,2,1,86,24,37,2,3,11,55,14,0
5745,31,0,8,7,10,1,1,81,26,71,2,3,12,50,6,0
5746,22,2,1,3,8,0,1,63,47,58,2,2,12,53,20,2
5747,51,0,19,6,19,1,0,77,20,67,2,4,14,72,21,0
5748,28,0,4,6,19,1,0,53,45,77,1,0,3,34,1,0
5749,24,1,3,3,18,0,0,50,46,88,2,2,8,24,22,2
5750,35,0,5,5,14,2,1,37,66,78,1,2,5,23,7,2
5751,29,0,4,1,2,1,1,41,51,36,1,2,1,36,5,2
5752,57,2,13,1,5,1,2,36,55,28,1,0,4,22,4,1
5753,27,2,6,6,7,1,1,43,60,65,1,2,2,34,6,2
5754,30,1,7,7,21,0,0,57,44,27,1,1,0,44,3,0
5755,23,0,2,7,10,0,1,44,42,40,2,4,6,37,13,2
5757,21,3,0,5,15,1,1,19,68,47,1,0,3,15,4,1
5758,60,1,5,6,19,1,0,31,79,82,1,0,1,25,2,2
5759,48,2,16,6,17,1,1,28,89,68,1,1,4,24,2,1
5760,56,0,11,5,13,1,2,62,35,48,2,2,12,54,29,2
5761,26,0,5,5,13,1,0,84,10,67,2,5,11,71,22,0
5762,52,0,10,3,18,1,0,78,27,81,2,5,7,54,13,0
5763,30,0,0,2,6,2,0,73,18,64,2,2,5,34,12,0
5764,35,0,0,4,4,1,2,37,52,82,1,1,2,22,1,1
5765,27,2,6,5,13,0,0,91,20,67,2,4,12,64,10,0
5766,34,0,2,6,19,0,1,52,52,68,1,2,5,33,5,0
5767,50,1,12,0,16,2,0,32,62,36,1,0,5,27,9,2
5768,35,1,9,1,1,2,0,30,61,48,1,0,1,17,5,2
5769,37,3,4,2,9,1,1,77,3,58,2,4,7,64,16,2
5770,48,1,5,4,20,0,2,36,60,80,1,2,4,33,7,1
5771,29,0,7,3,8,1,1,86,19,57,2,5,13,76,16,0
5772,21,2,0,4,23,1,0,82,26,88,2,2,13,54,23,0
5773,44,2,13,0,22,0,2,52,45,83,2,5,5,32,6,1
5774,46,1,10,2,9,1,1,56,34,47,1,1,2,44,6,2
5775,44,0,0,1,1,0,0,24,71,72,1,0,4,20,8,2
5776,36,3,14,3,8,0,1,65,52,27,2,2,7,55,19,2
5777,50,2,10,0,0,1,0,15,100,83,1,1,1,12,0,1
5779,34,2,13,6,17,1,0,38,64,34,1,0,0,29,6,2
5780,38,0,11,1,1,1,0,81,26,38,2,3,6,45,21,0
5781,37,2,11,3,8,1,0,34,60,41,1,1,5,33,4,2
5782,43,2,12,5,14,2,1,20,78,31,1,0,4,18,0,1
5783,29,3,4,2,11,0,2,80,25,72,2,5,10,55,8,1
5785,39,1,7,5,13,2,0,20,83,83,1,2,0,15,5,2
5786,38,2,0,0,0,1,0,62,41,40,1,2,1,61,6,0
5787,40,0,6,4,4,2,2,16,64,80,1,0,3,14,0,1
5788,21,0,0,0,16,1,2,87,19,94,2,5,6,51,5,2
5789,37,1,14,5,13,0,1,47,50,32,1,0,5,42,3,0
5790,55,2,6,4,23,2,0,55,35,65,1,0,3,40,5,2
5791,45,0,8,0,0,2,0,61,35,39,2,3,6,47,27,2
5792,39,2,13,3,3,2,1,30,79,48,1,1,5,28,0,1
5793,30,0,0,5,13,2,0,55,36,24,2,5,9,50,9,0
5794,42,1,9,0,16,2,0,65,28,79,2,2,14,44,13,0
5795,32,0,0,4,20,1,1,59,41,74,2,5,8,58,6,0
5796,29,0,6,5,13,1,0,12,94,34,1,2,5,9,3,1
5797,41,0,1,3,18,2,0,76,19,76,2,5,11,36,23,0
5799,23,0,2,2,9,0,1,94,16,21,2,3,6,75,6,0
5800,38,2,15,4,20,1,1,15,67,87,1,0,2,6,4,1
5801,55,0,4,6,7,1,0,70,21,45,2,2,5,38,27,0
5802,52,0,2,7,21,2,1,67,33,92,2,3,12,31,29,2
5803,45,0,5,6,7,1,0,92,10,21,2,5,5,64,29,0
5804,51,0,8,1,1,1,0,53,46,72,1,0,4,38,8,2
5805,38,0,7,7,12,1,1,68,21,79,2,4,13,54,6,0
5806,52,2,5,1,5,0,2,45,50,91,1,2,3,23,5,1
5807,30,0,9,4,4,0,0,26,100,58,1,2,2,12,4,1
5808,49,0,5,2,9,2,0,43,36,48,2,3,12,35,11,2
5809,31,0,10,0,0,0,0,44,33,31,1,1,1,27,7,2
5810,22,1,1,7,12,1,2,66,13,64,2,5,6,29,8,2
5811,30,1,6,7,21,1,1,88,0,48,2,4,11,78,14,0
5812,34,0,13,5,14,2,1,62,57,70,2,5,9,29,22,2
5813,52,1,9,3,8,1,0,90,0,24,2,2,11,86,6,0
5814,27,1,6,0,16,2,0,73,40,86,2,5,13,71,6,0
5815,29,0,8,1,5,1,0,15,91,25,1,0,1,11,7,1
5816,24,0,3,4,4,0,0,88,4,43,2,2,10,52,20,0
5817,57,0,13,0,0,1,0,21,70,33,1,0,2,13,4,1
5818,29,3,0,1,1,1,0,37,56,71,1,0,5,17,8,2
5819,39,2,18,4,4,2,1,53,26,78,2,3,10,39,5,2
5820,32,0,4,2,9,1,0,42,34,89,1,0,4,28,5,2
5821,22,1,1,2,6,0,2,91,0,55,2,4,6,71,16,0
5822,45,2,17,5,13,1,1,84,0,39,2,2,14,58,28,0
5823,54,0,12,2,9,1,1,19,97,50,1,2,2,11,9,1
5825,56,1,7,1,5,0,1,35,74,56,1,2,2,32,8,2
5826,21,0,0,3,3,0,0,37,61,52,1,1,0,29,0,2
5827,58,0,0,3,18,1,0,10,85,90,1,0,2,5,1,1
5828,27,0,6,5,13,1,0,22,71,87,1,0,2,18,4,2
5829,22,1,1,1,1,1,1,29,57,91,1,1,3,25,6,2
5830,29,0,6,4,23,2,1,67,30,78,2,3,9,53,10,0
5831,37,0,6,3,3,1,1,33,53,77,1,1,5,24,9,1
5832,57,0,0,0,16,1,1,86,27,30,2,5,5,63,5,0
5833,51,1,21,3,18,1,0,51,53,21,2,2,7,29,26,2
5834,52,2,3,5,14,0,2,67,27,23,2,3,11,46,8,2
5835,55,1,1,0,0,1,0,28,57,91,1,2,1,26,8,2
5836,26,2,5,2,11,1,0,87,0,72,2,5,11,52,5,0
5837,41,3,5,5,14,1,1,21,84,40,1,1,5,14,3,1
5838,50,0,12,6,17,1,0,23,76,59,1,1,2,21,4,2
5839,52,0,11,1,5,1,2,71,39,90,2,5,6,39,26,1
5840,29,0,6,6,19,1,1,50,51,89,1,1,5,27,6,2
5841,40,0,8,4,23,2,1,20,71,45,1,1,0,15,6,1
5842,40,2,0,6,7,1,0,43,69,20,2,5,9,26,15,2
5843,22,2,1,7,21,0,1,15,100,30,1,1,1,10,4,1
5844,38,0,5,7,10,1,0,13,91,94,1,0,2,8,7,1
5845,27,2,6,5,15,2,1,21,83,35,1,1,5,10,0,1
5846,50,1,6,5,14,0,0,11,90,45,1,0,5,8,6,2
5847,39,0,7,7,12,0,1,65,28,51,1,2,4,37,0,2
5848,44,0,6,0,16,0,2,22,65,74,1,2,4,14,2,1
5849,27,0,6,2,6,2,2,63,59,61,1,1,1,57,5,1
5850,33,0,10,6,17,2,1,36,71,41,1,0,4,26,2,2
5851,27,2,4,2,9,0,0,65,33,25,2,4,13,51,9,0
5852,45,0,18,6,17,2,0,56,31,76,1,0,5,28,2,2
5853,50,2,12,5,14,1,1,66,46,84,2,4,6,33,21,2
5854,42,0,12,5,13,1,0,38,62,56,1,0,2,29,7,2
5855,54,0,4,4,4,1,1,55,33,34,1,2,4,45,4,0
5856,59,0,11,2,9,1,1,69,34,65,2,3,13,38,15,2
5857,32,0,7,7,10,1,2,25,62,54,1,2,2,13,0,1
5858,24,2,3,2,6,0,0,72,37,78,2,3,6,50,23,2
5859,33,2,6,4,4,0,1,46,49,42,1,1,1,23,6,2
5860,40,0,13,0,16,1,1,47,45,48,2,2,7,38,17,1
5861,31,0,1,0,0,0,1,10,92,42,1,2,1,5,9,1
5862,37,1,11,0,0,0,0,22,84,45,1,0,3,16,8,1
5863,56,1,4,4,23,1,0,22,68,33,1,2,4,12,8,2
5864,38,3,16,7,21,1,1,39,64,91,1,0,3,37,8,1
5865,54,0,2,3,8,1,1,38,58,88,1,2,4,22,1,1
5866,22,2,0,3,3,0,0,55,56,38,2,2,7,28,5,2
5867,44,0,1,1,1,0,1,58,32,94,1,0,5,33,0,2
5868,47,0,0,5,14,0,1,81,13,91,2,2,8,67,16,0
5869,27,0,6,0,22,2,1,68,23,84,2,4,13,39,12,2
5870,28,0,7,5,14,0,1,40,64,88,1,0,1,22,3,2
5871,44,0,10,7,10,0,1,23,84,68,1,2,3,13,9,1
5872,35,0,4,7,12,1,0,17,88,73,1,0,5,16,1,1
5873,24,2,3,3,3,0,1,33,68,62,1,1,0,19,1,1
5874,38,2,17,4,20,2,0,47,25,74,2,2,6,38,14,2
5875,36,0,7,1,1,2,1,28,64,31,1,0,3,16,2,1
5876,52,0,6,5,13,2,0,36,50,34,1,0,5,34,7,0
5877,34,1,6,1,5,1,1,48,47,79,1,2,2,40,2,2
5878,46,0,11,1,5,1,0,93,24,57,2,2,14,91,8,0
5879,32,0,1,4,4,1,0,16,77,77,1,2,3,9,5,2
5881,25,0,4,1,2,0,0,38,47,67,1,2,0,24,4,2
5882,31,2,2,3,8,2,2,79,3,57,0,7,18,55,41,2
5883,21,0,0,6,7,2,0,66,30,76,2,3,11,36,8,0
5884,31,0,8,2,6,0,1,84,26,20,2,2,8,61,10,0
5885,37,2,8,4,20,0,1,35,60,81,1,0,3,21,9,1
5886,22,2,1,6,7,0,2,46,46,85,1,1,3,25,7,1
5887,21,0,0,2,9,0,0,42,35,62,1,1,3,32,0,2
5888,47,1,3,5,13,2,1,21,70,93,1,0,2,18,0,1
5889,33,2,6,3,3,1,0,37,49,56,1,2,4,17,7,1
5890,55,0,14,6,19,1,0,69,31,96,2,5,11,62,9,0
5891,54,0,0,1,1,0,1,61,37,32,2,4,7,58,26,0
5892,22,0,1,2,6,0,1,56,32,36,1,2,0,33,8,2
5893,53,0,9,1,2,2,0,54,47,26,2,4,6,47,28,0
5894,32,1,7,1,1,2,0,39,70,21,2,4,14,27,19,2
5895,21,0,0,6,19,0,1,89,4,70,2,2,11,54,16,0
5896,35,2,14,4,20,2,1,43,50,84,1,1,1,24,6,1
5897,29,2,8,4,23,2,1,51,46,91,1,2,2,48,3,2
5898,31,2,6,3,18,2,1,46,44,52,2,2,8,37,24,1
5899,30,0,9,5,15,2,0,74,21,49,2,5,7,64,24,0
5900,47,2,7,4,20,1,0,38,49,70,1,0,4,19,3,2
5901,46,0,12,6,7,0,0,13,85,53,1,1,4,9,0,1
5902,44,2,1,5,13,2,1,80,0,94,2,2,12,71,19,0
5903,40,0,2,4,4,1,0,55,48,71,2,4,12,36,27,0
5904,53,0,18,1,5,0,1,22,52,69,1,0,0,17,3,1
5905,57,2,11,2,6,1,2,79,19,48,2,5,11,42,7,1
5906,40,0,2,3,18,1,0,42,49,80,1,1,0,26,6,2
5908,33,1,8,6,19,2,0,23,64,66,1,0,0,15,6,2
5909,57,0,1,6,17,2,0,56,49,47,1,0,3,52,7,0
5910,53,0,6,4,23,2,0,33,70,73,1,0,4,17,2,2
5911,31,2,6,5,13,0,0,55,26,70,1,2,5,47,9,0
5912,51,2,3,1,2,1,1,43,60,58,2,3,10,29,27,1
5913,24,0,3,4,23,0,0,79,27,67,2,2,14,69,8,0
5914,47,1,3,5,15,1,2,65,24,29,2,2,11,29,18,2
5915,38,2,5,7,12,2,1,71,15,86,2,2,8,57,26,2
5916,47,2,7,1,5,1,0,24,70,35,1,2,0,12,9,1
5917,57,0,0,7,21,2,0,17,78,75,1,0,1,16,3,2
5918,54,2,3,2,11,1,1,70,41,84,2,3,9,66,14,2
5919,58,2,9,5,15,1,1,71,30,53,1,1,3,54,1,0
5920,55,3,17,1,2,2,0,63,49,28,2,4,12,38,8,2
5921,43,2,8,7,10,2,1,28,80,26,1,0,2,23,2,1
5922,50,1,7,5,14,2,1,28,58,31,1,1,1,22,1,2
5923,21,0,0,4,20,2,1,24,84,56,1,1,2,21,6,2
5924,55,0,0,0,22,1,1,75,29,66,2,4,10,63,11,0
5925,53,0,8,4,4,0,0,18,82,61,1,2,2,10,7,1
5926,32,0,11,4,23,1,2,64,52,50,2,3,6,44,28,2
5927,23,1,2,3,18,1,1,67,31,80,2,3,9,48,25,0
5928,39,0,9,0,16,1,0,24,78,93,1,1,5,12,5,1
5929,39,1,6,6,17,0,1,31,80,32,1,1,1,17,8,2
5930,28,0,5,7,12,1,1,57,38,91,2,2,14,43,21,2
5931,51,0,9,1,1,0,0,30,68,81,1,2,5,29,3,2
5932,35,0,8,2,9,1,0,49,38,89,1,2,1,47,5,2
5933,43,0,12,0,0,1,1,79,8,37,2,2,5,62,10,0
5934,38,0,14,2,9,0,0,85,15,33,2,3,11,47,8,0
5935,21,0,0,5,15,1,1,90,9,53,2,3,9,45,5,0
5936,49,2,10,1,2,2,1,75,33,80,2,5,14,59,23,2
5937,32,0,11,4,23,2,1,20,67,47,1,0,2,18,1,1
5938,35,0,0,4,4,2,1,10,84,30,1,2,5,7,2,1
5939,21,0,0,2,6,1,0,88,0,25,2,3,9,76,20,0
5940,47,2,2,5,14,0,0,74,33,26,2,5,14,35,29,0
5941,26,0,5,0,16,1,0,21,78,20,1,2,1,11,9,1
5942,28,0,7,0,16,1,2,49,46,69,2,2,11,34,25,1
5943,38,0,11,7,10,0,1,36,85,45,1,0,2,17,7,1
5944,59,2,13,3,18,0,0,88,0,75,2,3,10,77,6,0
5945,22,2,1,2,11,0,0,27,81,85,1,0,5,18,8,1
5946,25,2,4,1,2,0,1,15,100,77,1,0,0,7,8,1
5947,51,2,9,1,5,1,0,88,20,27,0,6,17,60,31,0
5948,50,1,15,4,23,2,1,23,68,35,1,2,2,11,7,2
5949,26,2,5,6,7,2,1,18,74,45,1,0,1,13,0,1
5950,35,2,2,6,19,1,1,57,39,68,2,2,5,56,5,0
5951,27,2,6,2,6,2,0,46,51,23,1,1,2,44,9,2
5952,26,0,5,7,21,1,2,41,53,86,1,2,5,40,6,1
5953,28,2,4,1,1,1,2,53,31,63,1,1,2,46,0,1
5954,46,2,12,5,14,1,1,50,60,41,1,1,2,23,9,2
5955,39,1,3,3,8,0,0,75,22,51,2,3,6,74,13,0
5956,53,2,13,1,5,1,1,34,60,74,1,0,1,22,6,1
5957,53,0,0,0,16,0,0,87,2,91,2,4,5,79,23,0
5958,37,2,16,3,18,2,2,28,79,81,1,0,2,23,4,1
5959,21,2,0,0,22,1,2,65,35,76,2,5,11,44,17,1
5960,46,0,0,4,23,1,0,91,19,24,2,3,9,41,5,0
5961,25,0,4,2,6,2,1,65,24,21,2,5,12,47,21,2
5962,41,2,9,6,19,1,0,37,67,68,1,1,4,27,3,2
5963,46,2,11,5,15,0,2,65,23,77,2,5,7,57,5,2
5964,39,0,14,4,4,2,1,36,71,26,1,1,1,19,0,2
5965,58,2,9,5,14,2,0,32,59,52,1,2,5,20,8,2
5966,53,0,8,6,7,0,1,74,27,65,2,2,14,57,26,0
5967,29,2,8,2,9,1,1,75,26,94,2,2,11,44,21,2
5968,29,0,8,6,19,1,1,20,70,94,1,2,4,11,8,1
5969,40,0,6,3,8,1,0,23,79,61,1,1,5,21,3,1
5970,48,0,14,1,1,2,0,12,95,42,1,0,5,8,5,1
5971,55,0,10,3,18,1,0,77,19,62,2,3,10,47,19,0
5972,32,0,11,3,3,1,0,78,29,52,2,5,14,75,23,0
5973,56,1,10,7,12,0,0,12,81,86,1,0,5,8,0,1
5974,58,2,2,1,5,1,0,83,6,51,2,3,12,76,22,0
5975,37,3,4,2,6,2,0,34,62,45,1,1,1,32,6,1
5976,22,2,1,4,20,1,0,51,44,60,2,5,5,26,17,2
5977,50,1,5,6,7,0,1,66,21,72,2,4,14,65,12,0
5978,39,1,16,4,4,0,2,71,34,67,2,2,5,45,16,2
5979,21,2,0,0,0,1,1,37,75,68,1,0,2,32,0,1
5980,36,1,4,2,11,2,1,74,21,68,2,4,7,54,14,0
5981,37,0,16,4,23,2,1,33,80,54,1,2,5,28,1,1
5982,56,2,15,7,10,1,0,21,96,91,1,0,1,19,2,1
5983,42,1,6,1,1,0,1,18,96,63,1,2,0,13,9,1
5984,60,0,13,5,14,1,0,69,35,85,2,3,8,48,22,0
5985,51,2,1,1,5,1,1,55,28,76,2,4,8,39,20,2
5986,23,0,2,6,19,0,1,56,55,88,1,1,2,50,6,0
5987,32,0,7,0,22,2,2,54,26,84,2,2,10,26,13,1
5988,42,0,13,6,17,1,0,73,31,81,2,2,6,36,14,0
5989,50,2,15,5,15,2,1,43,50,55,1,1,5,24,5,2
5990,55,2,12,0,22,1,0,41,84,94,2,5,14,21,12,1
5991,27,0,6,2,9,1,0,79,17,56,1,2,0,46,6,0
5992,30,0,9,1,2,2,0,25,66,46,1,0,2,13,8,2
5993,27,1,0,6,7,0,0,82,16,67,2,5,14,58,7,0
5994,37,0,12,5,15,1,1,47,58,77,1,0,1,43,0,2
5996,28,2,7,1,2,2,0,78,11,31,2,3,12,77,9,0
5997,31,1,9,4,23,1,1,32,69,57,2,4,14,23,15,2
5998,37,1,5,3,18,2,0,87,17,42,2,4,11,84,10,0
5999,21,2,0,0,0,2,1,90,1,63,2,4,10,79,9,0
6000,36,2,11,5,14,1,0,84,21,76,2,4,11,38,16,0
6001,47,1,9,0,22,0,1,91,12,75,2,4,9,45,7,0
6002,58,0,0,2,11,1,0,64,36,67,2,5,10,34,21,2
6003,26,2,5,0,16,1,1,61,36,22,2,3,9,50,28,2
6004,52,0,5,3,18,0,0,34,57,65,1,2,1,30,2,2
6005,55,0,10,4,20,0,1,80,16,85,2,5,13,48,29,0
6006,36,0,9,3,3,2,2,28,66,56,1,2,5,27,0,1
6007,53,0,13,1,5,2,0,58,56,63,2,4,5,50,18,0
6008,24,2,3,1,2,2,0,15,82,88,1,0,1,10,6,1
6009,39,0,12,4,20,1,2,63,39,86,1,1,1,55,0,2
6010,50,0,8,5,13,1,1,59,38,59,2,4,7,47,27,0
6011,34,0,13,3,18,1,2,78,27,48,2,2,10,40,8,2
6012,42,1,2,3,3,0,1,49,65,64,2,4,9,22,12,2
6013,42,3,18,6,7,2,0,39,63,39,1,2,1,22,6,1
6014,53,0,7,0,0,2,0,46,66,44,1,0,3,45,6,2
6015,49,2,20,4,23,0,1,85,10,21,2,5,6,66,25,0
6016,37,2,14,6,19,2,2,54,47,83,1,2,5,49,4,1
6017,39,1,4,3,18,1,1,14,100,76,1,1,2,12,9,1
6018,34,1,5,6,7,2,0,50,32,64,1,2,5,23,5,0
6019,30,1,9,7,12,1,1,13,93,79,1,1,3,10,5,1
6020,34,0,0,3,8,1,0,64,14,50,2,2,12,38,19,0
6021,41,0,11,4,20,0,0,42,46,85,1,1,3,24,2,2
6022,38,0,0,7,21,1,0,76,11,28,2,3,7,57,29,0
6023,23,2,2,2,9,0,1,76,16,78,1,0,5,50,5,2
6024,45,0,8,7,12,1,0,36,49,33,1,0,4,32,7,2
6025,32,0,9,2,11,1,0,28,54,65,1,1,0,26,4,1
6026,22,0,0,4,20,1,0,82,22,68,2,3,5,53,14,0
6027,58,0,13,0,0,1,0,36,69,51,1,1,5,29,1,1
6028,42,1,16,6,17,0,0,37,45,30,1,2,3,21,8,2
6030,28,2,7,6,19,2,1,32,60,98,1,1,3,31,1,1
6031,42,2,16,1,2,0,1,75,15,28,2,2,12,39,22,2
6032,45,0,6,3,18,0,2,25,98,84,1,2,0,24,0,1
6033,34,2,3,7,12,0,0,42,56,74,1,1,3,25,2,2
6034,47,0,13,3,18,1,2,82,20,64,2,4,9,74,26,2
6035,30,0,8,6,19,0,0,84,0,90,2,5,6,79,7,0
6036,43,2,9,1,1,1,0,14,100,45,1,1,2,10,1,1
6037,31,1,6,2,9,2,0,42,65,73,1,0,4,40,4,2
6038,52,0,6,2,9,1,1,32,60,80,1,2,4,29,4,1
6039,53,1,13,3,3,1,0,20,69,75,1,0,2,9,5,1
6040,43,0,6,0,16,2,2,37,50,38,2,4,7,35,9,1
6041,52,2,2,6,17,2,1,73,24,66,2,5,6,36,21,0
6042,31,0,4,2,6,0,0,54,49,62,2,4,6,40,21,2
6043,25,2,0,7,21,1,1,48,46,28,1,2,3,39,2,2
6044,59,0,4,1,2,1,2,61,22,34,2,3,6,33,27,2
6045,37,2,11,1,1,0,1,74,22,84,2,2,14,34,6,2
6046,34,0,8,5,13,0,1,17,96,88,1,0,1,14,0,1
6047,28,0,7,6,17,1,1,59,39,75,2,3,13,45,16,2
6048,21,0,0,0,22,0,0,58,34,72,1,2,1,35,4,2
6049,53,1,8,4,4,2,1,58,43,62,2,3,7,44,25,0
6051,56,0,10,5,13,2,0,89,10,71,2,5,8,69,13,0
6053,53,0,11,5,15,0,2,93,0,21,0,5,19,87,30,0
6054,52,0,14,1,1,0,0,19,74,82,1,2,1,9,1,1
6055,52,3,16,0,0,0,0,43,39,88,2,2,13,37,17,1
6057,60,0,0,1,1,0,2,88,17,86,2,3,9,51,10,0
6058,55,3,9,2,6,1,1,70,29,77,2,4,12,58,27,2
6059,40,0,19,6,17,0,1,16,84,65,1,0,5,11,2,1
6060,36,1,6,6,19,0,1,45,68,69,1,2,5,42,1,2
6061,22,2,1,0,16,0,0,64,44,37,1,1,1,29,8,2
6063,21,0,0,6,7,2,2,63,41,32,2,2,12,53,15,0
6066,29,2,7,3,3,2,2,19,92,62,1,2,3,10,5,1
6067,31,0,8,3,3,0,2,68,33,56,2,4,11,65,27,2
6068,49,0,1,5,13,1,2,28,76,91,1,2,2,19,1,1
6069,34,0,0,7,21,0,1,92,22,21,2,5,7,90,10,0
6070,35,0,7,1,1,0,0,12,90,60,1,1,0,9,0,1
6071,49,2,8,5,13,1,1,92,0,33,2,2,5,68,5,0
6072,21,2,0,7,21,1,1,11,94,84,1,1,1,7,3,1
6073,35,0,5,3,3,1,0,32,63,76,1,1,4,19,8,1
6074,58,0,6,7,21,0,1,50,55,62,2,2,12,47,9,2
6075,35,2,8,3,18,2,1,91,8,61,2,2,14,70,27,0
6076,58,2,9,6,17,0,1,50,64,23,2,2,8,34,25,2
6078,25,0,4,7,12,0,2,62,48,67,2,4,13,47,8,2
6079,41,2,18,3,8,0,0,30,57,22,1,0,5,17,0,1
6080,57,3,1,5,14,0,1,71,44,26,2,3,11,44,6,0
6081,54,2,11,0,22,1,1,90,21,99,2,2,12,73,19,2
6082,45,2,6,0,0,1,1,46,59,84,1,1,4,23,8,1
6083,55,1,9,6,19,1,2,31,66,90,1,2,0,19,5,1
6084,46,0,11,0,16,2,0,54,47,90,2,2,9,31,7,2
6085,31,0,10,7,21,2,2,59,51,93,2,4,12,39,5,1
6086,34,2,11,3,18,0,0,60,32,89,2,4,8,52,8,2
6087,55,3,10,7,12,1,0,13,92,32,1,2,2,11,0,1
6088,40,0,7,5,13,1,0,39,63,29,1,2,1,25,5,2
6089,48,0,7,4,23,1,0,11,80,91,1,0,0,8,4,1
6090,30,2,0,5,14,1,0,91,8,21,2,3,13,53,23,0
6091,40,2,10,7,21,1,0,43,40,38,1,1,0,36,2,2
6092,39,1,13,6,19,1,1,60,42,88,1,2,3,58,9,0
6093,32,0,1,3,3,1,0,70,10,60,2,3,13,44,17,0
6094,59,0,4,5,14,0,0,87,0,25,2,5,7,52,29,0
6095,31,3,10,6,7,0,2,43,60,91,1,1,4,34,6,1
6096,56,0,4,5,15,2,0,28,58,59,1,0,2,23,7,2
6097,43,0,4,7,10,0,1,62,28,49,1,2,2,45,4,0
6098,54,3,8,5,15,2,0,56,36,42,2,2,12,50,19,0
6099,39,2,11,5,13,1,1,35,69,93,1,1,5,19,0,1
6100,34,0,13,5,13,0,2,65,38,49,2,4,11,57,27,2
6101,48,0,11,3,18,1,0,90,9,79,2,2,8,87,24,0
6102,32,1,6,5,13,1,0,39,64,84,1,2,3,33,9,2
6103,47,2,19,0,0,0,0,48,43,41,1,1,4,40,6,1
6104,42,3,3,2,9,0,0,57,45,64,2,5,8,43,6,2
6105,21,1,0,4,20,2,1,82,22,81,2,2,8,39,21,0
6106,46,2,12,4,20,0,1,34,51,84,1,0,2,19,7,1
6107,35,2,8,4,20,1,0,29,61,80,1,2,4,27,5,2
6108,31,0,7,0,0,0,0,41,70,72,1,0,3,25,9,1
6109,33,0,2,6,17,2,0,58,30,53,2,3,14,26,7,0
6110,47,0,10,3,8,1,1,60,37,82,2,5,12,39,16,2
6111,41,0,0,1,5,1,0,67,34,34,2,3,10,53,23,0
6112,44,0,13,0,22,0,1,58,41,98,2,5,8,48,10,2
6113,42,0,12,4,20,1,0,70,44,39,2,2,10,42,14,0
6114,57,0,3,5,15,0,1,34,64,93,1,1,4,21,7,1
6115,39,2,13,5,15,1,2,87,14,66,2,3,5,76,21,0
6116,53,2,10,2,11,2,0,29,76,69,1,0,5,25,8,1
6117,39,2,6,2,11,0,0,48,47,78,1,1,0,47,1,2
6118,37,2,9,3,18,0,0,26,68,92,1,1,4,24,4,1
6119,27,0,6,1,2,1,1,85,26,27,2,5,9,75,20,0
6120,45,0,16,3,18,1,0,44,69,31,1,0,2,29,5,2
6121,47,0,4,4,4,1,0,46,56,82,2,2,9,29,5,2
6122,51,1,0,0,22,2,2,61,46,94,2,3,5,59,6,2
6123,35,2,14,6,19,1,0,42,61,69,1,1,4,36,7,2
6124,45,2,19,5,15,2,1,30,86,69,1,0,1,28,6,1
6125,32,2,4,3,8,1,2,67,28,65,1,1,3,40,0,1
6126,32,3,11,0,16,0,0,28,62,81,1,0,5,19,9,1
6127,44,0,11,3,8,2,1,61,41,52,1,1,5,46,2,2
6128,32,0,11,6,17,0,0,80,23,35,2,2,5,54,12,0
6129,43,2,12,1,1,1,1,68,15,49,2,5,14,65,6,0
6130,33,2,8,4,20,2,2,69,25,48,1,2,0,33,1,2
6131,54,2,12,1,1,2,0,88,19,87,2,4,5,63,8,0
6132,58,0,9,6,17,1,2,43,58,59,2,5,6,28,20,1
6133,46,0,12,0,16,1,0,19,84,45,1,2,2,18,1,1
6134,59,1,8,7,10,1,1,40,58,71,1,2,1,34,6,2
6135,53,0,7,7,21,1,2,18,92,94,1,2,4,17,0,1
6136,29,1,8,2,11,2,0,89,19,78,2,3,12,49,29,0
6138,30,0,9,0,0,2,0,74,13,52,1,2,3,35,3,0
6139,25,0,4,7,12,1,0,24,71,27,1,0,3,16,2,2
6140,26,1,4,0,0,1,0,76,23,22,0,8,19,63,49,0
6141,41,2,3,5,13,1,1,86,23,30,2,5,13,84,12,0
6142,44,2,12,3,18,1,0,80,22,32,2,4,12,72,22,0
6143,24,2,3,0,22,2,1,57,45,75,1,2,1,40,1,1
6144,42,0,2,5,14,1,1,13,89,76,1,1,1,9,0,1
6145,42,1,15,3,18,0,1,10,68,38,1,1,4,4,3,1
6146,42,2,8,6,17,0,2,90,32,76,2,5,14,70,17,2
6147,43,0,6,0,22,1,0,80,18,72,2,3,14,77,25,0
6148,53,2,13,7,12,1,1,17,80,82,1,1,0,16,6,1
6149,51,1,14,3,8,1,1,60,35,40,2,5,11,35,9,2
6150,40,3,6,2,9,1,1,62,36,94,2,3,12,43,21,1
6151,50,0,10,1,1,2,0,58,33,23,2,4,13,31,19,0
6152,57,2,14,6,7,1,0,85,0,58,2,5,14,46,19,0
6153,28,2,7,7,12,1,2,46,47,37,1,1,5,37,9,1
6154,57,2,8,1,2,1,0,40,63,59,1,0,0,21,8,2
6155,52,2,15,3,8,1,0,13,86,77,1,0,2,11,8,1
6156,33,2,12,4,4,1,0,23,97,41,1,2,1,20,4,1
6157,32,0,4,4,23,2,0,60,36,44,1,2,2,37,6,0
6158,52,2,14,5,14,2,0,24,74,92,1,1,4,12,2,1
6159,32,0,3,5,14,1,0,49,56,89,1,1,3,24,0,2
6160,60,2,1,0,22,2,1,23,63,79,1,1,3,16,4,1
6161,41,1,9,0,22,0,0,46,72,99,1,2,0,29,5,1
6162,21,0,0,4,23,1,0,39,46,26,1,0,3,20,8,0
6163,45,0,10,1,2,1,0,58,52,50,2,2,13,40,6,0
6164,21,0,0,6,17,2,1,28,67,91,1,1,3,13,5,1
6165,56,0,8,7,21,0,1,85,20,69,2,5,13,46,19,0
6166,27,0,6,1,5,2,0,21,81,62,1,1,1,19,9,1
6167,57,0,20,1,5,1,0,35,76,53,1,1,4,28,0,2
6168,47,2,3,4,4,0,0,85,2,87,2,4,10,56,17,0
6169,28,2,5,6,17,1,1,90,15,22,2,3,6,86,5,0
6170,54,2,9,7,10,2,0,69,2,85,2,5,13,42,15,0
6171,24,0,3,2,6,2,1,53,61,91,1,1,5,32,8,1
6172,44,1,11,6,17,2,0,41,58,60,2,3,10,19,12,2
6173,29,0,8,2,6,1,0,21,84,49,1,0,3,13,5,1
6174,36,3,8,5,15,2,2,21,70,64,1,0,2,13,4,1
6175,51,2,15,0,0,2,1,26,64,90,1,2,0,22,2,1
6176,24,0,1,1,1,2,1,42,71,34,1,0,5,24,9,2
6177,44,0,6,7,21,2,1,62,22,41,2,2,7,49,8,0
6178,59,0,6,2,6,2,0,34,52,77,1,1,5,17,8,1
6179,22,2,1,4,4,1,0,13,100,32,1,2,0,10,6,1
6180,45,3,0,6,19,0,1,11,82,76,1,0,2,10,8,1
6181,53,2,6,4,20,1,0,11,92,67,1,2,2,8,1,1
6182,43,0,7,2,11,2,1,41,55,86,1,2,4,30,7,1
6183,48,0,15,7,21,1,0,60,37,57,2,5,12,30,13,2
6185,59,0,6,1,1,1,1,77,21,80,2,2,14,69,6,0
6186,30,2,9,3,3,1,1,58,28,37,2,2,8,36,9,2
6187,31,1,5,3,8,2,1,43,67,66,2,5,6,20,12,1
6188,36,1,12,2,11,0,0,28,88,66,2,2,7,18,21,1
6189,41,1,5,2,6,2,1,91,12,45,2,3,9,85,27,0
6190,35,2,5,7,21,0,0,89,12,58,0,8,24,61,38,0
6191,36,0,0,0,22,2,1,48,58,66,1,1,2,25,3,1
6192,53,1,11,7,12,1,1,39,63,20,1,0,1,38,5,2
6194,45,2,11,5,14,2,1,68,24,84,2,3,13,47,24,2
6195,25,0,0,0,0,1,0,70,8,52,2,5,8,49,11,0
6196,21,0,0,1,2,1,1,19,84,81,1,0,0,12,3,1
6197,59,0,12,3,18,2,1,20,79,77,1,0,0,14,4,1
6198,31,0,5,0,0,1,0,43,50,48,1,2,4,38,5,2
6199,32,1,10,7,12,0,0,63,49,61,1,1,5,32,2,0
6200,52,2,4,4,4,2,1,51,42,85,1,0,4,45,3,2
6201,28,0,5,7,21,1,0,72,40,49,2,3,11,69,10,0
6202,55,2,0,4,4,1,2,62,33,38,1,2,0,40,0,2
6203,48,3,7,2,6,1,0,65,32,36,2,5,6,48,6,2
6204,59,0,16,2,6,0,0,72,22,53,2,2,13,52,8,0
6205,31,0,8,1,1,2,0,70,44,23,2,2,8,56,12,0
6206,27,2,6,3,8,1,1,69,42,53,2,5,6,57,21,2
6207,54,1,1,0,16,0,1,43,58,51,2,4,12,39,13,2
6208,58,1,14,4,23,0,1,13,83,55,1,1,5,11,5,1
6209,51,0,7,0,0,0,0,31,62,92,1,1,0,20,7,1
6210,28,2,7,2,6,1,0,14,79,74,1,0,0,12,9,1
6211,30,2,9,5,14,1,0,20,93,49,1,1,1,16,7,1
6212,26,1,5,6,17,0,0,21,74,51,1,0,5,19,4,2
6213,47,1,3,4,23,1,1,16,89,61,1,2,1,14,5,1
6214,57,2,3,3,8,2,0,63,59,94,2,2,12,34,24,2
6215,60,0,8,7,21,2,1,22,68,71,1,1,3,19,7,1
6216,47,2,11,0,0,2,0,12,90,88,1,2,4,8,1,1
6217,52,1,5,0,22,1,0,66,19,71,2,4,7,62,26,0
6218,60,1,6,2,11,0,0,36,56,91,1,0,0,23,9,1
6219,24,1,3,6,17,0,2,20,71,65,1,1,5,19,0,1
6220,36,0,15,5,13,1,1,23,80,57,1,1,1,17,7,1
6221,39,0,8,0,22,2,0,21,73,75,1,2,0,16,3,1
6222,39,1,4,0,0,1,1,18,74,76,1,1,5,17,3,1
6223,37,1,9,2,11,0,0,20,78,95,1,0,0,17,9,1
6225,21,1,0,4,23,0,2,33,60,83,1,0,0,29,7,1
6226,22,0,1,6,19,1,0,72,13,88,2,3,11,33,18,0
6227,23,1,2,5,15,1,1,62,21,49,1,1,5,42,2,0
6228,28,0,5,1,1,1,1,74,38,56,2,4,5,73,16,0
6229,32,1,8,5,14,1,1,39,64,46,2,2,12,20,28,2
6230,22,2,1,1,1,2,2,51,63,85,2,2,13,30,25,1
6231,47,2,7,2,11,0,0,38,50,88,1,0,1,37,7,1
6232,39,0,10,3,8,1,0,41,59,53,1,2,5,36,0,2
6233,32,2,11,6,19,2,2,14,80,89,1,1,1,12,4,1
6234,25,2,4,4,20,1,0,15,84,32,1,1,0,9,4,1
6235,41,1,13,0,22,1,1,75,27,84,2,5,13,55,11,2
6236,25,2,4,5,13,2,1,41,68,64,2,2,10,23,13,1
6237,48,0,10,7,12,1,1,15,84,30,1,1,0,9,1,1
6239,36,1,13,2,9,1,0,92,12,44,2,5,6,48,28,0
6240,30,0,9,5,14,2,0,14,87,42,1,1,5,13,4,2
6241,49,1,12,1,5,1,2,48,53,39,1,2,0,32,5,2
6242,32,2,11,7,21,0,0,82,9,26,2,2,12,45,17,0
6243,41,2,11,5,14,2,0,81,23,51,2,4,5,48,21,0
6244,49,2,6,2,9,1,0,66,20,26,2,3,10,49,17,0
6245,32,2,11,1,5,2,0,89,6,31,2,2,14,71,9,0
6246,26,2,5,1,2,0,0,10,91,56,1,0,1,9,7,1
6247,55,2,3,6,7,1,0,31,72,36,1,2,2,25,3,2
6248,36,0,7,1,5,1,1,25,73,55,1,0,4,20,8,1
6249,55,0,6,2,6,1,2,91,8,30,0,6,15,72,48,2
6250,22,0,1,0,0,1,0,86,23,48,2,4,12,85,16,0
6251,25,2,2,4,4,1,1,81,22,80,2,3,8,52,11,0
6252,33,0,10,1,2,1,0,71,20,61,2,3,5,70,20,0
6253,51,1,12,0,22,1,1,29,63,70,1,1,2,25,1,1
6254,21,2,0,7,10,2,0,72,23,28,2,2,13,36,16,0
6255,34,0,12,0,22,1,0,47,44,96,1,0,1,46,1,2
6256,25,1,1,3,8,1,2,67,30,67,2,3,9,45,12,2
6257,35,0,0,3,18,1,1,46,49,79,1,2,3,33,5,2
6258,42,2,16,2,6,0,0,21,79,46,1,1,2,20,9,1
6259,44,1,12,7,10,0,2,66,18,30,2,2,13,43,29,2
6260,50,1,12,6,17,2,1,24,88,35,1,0,5,11,0,2
6261,38,0,13,4,20,2,1,51,56,41,2,5,6,24,29,2
6262,32,0,9,4,20,2,1,16,77,39,1,2,2,7,1,1
6263,22,1,1,4,23,0,1,37,73,42,1,1,1,20,0,2
6264,44,0,12,2,11,0,1,81,21,92,2,5,12,66,28,2
6265,26,0,5,1,2,1,1,24,86,55,1,2,0,19,7,1
6266,42,2,3,6,19,1,1,47,58,87,1,2,2,27,6,1
6267,50,0,10,7,10,1,1,69,27,89,2,5,14,36,6,2
6268,37,0,4,4,4,1,0,91,0,31,2,3,8,74,12,0
6269,24,0,3,6,7,1,0,75,33,26,2,2,14,59,24,0
6270,54,0,12,2,11,2,2,23,72,95,1,1,3,19,6,1
6271,31,0,10,7,12,2,0,76,7,42,2,2,9,66,18,0
6272,23,2,2,5,13,1,0,59,43,80,2,2,10,48,12,0
6273,34,1,9,7,12,2,0,31,64,47,1,0,2,19,5,2
6274,59,1,5,6,7,1,0,53,51,64,2,3,11,37,23,0
6275,49,0,4,0,0,0,1,86,11,75,2,2,9,69,17,0
6276,32,0,11,2,9,2,1,64,57,66,1,1,1,47,2,2
6277,54,0,1,6,17,1,0,10,76,27,1,1,2,8,3,2
6278,26,0,5,4,23,1,1,70,24,78,2,4,5,44,15,0
6279,34,2,13,7,12,1,0,26,75,35,1,1,3,23,2,1
6280,50,2,7,0,16,0,0,84,15,33,2,2,5,62,14,0
6281,37,0,2,4,23,2,1,58,43,71,1,0,2,31,9,0
6282,51,2,4,1,1,2,0,65,28,52,2,4,11,61,6,0
6283,32,3,11,1,5,1,0,86,0,79,2,2,11,39,13,0
6284,53,2,3,7,21,1,1,13,82,68,1,1,1,11,7,1
6285,38,0,10,0,22,0,0,36,62,98,1,0,2,35,2,1
6286,26,0,5,7,10,1,1,25,64,60,1,2,3,14,7,1
6287,36,2,14,2,9,0,1,42,47,54,1,0,4,30,7,1
6288,57,1,10,0,16,0,0,86,12,24,2,3,11,64,22,0
6289,36,0,9,1,5,0,1,79,16,22,2,4,11,43,15,0
6290,50,3,13,7,12,1,0,71,26,59,2,4,5,70,14,0
6291,29,2,7,2,9,2,0,77,13,93,2,4,12,42,27,2
6292,50,0,6,4,4,2,1,45,46,49,1,0,1,37,4,2
6293,27,1,6,7,12,1,2,89,23,66,0,5,17,68,22,0
6294,24,0,3,6,19,2,0,43,56,85,2,2,12,34,22,2
6295,40,2,11,5,15,0,0,48,51,82,1,2,5,44,7,2
6296,32,0,11,6,17,2,0,36,64,79,1,1,2,23,6,2
6298,41,1,15,0,0,0,2,72,19,65,2,2,7,60,13,2
6299,47,2,3,0,0,0,0,17,89,40,1,0,4,12,1,1
6300,49,0,6,7,21,0,0,73,10,44,1,0,4,58,1,0
6301,47,2,9,7,21,2,0,12,89,84,1,2,0,6,6,1
6302,28,2,2,5,14,2,0,32,75,36,1,2,0,15,9,2
6303,26,0,4,5,15,1,1,43,53,23,1,2,1,42,8,0
6304,29,0,0,6,17,1,0,68,24,53,2,2,6,60,20,0
6305,33,0,6,3,3,1,1,74,36,71,0,5,22,64,26,2
6306,41,0,1,4,23,0,2,28,84,82,1,1,4,18,1,1
6307,55,3,18,6,7,1,0,16,75,73,1,0,4,7,7,1
6308,44,0,11,2,6,1,1,58,26,23,2,2,8,52,17,2
6309,24,1,3,6,7,2,0,30,57,23,1,0,3,15,5,2
6311,59,1,13,0,22,1,1,90,10,68,2,3,14,47,24,0
6312,27,3,6,3,8,2,1,11,81,78,1,1,3,9,1,1
6313,33,0,11,3,3,2,2,36,51,37,1,0,1,32,9,1
6314,52,2,2,1,2,1,1,62,30,29,2,4,10,32,24,0
6315,56,1,7,0,0,1,0,16,71,39,1,1,0,11,3,1
6316,26,0,5,1,2,0,1,27,77,91,1,0,4,24,3,1
6317,46,2,12,3,8,0,1,77,28,63,2,4,8,74,13,0
6318,23,3,2,6,17,1,0,15,71,33,1,0,3,12,6,2
6319,46,0,11,6,19,2,0,82,32,97,2,5,6,46,29,0
6320,24,0,3,7,12,2,0,28,90,56,1,2,5,19,4,1
6322,34,0,11,2,9,1,1,57,31,85,1,0,1,56,6,2
6323,43,2,5,0,0,2,0,25,74,58,1,2,5,24,0,1
6324,60,0,3,6,7,2,0,42,64,86,1,2,3,23,7,2
6325,22,2,1,6,19,0,1,43,70,96,1,1,4,35,8,2
6326,49,0,7,3,18,1,0,46,34,88,1,0,1,28,6,2
6327,41,0,6,1,2,1,1,73,16,87,2,2,12,66,26,0
6328,52,3,15,7,21,0,1,59,41,72,1,1,3,50,6,2
6329,25,0,4,3,18,0,1,77,21,30,2,4,8,66,21,0
6330,32,3,11,5,15,2,1,25,58,41,1,1,0,23,8,1
6332,27,0,6,6,19,2,0,30,85,98,1,2,4,20,0,1
6333,44,0,11,5,13,1,0,63,51,47,2,4,7,36,15,0
6334,47,0,13,1,5,1,0,78,33,38,2,5,7,63,7,0
6335,30,0,3,7,10,2,2,13,82,72,1,2,2,11,6,1
6337,26,2,5,1,1,0,0,92,12,25,2,2,11,53,15,0
6338,44,0,8,7,10,2,0,57,34,70,2,4,6,42,13,0
6339,41,2,9,3,8,2,0,79,22,91,2,5,8,40,28,2
6340,27,3,6,2,11,2,1,82,17,70,2,5,14,65,26,2
6341,45,0,6,7,10,2,0,32,74,20,1,0,3,26,0,2
6342,49,0,10,5,15,2,0,10,70,29,1,2,5,9,9,2
6343,32,0,11,7,12,1,2,36,66,90,1,0,2,27,9,1
6344,32,2,11,3,3,0,2,41,74,24,1,0,3,22,3,1
6345,28,2,0,5,15,1,1,47,57,34,2,2,12,37,28,2
6346,25,2,4,6,19,0,1,20,86,76,1,0,2,17,4,1
6347,53,0,10,5,13,1,1,60,26,31,2,4,5,47,7,0
6348,53,2,11,4,23,1,1,79,14,30,2,5,14,55,29,0
6349,45,0,10,5,15,2,0,77,0,40,2,2,7,35,16,0
6350,24,0,2,1,1,1,1,69,40,80,2,4,11,55,24,0
6351,40,3,7,7,12,1,2,15,72,60,1,2,2,10,9,1
6352,43,0,5,5,15,2,0,77,27,88,2,4,7,42,12,0
6353,39,2,5,5,13,1,1,66,45,43,2,3,13,52,20,0
6354,45,3,13,6,17,1,1,19,86,29,1,0,3,17,0,1
6356,38,0,12,7,21,0,0,53,41,87,2,5,11,27,13,2
6357,49,0,4,1,5,1,0,55,41,94,1,1,0,46,5,2
6358,28,0,7,6,7,2,0,20,70,29,1,2,0,10,7,2
6359,28,0,7,3,3,0,0,58,53,84,2,3,13,46,8,2
6360,23,1,2,6,17,2,1,46,58,94,1,1,3,24,1,2
6361,52,0,16,0,0,1,0,13,94,41,1,1,3,7,9,1
6362,40,2,4,1,2,0,1,89,0,56,2,4,10,44,13,0
6363,27,2,5,5,15,2,1,84,19,83,2,4,13,42,7,0
6364,30,3,3,2,6,0,1,71,41,90,2,4,11,46,16,1
6365,26,2,5,1,1,2,0,49,36,66,2,4,10,41,25,2
6366,30,0,6,2,11,0,0,32,55,99,1,1,1,28,8,1
6368,54,0,6,6,19,1,1,94,16,93,2,4,7,52,23,0
6369,33,1,6,2,9,0,1,31,58,48,1,0,0,29,1,1
6370,29,2,6,4,4,1,0,89,1,20,2,3,12,58,29,0
6371,55,0,8,6,19,2,1,56,52,95,2,4,14,47,5,2
6372,58,2,14,4,23,1,0,55,43,51,1,2,4,26,9,2
6373,46,1,8,7,21,1,0,75,34,40,2,3,11,61,18,0
6374,25,0,4,0,22,2,1,24,70,83,1,1,0,22,2,1
6375,37,0,1,3,3,0,0,19,86,81,1,0,1,15,8,1
6376,44,2,15,7,10,1,0,47,43,33,1,1,1,33,0,2
6377,33,0,11,5,13,2,1,25,77,84,1,1,2,22,0,1
6378,38,2,14,6,7,0,0,70,22,59,2,2,10,68,17,0
6379,50,0,8,4,4,1,0,64,45,71,2,4,14,51,28,0
6380,27,1,6,4,23,1,1,36,64,45,1,0,1,18,2,2
6382,52,1,6,4,4,2,0,49,43,75,1,1,1,48,5,0
6383,55,1,12,4,4,1,1,47,39,41,1,0,2,40,4,0
6384,49,2,13,1,1,2,0,43,72,93,2,3,14,35,24,1
6385,24,0,3,7,12,1,0,34,77,56,1,1,4,30,1,2
6386,26,2,5,1,5,0,0,89,9,84,2,4,5,80,15,0
6387,42,1,8,2,11,1,1,86,10,72,2,3,10,60,19,0
6388,50,0,0,2,6,0,1,86,27,81,2,4,7,54,5,0
6389,52,2,10,1,1,1,0,60,30,94,2,2,11,58,11,0
6390,27,1,0,6,17,0,1,28,72,75,1,1,4,25,2,2
6391,55,0,0,1,1,2,0,31,65,42,1,2,5,30,6,2
6392,29,0,8,7,21,1,0,93,0,76,2,5,13,58,14,0
6393,43,0,11,2,6,1,0,50,54,27,1,0,0,33,3,2
6394,25,0,4,4,20,0,0,34,55,48,1,0,4,31,5,2
6395,34,2,8,7,21,2,1,40,59,88,1,1,3,22,2,1
6396,25,2,4,3,3,0,0,62,30,20,2,4,11,46,19,0
6397,50,0,10,1,5,0,2,54,48,35,1,0,0,32,8,2
6398,41,0,13,5,13,2,1,15,88,94,1,1,5,14,7,1
6399,55,0,11,5,13,0,0,74,46,45,2,5,13,65,14,0
6400,56,0,14,0,16,1,1,82,24,47,2,3,14,71,13,0
6401,49,3,8,0,16,2,0,71,27,87,2,2,8,33,29,1
6402,47,0,5,2,11,1,1,62,37,93,2,3,11,52,23,2
6403,46,0,7,5,13,1,0,39,68,84,1,0,2,19,0,2
6404,25,0,4,6,7,1,0,14,93,88,1,0,1,10,7,1
6405,48,0,13,0,16,1,2,14,78,24,1,1,0,7,5,1
6406,43,1,8,5,15,2,1,52,48,80,1,1,4,39,4,0
6407,22,1,1,4,20,0,1,10,85,80,1,1,5,9,8,1
6408,32,0,4,0,16,2,1,48,49,60,1,1,4,38,5,1
6409,23,2,1,2,11,2,0,75,29,92,2,3,13,69,26,0
6410,60,1,12,4,20,0,1,36,79,79,1,1,2,33,6,2
6412,52,0,1,2,11,1,1,41,61,78,1,0,2,33,9,1
6413,58,2,8,4,20,1,2,65,41,38,2,4,7,45,13,2
6414,46,1,3,3,3,1,0,49,25,62,1,1,3,39,2,0
6415,25,2,4,6,19,1,1,14,66,93,1,1,1,12,9,1
6416,40,2,1,1,2,0,0,49,52,28,1,0,1,41,6,0
6417,60,1,11,4,23,1,1,68,41,28,2,3,12,36,21,0
6418,44,1,14,1,1,2,1,51,50,84,1,2,2,24,4,2
6419,59,0,12,4,4,0,1,58,28,28,2,2,13,32,25,0
6420,42,1,12,2,11,1,0,62,61,92,2,4,8,41,29,2
6421,29,1,2,0,16,1,1,23,80,82,1,2,0,15,1,1
6422,37,0,8,6,17,0,1,13,81,40,1,2,2,7,3,1
6423,48,0,15,3,18,1,0,54,56,90,1,0,3,42,3,2
6424,34,0,5,5,15,1,2,63,35,72,2,5,5,35,20,2
6425,55,0,4,7,12,1,0,25,86,56,1,0,0,17,1,1
6426,36,2,7,5,15,2,2,50,61,55,1,0,3,24,2,1
6427,23,1,2,7,21,2,1,74,39,44,2,3,6,56,21,0
6428,47,0,7,6,19,0,2,31,65,98,1,0,1,23,6,1
6429,25,3,4,2,11,0,0,56,35,75,2,2,6,42,21,2
6430,33,0,9,6,17,0,0,38,52,56,1,0,2,23,2,2
6431,38,2,9,2,9,1,1,90,11,58,2,5,10,50,17,2
6432,41,0,12,1,1,2,0,71,26,86,2,4,8,32,20,0
6433,55,0,11,7,21,0,2,75,17,78,2,4,5,47,6,2
6434,35,1,12,5,13,0,1,49,51,78,2,5,9,47,20,0
6435,34,1,9,4,20,2,0,42,62,75,1,2,2,39,9,2
6436,39,2,18,2,11,2,0,15,97,94,1,2,1,13,2,1
6438,35,2,3,1,2,0,1,37,72,27,1,0,4,32,4,2
6439,32,0,4,2,11,0,0,47,57,93,2,2,13,34,21,1
6440,30,0,5,2,9,1,1,20,71,92,1,0,2,18,1,1
6441,47,0,8,3,3,1,0,38,29,94,1,1,0,34,0,2
6442,27,0,6,1,1,0,1,10,100,30,1,2,0,4,4,1
6443,25,0,4,2,6,2,0,36,62,69,2,3,12,34,24,1
6444,48,2,9,4,23,0,2,49,72,69,1,1,2,38,7,1
6445,24,2,3,4,23,1,2,60,41,51,2,2,9,45,9,2
6446,26,3,5,5,13,2,0,65,5,53,2,3,8,36,6,0
6449,25,0,4,7,12,1,0,23,60,46,1,0,3,14,8,2
6450,25,0,4,4,23,2,0,54,48,79,2,2,8,25,15,2
6451,49,0,15,5,13,2,1,15,100,69,1,2,2,9,8,1
6452,22,0,1,0,16,2,0,22,80,34,1,0,0,14,0,1
6453,38,1,5,1,2,1,1,69,23,53,2,5,12,51,19,0
6454,49,0,13,6,19,0,0,68,31,91,2,2,6,50,20,0
6455,49,2,16,5,13,0,2,37,59,90,1,2,5,25,8,1
6456,24,2,0,2,9,1,0,65,35,44,2,4,14,55,20,0
6457,54,1,5,4,23,2,0,71,38,62,2,3,7,54,8,0
6458,60,2,4,5,13,1,2,21,79,65,1,1,3,17,8,1
6459,46,0,5,1,2,1,0,86,17,70,2,5,11,53,25,0
6460,39,0,3,7,12,0,0,32,65,84,1,1,5,21,1,1
6461,31,0,10,0,22,0,2,63,37,86,2,3,14,61,19,1
6462,53,2,7,3,3,2,0,89,5,47,0,8,25,53,33,0
6463,23,1,2,4,4,1,1,11,90,31,1,1,2,6,7,2
6464,40,0,4,0,16,2,1,29,80,45,1,1,5,28,5,1
6465,50,3,12,7,10,1,1,84,29,49,2,5,10,42,19,2
6466,55,3,7,6,17,1,2,67,40,58,2,2,9,60,24,2
6467,60,2,4,0,22,2,1,93,0,90,0,7,19,90,49,0
6468,29,0,8,3,18,1,0,23,75,30,1,2,3,10,0,1
6469,26,0,4,4,23,2,1,92,6,32,2,3,12,59,29,0
6470,47,1,12,6,19,1,1,34,77,65,1,1,1,32,4,2
6471,43,0,11,5,15,2,2,15,80,33,1,1,4,13,8,1
6472,43,0,4,1,5,0,1,25,74,32,1,0,2,19,5,1
6475,52,1,0,5,14,0,1,45,64,36,1,1,2,21,8,0
6476,47,0,6,5,13,2,2,75,36,79,2,5,6,43,25,2
6477,32,0,6,4,23,2,0,58,39,49,2,2,6,26,5,0
6478,38,0,12,3,8,0,0,52,40,74,1,0,4,35,2,2
6479,48,0,5,5,15,2,1,70,36,45,2,4,5,39,10,0
6480,29,0,8,3,8,2,1,31,66,85,1,0,5,16,4,1
6481,31,0,10,3,8,1,1,76,39,60,1,0,5,39,3,2
6482,52,0,11,4,4,1,1,56,52,43,2,5,10,46,9,2
6483,39,0,9,4,23,1,0,81,0,25,2,5,5,79,12,0
6484,30,1,8,2,9,2,1,65,25,72,2,5,8,53,21,2
6485,51,0,5,1,1,2,0,41,54,31,1,0,0,22,9,2
6487,34,1,9,2,6,1,1,33,76,50,1,1,1,28,0,1
6488,50,2,4,2,11,0,0,35,62,93,1,1,4,27,6,1
6489,38,1,1,1,5,0,2,25,79,83,1,1,0,12,9,1
6490,31,0,6,1,1,1,1,59,52,80,1,0,5,38,4,2
6491,31,2,10,4,4,2,0,50,51,76,1,0,2,43,8,2
6492,53,0,6,3,3,0,1,74,38,94,0,5,19,46,53,2
6493,40,1,15,1,2,2,0,83,10,23,2,2,10,66,19,0
6495,23,0,0,3,3,0,0,53,44,56,2,2,12,26,18,2
6496,31,1,10,0,16,2,2,25,70,89,1,2,2,24,0,1
6497,41,0,17,2,6,1,1,11,75,32,1,0,5,7,9,1
6498,35,0,14,0,16,0,0,54,45,79,2,3,6,47,14,2
6499,35,1,0,3,8,1,0,57,43,41,1,1,1,40,7,0
6500,58,1,15,7,21,2,1,75,41,33,2,4,12,52,8,0
6501,58,2,9,3,18,1,2,51,47,42,1,2,1,28,1,1
6503,49,0,10,2,6,2,1,26,66,48,1,0,2,23,6,1
6504,42,0,13,5,14,0,1,64,35,64,1,1,3,32,8,0
6505,53,0,7,2,9,0,0,18,88,67,1,1,4,11,5,1
6506,54,1,12,3,3,2,1,58,43,27,2,5,8,47,10,0
6507,32,2,6,6,7,1,0,48,55,29,2,5,13,26,16,2
6508,23,3,2,7,10,1,1,25,78,56,1,1,3,23,3,1
6509,27,2,6,3,3,2,0,24,81,92,1,0,4,13,8,1
6510,60,0,6,5,13,0,1,83,27,21,2,5,10,77,24,0
6511,54,0,8,0,22,1,0,78,14,65,2,4,10,68,27,0
6512,40,1,9,0,0,2,1,60,36,31,2,3,11,39,13,2
6513,57,0,13,1,2,2,0,28,61,23,1,2,4,18,0,2
6514,37,2,4,4,20,0,1,50,58,32,2,3,5,36,22,2
6515,44,0,0,1,1,1,0,61,56,56,2,2,14,43,29,0
6516,45,2,3,2,6,2,1,49,41,77,2,4,12,31,7,1
6517,34,2,4,1,1,2,0,54,26,59,1,0,1,44,3,0
6518,48,0,0,0,16,1,1,76,32,52,2,5,12,67,21,0
6519,40,0,16,3,18,2,2,77,21,84,2,4,10,46,11,1
6520,56,2,13,3,18,0,2,74,26,26,2,3,6,59,28,2
6521,54,0,10,0,0,1,1,38,58,26,1,1,4,23,6,1
6522,57,2,15,1,2,0,0,85,0,53,2,4,10,69,19,0
6524,40,2,10,6,7,1,0,64,18,28,2,3,10,59,7,0
6525,35,0,12,2,9,1,0,55,59,57,1,2,1,53,4,2
6526,31,0,0,3,3,2,0,50,46,49,1,2,0,44,9,0
6527,52,2,11,5,14,1,0,51,32,41,2,3,8,32,7,0
6528,33,0,8,5,14,2,1,71,36,86,2,5,9,41,29,0
6529,34,0,13,0,0,1,1,77,31,35,2,5,12,55,12,2
6530,60,1,2,6,19,0,1,29,71,65,1,0,3,15,6,2
6531,51,0,7,5,14,1,1,70,49,34,2,5,9,38,19,0
6532,36,0,15,2,9,2,1,23,75,62,1,1,4,13,3,1
6533,49,2,8,5,13,1,0,91,22,73,2,3,14,48,14,0
6534,33,2,8,4,23,2,0,51,45,84,2,4,6,37,16,2
6535,30,0,9,1,5,1,0,31,65,78,1,1,3,17,5,2
6536,58,0,6,0,16,2,0,29,75,63,1,2,0,28,7,1
6537,55,1,11,0,0,2,1,79,14,83,2,2,10,77,23,0
6538,53,0,5,4,4,1,1,27,73,86,1,1,4,19,2,1
6539,39,0,0,2,11,1,1,77,21,94,2,3,13,45,11,2
6540,35,0,10,7,10,0,1,79,13,66,2,3,13,43,26,0
6541,30,1,2,6,7,2,1,30,60,41,1,1,1,14,6,2
6542,38,0,15,7,21,1,1,42,47,80,1,0,0,34,6,2
6543,25,0,4,5,14,1,1,40,71,32,1,2,3,33,8,2
6544,50,0,14,0,16,2,2,48,66,48,1,2,0,33,4,1
6545,51,1,10,5,14,1,1,61,53,82,2,5,10,46,27,0
6546,45,0,15,6,17,2,0,12,89,83,1,0,3,8,1,1
6547,24,0,3,6,17,1,1,16,79,69,1,1,4,11,8,1
6548,47,0,16,5,14,1,0,45,52,61,1,2,5,41,6,2
6549,44,0,13,1,2,2,0,19,93,42,1,2,2,18,7,1
6550,27,0,6,2,9,2,1,45,45,26,1,1,5,37,5,2
6551,22,0,1,2,9,0,1,89,9,60,0,6,20,72,21,0
6552,46,0,14,0,0,1,2,71,35,94,2,4,7,41,20,1
6553,51,2,6,7,12,2,0,78,21,23,2,5,13,57,19,0
6554,35,2,7,3,3,1,1,89,9,93,2,5,9,74,28,0
6555,52,1,10,1,2,1,1,33,58,67,1,2,3,18,9,2
6556,58,2,12,0,22,1,0,89,20,75,0,8,23,87,47,0
6557,48,2,7,2,9,0,0,93,6,21,0,6,19,71,50,0
6558,35,0,14,4,23,1,0,93,14,62,2,5,13,72,25,0
6559,51,0,12,0,16,2,1,42,37,20,1,1,0,41,7,2
6560,30,0,9,1,1,0,0,85,13,36,2,2,9,42,18,0
6561,46,2,13,0,0,1,0,53,27,26,2,2,8,38,22,2
6562,40,1,6,2,9,1,0,27,91,71,1,1,3,14,8,1
6563,33,1,8,2,11,1,1,44,56,85,1,0,2,21,6,1
6564,37,3,5,4,4,0,0,38,74,36,1,0,4,28,1,2
6565,44,1,5,4,4,0,0,75,25,30,2,4,13,43,6,0
6566,39,0,15,7,12,1,1,16,89,57,1,1,2,13,9,1
6567,27,0,6,7,21,0,0,25,83,47,1,2,5,15,9,1
6568,60,0,3,6,17,2,0,38,63,39,1,0,1,31,9,2
6569,38,1,10,0,16,0,1,11,95,53,1,1,3,5,2,1
6570,53,2,8,0,0,0,1,59,47,28,1,1,2,26,4,1
6571,51,2,14,7,21,0,1,47,50,21,1,1,5,42,9,2
6572,54,0,2,3,18,1,1,24,70,81,1,2,5,13,3,1
6573,28,2,7,1,5,0,0,36,40,84,1,1,3,35,8,2
6575,23,0,2,7,12,0,1,27,60,53,1,0,4,17,0,2
6576,57,2,14,3,18,1,1,57,41,91,2,4,13,46,27,1
6577,21,2,0,2,9,0,1,78,25,91,2,2,13,35,16,2
6579,45,1,13,2,11,2,0,59,41,69,2,2,7,42,19,2
6580,30,0,6,0,22,1,2,46,62,98,1,0,2,28,2,1
6581,53,0,0,1,5,1,2,47,58,79,1,2,2,42,4,2
6582,29,2,0,2,9,0,2,60,45,52,2,2,7,31,7,1
6583,47,2,6,4,23,0,1,14,64,67,1,0,2,10,6,1
6584,38,1,17,2,9,1,0,43,45,73,1,0,1,29,2,2
6585,27,2,6,3,8,0,1,43,57,81,1,2,3,21,5,1
6586,59,1,12,2,11,2,1,30,77,84,1,2,5,15,3,1
6587,39,2,7,2,9,1,0,90,0,58,2,3,8,43,11,0
6588,28,1,7,5,14,2,1,86,21,57,2,3,11,50,15,0
6589,36,0,14,2,11,1,2,36,69,91,1,1,4,29,6,1
6590,60,1,4,6,17,1,2,90,0,40,2,2,6,75,17,0
6591,44,0,10,1,2,2,0,90,2,69,2,3,8,67,17,0
6592,27,0,6,6,19,2,0,24,89,98,1,0,4,19,1,1
6593,55,1,13,0,22,1,1,50,38,94,1,2,5,47,2,2
6594,56,0,6,4,20,0,0,70,21,93,2,4,7,54,14,0
6595,40,0,10,0,22,0,1,51,32,76,1,0,2,48,7,2
6596,38,0,17,4,4,2,0,38,43,37,1,1,3,29,1,2
6597,33,1,10,7,12,0,2,59,53,41,1,1,1,51,6,2
6598,22,0,1,6,17,2,0,84,7,79,2,5,5,45,29,0
6599,57,0,3,7,21,2,0,32,72,82,1,2,3,20,9,1
6600,44,0,7,6,19,0,0,75,37,87,2,2,8,43,15,0
6601,47,2,6,7,10,1,1,31,76,35,1,0,5,18,7,1
6602,50,0,15,0,22,2,0,19,67,79,1,0,2,18,6,1
6603,27,0,6,7,21,0,1,25,65,26,1,2,4,20,2,1
6604,59,0,9,5,13,0,1,32,62,42,1,1,3,28,0,2
6605,56,0,3,7,12,0,0,41,45,29,1,0,3,24,4,2
6606,21,3,0,7,12,2,0,77,11,79,2,4,5,57,7,0
6607,60,0,8,1,5,2,0,18,75,89,1,1,5,17,7,1
6608,48,0,9,4,4,2,0,12,85,85,1,2,1,10,2,1
6610,44,0,13,2,11,2,0,34,54,80,1,0,0,31,4,1
6611,29,0,8,0,0,1,1,36,58,73,1,0,1,27,8,1
6613,49,2,10,3,8,1,2,30,73,28,1,1,2,29,5,1
6614,30,0,9,7,10,0,0,46,47,55,1,0,3,28,2,2
6615,21,2,0,6,19,1,0,76,24,80,2,4,14,58,21,0
6616,53,2,6,4,20,2,0,35,54,33,2,2,11,19,5,2
6617,22,0,1,3,18,1,2,78,27,63,2,5,6,42,20,2
6618,30,0,9,5,15,2,0,23,69,93,1,1,2,19,8,2
6619,47,1,14,1,5,2,0,19,77,26,1,0,3,14,2,2
6620,29,3,7,7,12,2,0,52,37,87,2,3,8,44,24,2
6621,28,1,5,2,9,0,1,81,24,34,2,3,7,42,22,0
6622,30,0,7,2,9,1,1,83,17,32,2,4,13,57,24,0
6623,33,0,12,5,15,1,0,52,59,20,1,1,1,44,1,0
6624,47,2,7,4,20,2,1,59,44,91,2,2,5,34,19,2
6625,32,2,9,5,15,1,1,46,44,58,1,2,5,23,3,2
6626,30,0,7,2,11,2,1,52,27,90,1,0,4,50,4,2
6627,32,0,0,7,12,1,0,23,72,91,1,1,2,17,8,2
6628,24,2,3,1,5,1,0,26,72,56,1,1,0,16,4,1
6629,31,1,8,1,5,1,0,86,13,57,0,7,22,43,48,0
6630,56,1,5,1,2,2,1,60,66,22,2,3,13,57,12,0
6631,30,1,9,7,10,1,0,45,50,87,1,2,5,40,4,2
6632,37,0,0,2,9,1,1,55,53,81,2,4,7,32,14,2
6633,41,3,19,2,6,0,0,70,50,20,2,4,14,62,26,2
6634,57,1,9,7,12,2,2,22,90,21,1,1,2,14,6,1
6635,33,2,11,4,20,1,2,48,52,72,1,1,5,32,1,1
6636,58,0,8,4,4,1,0,77,31,94,2,3,9,45,11,0
6637,23,0,2,7,21,0,0,23,71,81,1,0,5,21,3,2
6638,25,1,4,3,3,1,1,28,70,44,1,0,4,15,1,1
6639,33,0,12,7,21,0,1,39,61,73,1,1,1,25,8,1
6640,48,0,9,1,2,0,2,73,33,72,2,5,6,37,6,2
6641,41,0,9,4,4,1,1,39,47,44,1,1,0,17,7,2
6642,23,0,0,0,0,1,1,43,61,69,1,2,1,30,7,1
6643,23,0,2,0,16,1,0,26,86,29,1,2,2,13,6,1
6644,21,1,0,0,22,0,2,53,60,67,1,1,5,26,0,1
6645,34,1,9,2,9,2,0,79,26,86,2,3,9,56,18,0
6646,25,0,4,7,12,0,0,10,94,64,1,1,5,8,0,1
6647,26,0,5,1,1,1,1,23,71,61,1,2,0,11,6,1
6648,47,1,6,3,3,1,2,84,11,81,2,4,6,48,27,2
6649,44,0,7,5,14,1,1,65,44,57,2,3,12,64,12,0
6650,50,0,7,4,23,0,1,84,9,28,2,5,14,72,14,0
6651,48,0,7,3,3,0,0,38,79,44,1,2,3,20,4,2
6652,29,0,8,5,14,0,0,70,28,74,2,3,13,57,29,0
6653,31,1,8,1,5,0,1,20,70,22,1,0,0,14,2,2
6654,50,0,6,4,23,1,1,41,49,31,2,3,13,28,12,2
6657,24,2,3,7,21,0,1,25,74,56,1,0,1,11,3,1
6658,50,0,4,5,14,2,2,15,100,85,1,0,1,13,8,1
6660,51,3,12,5,15,1,1,21,76,35,1,0,2,13,1,1
6661,27,0,6,7,10,2,1,51,55,20,1,1,3,45,5,2
6662,27,1,6,4,23,1,1,77,5,42,2,5,10,59,23,0
6663,21,1,0,5,13,2,2,28,78,74,1,1,2,23,5,1
6664,59,1,7,3,8,0,1,11,98,34,1,2,0,9,0,1
6665,24,0,3,1,5,2,1,36,68,21,1,2,3,18,6,2
6666,55,2,1,3,8,1,1,78,19,37,2,5,9,40,23,0
6668,47,0,9,2,11,1,2,56,29,68,2,3,6,55,8,1
6669,41,0,11,1,1,2,2,85,6,76,2,5,5,62,15,0
6670,29,0,8,2,6,2,2,73,42,58,2,4,6,65,12,2
6671,47,2,0,4,23,1,0,32,63,71,1,0,3,17,1,2
6672,58,0,7,5,15,1,0,78,0,40,2,5,8,54,20,0
6673,55,1,15,4,4,1,0,63,47,49,2,5,10,42,12,0
6674,50,0,11,6,7,0,0,41,53,86,1,2,5,29,5,2
6675,42,1,1,4,20,0,0,80,4,86,2,5,5,77,7,0
6676,49,0,8,1,5,2,2,86,2,29,2,3,13,54,28,0
6677,25,0,4,0,22,1,1,36,73,73,1,2,4,18,0,1
6678,33,0,7,2,6,2,1,71,15,38,2,4,6,40,7,2
6679,27,1,0,1,5,1,1,55,53,45,2,3,6,32,5,0
6680,30,1,5,1,5,1,2,38,50,58,1,1,2,20,8,1
6681,32,0,4,5,15,0,1,10,93,50,1,0,4,8,9,1
6682,55,0,13,7,10,1,1,16,92,94,1,2,1,8,7,1
6683,44,0,15,2,6,0,1,50,38,50,2,4,7,27,18,1
6684,28,2,7,5,13,2,0,71,23,39,2,4,12,39,7,0
6685,27,0,3,1,5,0,1,57,34,88,1,2,1,47,8,2
6686,57,0,10,1,1,0,1,83,14,32,2,2,13,76,19,0
6687,56,2,10,5,15,2,0,18,89,62,1,1,4,8,6,1
6688,21,0,0,6,7,2,2,53,40,49,1,0,4,27,8,2
6689,35,2,14,3,3,2,1,76,14,58,2,4,11,65,9,0
6690,35,0,14,4,20,1,1,39,75,80,1,1,3,23,0,1
6691,30,0,6,7,21,1,1,46,58,71,1,2,3,38,6,2
6692,42,0,6,2,9,1,0,67,33,44,2,5,8,52,20,0
6693,22,0,1,3,8,1,0,58,56,20,2,3,12,51,25,0
6695,24,0,3,5,15,1,2,46,51,91,2,3,10,31,22,1
6696,34,0,2,3,3,1,1,42,45,83,1,2,3,29,7,2
6697,32,2,7,6,19,0,0,81,28,92,0,5,25,44,29,0
6698,46,0,9,7,12,1,0,56,53,90,1,0,4,40,2,2
6699,54,2,1,2,9,1,1,48,62,72,1,1,5,21,4,1
6700,31,0,3,5,15,0,0,82,27,55,2,4,9,63,15,0
6701,50,1,19,0,22,1,0,31,59,99,1,2,4,30,8,1
6702,53,0,5,6,19,1,2,92,24,93,0,6,25,79,30,0
6703,22,1,1,3,8,1,0,44,70,25,1,2,4,30,6,0
6704,40,2,9,0,22,0,1,88,13,91,2,3,13,63,26,2
6705,40,2,6,1,2,0,0,91,0,31,2,5,14,89,14,0
6706,45,0,9,5,13,1,1,38,69,59,1,0,3,30,4,2
6707,30,0,8,4,4,2,1,41,57,65,2,4,9,21,28,1
6708,55,0,7,7,12,1,2,78,21,39,2,4,12,76,15,0
6709,48,1,15,0,16,1,0,36,77,62,2,3,8,26,9,1
6710,28,2,7,7,21,0,0,38,50,36,1,0,5,37,8,2
6711,46,3,2,3,3,0,1,25,91,82,1,0,4,21,0,1
6712,48,0,15,0,0,1,0,88,23,46,2,2,14,82,16,0
6713,29,3,8,0,0,2,0,16,93,81,1,1,0,8,3,1
6714,27,0,6,2,9,0,0,67,20,93,1,2,3,38,5,2
6715,50,2,15,4,20,1,1,15,76,29,1,0,3,7,4,1
6716,56,1,15,2,6,0,0,51,57,25,2,3,14,45,10,0
6717,45,2,12,7,21,0,0,45,69,54,1,1,5,43,1,2
6718,50,0,13,7,10,1,2,23,75,39,1,0,5,19,6,1
6719,21,3,0,1,2,1,0,48,57,28,1,0,2,22,1,2
6720,60,0,7,4,4,0,1,75,39,48,2,4,13,59,20,0
6721,28,2,1,0,22,0,1,17,75,72,1,2,4,15,1,1
6722,58,1,1,6,7,1,0,61,41,23,1,2,4,29,2,0
6723,55,0,5,0,0,1,0,50,55,31,1,2,0,37,0,2
6724,27,2,6,5,15,1,1,67,20,47,2,2,11,60,22,0
6725,54,0,8,4,4,1,1,48,28,91,1,1,5,30,0,2
6726,37,0,5,4,20,1,0,34,74,91,1,2,5,24,4,2
6727,56,0,11,2,6,0,1,28,65,20,1,0,4,21,0,1
6728,39,0,11,2,6,1,1,69,49,45,1,2,4,38,4,2
6729,31,0,6,0,16,2,0,50,48,69,1,1,2,36,1,2
6730,35,1,12,7,21,1,0,16,84,45,1,1,3,14,8,1
6732,29,1,4,4,20,1,0,90,13,68,0,6,21,86,26,0
6733,51,2,6,7,12,2,1,17,84,20,1,0,4,12,9,1
6734,22,0,1,2,9,1,1,74,14,52,2,5,10,68,14,0
6735,27,0,0,1,1,1,1,64,23,42,2,4,8,36,26,0
6736,30,3,6,7,10,2,0,84,25,94,2,2,13,74,18,0
6737,49,0,17,6,19,2,2,29,80,86,1,1,0,13,4,1
6738,56,0,2,5,14,1,0,12,82,85,1,0,4,9,6,2
6739,21,1,0,2,6,1,1,86,8,40,0,6,23,81,48,0
6740,30,1,0,7,12,1,0,49,51,53,1,2,1,33,5,0
6741,44,0,3,7,21,1,0,35,63,77,1,2,2,16,0,2
6742,35,2,10,6,17,1,0,23,94,85,1,1,1,16,9,1
6743,30,0,6,5,15,1,0,79,6,42,2,2,5,70,12,0
6744,34,0,8,0,16,1,0,91,0,45,2,3,5,45,22,0
6745,28,0,7,1,2,0,2,56,36,83,1,1,2,53,2,2
6746,48,2,4,0,16,0,1,53,74,92,1,0,0,25,2,1
6747,48,2,1,7,10,2,1,62,32,86,2,5,11,38,10,2
6748,48,0,3,7,21,1,1,27,66,45,1,2,0,16,2,1
6749,48,0,6,4,23,2,2,86,14,21,0,6,24,62,20,0
6750,56,0,8,4,20,2,2,74,14,37,2,3,11,39,21,2
6751,56,0,7,2,9,0,1,53,37,48,1,0,5,50,7,2
6752,25,1,4,5,14,2,0,49,53,80,1,1,1,47,9,0
6753,34,1,8,0,0,1,0,45,48,88,1,0,0,38,0,2
6754,41,0,10,2,6,0,0,86,0,21,2,3,12,50,12,0
6755,25,2,1,1,5,2,1,69,23,76,2,5,10,53,12,0
6756,35,0,2,7,21,1,0,56,47,40,1,1,4,47,7,0
6757,44,0,12,7,10,1,2,31,64,90,1,0,2,22,7,1
6759,44,0,8,6,19,2,2,16,94,80,1,1,3,7,6,1
6760,22,0,1,1,2,0,0,18,78,28,1,1,2,15,8,2
6761,55,2,12,7,10,2,1,12,93,79,1,2,5,6,5,1
6763,25,0,4,6,19,1,0,80,11,92,2,4,14,68,29,0
6764,29,1,0,4,4,0,2,16,76,91,1,1,1,13,5,1
6766,57,0,2,3,8,2,0,72,38,37,2,5,13,69,28,0
6767,58,3,6,7,12,0,2,52,59,63,1,1,5,38,6,1
6768,50,2,13,6,19,1,0,41,72,91,1,0,1,33,2,2
6769,38,0,12,4,23,2,0,57,52,51,2,2,13,44,10,0
6770,51,0,4,6,19,1,1,54,28,69,1,1,1,38,9,2
6771,37,0,5,4,4,2,0,45,64,38,1,0,1,27,7,2
6772,38,0,14,6,17,2,0,62,32,53,1,1,1,58,5,0
6773,27,1,6,2,9,1,0,65,45,84,1,0,3,64,9,0
6774,24,0,1,1,1,2,1,24,78,82,1,0,0,23,2,1
6775,31,1,9,6,7,1,1,40,59,64,2,4,5,26,22,2
6776,52,2,14,4,23,0,0,24,86,58,1,0,5,20,9,1
6777,32,1,10,6,7,1,2,71,50,78,2,2,5,32,24,2
6778,45,3,16,4,20,2,0,24,75,82,1,1,0,15,2,1
6779,42,3,10,2,9,0,1,54,32,56,1,2,2,53,9,2
6781,40,0,7,0,22,2,1,45,44,79,1,2,1,24,9,1
6782,58,0,13,6,17,2,0,27,74,91,1,1,2,18,4,2
6783,31,2,10,1,1,1,0,30,64,82,1,0,4,27,0,1
6784,24,2,3,3,8,0,2,14,48,37,1,0,5,11,4,1
6785,36,0,10,7,12,1,0,43,48,54,1,2,2,23,3,2
6786,22,0,1,4,23,0,1,73,14,70,2,5,8,72,20,0
6787,51,0,13,1,5,2,2,71,31,84,2,4,11,64,14,2
6788,50,1,10,5,13,2,0,45,53,68,1,1,0,36,7,0
6789,44,2,2,1,2,1,2,17,79,52,1,0,4,13,6,1
6790,26,0,4,3,3,1,0,40,78,71,1,1,1,39,3,2
6791,22,0,1,4,4,0,1,18,85,65,1,2,4,8,8,1
6792,60,2,5,3,3,1,1,93,14,21,2,3,12,73,28,0
6793,22,0,1,7,12,2,0,59,45,44,1,1,3,54,9,0
6794,59,0,6,3,3,2,1,31,58,88,1,0,3,16,0,1
6796,33,3,6,4,23,0,1,83,0,20,2,4,9,53,5,0
6797,21,0,0,1,1,1,1,70,33,81,2,4,5,34,15,0
6798,37,1,0,2,9,0,0,43,65,51,1,0,4,26,2,2
6799,45,1,1,1,2,1,0,23,92,48,1,0,5,19,7,2
6800,37,0,6,2,9,1,0,35,48,52,1,0,5,24,9,2
6801,52,2,0,7,12,1,0,24,68,73,1,2,2,11,9,1
6803,25,2,4,6,17,1,0,86,33,21,2,2,6,73,24,0
6804,43,0,13,6,17,1,0,47,60,54,2,5,6,22,21,2
6805,51,3,9,1,5,1,0,90,7,66,2,5,5,74,29,0
6806,50,0,8,1,5,0,1,71,33,82,2,3,6,42,19,2
6807,34,1,7,4,20,1,1,87,22,88,2,5,8,74,20,0
6808,37,1,15,5,15,1,1,83,19,58,2,2,6,56,24,0
6809,45,1,2,5,13,1,0,58,40,41,2,3,11,57,29,0
6811,21,0,0,4,4,2,0,23,92,63,1,0,4,18,1,2
6812,42,1,9,5,13,0,2,31,70,40,1,1,0,29,8,1
6814,32,0,8,3,18,1,2,77,7,62,2,3,6,35,21,2
6815,33,0,3,2,6,0,1,40,57,66,1,2,5,22,4,1
6816,47,2,9,5,14,0,0,73,42,76,1,2,4,34,6,0
6817,23,0,2,6,17,2,2,61,47,73,2,3,9,42,28,2
6818,22,0,1,0,16,2,0,14,96,75,1,0,4,10,4,1
6819,48,1,9,5,15,1,0,27,73,45,1,1,5,22,1,2
6820,44,1,9,2,6,1,0,38,63,26,1,0,3,33,2,2
6821,28,1,1,5,15,2,2,21,74,83,1,0,0,19,4,1
6822,53,2,3,4,4,2,2,83,27,64,2,3,12,50,29,2
6823,50,1,9,5,14,2,1,10,95,56,1,2,0,5,4,1
6824,57,3,5,2,11,1,0,40,54,94,1,0,3,18,3,1
6825,56,2,10,5,15,1,0,43,62,87,1,2,3,42,8,2
6826,28,0,6,5,13,2,2,41,81,25,1,1,4,29,8,1
6827,47,1,5,6,19,2,0,83,19,74,2,5,10,47,9,0
6828,43,0,0,6,7,1,2,20,82,30,1,2,3,19,2,1
6829,38,0,10,5,14,1,2,75,45,81,2,2,13,61,27,2
6830,27,0,6,3,3,2,2,54,47,65,2,5,7,31,5,1
6831,49,0,6,0,16,1,0,36,59,80,1,1,5,34,7,1
6832,51,0,16,7,21,1,0,37,72,90,1,2,4,25,2,1
6833,27,1,6,2,9,1,0,12,79,37,1,2,4,6,7,1
6834,46,2,5,2,6,0,1,67,31,79,2,5,10,46,7,2
6835,37,0,10,0,16,0,0,70,20,81,2,2,14,43,22,2
6836,31,0,10,0,0,1,0,15,88,59,1,1,5,11,8,1
6837,44,0,16,4,4,0,1,25,88,70,1,0,0,24,0,1
6839,43,1,7,4,20,0,0,69,28,56,2,3,11,41,22,0
6840,54,0,7,4,23,1,1,41,63,77,2,3,5,29,5,2
6841,21,0,0,3,8,1,0,61,36,24,1,2,5,34,4,0
6843,44,2,2,6,17,1,0,24,93,67,1,2,4,12,9,1
6844,53,2,0,6,19,0,1,33,77,94,1,1,2,22,5,1
6845,49,0,3,2,9,1,1,52,28,22,1,0,3,36,1,2
6846,23,1,2,1,2,1,2,26,84,23,1,1,2,18,9,1
6847,24,0,2,6,17,2,1,69,39,82,2,2,13,31,22,0
6848,37,2,13,4,23,2,1,24,69,62,1,2,4,11,6,1
6849,34,0,3,3,8,1,0,25,81,26,1,0,2,24,8,1
6850,50,0,6,6,7,1,0,73,36,61,2,2,14,67,24,0
6851,40,2,9,6,17,0,2,93,0,31,2,4,14,54,29,0
6852,37,1,11,3,3,2,1,52,59,30,2,4,11,39,5,2
6853,49,0,7,1,5,2,1,46,42,88,1,0,1,31,1,2
6854,49,1,10,1,5,2,1,26,60,55,1,1,5,23,3,2
6855,22,2,1,1,1,0,2,22,76,50,1,1,0,13,6,1
6856,44,0,7,4,4,0,1,35,71,59,1,2,2,23,1,2
6857,52,1,17,6,19,1,0,60,47,74,2,3,9,40,27,0
6858,33,1,12,5,13,2,1,58,50,68,2,4,5,28,13,2
6859,47,0,13,2,6,2,0,73,13,47,2,4,11,55,22,0
6861,41,0,11,4,20,2,1,75,20,37,2,5,5,60,18,0
6862,40,0,13,3,8,0,0,10,100,79,1,0,3,8,9,1
6863,46,2,1,5,13,1,2,38,64,46,1,2,4,31,7,1
6864,24,1,3,5,14,1,0,34,86,69,1,1,1,20,4,2
6865,33,1,10,6,7,1,0,83,6,45,2,4,14,69,11,0
6866,52,1,4,1,1,1,1,72,20,37,1,0,2,32,6,0
6868,48,0,8,6,19,1,1,23,81,77,1,0,4,18,8,1
6869,33,0,12,6,7,2,1,79,16,37,2,5,14,62,11,0
6870,56,2,6,4,23,2,1,65,32,48,2,4,11,33,20,2
6871,28,2,0,1,2,2,1,88,12,34,2,5,9,68,10,0
6873,40,1,11,1,1,2,1,27,74,89,1,0,4,26,2,1
6874,48,0,16,4,20,2,1,73,17,50,2,3,9,33,21,2
6875,32,0,9,4,20,2,0,51,40,66,1,1,0,28,7,2
6876,56,0,8,4,20,0,2,68,44,60,2,5,8,31,15,2
6877,55,0,15,1,2,0,1,70,3,33,2,5,11,48,16,0
6878,37,2,10,6,7,1,1,54,48,74,2,2,8,28,20,2
6879,21,0,0,4,23,2,0,49,46,71,1,1,5,46,5,0
6880,37,0,12,3,8,2,1,46,43,51,1,0,3,38,7,2
6881,36,0,13,7,10,1,0,20,82,76,1,1,5,9,0,1
6882,24,0,3,4,4,1,2,27,75,23,1,1,3,15,2,1
6883,57,0,5,6,7,1,1,39,62,34,1,2,4,34,1,2
6884,30,2,7,4,20,0,1,51,58,21,1,1,4,31,1,2
6885,42,0,4,5,15,0,0,21,92,79,1,1,1,10,0,1
6886,55,0,13,5,15,0,1,53,55,70,1,0,1,26,7,2
6887,57,0,16,2,9,1,1,85,12,34,2,2,6,49,27,2
6888,21,0,0,4,4,1,1,78,10,37,2,5,6,66,17,0
6889,23,2,2,5,13,1,0,58,49,20,2,4,5,57,23,0
6891,50,0,5,6,17,2,1,23,78,39,1,0,2,19,8,1
6892,43,0,10,5,13,2,0,64,33,61,2,4,11,32,9,0
6893,21,2,0,5,13,1,2,34,57,50,1,1,1,17,7,1
6895,49,2,9,2,9,1,0,32,67,91,1,1,0,27,3,1
6896,44,2,13,3,3,0,1,25,96,84,1,2,1,11,1,1
6897,48,0,8,4,23,0,0,55,48,56,2,5,14,32,16,0
6898,47,0,10,2,11,1,0,32,52,65,1,0,5,31,6,2
6899,34,0,13,1,5,1,0,54,42,22,2,2,8,31,27,0
6902,25,0,4,2,11,0,1,87,7,85,2,5,11,86,25,0
6903,40,0,11,1,1,2,1,78,31,65,2,5,12,77,5,0
6904,21,2,0,6,17,0,1,82,18,34,2,4,13,63,18,0
6905,30,0,9,5,15,0,2,67,35,23,2,2,6,32,25,2
6906,25,0,4,4,20,1,1,16,83,76,1,2,4,11,7,1
6907,31,0,10,5,13,0,1,25,80,23,1,1,1,17,9,2
6908,31,1,10,6,7,0,1,45,49,69,1,0,0,39,6,2
6909,40,0,2,2,9,0,0,59,42,65,1,2,3,38,7,0
6910,34,0,13,2,11,2,1,84,25,77,2,4,9,62,5,0
6911,28,1,7,7,10,2,1,28,64,92,1,1,5,14,9,1
6912,40,2,0,2,6,0,1,22,81,66,1,1,3,10,3,1
6913,50,0,1,2,9,1,1,47,38,55,1,0,0,44,4,2
6914,36,2,7,4,4,1,0,78,34,61,2,4,12,67,13,0
6916,33,2,5,5,14,1,2,51,32,52,2,2,11,23,11,1
6917,39,1,11,5,15,1,0,84,12,92,2,2,14,47,15,0
6918,31,0,2,5,15,1,1,53,63,54,1,2,5,46,0,0
6919,35,0,13,2,9,2,1,68,32,33,1,1,0,52,3,2
6920,23,1,2,0,16,2,2,41,56,55,1,2,3,38,4,1
6921,32,2,8,0,16,2,0,21,63,37,1,1,5,14,4,1
6922,45,2,4,0,0,1,1,53,38,54,2,5,12,31,22,1
6924,48,1,8,7,21,0,2,70,36,82,2,5,12,60,29,2
6925,36,2,9,3,3,0,0,32,75,77,1,1,0,20,5,1
6927,52,2,3,0,16,2,0,79,29,53,2,4,7,37,28,2
6928,57,0,1,2,9,0,0,53,39,64,2,2,10,45,15,0
6929,45,0,21,5,14,0,0,65,39,86,2,2,6,57,17,0
6930,60,0,6,6,19,0,2,77,17,70,2,4,6,70,27,0
6931,25,1,2,5,15,2,1,28,78,50,1,0,4,27,3,2
6932,42,2,1,0,22,0,0,91,11,74,2,4,11,42,12,0
6933,39,1,1,0,0,2,0,21,68,33,1,0,4,20,9,2
6934,35,0,6,7,21,2,2,72,27,28,2,3,10,55,8,2
6935,31,0,10,6,19,1,2,20,99,72,1,2,1,17,4,1
6936,54,2,7,4,23,1,0,13,77,38,1,1,0,9,5,1
6937,38,0,8,1,1,1,1,34,60,34,1,0,1,25,0,2
6938,34,2,13,6,19,2,1,37,55,68,1,0,5,19,7,1
6939,33,0,10,0,16,0,0,49,59,34,2,3,12,32,12,2
6940,44,2,13,4,4,0,1,24,85,45,1,2,0,23,2,1
6941,52,2,0,4,20,2,0,51,48,37,1,2,5,36,7,0
6942,47,3,13,7,12,1,0,92,20,93,2,3,8,88,25,0
6943,23,0,2,4,20,0,2,45,45,73,2,5,10,39,5,2
6944,24,1,3,5,13,2,2,57,56,77,2,4,13,26,29,2
6945,47,2,6,7,10,1,1,10,96,63,1,1,0,4,1,1
6946,22,0,1,1,1,2,0,59,48,22,2,2,13,56,27,0
6947,48,0,8,0,0,2,1,74,17,72,1,0,1,37,3,2
6948,47,2,7,0,0,1,0,91,9,46,0,6,21,44,24,0
6949,36,0,9,5,14,1,1,55,49,79,1,2,3,52,9,0
6950,49,0,14,4,20,1,2,66,11,52,1,1,2,42,0,2
6951,55,0,5,1,5,2,1,36,58,64,1,1,4,18,4,1
6952,48,1,6,7,10,2,1,73,48,34,2,5,9,41,11,0
6953,30,2,8,2,6,1,0,52,47,78,1,0,2,42,1,2
6955,26,1,5,6,7,1,0,20,86,72,1,2,4,9,2,2
6956,36,0,3,1,5,2,1,84,3,62,2,2,10,50,25,0
6957,49,0,8,6,17,1,0,93,24,75,2,3,13,90,19,0
6958,40,0,9,5,13,1,0,56,69,91,1,2,4,28,7,2
6959,58,2,16,5,13,0,1,30,60,71,1,1,2,28,5,1
6960,21,0,0,3,18,2,2,81,9,26,2,3,10,80,20,0
6961,40,0,12,1,2,2,2,53,50,66,2,4,5,40,12,1
6962,42,1,6,0,0,2,0,16,78,31,1,2,3,11,4,1
6963,29,1,8,4,4,1,0,57,39,79,1,2,3,28,7,0
6964,31,0,10,6,19,2,0,36,48,68,1,2,1,16,2,2
6965,31,0,9,0,0,1,1,25,72,63,1,2,5,11,0,1
6966,25,1,4,6,17,0,1,56,32,94,2,4,8,50,27,0
6967,32,1,3,0,0,0,1,73,14,36,2,3,14,35,24,2
6968,47,1,4,6,7,1,1,22,59,85,1,0,4,18,5,2
6969,25,0,4,5,15,1,1,13,83,21,1,0,3,8,2,1
6970,29,1,8,3,18,2,0,10,86,74,1,0,1,6,5,1
6971,46,2,7,1,2,2,1,24,81,84,1,0,2,12,7,1
6972,48,2,11,7,21,1,0,49,57,35,1,2,0,43,9,2
6973,32,2,11,7,21,1,0,39,65,37,1,1,2,36,4,2
6974,35,0,11,3,8,1,1,22,62,39,1,1,5,10,2,1
6975,29,0,7,3,8,2,1,89,0,71,2,5,11,40,16,0
6976,59,0,6,0,22,1,0,87,6,82,2,4,10,86,9,0
6977,51,2,11,7,10,2,1,13,89,92,1,1,1,6,1,1
6978,24,2,3,0,16,2,1,45,54,40,2,4,8,43,18,1
6979,39,0,12,4,23,1,1,53,28,76,2,2,14,50,13,2
6980,28,0,3,0,16,1,2,48,43,74,1,0,3,39,0,1
6981,23,3,2,1,2,1,0,72,26,70,2,3,14,34,12,0
6982,30,2,9,1,2,0,0,74,23,87,2,2,13,72,24,0
6983,50,0,6,1,2,1,1,20,100,22,1,1,1,11,4,1
6984,52,3,5,1,2,0,1,84,9,54,2,3,14,43,17,0
6985,47,0,5,2,6,0,0,57,51,45,1,1,3,56,9,2
6986,57,1,7,1,2,1,0,59,27,91,2,2,8,53,19,0
6987,50,0,6,4,4,2,0,69,21,70,2,3,9,62,8,0
6988,51,0,9,6,19,2,1,79,12,94,0,5,23,38,21,0
6989,49,2,11,7,21,1,0,67,30,20,2,2,8,47,20,0
6990,53,2,5,4,23,1,0,69,23,29,2,3,6,32,12,0
6991,59,0,13,2,6,2,0,66,10,35,2,5,12,53,14,0
6992,52,0,13,0,22,1,1,66,33,86,2,4,11,30,14,1
6993,60,0,4,2,6,0,0,37,60,66,1,2,4,17,8,1
6994,54,2,17,0,0,2,1,50,46,90,2,2,10,43,28,1
6995,31,0,8,7,10,1,1,45,51,77,2,2,5,35,6,2
6996,26,1,2,7,12,1,0,58,45,59,2,5,5,52,17,0
6997,36,0,13,5,14,2,1,59,43,59,2,3,7,41,6,0
6998,44,0,3,7,10,1,1,32,68,74,1,1,3,17,4,1
6999,34,0,11,3,18,2,1,80,14,92,2,4,9,53,22,2
7000,41,0,10,0,0,2,0,72,33,52,2,2,6,67,5,0
7001,24,1,3,2,9,1,1,75,18,34,2,5,5,48,10,0
7003,52,1,21,0,16,2,1,56,46,20,1,1,1,43,2,2
7004,42,2,13,4,4,2,0,69,25,43,1,1,1,43,0,0
7005,46,1,13,6,7,2,0,11,68,29,1,1,1,6,4,2
7006,33,3,8,0,16,2,0,17,97,44,1,0,4,11,4,1
7007,56,2,3,2,11,1,1,43,53,78,1,0,2,30,0,1
7008,32,0,2,2,11,1,1,90,0,99,2,5,7,79,7,0
7009,35,0,7,5,14,1,0,67,27,73,2,3,9,38,8,0
7010,50,1,0,1,1,1,0,79,23,54,2,5,11,42,5,0
7011,40,2,9,3,18,2,0,14,83,94,1,1,2,8,5,1
7012,31,1,10,0,22,0,1,34,65,78,1,1,4,31,3,1
7013,30,2,9,0,0,2,0,74,36,51,2,5,6,39,8,2
7014,26,0,5,6,7,0,1,52,48,31,2,2,11,27,11,2
7015,31,0,10,6,19,2,0,83,30,71,2,5,7,71,11,0
7017,21,0,0,7,21,0,0,58,45,62,2,3,10,37,19,0
7018,46,2,4,6,19,0,1,66,26,71,2,2,5,36,19,2
7019,25,0,4,0,22,1,2,43,46,91,1,2,4,28,2,1
7020,21,0,0,2,9,1,0,15,100,53,1,1,3,14,8,1
7021,34,0,3,1,5,1,1,61,44,80,2,2,13,60,9,2
7022,28,2,4,3,3,1,1,77,37,48,2,4,10,45,7,2
7023,42,1,18,6,17,1,0,28,70,87,1,0,2,24,6,2
7024,40,0,1,3,3,0,0,63,47,75,1,1,4,48,9,0
7025,58,1,11,4,23,2,0,34,73,77,1,1,2,25,8,2
7026,46,3,0,6,19,1,0,93,9,66,2,4,5,74,13,0
7027,58,2,9,7,12,1,0,32,96,80,1,0,2,20,6,1
7028,28,2,7,1,1,0,1,37,63,24,1,1,2,33,8,2
7029,46,0,15,2,6,1,0,47,75,34,1,0,5,35,7,2
7030,51,2,5,1,1,0,0,70,30,60,2,2,12,39,5,0
7031,28,1,7,6,19,1,2,69,33,68,2,5,7,62,22,0
7032,59,0,16,4,4,1,0,55,57,89,1,2,3,42,6,2
7033,53,0,13,0,16,1,0,31,86,80,1,0,0,22,7,1
7034,25,0,4,0,0,1,1,64,32,23,2,4,11,30,5,2
7035,25,2,4,6,19,2,0,69,29,93,1,0,4,63,1,0
7036,40,3,11,1,2,0,1,72,14,26,2,3,5,70,20,0
7037,33,0,12,0,0,1,0,37,58,93,2,3,14,30,25,1
7038,58,0,12,5,13,1,1,36,65,90,1,0,4,25,5,2
7040,23,1,2,3,18,1,1,57,36,75,1,1,4,28,4,2
7041,35,2,3,7,21,1,0,85,10,30,2,3,13,39,26,0
7042,57,1,7,7,10,1,0,86,16,57,2,4,9,43,5,0
7043,49,0,1,0,0,2,0,57,29,76,1,0,5,48,6,0
7044,38,0,2,5,14,0,0,12,100,42,1,2,2,9,7,2
7045,57,0,4,7,12,0,2,75,10,57,2,5,13,42,17,2
7046,25,2,4,5,14,1,0,47,51,85,2,5,8,25,18,2
7047,26,2,5,1,2,1,1,32,47,49,1,0,3,31,2,2
7048,24,1,3,7,21,1,2,76,23,44,2,2,8,71,15,0
7049,33,3,12,3,3,1,1,15,84,92,1,0,4,8,8,1
7050,39,0,3,0,22,0,1,40,54,96,1,1,2,22,4,1
7051,39,3,2,2,11,2,0,84,13,90,2,2,11,80,8,0
7052,24,1,2,2,6,2,1,72,28,48,2,2,11,58,14,0
7053,47,0,13,3,18,1,1,71,25,70,2,4,11,34,21,2
7054,44,1,19,2,11,2,0,20,69,96,1,0,3,11,5,1
7055,52,0,16,4,20,2,1,74,18,79,2,4,6,72,10,0
7056,59,0,18,3,8,1,2,75,26,90,2,4,7,38,25,1
7057,27,2,6,6,7,2,1,92,0,90,2,3,10,75,25,0
7058,30,2,4,5,15,0,1,28,81,93,1,2,1,24,6,1
7059,60,0,9,7,10,1,1,50,52,94,2,3,9,46,17,2
7061,55,1,5,2,6,1,1,37,47,76,1,2,3,34,6,2
7062,33,0,6,2,6,2,0,47,54,75,2,2,13,43,9,2
7063,57,2,11,2,9,2,1,79,32,84,2,5,7,74,20,2
7064,26,0,5,1,1,1,2,86,17,50,2,3,14,56,29,2
7065,52,1,5,3,3,2,0,49,58,60,2,5,13,39,7,2
7066,25,0,4,6,17,2,2,83,6,90,2,5,11,53,5,0
7067,22,1,1,7,12,0,1,54,52,23,1,1,3,49,5,0
7068,42,0,6,0,0,1,2,44,55,37,1,0,0,39,5,1
7069,54,1,14,0,22,1,1,67,26,74,2,3,12,37,17,2
7071,46,0,12,3,3,1,0,11,97,59,1,0,0,7,0,1
7072,34,1,10,3,8,0,1,61,43,79,2,5,10,54,23,2
7073,58,2,8,2,9,2,1,17,81,42,1,2,5,11,3,1
7074,32,2,11,3,8,2,2,16,78,40,1,0,4,12,2,1
7075,29,0,8,7,12,1,0,24,87,41,1,1,4,18,5,1
7076,34,2,8,2,11,0,2,46,64,99,1,1,1,36,7,1
7077,57,0,17,1,1,1,2,87,9,53,2,4,8,83,20,0
7078,29,2,1,0,22,1,0,31,63,80,1,0,1,27,5,1
7079,30,0,9,1,5,1,1,18,73,68,1,0,0,11,5,1
7080,56,0,6,1,1,1,0,81,17,80,2,5,13,49,21,0
7081,41,2,16,4,23,1,0,49,42,67,1,2,5,42,4,2
7082,57,2,1,7,12,0,1,15,82,88,1,1,1,10,1,1
7083,22,0,1,4,20,1,0,68,33,50,2,5,7,54,29,0
7084,55,1,0,3,3,0,0,12,93,90,1,1,5,6,4,1
7086,35,0,5,5,14,1,0,51,56,54,1,1,0,42,0,0
7087,39,0,7,0,16,1,1,43,72,28,1,0,4,26,5,1
7088,34,0,9,0,16,2,1,60,32,67,2,5,7,44,9,2
7089,60,0,5,1,5,0,0,37,47,55,1,2,0,32,0,2
7090,56,2,9,4,4,2,0,21,60,46,1,0,5,11,9,1
7091,39,1,18,6,19,1,0,60,43,77,2,3,13,56,26,0
7092,56,1,13,6,7,0,2,77,30,24,2,2,6,51,26,0
7093,60,3,11,2,11,0,0,67,43,83,2,4,6,53,11,2
7094,34,0,13,6,7,1,1,63,54,54,2,4,9,38,14,2
7095,40,0,9,1,2,1,0,41,64,65,1,1,4,24,8,2
7096,37,0,16,1,2,1,0,69,43,30,2,4,7,61,12,0
7097,40,2,8,7,21,0,0,49,51,41,1,0,1,30,2,2
7098,50,1,5,1,1,0,1,39,56,94,1,0,4,19,6,2
7100,22,1,1,2,6,1,0,66,40,36,2,2,5,33,29,0
7101,52,2,10,5,15,1,2,40,65,50,1,2,3,21,4,1
7102,49,0,10,4,4,1,1,36,68,73,1,2,4,17,5,1
7104,43,0,3,0,0,0,2,43,47,87,1,0,5,38,7,1
7105,44,0,6,0,16,1,2,55,48,84,2,3,10,40,25,1
7106,33,0,12,2,6,0,0,13,91,56,1,2,3,11,8,1
7107,24,1,3,3,8,1,0,26,77,30,1,1,5,18,7,2
7109,54,0,6,3,18,0,0,40,66,85,1,2,1,34,2,2
7110,52,2,11,2,11,0,0,72,8,72,2,3,14,60,22,0
7111,36,2,6,2,6,0,1,65,26,84,2,5,14,40,24,1
7112,55,0,14,3,18,0,1,44,72,84,1,0,5,38,7,1
7113,41,0,0,2,9,0,0,27,71,39,1,0,0,13,4,2
7114,38,2,8,0,22,2,1,65,39,86,2,2,10,42,8,1
7115,36,0,0,4,23,1,0,83,22,47,2,2,10,69,12,0
7116,21,2,0,0,22,1,0,67,37,87,2,3,7,46,15,2
7117,23,1,2,7,21,2,1,21,89,39,1,0,0,19,8,2
7118,29,0,5,6,17,1,0,40,52,83,1,2,2,25,6,2
7119,40,1,19,5,13,0,1,71,32,20,2,3,8,69,17,0
7120,41,0,11,4,20,2,1,74,19,74,2,5,14,37,11,0
7121,56,0,8,5,13,2,1,79,28,48,2,3,5,37,12,0
7122,46,1,8,0,0,0,1,74,34,72,1,1,2,35,8,2
7123,49,1,13,2,9,2,0,33,76,93,1,1,1,18,5,1
7124,29,1,8,0,0,1,0,44,69,65,1,2,2,38,2,2
7125,28,0,7,4,4,0,0,58,48,59,2,3,13,55,9,0
7127,50,3,13,0,16,1,0,56,44,89,1,1,1,37,7,1
7128,42,2,2,5,14,0,2,66,28,39,2,5,12,31,27,2
7129,48,0,3,0,0,1,1,16,66,72,1,1,4,13,4,1
7130,30,1,4,3,8,0,1,27,74,56,1,1,4,18,4,1
7131,35,0,5,2,11,1,2,67,28,80,2,3,7,55,17,1
7132,40,0,19,6,17,0,1,85,0,53,2,4,14,77,26,0
7133,50,3,3,1,1,1,2,54,58,51,1,1,4,52,3,1
7134,45,0,14,5,14,1,2,84,29,22,2,2,8,73,5,0
7135,36,1,13,0,0,0,2,72,19,32,2,2,14,33,6,2
7137,44,0,9,1,2,0,2,72,20,34,2,5,12,68,13,0
7138,50,0,10,2,9,0,1,35,63,70,1,1,4,29,7,1
7139,26,0,5,6,19,0,0,19,79,97,1,2,4,12,4,1
7140,45,1,7,6,19,2,0,64,34,80,2,5,11,38,7,0
7141,42,0,11,6,7,1,0,47,49,77,2,3,5,26,9,2
7142,35,2,6,0,16,2,0,81,0,90,2,3,10,75,6,0
7144,60,0,10,3,8,1,2,31,77,74,1,2,1,24,6,1
7145,40,0,9,0,16,2,1,89,6,47,2,2,10,73,20,0
7146,48,0,12,6,7,2,0,68,32,78,2,4,6,62,5,0
7147,33,0,10,2,9,2,2,85,18,91,2,5,5,65,13,2
7148,36,2,12,2,11,1,1,23,65,66,1,0,2,13,8,1
7149,50,1,13,2,6,2,1,33,66,76,1,2,5,24,6,1
7150,24,1,3,6,7,2,1,18,100,39,1,1,0,14,5,1
7151,33,0,12,2,6,0,0,24,82,65,1,0,0,13,3,1
7152,25,0,4,7,10,2,0,67,45,77,2,4,12,38,14,2
7153,26,1,5,5,14,2,2,15,75,68,1,0,5,7,1,1
7154,59,0,15,7,21,2,1,37,61,45,1,2,2,18,9,1
7155,55,0,9,7,12,1,1,32,43,76,2,3,12,27,7,1
7156,28,2,4,7,21,1,0,30,78,63,1,2,1,27,4,1
7157,21,0,0,4,23,1,1,32,64,57,1,0,4,26,7,2
7158,30,0,9,2,6,1,1,16,78,55,1,0,3,13,6,1
7159,48,0,13,5,14,0,0,86,5,22,2,2,7,44,25,0
7160,21,3,0,1,5,2,0,54,54,81,1,1,3,27,8,2
7161,54,2,12,5,14,2,1,39,65,35,1,2,5,22,2,2
7162,56,0,3,1,1,2,1,35,60,66,1,0,2,19,3,1
7163,38,0,3,7,10,2,1,10,86,61,1,2,5,8,6,1
7164,37,0,4,2,9,1,2,18,78,86,1,0,0,11,3,1
7165,28,1,2,2,11,0,0,24,75,89,1,1,4,23,2,2
7166,27,0,6,7,10,1,1,83,28,63,2,4,12,41,11,0
7167,27,1,6,7,21,2,1,42,56,80,1,2,3,39,3,2
7168,43,2,5,6,19,2,0,65,54,79,1,1,1,56,4,0
7169,21,0,0,0,22,0,0,68,38,83,2,5,10,61,5,0
7170,44,1,8,6,17,2,1,11,94,49,1,0,2,7,8,1
7171,24,2,3,2,9,1,0,74,32,58,2,4,6,73,15,0
7172,37,2,0,1,2,2,1,60,55,69,1,0,5,36,4,2
7173,46,0,10,2,11,1,1,43,72,72,1,0,4,28,8,1
7174,27,0,6,4,20,0,1,42,53,34,1,0,5,31,5,2
7175,23,0,2,5,15,0,0,79,22,64,2,3,7,44,10,0
7176,23,2,0,3,8,1,0,13,66,67,1,2,0,8,9,1
7177,44,0,2,1,2,1,0,21,89,94,1,2,5,18,9,1
7178,48,0,2,5,13,1,1,69,26,25,2,2,9,53,24,0
7179,54,2,15,1,2,1,0,67,32,79,2,2,12,35,20,2
7180,34,2,8,4,20,0,0,31,81,81,1,0,3,26,4,1
7181,28,1,7,4,23,1,0,73,8,82,2,5,13,33,27,0
7182,22,1,1,1,2,2,0,94,11,46,2,3,13,65,11,0
7183,50,1,10,4,20,1,0,52,61,92,1,0,1,36,8,2
7184,44,1,3,1,2,0,2,61,46,62,2,3,6,31,27,2
7185,46,0,12,0,0,1,0,78,25,56,2,5,12,74,27,0
7186,31,0,3,3,3,0,1,78,19,65,2,5,11,48,14,0
7187,37,0,2,5,14,0,2,39,81,27,1,1,4,36,9,2
7188,27,0,6,4,23,1,0,85,4,47,2,2,13,39,24,0
7189,30,1,9,2,6,2,0,90,6,45,2,3,12,79,10,0
7190,60,0,18,4,23,2,1,87,13,51,2,4,5,73,27,0
7191,60,2,18,6,7,2,1,91,4,76,0,6,16,52,40,0
7192,56,0,13,1,1,1,0,31,72,37,1,1,4,21,2,2
7193,35,0,12,0,22,1,0,25,79,75,1,2,0,24,2,1
7194,26,2,5,4,4,1,0,87,20,29,2,4,13,42,23,0
7195,26,2,2,7,21,2,0,26,88,53,1,2,2,18,5,1
7196,27,1,6,3,8,1,1,51,71,72,2,3,6,37,7,2
7197,28,0,7,1,5,1,1,36,51,33,1,0,0,32,1,2
7198,28,2,3,5,15,1,1,51,55,59,2,3,8,41,19,2
7199,58,0,0,0,0,1,1,64,47,38,1,2,4,55,7,0
7200,58,0,7,5,15,1,0,87,24,53,2,2,14,61,9,0
7201,31,0,5,1,1,0,0,62,44,79,2,4,7,55,9,0
7202,44,3,7,1,2,0,1,37,59,39,1,2,1,18,3,1
7203,56,3,5,4,20,0,0,12,100,60,1,2,3,11,4,1
7204,42,2,15,4,20,1,0,43,54,56,1,1,1,32,6,2
7205,32,1,10,7,12,0,1,43,61,21,2,4,8,20,20,2
7206,52,1,14,5,14,2,1,91,20,35,2,5,13,73,13,0
7207,59,2,13,4,4,0,0,80,31,32,2,5,6,44,8,0
7208,51,0,7,7,12,0,2,59,50,36,1,1,1,31,7,1
7209,24,0,3,7,10,1,2,61,33,25,2,4,11,56,29,2
7210,39,2,18,1,2,1,0,55,46,24,1,1,0,27,4,2
7211,55,2,7,1,2,1,2,14,82,78,1,2,4,10,0,1
7212,38,2,8,1,1,1,0,30,70,56,1,0,5,29,9,2
7213,29,0,4,6,17,2,0,37,61,55,1,1,5,36,7,2
7214,39,0,2,7,21,1,0,17,71,25,1,2,3,10,9,2
7215,31,1,8,3,3,1,0,60,36,94,2,5,14,32,18,2
7216,34,2,13,4,23,2,0,51,50,54,2,2,8,35,25,2
7217,24,0,3,3,3,0,0,60,41,94,2,2,11,51,15,2
7218,38,1,12,7,12,1,0,80,39,74,2,5,13,51,16,0
7219,54,2,6,3,18,0,0,48,35,69,2,5,9,34,8,2
7220,34,2,2,2,11,2,1,65,39,87,2,3,5,62,13,2
7221,49,0,0,0,22,1,1,45,39,89,1,2,3,29,9,2
7222,42,0,13,5,15,2,1,63,56,76,2,2,6,57,15,0
7223,36,1,7,3,8,0,0,82,42,72,2,4,13,58,9,0
7224,27,0,6,4,23,1,1,85,29,86,2,3,7,56,12,0
7225,31,0,5,0,16,0,0,39,65,20,2,4,11,35,12,2
7226,56,2,2,0,0,1,0,15,74,57,1,0,5,13,8,1
7227,30,2,9,6,17,2,2,15,73,52,1,2,1,12,3,1
7228,48,0,1,4,20,1,1,56,49,39,1,0,5,28,6,0
7229,35,0,10,0,0,1,1,60,45,65,2,5,5,57,19,2
7230,25,2,0,5,14,2,0,56,40,38,2,4,12,26,18,0
7231,24,2,3,6,7,1,1,82,31,83,2,4,13,40,27,2
7232,45,0,16,0,16,2,1,83,23,47,2,5,10,61,29,2
7233,56,0,14,7,21,1,0,53,32,24,1,1,3,41,8,0
7234,27,0,6,2,9,1,0,92,3,74,2,2,11,46,24,0
7235,33,1,7,1,5,0,1,20,69,48,1,1,4,18,8,1
7236,36,1,1,0,16,1,0,83,34,82,2,4,12,69,12,0
7237,27,0,6,6,17,0,0,46,46,93,2,4,8,34,21,2
7238,26,1,5,5,14,1,0,13,90,55,1,2,1,7,6,2
7239,59,1,5,1,2,0,0,67,22,91,2,3,8,47,28,0
7240,49,0,21,7,21,0,1,91,10,77,2,5,11,82,25,0
7241,44,0,8,4,4,2,0,23,95,44,1,1,4,22,3,2
7242,38,0,7,2,9,1,0,62,35,54,2,4,10,31,18,2
7243,38,0,5,6,17,2,0,32,64,30,1,1,3,28,2,2
7244,24,0,3,4,23,0,2,43,62,47,1,0,4,21,7,1
7245,24,2,3,0,0,1,0,62,35,60,1,2,4,50,1,2
7246,37,2,5,0,22,1,0,62,29,90,2,3,7,43,9,2
7247,31,0,7,2,9,1,1,42,46,32,1,0,2,29,2,2
7248,46,0,0,3,18,0,0,42,56,90,1,1,1,23,7,2
7249,49,0,15,6,7,0,2,80,9,94,2,3,7,38,23,2
7250,39,0,10,5,13,0,1,61,54,74,1,0,3,57,2,0
7251,25,1,4,5,13,1,0,64,34,82,2,5,5,47,8,0
7252,21,1,0,2,9,2,1,84,16,25,2,3,14,75,19,0
7253,25,0,0,1,1,2,1,80,17,38,2,4,12,72,16,0
7254,23,2,2,1,1,1,0,12,73,80,1,1,0,6,0,1
7255,40,2,12,7,21,2,2,25,62,26,1,0,3,12,8,1
7256,39,0,10,2,6,2,1,40,58,77,1,0,5,30,3,1
7257,42,0,11,0,16,1,0,29,74,52,1,2,0,24,4,1
7258,41,0,9,0,0,0,0,34,85,86,1,2,5,17,4,1
7259,44,0,6,2,9,0,1,60,36,43,1,2,1,33,4,2
7260,31,0,4,1,2,2,0,50,51,77,1,0,4,25,4,2
7261,45,2,8,5,13,1,0,26,82,89,1,2,1,15,8,1
7262,43,2,5,1,5,2,2,28,69,22,1,0,3,16,7,1
7263,43,0,11,6,17,0,1,20,72,62,1,2,0,10,8,1
7264,43,0,16,3,18,1,1,28,65,38,1,2,3,18,0,1
7265,48,0,10,2,6,0,0,21,76,53,1,1,5,11,1,1
7266,53,0,12,5,14,0,0,69,26,39,1,1,1,32,9,0
7267,30,0,9,4,20,1,2,33,62,45,1,1,1,21,8,1
7268,29,0,8,6,19,1,1,46,55,95,1,0,2,44,4,2
7269,23,0,2,6,17,0,2,17,79,94,1,1,4,13,0,1
7270,54,3,9,6,19,1,0,37,62,80,1,0,3,20,5,1
7271,46,1,12,3,3,0,1,25,69,87,1,2,2,17,2,1
7272,41,2,7,6,19,1,0,71,26,82,2,5,9,42,16,0
7273,53,1,10,4,23,1,0,42,65,69,1,1,3,33,4,2
7274,33,3,8,7,12,2,1,87,24,37,2,5,11,50,10,0
7275,56,2,3,6,17,2,2,68,47,43,2,5,14,31,17,2
7276,46,3,10,2,6,2,0,48,39,20,1,2,1,41,2,2
7278,52,0,9,7,12,2,1,46,50,27,1,2,2,42,8,2
7279,55,0,12,5,13,1,0,75,11,39,2,5,13,62,16,0
7280,55,0,9,0,0,2,2,57,55,77,1,1,5,36,1,1
7281,27,0,6,7,21,1,0,77,10,78,2,5,13,49,16,0
7282,31,0,10,0,22,1,0,82,17,71,2,5,12,59,5,0
7283,46,0,10,0,16,0,2,30,60,70,1,2,0,27,7,1
7284,42,1,16,0,22,0,1,54,56,84,2,3,10,53,10,2
7285,43,0,10,2,9,0,0,52,56,60,2,5,11,27,17,2
7286,43,0,18,6,7,1,1,68,38,71,2,5,10,31,14,2
7287,40,0,9,2,11,1,0,50,55,97,1,2,3,49,9,2
7288,31,2,7,4,4,1,1,70,32,32,2,5,12,55,14,0
7289,23,0,2,0,22,2,0,74,12,85,2,5,9,51,9,0
7290,45,0,12,6,7,0,0,30,72,91,1,1,3,28,9,2
7291,40,1,15,0,16,2,0,68,25,88,1,1,2,41,6,0
7293,53,1,16,5,13,2,0,48,62,88,1,2,0,33,7,2
7294,21,1,0,3,3,1,1,84,13,24,2,5,5,61,12,0
7295,57,1,2,4,23,2,0,31,83,39,1,1,2,26,7,0
7296,40,0,12,7,10,2,0,80,25,32,0,5,17,54,28,0
7297,30,2,6,2,11,0,1,59,24,99,2,2,11,46,26,1
7298,56,0,6,4,4,1,0,86,13,26,2,3,14,61,16,0
7299,41,1,12,3,3,2,1,47,61,75,2,5,6,27,17,2
7300,52,0,9,4,4,1,1,42,59,50,2,2,5,32,22,2
7301,54,0,5,2,11,1,2,31,64,66,1,0,4,20,3,1
7302,27,2,6,0,22,1,1,62,26,91,1,2,0,33,2,1
7303,24,0,3,5,13,1,2,58,66,30,1,0,5,40,9,2
7304,31,0,10,5,13,1,2,33,54,69,1,1,5,17,6,1
7305,32,2,10,3,8,2,0,48,52,82,1,1,3,26,0,1
7306,43,1,11,4,23,1,1,81,7,40,2,4,10,46,8,0
7307,29,2,8,2,9,0,2,32,65,55,1,1,4,27,8,1
7308,34,2,4,6,7,1,0,17,79,58,1,2,4,12,0,1
7309,51,2,2,4,23,1,2,12,79,89,1,2,2,6,6,1
7310,49,0,1,5,15,1,1,46,41,40,2,4,8,32,27,0
7311,35,1,11,6,7,0,0,18,87,36,1,2,5,9,1,2
7313,34,0,4,0,22,1,0,70,17,65,2,3,11,50,5,0
7315,57,0,11,0,16,2,1,36,62,32,1,2,5,24,4,1
7316,30,0,0,1,1,1,1,50,54,36,2,2,10,24,13,2
7317,49,0,6,1,2,1,1,59,44,27,2,2,9,39,26,2
7318,49,2,17,7,12,1,0,32,84,75,1,1,0,19,7,1
7319,30,2,9,2,6,0,1,81,23,34,2,4,5,76,21,0
7320,55,0,16,6,19,1,0,13,91,70,1,0,2,10,9,1
7321,59,0,8,2,11,2,2,65,41,99,2,4,14,56,29,1
7322,58,2,2,3,8,0,0,38,71,39,1,1,4,34,1,2
7323,56,1,12,4,4,0,2,48,42,77,2,5,14,27,16,1
7324,57,2,11,1,5,1,1,89,12,22,2,2,6,54,9,0
7326,55,1,6,7,12,1,1,83,32,74,2,3,5,69,9,0
7327,37,0,9,7,21,1,1,87,20,22,2,2,14,83,9,0
7328,26,2,5,7,12,1,1,25,73,71,1,1,4,13,2,1
7329,59,3,6,4,20,0,0,52,55,34,1,0,5,48,0,2
7330,33,0,12,0,22,1,1,92,19,84,0,7,15,78,28,0
7331,25,0,4,1,5,1,0,39,52,72,1,0,1,34,2,2
7332,51,0,16,0,22,1,0,79,12,98,2,5,6,60,20,2
7333,38,2,14,7,21,1,1,63,65,77,1,2,1,31,3,1
7334,55,0,16,4,20,1,1,16,89,80,1,2,0,8,8,1
7335,55,0,9,2,9,1,2,61,37,82,2,3,14,34,10,1
7336,49,0,20,7,10,2,0,42,48,73,1,2,5,26,0,2
7337,35,2,6,6,17,0,1,68,29,61,2,3,7,52,22,0
7338,28,0,7,1,5,0,0,82,6,81,2,3,7,40,10,0
7339,46,0,0,4,20,1,2,58,56,33,1,1,5,55,7,2
7340,48,2,7,5,14,1,1,59,50,43,1,0,3,58,1,0
7341,54,2,11,3,8,1,0,31,64,41,1,0,0,23,0,1
7342,31,0,8,3,8,0,2,62,36,61,2,3,12,45,19,1
7343,49,0,6,0,22,1,1,24,75,93,1,0,2,12,1,1
7344,22,0,0,2,11,1,0,61,36,67,1,1,4,50,7,0
7345,40,0,13,3,18,1,1,22,74,41,1,1,4,21,8,1
7346,25,3,4,0,0,2,0,70,33,63,2,3,8,52,19,2
7347,56,2,7,5,14,2,0,23,90,32,1,0,3,11,2,1
7348,45,0,12,0,22,2,0,50,59,66,1,2,3,24,9,1
7349,39,0,9,2,11,0,0,52,49,89,1,2,5,36,8,2
7350,41,1,12,4,20,1,1,74,30,80,2,5,13,71,14,0
7351,55,0,8,6,17,0,0,36,73,29,1,0,3,34,0,2
7352,48,0,5,1,2,0,1,77,5,47,2,3,10,60,13,0
7353,58,0,16,2,6,2,2,92,3,36,2,3,11,89,28,0
7354,28,2,7,0,16,2,2,69,24,61,2,5,7,58,5,1
7355,46,0,15,2,9,2,1,47,71,64,2,3,8,43,26,1
7356,24,2,3,2,6,2,1,90,0,86,2,3,9,48,10,2
7357,29,0,6,2,9,1,1,65,30,84,1,0,5,31,8,2
7358,36,2,9,3,8,1,1,48,62,57,1,0,3,37,2,1
7359,55,1,8,3,8,1,1,54,37,68,1,1,1,35,0,2
7360,30,1,7,1,5,1,2,88,0,69,2,5,13,59,9,0
7361,51,2,8,5,14,1,0,62,38,55,2,4,10,30,23,0
7363,57,1,1,2,6,2,1,21,69,47,1,2,2,19,5,1
7364,38,1,7,2,11,2,0,54,23,86,2,2,11,34,5,2
7365,51,1,18,4,20,2,0,92,0,70,0,5,24,79,23,0
7366,53,2,0,2,6,1,0,25,61,57,1,0,1,20,1,1
7368,39,0,11,7,21,0,1,46,64,72,1,0,1,37,5,2
7369,33,2,6,1,2,1,2,92,3,81,2,2,13,49,21,2
7370,57,0,5,1,5,0,2,57,42,47,1,1,5,33,4,2
7371,60,0,9,6,17,2,0,37,73,42,1,1,0,28,7,2
7372,27,0,2,2,11,1,1,10,90,77,1,0,5,5,4,1
7373,57,3,0,4,20,0,1,42,55,50,1,2,4,24,8,2
7374,49,2,18,7,10,0,0,47,37,67,1,0,0,31,7,2
7375,47,2,10,0,22,0,0,21,73,81,1,2,3,13,8,1
7376,26,2,5,4,4,1,0,74,17,49,2,2,6,51,12,0
7377,26,1,5,1,2,0,1,41,46,91,1,2,4,33,1,2
7378,32,1,6,1,2,1,0,36,65,58,1,1,2,20,1,2
7379,44,0,15,0,16,2,0,76,29,54,2,2,5,50,10,0
7380,53,1,14,7,12,1,1,90,11,27,2,3,8,55,6,0
7381,23,2,2,6,17,0,0,78,31,29,2,2,8,65,22,0
7382,45,0,13,0,22,2,0,16,93,73,1,2,1,9,2,1
7383,35,1,5,4,20,2,0,66,24,51,2,5,5,60,27,0
7384,32,0,5,5,13,2,0,93,30,52,2,2,10,86,16,0
7385,42,3,13,7,21,0,1,74,31,34,2,3,9,42,23,2
7386,21,1,0,7,21,0,1,36,59,80,1,2,4,30,5,2
7387,23,1,2,1,5,0,1,87,0,46,2,4,14,57,19,0
7388,34,1,12,3,3,2,0,68,47,86,2,3,6,66,24,0
7389,21,0,0,1,5,0,1,90,10,21,0,5,22,66,29,0
7390,56,2,17,4,4,1,2,77,24,79,2,4,8,55,27,2
7391,56,0,12,7,21,0,1,71,33,49,2,4,11,34,12,2
7392,26,1,4,4,23,2,0,59,47,60,1,0,3,51,4,0
7393,41,1,4,3,8,1,0,49,69,91,1,0,5,46,7,2
7394,54,0,9,3,18,1,1,81,16,93,2,3,9,41,11,2
7395,47,0,11,1,5,1,0,47,55,78,1,0,3,46,0,2
7397,59,3,8,0,16,2,1,30,68,93,1,0,5,24,0,1
7398,28,1,7,3,8,1,2,79,30,62,0,6,20,52,34,2
7399,58,0,7,3,18,1,0,68,29,49,2,5,13,55,24,0
7400,23,0,1,5,15,1,0,55,38,74,2,4,6,40,13,0
7401,29,2,4,6,17,2,0,24,71,43,1,0,1,11,4,1
7402,23,0,1,3,8,2,0,52,77,86,2,4,11,45,29,2
7403,26,0,5,7,12,1,0,41,47,38,1,0,0,22,8,2
7405,48,1,9,0,16,0,0,12,98,63,1,0,5,8,3,1
7406,48,2,6,3,18,1,1,14,96,21,1,0,5,12,0,1
7407,28,2,7,1,5,2,1,70,29,85,2,4,11,69,21,0
7408,27,1,6,2,11,1,1,80,20,75,2,5,11,47,27,0
7409,49,0,9,0,22,2,1,29,90,86,1,1,3,24,8,1
7410,31,2,10,6,17,0,2,75,27,47,2,2,12,39,11,2
7411,22,0,1,6,7,1,1,23,62,62,1,2,2,19,6,2
7412,40,2,12,3,18,0,1,55,63,57,2,3,10,43,8,2
7413,50,2,2,7,10,0,1,40,66,35,1,0,0,28,4,2
7414,24,2,3,1,5,1,0,61,49,86,2,5,12,46,12,2
7415,53,1,0,3,18,1,0,60,40,48,2,2,8,45,6,0
7416,31,0,6,0,22,2,2,31,54,77,1,1,1,19,7,1
7417,37,2,7,7,10,0,0,50,73,27,1,0,1,32,8,2
7418,58,0,10,0,0,1,0,28,77,81,1,0,1,13,8,1
7419,49,2,16,3,18,1,0,52,46,93,1,1,5,35,1,1
7420,50,2,8,2,6,1,2,38,64,40,1,2,3,31,7,1
7421,52,2,9,6,7,0,1,45,54,32,1,2,4,23,5,2
7422,46,0,14,5,15,2,0,16,88,54,1,2,3,8,1,1
7423,60,1,3,5,14,2,0,27,61,53,1,0,3,20,4,2
7424,28,2,0,5,15,2,0,35,59,60,1,2,4,29,3,2
7425,24,0,3,3,3,2,1,15,86,20,1,0,1,14,7,1
7426,50,0,7,7,21,2,0,91,20,80,2,5,13,47,24,0
7427,22,0,1,5,14,0,1,55,42,94,1,1,4,36,7,0
7428,31,0,10,4,23,0,0,58,26,61,2,5,6,38,24,0
7429,43,0,8,3,8,1,1,30,71,55,1,0,5,28,4,1
7431,46,0,10,4,20,1,0,52,64,50,1,1,1,50,8,0
7432,48,0,0,6,19,2,2,29,60,85,1,1,5,19,4,1
7433,44,0,14,1,1,0,0,91,9,81,0,6,25,85,34,0
7434,40,1,12,2,9,2,1,47,58,36,1,0,1,35,2,2
7435,24,2,0,1,1,1,2,19,77,93,1,2,3,18,5,1
7436,44,2,12,0,22,2,2,30,69,90,1,1,0,16,3,1
7437,30,0,9,5,13,0,0,85,6,83,2,4,6,43,6,0
7438,39,0,12,7,21,1,0,28,74,92,1,1,3,25,9,1
7439,25,0,4,5,15,1,2,92,10,32,2,5,8,47,14,0
7440,29,0,5,5,14,1,1,78,10,51,2,4,5,38,10,0
7441,35,0,11,1,5,1,2,34,54,61,1,2,3,21,8,1
7442,42,1,10,6,19,2,1,75,18,86,2,2,8,68,28,0
7443,55,1,5,4,20,2,1,67,41,55,2,5,5,51,24,0
7444,54,2,11,2,6,2,0,47,49,46,1,1,2,34,5,2
7445,44,2,4,3,3,1,0,67,25,41,2,3,9,34,8,2
7446,30,0,5,4,20,1,0,17,89,39,1,0,3,10,0,1
7447,59,1,0,1,1,0,1,44,66,81,1,0,2,28,2,2
7449,22,1,1,2,11,2,1,54,22,81,2,5,12,45,10,0
7450,44,0,7,1,1,2,2,86,0,51,2,5,10,56,24,0
7451,28,0,7,7,12,0,0,17,85,45,1,1,5,10,4,1
7452,38,0,5,0,0,2,1,55,53,74,2,5,10,53,29,2
7453,50,3,9,2,9,2,1,83,8,88,2,2,12,80,19,2
7454,58,0,17,3,8,1,1,14,100,64,1,2,5,10,5,1
7456,24,3,3,0,22,1,1,30,75,85,1,1,2,27,1,1
7457,59,1,4,3,18,0,1,89,7,75,2,4,10,68,28,0
7458,33,1,6,0,0,0,0,25,72,26,1,0,3,21,4,2
7459,58,3,5,2,9,1,0,74,36,67,2,4,8,64,19,2
7460,36,0,8,4,20,2,0,37,90,24,1,1,0,34,3,2
7461,27,0,6,3,3,0,0,13,77,23,1,0,5,11,2,1
7462,43,0,0,7,10,0,1,46,51,65,2,4,8,45,28,2
7463,46,0,0,5,13,2,2,94,0,82,2,2,10,43,16,0
7464,60,0,5,1,1,0,1,26,76,41,1,1,3,18,9,1
7465,52,3,4,2,6,2,1,36,61,21,1,2,0,26,6,1
7466,23,2,2,6,17,1,1,84,14,45,2,5,12,81,26,0
7467,45,0,8,4,20,1,1,64,39,39,2,2,12,43,8,0
7468,39,0,8,4,20,2,2,67,45,71,1,1,5,63,0,2
7469,22,0,1,6,7,0,1,53,43,49,1,0,4,30,5,0
7470,50,2,1,5,13,1,0,65,29,84,2,3,8,58,5,0
7471,57,3,15,2,11,1,0,24,70,88,1,0,4,20,1,1
7472,31,0,8,0,22,2,1,89,5,76,2,3,14,46,5,0
7473,36,2,11,1,2,0,1,17,82,85,1,0,4,10,2,1
7474,54,2,3,1,5,2,1,74,11,64,2,4,14,65,9,0
7475,38,0,3,3,8,1,0,16,89,64,1,0,2,12,6,1
7477,40,3,19,0,0,1,2,21,100,44,1,1,0,17,0,1
7478,42,3,6,3,18,0,1,59,42,61,2,4,13,41,29,1
7479,58,3,0,1,2,0,1,34,73,24,1,1,3,23,8,1
7480,33,0,7,6,19,0,0,59,41,65,2,3,8,48,8,0
7481,34,0,12,7,10,0,1,84,15,78,2,5,14,63,29,0
7482,33,0,12,3,3,1,1,50,50,34,2,5,6,23,27,2
7483,58,0,4,1,1,1,1,85,18,40,2,5,12,49,16,0
7484,53,0,3,3,8,2,0,71,20,29,2,3,12,37,8,0
7485,43,0,10,1,1,1,0,91,2,86,2,4,11,47,8,0
7486,34,1,0,4,4,1,0,93,8,64,0,5,23,58,38,0
7487,31,1,4,7,21,0,1,22,84,30,1,0,5,15,7,1
7488,33,0,4,7,21,0,0,71,31,85,2,4,5,60,26,0
7489,46,1,4,6,7,0,0,84,0,29,2,5,11,71,24,0
7490,26,0,4,4,4,0,1,44,57,57,2,5,6,32,28,2
7491,38,0,3,5,15,1,0,72,23,52,2,3,8,38,23,0
7492,57,0,5,4,23,2,0,28,74,20,1,1,5,21,8,2
7493,34,2,13,2,9,2,1,14,76,60,1,2,5,11,6,1
7494,39,0,12,0,22,2,1,13,94,70,1,1,5,10,0,1
7495,58,0,7,2,9,1,2,57,47,52,1,2,2,43,6,1
7496,49,0,0,2,9,0,0,68,38,48,1,2,3,33,3,0
7497,57,2,14,5,14,0,1,26,71,88,1,1,4,24,6,1
7498,43,1,0,0,16,2,1,68,23,46,2,5,5,64,5,0
7499,32,1,9,3,3,2,0,69,37,55,2,5,5,60,28,0
7500,42,2,4,5,14,0,2,71,26,46,2,4,10,34,8,2
7501,57,0,10,3,3,1,1,37,63,77,1,1,4,17,2,1
7502,25,1,4,7,12,2,1,79,38,91,2,4,7,56,12,0
7503,35,1,9,6,17,0,1,47,30,67,1,2,0,38,6,0
7504,52,0,6,2,6,1,1,49,46,81,1,1,4,38,8,1
7505,32,1,11,0,22,1,1,41,64,80,1,2,3,37,5,1
7507,56,0,14,7,21,0,1,56,49,69,1,2,1,26,9,2
7508,29,0,0,4,23,1,0,17,97,58,1,1,4,7,1,1
7509,36,1,15,7,21,1,0,82,20,51,0,8,21,65,31,0
7510,48,2,7,0,0,2,0,59,44,83,2,2,13,44,16,2
7511,32,2,11,0,16,1,1,39,52,28,2,4,6,23,20,1
7512,36,1,7,7,10,1,2,25,83,30,1,1,1,14,0,1
7513,46,2,9,6,19,1,1,18,88,85,1,0,3,11,9,1
7514,38,1,3,6,7,1,2,48,45,35,2,5,7,28,22,2
7515,38,0,13,6,7,1,1,72,33,38,2,4,11,56,24,0
7516,53,3,14,6,7,0,1,47,64,35,1,0,4,39,9,2
7517,39,1,1,0,0,1,0,31,61,66,2,3,11,20,7,2
7518,42,0,9,7,21,0,1,15,87,50,1,0,3,14,3,1
7519,44,0,7,5,14,2,1,54,40,79,1,2,5,49,8,0
7520,34,2,4,7,10,1,2,75,33,31,2,2,10,37,25,2
7521,48,0,11,4,20,1,1,38,61,51,1,1,0,21,2,2
7522,53,3,1,4,23,1,1,49,46,30,1,2,4,43,6,2
7523,38,1,6,7,10,0,0,86,16,23,2,2,14,80,10,0
7525,45,0,11,0,16,1,0,58,45,42,2,4,11,49,7,2
7526,44,1,8,2,6,2,0,30,90,83,1,1,3,28,8,1
7527,60,0,17,7,12,0,0,78,29,91,2,5,14,64,28,0
7528,54,2,9,7,10,2,2,25,86,88,1,2,3,15,2,1
7529,56,0,15,4,20,2,2,70,35,80,2,4,11,62,26,2
7530,38,2,17,6,17,1,0,37,72,77,1,2,4,21,3,1
7531,47,2,8,2,9,0,0,47,55,44,2,2,7,22,28,1
7532,27,0,6,2,6,0,0,59,55,38,2,3,7,53,11,2
7533,43,2,17,7,12,2,0,53,44,42,2,4,7,50,24,2
7535,38,2,0,7,21,1,0,15,80,37,1,0,2,12,0,1
7536,30,1,9,4,20,0,0,54,51,34,2,5,13,51,8,0
7537,33,2,12,2,9,2,0,20,83,86,1,1,2,12,8,1
7539,24,0,3,3,8,1,0,17,77,23,1,0,3,12,8,1
7540,48,2,5,1,1,1,0,75,17,26,2,5,14,56,22,0
7541,27,0,6,1,1,0,1,10,100,60,1,0,4,5,3,1
7542,37,0,0,3,18,2,1,91,5,82,2,3,14,41,16,0
7543,60,2,5,0,22,1,0,56,28,74,2,4,11,41,28,2
7544,29,0,8,0,0,0,1,24,67,63,1,1,5,10,8,1
7545,54,2,4,6,7,2,1,41,53,52,1,0,0,25,2,2
7546,60,0,11,2,11,0,2,41,55,86,1,1,5,37,6,1
7547,26,2,5,5,14,1,1,70,25,77,2,2,13,59,14,0
7548,31,2,10,0,16,2,1,68,18,74,2,5,5,64,15,2
7549,39,1,13,0,16,2,1,32,68,80,1,0,2,20,4,1
7550,35,0,13,4,23,1,0,31,74,93,1,0,2,21,2,2
7551,50,0,16,0,16,2,0,93,4,26,2,4,6,82,9,0
7552,43,0,18,2,9,2,0,58,26,61,2,3,7,37,22,2
7554,38,0,11,2,11,2,1,19,85,95,1,2,2,11,9,1
7555,21,1,0,2,9,1,0,31,70,84,1,1,1,15,0,2
7556,39,2,10,1,2,0,1,44,38,62,1,2,0,25,2,2
7557,41,2,7,7,10,0,2,49,75,72,2,2,5,46,27,1
7558,28,0,7,4,4,1,1,18,93,65,1,1,3,11,7,1
7559,52,2,3,5,13,1,1,45,71,71,1,0,2,35,3,2
7560,58,0,8,6,19,1,2,81,6,88,2,5,9,78,24,0
7561,51,0,14,2,9,1,0,83,4,80,2,3,10,80,16,0
7562,22,0,1,1,1,1,1,68,28,33,2,3,14,42,18,0
7563,28,0,7,2,9,1,0,35,76,47,1,2,3,30,5,1
7564,28,1,2,4,23,1,1,11,92,82,1,0,5,7,8,1
7565,48,0,11,4,20,0,0,53,59,86,1,0,4,38,7,2
7566,52,1,3,3,8,2,1,44,48,67,2,2,9,40,19,2
7567,26,2,4,0,0,1,1,23,89,29,1,2,0,11,1,1
7568,26,2,3,2,9,1,1,34,77,86,1,2,1,17,4,1
7569,57,2,3,3,3,1,1,35,41,54,1,1,2,31,9,1
7570,43,0,7,0,0,0,0,23,97,60,1,2,3,21,6,1
7571,56,1,16,1,5,1,1,29,77,71,1,1,4,21,5,1
7572,53,1,10,1,1,1,0,20,100,66,1,2,2,17,2,1
7573,28,0,7,2,6,0,1,16,71,85,1,2,4,12,0,1
7574,35,2,1,5,13,2,0,87,13,36,2,2,9,76,24,0
7575,48,2,1,7,10,1,1,75,31,73,2,4,12,58,16,0
7576,40,0,6,1,2,1,0,88,9,74,2,4,13,65,15,0
7577,21,0,0,6,7,2,0,50,46,52,1,2,3,37,0,0
7578,43,0,6,0,0,2,1,39,75,44,1,2,4,26,1,1
7580,30,0,7,4,20,2,1,78,28,79,2,5,5,41,8,0
7581,50,3,3,7,10,0,1,32,66,65,1,0,5,19,2,1
7582,37,0,3,0,0,1,0,68,20,24,2,2,11,57,16,0
7583,59,0,7,6,7,1,1,50,45,70,1,0,0,41,6,2
7584,54,0,4,5,13,1,0,58,41,78,1,2,1,51,4,0
7585,34,2,3,3,3,2,0,48,61,32,1,1,4,26,9,2
7586,34,1,0,0,22,2,1,18,87,65,1,0,4,16,4,1
7587,50,2,6,3,8,2,2,22,76,92,1,1,4,17,6,1
7588,29,2,8,6,7,2,0,67,47,68,1,0,0,50,6,0
7589,47,2,12,5,15,1,2,67,34,60,2,5,6,48,6,2
7590,21,0,0,4,23,1,2,85,25,84,2,3,12,54,26,0
7591,57,2,14,0,22,2,0,21,87,68,1,1,1,16,2,1
7592,55,0,4,5,13,2,1,68,36,78,2,4,14,58,24,0
7593,35,3,9,4,4,0,0,36,58,34,1,2,1,35,7,2
7594,22,0,1,1,5,2,1,12,87,60,1,2,0,9,3,1
7595,45,0,10,3,18,1,1,38,67,71,1,2,3,29,6,1
7596,33,1,12,3,8,1,0,35,67,85,1,0,2,18,0,2
7597,58,0,5,3,3,1,0,88,10,59,2,5,6,73,15,0
7598,40,0,9,7,10,1,0,54,38,66,2,2,8,43,12,0
7599,34,0,13,4,23,2,0,10,67,63,1,2,1,7,3,1
7600,39,1,2,7,10,1,1,91,2,20,2,5,8,55,19,0
7601,51,0,5,5,13,0,0,76,29,72,0,5,21,51,52,0
7602,51,1,13,7,21,2,2,24,64,48,1,1,5,13,8,1
7603,45,2,9,0,16,1,0,75,15,63,2,2,10,63,8,0
7604,43,0,17,7,21,1,1,15,93,86,1,1,4,7,2,1
7605,42,2,10,0,22,0,0,47,31,68,1,0,4,44,8,2
7606,51,0,2,0,16,1,1,52,44,30,1,1,0,38,1,2
7607,22,2,1,5,13,2,0,91,10,55,2,2,14,66,25,0
7608,27,1,6,6,17,2,1,71,29,49,2,4,5,62,25,0
7609,45,2,4,5,15,0,0,26,72,29,1,2,5,12,5,2
7610,53,1,9,1,5,2,0,59,38,73,1,0,5,40,8,0
7611,46,0,11,1,2,1,0,10,96,89,1,1,3,9,5,1
7612,32,0,9,0,16,2,0,77,22,46,2,5,13,51,27,0
7613,55,2,7,1,1,1,2,46,61,21,1,1,3,34,1,1
7614,52,0,18,2,11,1,0,74,11,77,2,3,5,67,19,0
7615,28,0,7,6,19,2,0,92,5,86,2,2,13,59,13,0
7616,26,2,0,2,9,1,0,76,30,41,2,2,10,59,20,0
7617,23,0,2,1,1,0,0,45,62,32,2,3,14,41,26,0
7618,30,0,9,6,19,1,0,44,83,78,1,1,5,30,9,2
7619,55,2,15,1,1,1,2,70,35,81,2,5,7,39,29,1
7620,50,2,4,3,8,2,0,84,27,33,2,3,9,72,17,0
7621,46,1,3,0,16,2,0,33,65,83,1,0,4,19,0,1
7622,34,0,7,1,1,1,1,17,85,67,1,2,1,15,5,1
7623,53,0,2,4,4,0,0,14,89,87,1,2,3,10,2,1
7624,47,2,17,0,16,1,1,46,39,63,1,1,2,30,1,1
7625,58,1,4,1,2,0,1,26,74,49,1,0,3,25,1,2
7626,26,0,5,1,1,1,1,13,84,90,1,0,0,6,6,1
7627,45,0,3,2,11,2,0,30,77,66,1,0,4,16,0,1
7628,22,2,1,1,1,1,0,19,75,62,1,2,1,14,2,1
7629,57,2,2,1,2,2,2,12,72,83,1,2,4,11,8,1
7630,39,1,7,1,1,0,0,70,27,35,2,4,8,69,27,0
7631,28,0,7,7,12,2,0,62,24,22,2,5,7,60,20,0
7632,60,0,15,6,19,2,1,84,15,65,2,5,14,50,28,0
7633,49,1,6,3,8,2,2,34,53,70,1,0,2,23,3,1
7635,32,0,2,0,16,1,2,54,31,63,1,2,5,43,1,2
7636,32,1,9,6,17,0,1,40,60,74,2,3,11,18,19,2
7637,21,0,0,6,7,0,0,59,43,78,2,2,14,27,16,0
7638,24,1,3,4,4,2,1,31,74,44,1,2,5,26,5,2
7639,53,1,10,2,9,1,1,15,90,86,1,0,5,10,0,1
7641,41,0,12,3,3,2,0,37,69,55,1,2,0,21,9,1
7642,39,1,3,2,6,1,0,39,65,60,1,2,3,30,2,2
7643,56,3,13,3,18,1,2,16,83,31,1,0,5,11,7,1
7644,56,0,8,2,11,2,0,49,47,69,1,0,5,43,1,2
7645,44,0,4,5,14,1,2,57,32,71,2,3,7,45,6,2
7646,42,1,7,6,7,0,0,11,88,52,1,0,3,9,1,2
7647,44,1,14,1,2,1,0,54,54,27,2,5,5,45,26,0
7648,49,1,10,1,1,0,0,10,68,77,1,1,0,5,6,1
7649,41,2,7,2,9,1,1,77,25,28,2,4,6,69,14,0
7650,56,0,0,6,19,2,1,16,79,78,1,1,2,13,6,1
7651,38,0,11,7,12,1,0,48,50,33,1,2,3,43,1,0
7652,56,0,11,5,13,0,1,64,18,86,1,2,1,57,9,0
7653,58,2,5,7,12,0,0,13,80,61,1,2,0,7,4,1
7654,21,0,0,5,14,1,1,16,75,81,1,2,2,9,6,1
7655,46,2,13,7,21,2,2,76,19,78,2,2,14,54,10,2
7656,32,3,3,0,16,1,0,30,58,37,1,0,4,29,5,1
7657,34,0,12,6,7,2,0,67,28,39,2,4,6,47,29,0
7658,28,0,7,3,8,0,0,50,57,91,1,2,0,42,9,2
7659,37,1,13,5,15,0,1,69,41,35,2,2,6,37,12,0
7660,29,1,8,2,11,1,0,14,76,80,1,1,1,13,5,1
7661,55,1,6,3,18,1,0,63,33,86,2,4,9,49,21,0
7662,48,0,18,4,23,1,0,48,39,39,1,2,2,31,1,2
7663,27,0,6,3,8,1,1,10,74,69,1,0,4,5,9,1
7664,25,1,4,7,10,2,2,60,42,30,2,3,7,33,19,2
7665,50,1,16,4,20,1,0,90,16,24,2,5,6,69,23,0
7666,37,1,11,1,5,1,0,53,58,20,2,5,11,25,6,0
7667,60,2,6,0,16,2,0,46,50,24,1,0,3,43,8,2
7668,56,0,11,1,2,1,1,30,67,39,1,0,4,23,9,1
7669,24,2,1,5,13,1,1,46,59,31,2,2,11,27,12,2
7670,25,1,4,0,0,2,1,92,28,56,2,4,10,89,8,0
7671,36,0,14,0,16,1,1,69,22,79,2,4,9,60,29,2
7672,51,0,7,4,23,1,1,68,11,59,2,4,11,36,5,0
7673,54,0,10,4,23,1,0,50,48,30,1,0,1,42,0,0
7674,42,0,8,4,23,1,0,54,53,50,2,2,7,25,23,2
7676,27,0,6,2,11,1,0,62,34,68,2,4,11,52,29,2
7677,36,0,2,0,0,2,0,72,34,76,2,4,11,63,11,0
7678,36,2,11,4,23,0,1,30,76,58,1,2,4,27,6,1
7679,50,2,2,0,0,2,0,32,70,51,1,0,5,30,2,1
7681,39,0,6,4,20,1,1,29,84,85,1,1,5,18,9,1
7682,36,2,7,2,6,0,0,18,84,90,1,2,0,15,0,1
7683,36,1,8,7,21,1,0,56,52,33,2,2,7,45,28,0
7684,29,0,4,3,18,2,2,19,68,66,1,0,1,16,6,1
7685,25,0,4,0,0,1,1,45,54,48,1,0,3,40,7,1
7686,37,0,10,2,9,1,0,59,42,50,2,2,9,34,15,2
7687,34,0,13,0,22,2,0,76,30,66,2,5,13,46,23,2
7688,25,2,3,7,12,0,0,32,65,40,1,2,4,15,1,1
7689,30,1,6,2,11,0,0,80,34,87,2,4,12,69,13,0
7690,49,0,6,2,11,1,0,77,30,91,2,4,6,74,16,0
7691,36,0,0,1,1,2,0,28,66,76,1,0,3,23,5,2
7692,26,0,4,7,21,1,0,82,41,27,2,3,12,80,25,0
7693,56,0,7,2,9,2,2,82,17,85,1,0,2,56,5,2
7694,38,2,3,0,22,2,1,37,77,69,1,0,2,17,3,1
7695,54,0,7,3,3,0,1,41,60,25,1,1,2,40,6,2
7696,24,2,3,7,10,2,2,62,29,87,2,5,8,46,23,1
7697,59,1,5,5,13,0,1,10,99,76,1,1,2,9,6,1
7698,40,0,3,5,14,2,1,56,33,88,2,4,11,39,29,2
7699,34,0,3,6,17,2,1,52,37,47,1,2,2,29,0,2
7700,21,0,0,4,23,1,0,48,65,29,1,2,2,24,1,0
7701,51,0,15,7,10,2,0,12,84,86,1,0,4,6,5,1
7702,22,0,1,4,4,1,2,41,51,28,1,2,4,37,5,2
7703,23,1,2,3,3,2,1,67,30,56,2,5,7,44,21,0
7704,59,0,5,1,1,2,0,58,47,20,1,2,3,32,4,0
7705,21,2,0,0,16,2,2,60,44,49,2,4,11,34,26,1
7706,24,1,3,4,4,2,1,93,20,48,0,8,19,87,46,0
7707,26,0,2,5,14,1,0,10,66,61,1,1,5,7,7,2
7708,49,0,0,6,7,2,1,35,69,60,1,2,4,33,8,2
7709,54,2,13,4,20,2,0,30,75,34,1,2,4,22,8,2
7710,44,0,9,7,21,0,0,65,29,70,1,2,2,34,1,0
7711,49,3,9,3,3,0,0,76,18,64,2,5,5,75,11,0
7712,24,0,3,2,9,2,2,81,21,92,2,3,6,52,24,2
7713,47,0,2,5,13,1,1,67,11,52,1,0,5,63,8,0
7714,49,1,5,7,12,0,1,29,74,48,1,0,2,28,8,2
7715,59,0,14,1,2,0,1,22,62,31,1,1,4,12,5,1
7716,50,2,8,2,6,1,0,21,79,38,1,1,5,16,0,1
7717,25,0,4,5,15,0,0,27,71,22,1,1,4,19,0,2
7718,49,2,10,0,16,0,1,58,35,46,2,2,10,26,5,1
7719,41,2,5,2,9,2,1,10,87,59,1,2,1,4,8,1
7720,53,2,13,4,20,0,2,65,21,47,2,5,5,29,7,2
7721,29,2,1,3,3,2,1,52,64,36,1,1,0,23,5,2
7722,30,0,6,0,0,2,0,20,99,47,1,1,4,18,4,1
7723,38,2,4,6,19,1,1,42,55,87,1,0,0,22,2,1
7724,33,2,4,0,16,0,0,44,49,42,2,3,14,40,29,2
7725,56,3,9,6,17,0,0,30,75,43,1,1,0,21,3,1
7726,28,1,4,4,23,0,1,91,6,52,2,2,8,51,13,0
7727,30,2,9,0,16,0,1,47,39,84,1,2,4,35,9,1
7728,26,0,5,0,16,0,0,20,88,45,1,2,3,17,4,1
7729,38,0,8,6,19,1,1,39,73,79,2,5,10,22,22,1
7730,59,0,8,0,16,0,2,81,3,54,2,5,12,54,5,2
7731,52,0,10,6,7,1,0,26,71,49,2,5,13,23,19,2
7732,46,2,4,6,19,2,2,79,20,65,2,4,8,43,9,2
7733,37,0,10,4,4,2,0,58,53,31,1,1,3,44,3,0
7734,37,3,16,4,20,0,0,57,50,64,1,0,2,54,4,2
7735,23,2,2,0,16,2,1,50,60,94,1,1,1,36,8,1
7736,30,2,4,1,5,2,0,31,62,74,1,2,2,23,7,1
7737,51,2,12,2,6,1,1,69,33,70,1,2,5,66,8,2
7739,55,2,7,4,23,0,0,83,5,90,1,0,0,48,8,0
7740,53,2,12,5,14,2,2,89,16,23,2,4,6,48,15,0
7741,22,1,1,4,23,1,1,89,14,86,2,4,11,76,10,0
7742,43,0,16,6,17,1,0,77,35,29,2,4,10,35,24,0
7743,59,2,11,2,9,1,0,31,68,63,1,1,3,30,8,1
7744,34,0,13,3,3,2,1,58,49,57,2,2,14,40,11,2
7745,49,1,6,6,19,2,2,61,48,77,1,1,5,45,5,2
7746,50,2,1,3,3,1,1,54,34,28,2,4,14,43,13,2
7747,48,1,3,0,16,2,0,17,93,45,1,0,5,10,6,1
7748,26,0,0,4,4,2,1,49,62,46,1,1,0,31,8,2
7749,40,0,9,2,9,1,0,29,75,84,1,0,2,26,7,1
7750,54,2,16,0,0,2,1,51,54,46,1,2,4,29,6,1
7751,40,2,13,0,16,1,0,73,13,27,1,1,5,69,1,0
7752,40,2,5,6,7,1,0,16,91,20,1,1,2,13,2,1
7753,60,0,11,6,7,1,0,23,72,43,1,0,1,21,4,2
7754,52,0,5,1,5,1,1,71,44,64,2,4,8,49,26,2
7755,34,0,3,3,8,0,0,51,38,90,1,1,3,48,1,2
7756,40,0,3,6,7,0,0,79,9,52,2,4,9,70,26,0
7757,54,0,3,5,14,1,1,55,36,53,1,1,0,41,2,0
7758,28,0,7,7,21,0,0,89,17,27,0,7,22,72,21,0
7760,50,2,8,5,14,1,0,15,97,32,1,1,1,12,3,1
7761,30,0,9,2,9,1,0,85,34,22,0,5,22,77,20,0
7762,34,0,10,3,18,2,2,39,77,64,1,0,4,33,7,1
7763,40,1,7,7,10,2,0,53,53,52,2,4,11,46,8,0
7764,35,0,14,0,0,2,2,37,64,39,1,1,2,28,6,1
7765,44,0,2,2,9,1,2,61,38,21,2,3,10,33,13,2
7766,36,2,3,7,12,0,1,71,34,80,2,4,14,47,21,2
7767,36,1,0,2,6,0,1,28,72,73,1,0,4,27,0,1
7768,43,0,6,4,23,1,1,20,76,62,1,1,0,9,2,1
7769,37,0,3,1,5,0,0,20,90,41,1,0,5,11,6,1
7770,44,0,4,4,23,2,0,78,43,42,2,2,6,47,22,0
7771,38,0,13,6,7,1,2,85,20,20,0,5,21,50,38,0
7772,31,3,10,4,23,1,2,24,81,20,1,1,5,19,2,1
7773,33,0,9,2,6,1,0,12,90,67,1,2,3,5,2,1
7774,37,1,11,2,9,0,1,94,9,82,2,5,11,78,23,0
7775,49,0,14,3,18,0,1,46,55,78,1,2,3,27,7,1
7777,60,0,5,4,23,2,0,64,26,74,2,4,10,59,19,0
7778,31,0,10,2,9,2,1,90,23,23,0,5,22,57,41,0
7779,60,0,9,7,12,0,1,79,6,29,2,5,11,78,14,0
7780,36,2,10,3,8,2,2,42,50,34,2,5,12,36,8,1
7781,44,0,12,7,12,1,2,43,51,71,1,0,2,30,2,1
7782,25,0,4,0,0,1,2,56,40,53,2,2,11,54,19,1
7783,33,1,12,2,9,2,1,39,63,77,1,2,4,24,0,1
7784,39,2,10,3,8,2,0,73,30,76,2,2,13,33,27,2
7785,36,0,12,5,15,2,0,69,40,70,1,0,3,62,9,0
7786,24,1,3,3,8,0,0,55,61,86,1,2,4,27,2,2
7788,60,0,12,2,9,1,1,32,70,58,1,1,3,20,3,1
7789,45,2,2,1,1,2,0,44,46,78,1,0,3,35,9,2
7790,49,0,7,2,11,1,0,68,36,94,2,3,6,64,10,0
7791,60,1,7,1,2,1,1,60,32,79,2,5,12,53,25,0
7792,52,1,6,2,6,2,1,28,58,24,1,2,0,20,0,1
7793,36,1,10,6,19,1,0,62,44,73,2,4,8,60,27,0
7794,58,0,20,0,0,0,1,67,33,87,2,2,14,30,24,1
7795,56,0,3,0,22,1,0,46,57,72,1,1,3,43,6,2
7796,38,0,0,7,21,1,0,60,45,90,2,3,10,38,26,0
7797,29,1,8,1,5,1,1,87,0,21,2,5,14,54,25,0
7798,21,3,0,7,12,2,1,23,85,45,1,0,1,10,4,1
7799,46,2,13,3,8,1,0,70,25,88,1,1,5,48,0,2
7800,25,0,4,7,12,0,1,49,63,80,1,0,5,22,6,1
7801,22,2,1,7,12,1,0,86,1,30,2,5,6,45,13,0
7802,24,0,3,2,6,0,2,34,63,90,1,1,2,18,3,1
7803,57,1,10,1,1,1,0,61,52,36,2,5,9,34,25,0
7804,50,2,12,4,20,1,0,14,73,84,1,2,0,11,2,1
7805,27,2,6,1,5,1,0,86,25,37,2,4,11,44,18,0
7806,51,3,11,6,19,2,1,42,55,92,1,0,0,25,8,1
7807,41,0,5,3,8,0,1,38,79,55,1,0,4,19,3,1
7808,33,1,4,3,18,0,1,19,78,42,1,0,4,16,4,1
7809,47,0,12,6,17,2,1,81,17,84,2,4,7,76,10,0
7810,52,2,10,3,18,0,0,32,65,74,1,0,3,31,6,1
7811,37,0,10,6,19,2,0,46,33,83,1,1,2,21,0,2
7812,26,3,5,2,11,1,0,15,79,83,1,1,5,9,2,1
7813,28,1,7,0,0,1,0,73,43,34,2,4,14,52,25,0
7814,41,0,7,7,12,1,0,40,51,85,1,0,1,36,5,2
7815,58,1,4,7,10,1,1,15,94,50,1,0,2,14,5,1
7816,51,2,8,5,15,2,1,56,49,25,1,2,4,35,8,2
7817,30,0,8,3,8,0,1,69,41,25,2,5,5,53,18,0
7818,51,0,5,7,12,1,1,30,83,35,1,1,5,29,8,1
7819,32,0,11,1,1,1,0,41,50,90,1,2,4,29,7,2
7820,22,0,1,6,7,0,0,54,40,27,1,0,5,27,2,0
7821,23,2,2,3,18,0,1,68,26,33,2,2,12,65,23,0
7822,26,0,0,6,7,0,1,54,35,58,2,3,6,35,19,0
7823,29,0,0,4,20,2,0,19,81,87,1,2,4,9,8,1
7824,22,0,1,0,16,1,0,40,64,35,1,2,4,31,0,2
7825,59,0,17,1,2,0,0,59,40,50,2,5,7,43,18,2
7826,57,0,8,0,16,1,0,82,11,35,2,4,10,67,14,0
7827,45,0,13,2,9,0,0,12,99,32,1,0,4,6,7,1
7828,40,0,16,6,19,0,0,20,100,81,1,2,1,15,5,1
7830,57,0,6,5,15,2,0,25,68,94,1,1,4,21,6,2
7831,59,0,11,0,16,1,1,67,11,64,2,3,9,34,26,2
7832,24,2,3,7,10,0,2,42,68,39,1,2,0,26,0,1
7834,52,1,10,5,15,2,1,22,59,69,1,2,2,11,2,2
7835,49,3,8,6,17,1,1,36,66,89,1,2,4,30,7,1
7836,42,2,6,5,15,1,0,16,79,46,1,1,4,9,0,1
7837,25,1,4,1,2,2,1,37,78,55,1,1,1,28,9,2
7838,36,1,7,5,15,1,0,59,27,42,2,5,14,31,19,0
7839,52,1,10,3,3,2,1,42,60,73,1,1,1,35,1,2
7840,48,0,3,7,10,2,0,40,51,92,1,2,1,36,0,2
7841,45,0,11,2,11,1,0,36,67,81,1,2,2,26,7,1
7842,30,0,1,3,3,0,0,83,0,48,0,5,21,73,34,0
7844,22,2,1,6,19,0,0,53,24,69,2,5,11,31,5,0
7845,37,0,6,5,13,0,0,27,62,83,1,2,0,20,7,2
7846,40,0,15,6,7,1,1,29,55,78,1,1,3,19,6,1
7847,53,0,15,5,15,2,1,85,3,46,2,2,13,44,12,0
7848,34,2,11,4,20,1,2,23,73,78,1,1,4,16,4,1
7849,35,0,6,6,7,1,0,27,52,67,1,2,4,25,9,2
7850,21,1,0,5,14,1,1,18,73,30,1,2,0,14,0,2
7851,27,1,0,3,3,1,0,54,36,23,1,2,5,50,4,0
7852,58,0,1,3,18,1,1,24,68,42,1,2,1,12,4,1
7854,51,0,10,6,17,2,0,78,16,36,2,3,14,76,22,0
7855,48,0,6,7,12,0,2,37,55,69,1,2,1,35,4,1
7856,49,0,5,0,0,2,1,29,74,73,1,1,3,20,7,1
7857,56,2,13,7,12,2,2,83,20,78,2,5,5,70,23,2
7858,54,2,5,2,9,1,1,16,87,80,1,1,3,9,2,1
7859,55,2,7,4,4,1,0,48,54,23,1,1,3,47,2,0
7860,51,2,9,5,13,2,2,85,18,41,2,4,14,67,24,0
7861,29,2,8,6,19,2,1,62,53,89,1,0,3,48,2,2
7862,41,0,6,1,1,0,1,56,24,64,1,1,2,31,5,2
7863,58,0,21,3,8,2,1,55,39,27,2,3,5,47,29,2
7864,52,0,10,3,18,1,0,38,69,43,1,0,1,31,0,2
7865,47,0,8,5,14,1,1,77,7,53,2,2,6,73,7,0
7866,45,0,11,5,15,0,0,46,59,24,1,0,4,23,6,0
7867,56,1,3,7,12,0,1,13,88,35,1,2,1,8,2,1
7868,45,2,7,2,11,0,0,14,80,83,1,1,0,13,4,1
7869,31,2,7,3,3,2,0,80,23,66,2,4,8,44,15,0
7870,25,1,4,6,7,1,0,84,26,87,2,3,6,40,13,0
7871,27,0,6,6,17,1,1,17,73,32,1,0,3,9,9,1
7872,49,0,8,0,22,0,0,64,41,99,2,4,12,43,9,2
7873,39,0,9,5,15,1,1,27,75,49,1,0,0,12,9,1
7875,24,2,3,3,18,0,1,49,41,40,2,2,5,42,10,2
7876,60,1,11,5,14,2,1,21,74,34,1,2,1,14,3,2
7877,39,2,14,5,15,0,0,13,84,93,1,1,4,11,3,1
7878,23,2,2,6,19,1,1,94,0,94,2,3,6,93,14,0
7879,50,0,16,3,3,1,0,13,100,26,1,0,2,12,3,1
7880,33,0,3,2,11,2,0,74,22,97,2,3,10,49,15,2
7881,22,0,1,1,1,2,1,20,93,68,1,2,1,14,0,1
7882,40,2,10,6,17,2,2,50,41,25,1,2,0,23,2,1
7883,40,2,11,5,15,1,0,63,51,28,1,2,0,62,2,0
7884,26,0,5,3,8,1,1,26,73,87,1,2,4,22,0,1
7885,37,2,6,4,20,1,1,56,58,25,2,4,14,30,10,2
7886,21,2,0,2,11,0,1,48,62,75,1,2,4,45,5,2
7887,52,3,0,1,5,2,0,32,64,91,1,1,1,15,6,1
7888,26,2,5,7,10,0,1,55,56,44,2,5,14,30,25,2
7889,31,0,10,3,3,1,1,20,85,68,1,0,3,17,5,1
7892,53,0,6,3,8,1,1,17,93,85,1,1,0,8,8,1
7893,37,2,13,3,8,1,1,91,3,66,2,4,9,43,18,2
7894,56,0,11,1,5,1,1,59,28,82,2,5,6,52,28,2
7895,43,0,11,5,13,2,1,23,89,80,1,0,0,14,7,1
7896,50,1,11,4,20,1,2,79,12,52,2,3,5,42,29,0
7897,31,0,8,5,14,2,0,59,28,81,2,3,14,29,13,0
7898,25,0,4,5,14,0,0,41,66,26,1,0,1,28,5,0
7899,28,3,7,6,7,0,2,31,68,56,1,1,2,26,3,1
7900,48,2,7,4,20,1,1,93,34,62,0,8,23,43,32,0
7901,44,0,12,3,8,0,1,41,63,41,1,0,2,27,4,1
7902,23,1,0,7,12,1,0,32,56,84,1,2,4,18,2,2
7903,30,0,9,4,20,2,1,56,37,64,2,2,10,42,22,2
7904,53,3,6,3,3,2,0,13,91,53,1,2,0,12,9,1
7906,25,1,4,0,0,1,1,49,57,76,1,1,3,36,2,2
7907,23,1,2,4,4,1,0,71,22,24,2,3,12,34,13,0
7909,47,1,6,0,16,2,1,33,74,30,1,1,0,24,1,1
7910,36,2,5,2,9,1,2,82,17,27,2,2,11,57,6,2
7911,49,2,11,0,0,2,0,71,9,59,1,1,5,70,1,0
7912,55,2,19,2,6,2,0,17,78,72,1,0,0,12,1,1
7913,32,0,6,7,21,0,1,15,97,90,1,0,4,10,0,1
7914,41,3,5,4,23,1,2,61,39,57,2,3,8,33,12,1
7915,24,0,3,5,14,1,1,40,57,22,1,2,5,38,2,2
7916,28,0,7,4,4,0,2,77,25,71,2,3,12,68,24,2
7917,40,0,12,7,21,1,2,55,21,89,2,2,9,31,16,1
7918,53,1,12,7,10,0,0,62,43,39,2,4,5,58,21,0
7919,32,0,9,5,14,0,1,66,19,29,2,2,7,46,14,0
7920,32,2,11,0,0,0,2,91,17,62,2,2,14,87,15,2
7921,41,2,13,4,23,0,1,36,66,65,1,2,5,23,1,1
7922,37,0,7,2,11,1,1,15,94,85,1,2,1,14,0,1
7923,53,0,7,0,16,0,0,61,52,56,2,2,10,46,14,2
7924,33,0,8,2,6,2,0,33,78,82,1,0,4,26,4,1
7925,25,0,4,0,16,1,1,21,87,65,1,0,5,19,7,1
7926,43,1,10,2,6,0,0,35,53,90,1,2,4,24,8,2
7927,24,0,3,2,11,0,2,52,35,76,1,2,5,25,2,1
7928,33,0,12,7,10,1,1,45,52,64,2,3,13,42,27,2
7930,30,0,9,3,8,2,0,51,36,86,2,2,9,23,22,2
7931,54,2,4,1,2,1,1,87,0,48,2,2,14,67,5,0
7932,22,0,1,3,3,1,1,12,79,77,1,1,1,11,8,1
7933,59,0,8,2,6,0,0,47,46,93,1,0,3,26,1,2
7934,30,1,2,6,7,1,1,90,0,60,2,4,12,66,23,0
7935,43,1,14,0,0,1,0,36,63,61,1,2,1,16,2,1
7936,47,0,11,1,5,0,1,13,80,61,1,1,3,12,8,1
7937,49,2,1,0,16,1,0,70,25,37,2,2,10,51,12,0
7938,30,2,9,7,12,2,1,64,21,55,1,1,0,48,4,2
7939,57,0,4,7,10,2,1,57,39,84,1,0,3,55,3,2
7940,51,0,6,0,16,0,0,93,4,44,2,5,13,66,8,0
7941,60,0,6,7,12,2,1,13,77,57,1,1,3,9,2,1
7942,58,3,7,1,1,1,1,60,50,42,2,3,7,41,15,2
7943,28,2,7,4,20,1,1,17,66,65,1,0,5,8,9,1
7944,28,1,7,6,7,2,1,66,33,80,2,2,14,33,25,0
7945,24,1,3,3,8,0,0,50,56,93,2,3,8,41,7,2
7946,60,0,1,1,5,1,0,36,65,28,1,0,2,33,2,0
7947,52,0,4,2,11,2,0,59,41,98,2,3,13,57,7,2
7948,52,2,0,5,14,0,0,31,77,57,1,1,3,21,8,2
7949,31,0,0,7,21,1,0,62,36,67,2,2,10,47,9,0
7950,51,2,5,6,7,1,2,73,38,31,2,5,14,55,5,2
7951,28,1,7,1,1,0,0,63,33,78,1,1,0,29,8,0
7952,34,0,12,3,18,2,0,92,15,45,2,4,6,90,10,0
7953,26,2,5,3,3,1,1,36,57,81,1,0,3,21,3,1
7954,50,2,12,1,1,1,0,59,50,65,2,2,12,27,14,2
7955,49,0,12,2,6,0,2,83,36,47,0,6,18,52,32,2
7956,34,2,6,1,1,0,0,88,17,75,2,5,9,51,16,0
7957,24,2,3,5,15,1,1,68,36,50,0,5,18,64,22,0
7958,40,2,2,1,5,1,1,25,90,79,1,2,0,14,5,1
7959,41,0,6,0,16,2,0,55,31,51,2,2,14,49,28,2
7960,54,0,3,7,10,1,0,70,50,30,2,5,5,40,5,0
7961,44,2,14,5,15,1,1,41,73,39,1,1,1,31,4,2
7962,21,2,0,7,21,2,0,72,50,70,2,2,13,56,19,0
7964,43,0,8,7,12,1,2,57,39,91,1,1,3,42,0,1
7965,48,1,8,4,4,2,1,78,30,76,2,5,7,68,18,0
7966,37,2,0,3,8,0,0,58,33,79,1,1,4,41,7,2
7967,38,1,11,4,20,1,0,49,36,64,1,2,2,31,0,0
7968,57,1,9,4,23,2,1,34,71,44,1,2,2,29,4,2
7969,45,1,8,0,22,1,0,56,55,86,2,4,6,39,7,2
7970,21,0,0,5,13,0,2,10,90,52,1,0,0,6,4,1
7971,23,2,2,4,23,1,0,92,14,25,2,4,6,44,13,0
7972,39,0,9,1,5,0,2,44,52,44,1,1,5,22,7,1
7973,21,1,0,0,16,0,1,79,17,85,2,2,5,38,28,0
7974,52,1,8,4,20,0,2,10,96,81,1,1,1,7,9,1
7976,40,0,9,4,20,0,0,20,85,50,1,1,4,19,8,1
7977,42,0,20,4,23,1,1,47,55,36,2,2,6,42,14,2
7978,24,2,3,1,1,2,0,13,100,33,1,0,2,6,2,1
7979,50,0,14,6,7,0,0,53,54,88,1,0,0,29,2,2
7980,52,1,2,1,5,2,1,86,5,35,2,4,9,69,16,0
7981,29,1,0,7,12,1,0,32,75,73,1,0,2,16,9,2
7982,32,1,11,0,22,2,2,68,22,99,1,0,1,45,0,1
7983,25,0,4,4,20,2,0,70,41,43,2,4,14,66,18,0
7984,26,0,5,0,0,1,0,44,53,38,1,2,2,29,6,2
7985,22,1,0,4,20,1,2,62,40,56,2,2,11,39,7,2
7986,56,0,20,7,10,1,0,91,11,81,2,2,14,88,15,0
7987,22,0,1,3,8,1,1,37,65,94,1,1,2,25,6,1
7988,26,0,5,2,6,2,0,89,23,56,2,3,9,67,8,0
7990,58,0,5,4,20,1,1,70,17,74,2,4,7,62,15,0
7991,50,2,8,2,9,2,1,84,15,80,2,2,8,78,13,0
7992,30,2,8,5,13,2,0,81,20,69,2,2,7,65,23,0
7993,25,2,4,7,12,1,2,34,53,68,1,2,0,31,2,1
7994,57,2,10,3,3,1,1,54,45,80,1,0,3,51,6,2
7995,47,2,14,1,2,1,1,57,55,70,2,4,10,52,6,2
7996,52,1,0,4,20,2,1,44,56,59,1,1,1,36,9,0
7997,37,1,6,4,23,1,1,78,14,35,2,2,8,39,24,0
7998,52,3,10,2,11,1,2,65,39,67,2,4,5,43,15,1
7999,43,2,13,5,13,0,1,69,35,28,2,5,9,65,14,0
8000,49,1,7,0,0,1,0,17,92,64,1,1,2,8,6,1
8001,55,2,19,1,2,2,1,82,25,47,2,2,6,69,27,0
8002,46,1,8,2,11,2,0,86,14,95,2,4,12,39,18,0
8003,40,0,9,6,17,2,0,94,0,92,0,8,18,88,39,0
8004,47,1,9,4,20,0,0,65,45,79,2,2,7,47,18,0
8005,24,3,3,3,3,2,1,20,66,69,1,2,3,18,1,1
8006,27,1,6,2,9,2,0,60,35,61,1,0,4,55,8,0
8007,53,0,14,3,3,1,1,71,60,29,2,2,10,36,11,2
8008,55,2,8,2,11,1,1,84,7,90,2,5,8,80,20,0
8009,34,0,0,0,16,2,0,31,72,62,1,0,2,21,9,1
8010,24,2,3,4,20,2,1,48,67,91,1,2,3,33,5,1
8011,21,2,0,4,4,1,1,53,37,51,1,0,3,36,4,2
8012,37,1,14,1,1,2,1,16,79,81,1,0,2,13,6,1
8013,40,0,7,2,11,0,2,26,80,98,1,0,4,18,7,1
8014,32,0,6,2,6,0,2,29,78,34,1,2,5,27,9,1
8015,39,0,16,3,3,2,0,71,22,67,2,3,8,33,13,2
8016,58,2,0,4,23,2,1,67,38,76,1,0,2,39,0,0
8017,33,0,8,7,10,0,1,36,51,62,1,2,3,31,5,2
8018,49,0,6,0,16,1,0,42,33,64,1,2,0,21,1,2
8019,27,0,6,1,5,1,2,22,76,28,1,2,0,16,3,1
8020,39,0,5,4,20,1,0,67,41,78,2,2,7,56,11,0
8021,27,0,6,5,15,2,0,80,8,82,2,3,8,76,18,0
8022,55,0,5,7,10,1,1,36,83,27,1,1,3,30,8,2
8023,37,0,4,1,1,1,0,79,1,86,2,4,13,47,23,0
8024,57,1,2,5,13,1,0,81,21,46,2,4,7,74,29,0
8025,24,2,3,0,0,0,1,24,63,90,2,5,14,11,5,1
8026,54,0,14,7,12,1,1,90,17,62,2,2,11,72,16,0
8027,49,0,1,6,19,1,0,17,85,69,1,1,3,15,2,2
8028,44,2,19,1,1,0,1,62,19,47,2,2,12,47,18,2
8029,22,2,1,2,11,1,0,39,43,99,1,2,3,26,4,1
8030,33,1,12,2,6,2,0,71,24,34,2,2,10,51,19,0
8031,23,0,2,6,17,1,0,40,56,25,1,1,2,36,1,0
8032,31,0,10,0,16,1,2,64,48,56,1,2,2,32,6,1
8033,32,0,11,5,15,2,1,29,90,38,1,2,4,19,5,1
8035,57,0,13,2,6,1,0,19,87,56,1,0,2,17,1,1
8036,37,2,16,7,10,1,0,68,30,23,2,2,13,61,10,0
8037,26,2,5,3,18,1,1,94,4,31,2,2,11,50,26,0
8038,52,0,9,6,19,2,2,21,83,98,1,1,5,17,9,1
8039,30,0,7,5,14,2,0,23,83,40,1,1,3,18,9,2
8040,23,2,2,7,10,0,1,17,83,47,1,1,2,9,2,1
8041,27,0,6,0,22,1,0,29,71,82,1,0,5,16,1,1
8042,59,1,8,3,18,2,0,57,43,55,1,1,5,52,5,0
8043,43,0,11,5,13,0,1,51,50,43,2,2,9,32,21,2
8044,45,1,4,3,3,1,2,39,71,44,1,1,3,21,7,1
8045,35,0,6,2,9,2,1,64,44,27,2,2,8,48,6,2
8046,30,2,9,6,17,1,2,52,55,75,2,2,5,30,14,1
8047,54,1,6,6,19,0,1,42,55,78,1,2,1,19,7,2
8048,44,1,10,4,23,2,2,61,39,40,1,2,2,44,1,2
8049,29,3,2,4,20,2,0,71,33,46,2,5,10,34,5,0
8050,60,2,4,1,1,2,1,82,39,41,2,2,13,63,10,0
8051,37,0,16,7,12,2,1,65,47,37,1,2,2,49,4,2
8052,58,0,8,1,1,1,1,80,6,92,2,3,5,66,27,0
8053,39,1,2,2,6,1,1,12,96,25,1,0,0,9,4,1
8054,29,0,7,2,11,0,1,81,0,87,0,6,23,65,42,0
8055,42,2,3,4,4,1,1,32,56,63,1,0,1,23,0,1
8056,51,0,8,1,2,0,1,51,49,70,2,4,14,47,29,2
8057,37,2,10,2,11,1,0,42,69,82,1,0,0,22,4,1
8058,25,2,4,7,12,2,1,31,54,41,1,2,5,22,9,1
8059,39,3,14,0,22,2,1,17,92,87,1,1,1,8,1,1
8060,55,1,3,5,15,2,1,85,26,76,2,2,10,54,6,0
8061,53,1,10,3,3,0,0,81,28,77,2,3,11,60,18,0
8062,49,0,8,3,3,1,1,23,78,53,1,1,4,12,3,1
8063,25,1,4,7,10,1,0,26,68,33,1,2,4,24,7,2
8064,45,0,12,6,7,1,1,22,86,58,1,2,5,13,8,1
8065,45,1,15,0,0,1,1,55,55,39,2,4,7,36,22,2
8066,52,0,7,4,4,1,0,77,0,30,2,2,9,44,5,0
8067,54,2,3,6,7,0,1,25,82,93,1,0,2,18,3,1
8068,37,0,15,2,9,1,0,29,56,78,1,0,1,21,5,1
8069,34,2,3,7,12,1,0,65,32,30,2,3,7,47,29,0
8070,22,2,1,2,11,0,1,15,100,98,1,2,2,8,1,1
8071,27,0,6,5,15,0,1,56,39,75,1,1,4,37,0,2
8072,41,0,16,1,5,1,1,90,25,71,2,3,10,82,27,0
8073,28,0,7,3,3,2,1,77,18,50,2,3,12,46,8,0
8074,27,2,6,1,2,1,0,89,5,62,2,5,7,80,26,0
8075,28,0,7,1,2,2,0,40,64,75,1,2,5,21,9,2
8076,23,1,1,2,6,2,2,15,88,43,1,2,3,9,7,1
8077,60,3,0,3,3,1,0,57,45,78,2,2,14,49,11,2
8078,47,0,5,5,15,0,2,70,37,36,2,4,14,49,22,2
8079,54,0,6,5,15,1,2,41,63,76,1,2,2,21,0,1
8080,31,1,3,0,0,2,1,64,44,45,2,2,13,33,17,2
8081,58,0,14,0,0,1,0,64,37,55,1,1,4,63,3,0
8082,22,3,1,4,4,2,0,39,60,92,1,1,5,31,9,2
8083,22,0,1,4,23,0,1,70,18,25,1,1,2,62,4,0
8084,36,2,2,2,9,2,1,13,100,46,1,1,1,8,6,1
8085,36,0,3,0,22,1,0,87,12,98,0,6,19,84,48,0
8086,37,0,10,4,23,1,0,36,72,37,1,0,4,35,4,2
8087,49,2,8,1,5,0,0,53,27,81,2,5,9,35,12,2
8088,54,3,16,5,15,1,0,56,49,80,1,1,4,32,1,2
8089,58,2,8,5,13,1,1,35,64,21,1,1,3,17,5,2
8090,40,1,12,6,17,0,1,24,71,34,1,2,5,14,9,2
8091,51,0,12,0,22,1,1,62,42,78,2,4,7,46,11,2
8092,42,0,17,6,17,1,1,59,30,92,1,1,0,28,6,2
8094,40,0,19,0,16,1,0,87,30,24,2,2,11,46,28,0
8095,43,2,17,7,21,1,0,13,88,80,1,1,3,10,0,1
8096,33,1,12,5,13,1,0,59,44,72,1,0,4,56,5,0
8097,47,0,13,7,12,2,0,33,59,24,1,2,5,20,0,2
8098,41,0,3,6,7,2,1,51,39,77,1,2,3,27,7,2
8099,49,1,7,2,6,2,1,92,21,75,2,2,8,74,9,0
8100,49,2,4,5,14,0,0,16,91,41,1,2,5,10,8,1
8101,37,0,5,0,16,1,1,50,53,53,1,0,3,22,1,1
8102,48,1,0,0,22,2,0,61,38,95,1,0,4,39,9,0
8103,30,0,8,4,4,2,1,51,50,21,1,1,5,37,0,2
8104,39,1,10,2,11,1,0,53,44,86,2,3,11,25,22,2
8105,21,2,0,5,13,0,2,26,49,72,1,0,1,19,6,1
8106,22,2,1,6,19,0,2,53,51,97,1,0,3,26,8,1
8107,34,3,13,0,22,1,0,51,57,74,1,0,5,33,8,1
8108,22,0,1,4,23,1,1,38,48,62,1,0,0,35,7,2
8109,44,2,16,6,17,0,0,54,54,76,1,1,3,28,5,2
8110,21,2,0,4,4,1,0,26,65,46,1,0,5,16,6,2
8111,28,0,7,5,13,2,1,72,33,42,2,5,5,60,18,0
8112,43,0,12,4,4,2,1,47,60,30,1,1,1,45,4,2
8113,53,2,6,0,22,2,1,14,92,87,1,2,4,10,4,1
8114,26,1,3,5,13,1,2,49,55,73,1,0,3,35,6,2
8115,22,1,1,1,5,1,2,11,81,90,1,0,3,5,1,1
8116,35,1,13,1,5,1,1,57,51,28,2,3,11,47,13,0
8117,37,0,4,7,10,2,1,36,70,37,1,1,2,31,1,2
8118,57,0,4,1,1,2,0,84,22,48,2,2,8,73,8,0
8119,60,2,20,5,15,0,1,12,96,73,1,0,1,11,6,1
8120,48,0,1,4,4,0,1,75,11,81,2,5,13,60,24,0
8121,25,2,4,5,13,2,0,88,23,71,2,5,13,83,23,0
8122,57,2,5,7,10,1,2,88,10,80,2,3,5,62,11,2
8123,23,1,2,5,14,0,0,74,31,84,2,5,10,62,17,0
8125,31,0,0,4,4,1,1,30,77,64,1,0,0,15,4,2
8126,34,0,13,1,5,1,1,30,60,38,1,2,2,26,9,2
8127,51,0,4,7,21,0,0,72,32,80,2,3,12,64,17,0
8128,48,0,6,0,22,2,1,73,43,76,2,5,6,33,27,2
8129,58,2,4,2,11,2,0,49,41,87,1,2,5,37,0,2
8130,35,2,9,1,5,2,0,20,62,45,1,2,2,14,8,1
8131,52,0,7,3,18,1,1,50,35,61,1,1,0,32,0,2
8132,45,2,0,1,5,1,0,48,61,68,1,1,4,30,2,2
8133,25,0,4,1,2,1,0,66,22,29,2,4,12,40,28,0
8134,31,2,0,5,14,1,0,83,24,25,2,4,11,55,5,0
8135,35,1,3,1,2,0,1,56,50,74,2,2,9,38,24,2
8136,50,0,9,7,10,0,1,35,70,21,1,1,4,16,6,1
8137,57,1,5,3,8,2,0,87,13,26,2,2,10,63,21,0
8138,42,0,11,3,18,1,0,38,68,84,1,2,3,26,0,1
8139,40,0,13,1,5,1,1,65,33,20,2,2,8,29,8,0
8140,25,0,4,5,15,2,1,87,13,50,0,6,23,43,30,0
8141,50,2,17,7,10,0,0,77,29,21,2,3,9,72,9,0
8142,22,0,1,6,19,2,2,40,80,75,1,2,5,29,5,1
8143,37,0,11,5,13,0,0,78,9,27,2,5,12,36,19,0
8144,38,2,1,0,22,0,0,59,42,67,2,4,12,32,28,2
8145,54,0,8,2,11,0,1,25,100,79,1,2,2,12,0,1
8146,40,0,10,0,22,2,1,80,22,67,2,2,13,42,22,2
8147,43,0,11,2,9,2,0,70,32,92,2,5,9,36,26,2
8148,23,0,2,6,7,2,1,72,30,78,2,3,12,70,7,0
8149,42,2,17,3,18,1,1,73,39,87,2,3,13,58,16,2
8150,29,0,8,1,2,2,0,27,89,25,1,1,0,15,3,2
8151,37,0,1,5,15,2,0,20,78,87,1,2,2,15,2,2
8153,45,0,7,6,17,1,1,74,37,33,2,5,10,58,5,0
8154,49,0,8,6,19,1,1,53,43,70,1,1,0,30,9,2
8155,34,2,12,4,4,1,1,42,79,86,1,1,2,24,5,1
8156,33,0,10,2,11,2,1,54,32,84,2,3,14,42,12,2
8157,43,1,9,6,17,1,0,74,38,66,2,2,6,49,20,0
8158,49,0,6,1,1,2,0,77,26,93,2,4,5,66,13,0
8159,40,1,17,6,7,0,1,15,80,39,1,1,5,9,1,1
8160,26,0,5,5,15,0,2,53,39,67,2,3,5,43,5,2
8161,29,0,1,7,21,1,1,62,51,42,1,2,1,48,4,0
8162,39,0,6,6,19,0,0,49,55,82,1,2,1,32,8,2
8163,26,3,5,1,1,1,2,56,48,94,2,2,11,47,21,1
8164,41,0,4,7,12,0,0,59,39,88,2,4,6,43,12,2
8166,48,1,6,2,6,0,1,31,63,70,1,0,2,14,6,1
8167,30,1,7,7,12,0,0,92,2,71,2,3,14,90,22,0
8168,44,0,17,7,10,1,0,73,43,23,2,5,8,41,25,0
8169,27,2,6,5,14,1,0,74,17,59,2,3,5,58,28,0
8170,38,0,7,4,23,1,2,16,87,34,1,2,0,12,9,1
8171,60,3,9,0,0,1,0,27,83,50,1,1,3,18,0,1
8172,40,1,8,3,3,1,1,50,52,48,1,0,5,41,7,2
8173,34,2,9,7,21,2,1,46,54,91,1,0,5,31,6,1
8174,27,1,6,6,17,1,1,43,49,46,2,2,11,20,8,2
8175,48,0,19,2,6,1,2,12,88,35,1,2,1,11,3,1
8176,24,0,3,1,2,2,2,41,55,27,1,1,0,23,4,1
8177,40,2,9,7,10,1,0,40,74,78,1,2,5,22,1,1
8178,33,0,6,7,10,2,0,13,85,51,1,0,3,11,3,1
8179,57,1,10,6,17,2,0,30,75,71,1,2,4,19,8,2
8180,36,2,7,0,0,1,0,42,46,26,1,0,3,30,4,2
8181,47,1,3,5,14,0,1,27,74,42,1,2,0,25,6,2
8182,50,1,12,5,14,0,1,11,92,43,1,2,1,5,9,1
8183,57,0,10,7,12,1,2,27,89,54,1,1,2,22,1,1
8184,30,0,5,4,20,2,1,28,61,58,1,1,5,18,2,1
8185,22,2,1,6,7,2,1,32,49,31,1,2,0,23,6,2
8186,26,1,5,1,5,2,1,38,70,41,1,0,3,20,5,2
8187,58,0,17,3,3,2,0,33,58,94,1,0,1,23,8,1
8188,30,0,6,0,0,1,0,21,55,91,1,1,2,15,4,1
8189,49,0,13,7,10,1,0,64,58,28,2,5,11,51,25,0
8190,44,1,13,4,23,1,0,12,100,41,1,1,4,8,3,1
8191,23,2,2,4,23,1,0,20,83,82,1,2,2,12,9,1
8192,43,0,7,1,5,0,1,12,84,74,1,2,5,6,7,1
8193,57,0,6,5,15,0,2,83,26,69,2,4,14,71,10,0
8194,24,2,3,6,17,2,2,44,52,93,2,5,9,25,18,1
8195,59,0,7,0,0,1,1,60,50,31,2,2,14,28,8,2
8196,57,1,12,4,20,2,2,30,57,43,1,2,4,15,1,1
8197,54,0,11,2,11,2,0,77,30,85,2,2,6,48,16,2
8198,48,1,13,6,19,2,0,75,23,76,2,4,9,68,26,0
8199,22,2,1,7,21,1,1,65,24,35,2,5,6,59,16,0
8200,36,0,15,3,18,1,1,15,72,23,1,2,4,8,0,1
8201,44,3,10,1,2,0,1,86,21,93,2,4,11,58,18,2
8202,45,0,12,2,11,1,0,69,28,90,1,1,4,41,0,2
8203,46,2,1,3,3,2,1,33,56,23,1,1,3,31,2,2
8204,38,0,7,1,2,0,1,40,58,73,1,1,3,26,8,2
8205,33,1,12,5,15,2,2,23,72,64,1,2,1,15,3,1
8206,30,3,9,2,9,1,1,27,80,36,1,1,4,19,3,1
8207,52,2,17,2,9,2,0,25,63,37,1,2,0,14,7,1
8208,52,2,18,5,14,0,1,42,64,38,1,2,5,34,7,2
8209,39,0,2,6,17,1,0,59,44,43,1,0,3,49,5,0
8210,45,0,8,5,14,0,0,13,76,49,1,1,4,11,2,2
8211,28,0,7,1,1,0,0,43,65,34,1,0,2,30,0,2
8212,27,1,6,1,2,2,0,34,52,30,1,1,5,24,8,2
8213,47,0,2,3,8,1,2,64,36,22,1,1,2,63,1,0
8214,41,2,13,2,9,0,1,42,47,56,1,2,1,26,1,1
8215,57,0,4,4,23,2,0,63,15,43,1,1,1,37,1,0
8216,31,1,10,2,11,1,1,42,54,79,1,2,5,35,6,2
8217,52,3,15,3,18,0,1,40,59,47,1,0,1,33,6,1
8218,23,0,2,1,1,2,0,53,53,33,2,3,14,30,29,0
8219,53,0,4,1,5,2,2,49,46,42,2,4,14,30,6,1
8220,25,2,4,2,6,1,2,32,65,68,1,0,5,16,3,1
8221,31,0,10,1,5,1,1,77,42,82,2,2,13,40,8,2
8222,39,2,17,0,16,2,0,10,96,34,1,2,5,8,9,1
8223,22,2,1,2,11,2,2,30,77,99,1,0,4,22,6,1
8224,43,2,12,2,11,2,2,25,66,67,1,1,5,20,9,1
8225,31,0,10,3,3,0,2,22,71,64,1,2,3,16,9,1
8226,42,0,9,2,9,0,0,77,33,89,2,2,5,66,6,0
8227,50,2,14,3,8,2,1,57,47,38,1,2,5,46,0,2
8228,47,2,7,3,3,1,1,40,53,80,1,1,0,31,5,1
8229,52,3,13,2,11,1,0,35,66,92,1,1,5,24,6,1
8231,36,2,3,2,11,1,0,13,93,69,1,0,5,9,9,1
8232,35,0,0,6,7,0,0,45,64,34,1,0,2,22,0,0
8233,48,0,2,0,16,0,0,76,9,42,2,2,8,71,7,0
8234,56,2,4,5,15,1,1,78,26,63,2,5,11,64,29,0
8235,37,0,6,6,17,2,2,73,30,89,2,4,9,44,28,2
8237,39,2,11,1,2,2,1,44,58,21,1,0,4,28,9,2
8238,43,1,17,6,19,0,0,82,13,92,2,3,14,58,7,0
8239,59,0,10,3,18,1,1,56,49,50,2,4,10,36,20,2
8240,29,0,6,7,10,2,1,65,33,77,2,3,5,64,24,0
8241,47,0,10,3,3,1,0,73,37,92,2,3,13,63,8,0
8242,60,2,8,4,4,2,1,63,49,62,1,2,4,44,8,2
8243,22,1,1,4,4,1,1,26,69,89,1,1,1,16,7,2
8244,53,0,11,7,12,1,0,15,84,53,1,1,5,13,4,1
8245,29,2,8,7,12,0,2,28,78,93,1,1,2,19,4,1
8246,59,2,13,4,4,1,1,59,31,77,1,2,3,55,0,2
8247,50,1,9,0,16,0,0,46,58,66,2,3,12,35,25,2
8248,24,0,3,7,21,1,2,21,77,29,1,2,2,12,9,1
8249,32,0,5,7,10,1,0,41,54,78,2,4,7,21,29,2
8250,40,0,6,4,20,2,0,17,85,94,1,2,2,13,2,1
8251,40,1,3,3,18,1,0,39,54,86,1,2,4,31,3,2
8252,28,1,6,1,2,0,0,27,60,27,1,1,3,14,0,2
8253,47,0,9,0,0,0,0,86,12,54,2,5,14,80,24,0
8254,31,2,3,1,2,0,2,51,50,21,1,1,5,47,3,2
8255,30,2,7,7,21,0,0,63,24,53,1,0,5,54,8,0
8256,57,2,12,7,21,1,2,68,28,25,2,2,6,32,26,1
8257,37,0,8,0,22,1,0,11,100,75,1,2,1,7,4,1
8258,25,0,4,0,0,2,0,76,26,48,2,4,12,41,9,0
8259,30,1,9,6,19,1,0,37,71,97,1,2,0,31,2,2
8260,48,2,10,6,17,2,1,79,22,55,2,2,7,64,9,0
8261,29,0,8,2,9,2,0,70,25,61,2,3,8,49,28,0
8262,40,0,2,2,6,0,0,71,35,23,2,3,6,68,8,0
8263,32,2,4,5,15,1,2,86,9,66,2,2,11,44,19,2
8264,58,0,9,6,19,0,1,43,47,90,1,2,5,24,5,2
8266,57,2,8,4,23,1,0,42,54,43,1,2,3,39,6,2
8267,52,2,11,4,23,1,0,92,8,73,0,8,18,70,39,0
8268,46,0,18,4,4,1,0,46,38,55,1,2,5,40,5,2
8269,31,0,0,4,23,0,1,35,76,31,1,1,5,22,8,2
8270,50,2,11,6,17,2,1,28,74,36,1,2,0,25,5,1
8271,45,2,11,2,9,2,0,50,58,82,2,4,13,24,27,1
8272,51,0,3,3,18,1,0,49,47,68,1,2,4,29,5,2
8275,54,1,8,0,22,1,2,45,45,97,2,2,14,38,15,1
8277,43,2,14,7,12,1,1,34,77,79,1,1,2,16,5,1
8278,36,0,15,7,10,1,0,28,58,93,1,1,0,15,4,1
8279,55,1,10,5,15,1,1,12,89,65,1,0,2,11,4,1
8280,24,2,3,4,20,1,2,25,81,54,1,0,5,21,7,1
8282,31,2,0,0,0,0,0,37,56,58,1,1,5,29,6,2
8283,39,2,7,6,17,0,0,45,71,35,2,3,10,39,5,2
8285,41,0,12,1,1,0,2,91,17,46,2,5,7,78,21,0
8286,55,0,15,5,14,1,0,23,73,35,1,2,3,16,8,2
8287,27,2,6,3,8,0,0,34,73,25,1,2,1,29,4,2
8288,38,0,12,6,7,0,0,60,28,55,2,5,8,33,14,0
8289,45,0,9,0,22,1,0,66,34,74,2,3,12,43,7,2
8290,54,3,14,4,23,2,0,67,44,91,1,1,4,63,9,0
8291,36,2,13,0,16,1,1,34,34,84,1,0,4,27,7,1
8292,59,0,12,4,23,1,2,53,52,61,1,2,4,37,0,1
8293,53,0,7,0,0,1,0,53,58,85,1,2,4,26,8,1
8294,56,1,9,0,22,2,1,85,18,91,0,8,25,78,40,0
8295,47,0,2,1,5,0,1,25,71,45,1,2,0,22,8,2
8296,58,1,10,4,23,1,1,90,12,35,2,3,8,41,26,0
8297,35,0,2,3,8,2,0,46,59,22,1,0,5,23,4,2
8298,46,0,16,1,1,2,2,44,41,41,1,2,5,37,2,1
8299,29,1,8,7,21,1,1,25,72,90,1,0,5,15,9,1
8300,50,0,7,4,4,1,1,25,93,54,1,0,1,21,4,1
8301,24,0,3,5,14,2,1,16,86,36,1,1,1,9,4,1
8302,60,0,5,2,11,2,1,59,46,92,1,1,3,58,9,2
8303,34,2,4,1,2,0,1,49,70,43,1,1,2,37,5,2
8304,58,0,12,7,21,0,0,74,26,87,2,3,8,58,7,0
8305,49,1,11,7,10,2,2,71,30,54,2,3,8,39,23,2
8306,44,0,6,3,18,2,0,17,78,67,1,0,3,8,6,1
8307,21,0,0,5,14,0,0,68,38,81,2,3,13,38,26,0
8308,47,1,2,2,11,1,0,36,49,84,1,0,0,24,0,2
8310,41,0,16,6,17,1,1,62,32,37,2,5,10,48,14,0
8311,44,0,9,2,9,1,1,31,59,25,1,0,1,21,7,1
8312,26,2,5,5,14,2,2,64,23,68,2,2,9,57,25,2
8313,57,2,13,3,18,2,2,84,14,26,2,5,10,42,26,2
8314,42,2,3,2,11,0,0,36,81,79,1,0,0,22,8,1
8316,28,0,3,4,20,0,1,84,2,67,2,4,8,60,11,0
8317,44,0,6,6,17,1,0,50,50,56,1,0,0,48,6,0
8318,30,0,6,2,6,2,0,16,95,45,1,1,3,11,5,1
8319,40,0,8,4,20,0,1,43,48,77,1,2,0,21,3,2
8320,39,2,18,1,2,0,1,39,61,28,1,1,0,20,2,1
8321,26,0,5,4,23,1,0,33,67,67,1,0,4,16,7,2
8322,22,1,1,0,0,2,1,74,12,48,2,5,8,42,26,0
8323,60,3,17,5,13,2,0,45,54,65,1,0,4,32,3,2
8324,60,2,10,0,16,2,0,58,19,56,1,1,0,37,2,2
8326,23,2,2,2,6,2,1,67,34,69,2,5,6,64,16,2
8327,52,3,5,5,13,0,0,47,57,51,2,2,14,43,8,2
8328,57,0,8,6,19,1,0,34,84,78,1,1,3,33,1,2
8329,32,0,11,3,3,1,2,58,17,68,2,3,13,53,19,2
8330,29,0,8,4,23,1,0,94,9,32,2,5,12,59,17,0
8331,27,2,0,0,16,0,1,56,42,41,2,4,14,33,29,2
8332,55,0,5,5,15,1,1,67,14,47,2,4,14,63,22,0
8333,58,0,3,7,10,1,1,17,79,47,1,2,1,7,4,1
8334,24,0,3,5,15,1,0,23,73,77,1,0,1,14,0,2
8335,59,0,8,1,1,2,0,77,26,72,2,3,9,71,27,0
8336,46,2,6,6,19,1,0,37,71,69,1,1,2,31,7,2
8337,48,1,13,6,17,2,0,24,65,23,1,0,3,11,5,2
8338,24,0,3,2,11,1,1,44,64,83,2,2,11,25,9,1
8339,55,2,20,0,0,2,1,60,36,92,1,1,1,30,5,1
8340,23,0,2,7,21,1,1,45,52,93,1,0,0,22,0,2
8341,45,1,9,0,0,0,1,11,87,30,1,0,3,6,7,1
8342,34,2,12,1,1,0,0,64,42,73,2,2,14,31,21,2
8343,38,0,7,2,6,0,0,84,10,36,2,5,6,81,20,0
8344,29,2,7,4,4,2,0,31,74,41,1,2,3,25,3,2
8345,35,0,4,1,5,2,0,60,39,34,2,2,14,38,23,0
8346,47,0,0,3,3,0,1,94,5,83,2,2,9,87,5,0
8347,40,0,1,7,21,1,0,20,48,24,1,2,4,13,5,2
8348,60,2,16,2,9,1,0,10,90,85,1,0,4,5,7,1
8349,55,2,10,4,20,0,0,17,80,31,1,1,1,16,9,1
8350,48,0,6,0,0,1,2,43,55,91,1,0,0,27,8,1
8351,46,2,0,1,5,1,0,79,18,74,2,3,11,49,25,0
8352,51,1,9,6,17,1,0,41,56,55,1,1,5,32,2,0
8353,55,0,10,4,23,0,2,76,14,58,1,0,2,57,4,0
8354,22,2,1,6,17,1,0,42,55,59,1,2,4,31,8,2
8355,21,2,0,7,10,1,1,58,35,65,2,4,5,37,14,2
8356,43,0,5,5,14,0,1,70,33,71,2,5,14,39,5,0
8357,25,1,4,2,9,0,0,31,58,39,1,2,2,25,2,2
8358,45,2,6,2,6,0,1,17,78,56,1,0,3,15,9,1
8359,52,3,7,0,16,2,0,19,79,78,1,1,5,15,5,1
8360,50,1,13,7,10,0,0,10,83,84,1,1,4,5,2,1
8361,50,0,12,1,1,0,2,77,20,72,2,5,5,42,20,2
8362,47,2,16,1,2,1,0,43,60,84,1,1,4,41,8,2
8363,27,0,6,3,18,2,0,19,80,44,1,2,3,10,3,1
8364,47,0,8,7,21,1,1,33,58,58,1,2,4,23,4,1
8365,25,2,0,1,2,0,0,58,40,73,1,1,1,40,8,0
8366,37,0,16,2,11,1,0,58,39,97,2,4,7,36,17,2
8367,25,0,4,3,3,2,0,26,85,35,1,1,5,13,4,1
8368,28,0,7,2,11,1,0,38,71,79,1,0,2,31,9,1
8369,58,3,6,2,9,1,1,28,90,21,1,0,5,19,6,1
8370,54,0,13,0,16,1,0,52,55,64,2,5,5,35,29,2
8371,34,1,12,0,16,1,0,60,35,66,2,5,12,35,27,2
8372,39,3,10,1,1,1,2,27,65,31,1,0,5,23,0,1
8373,35,0,14,2,9,1,2,62,65,21,1,0,3,39,1,1
8374,58,2,13,0,22,0,0,39,57,81,1,2,3,22,5,1
8375,22,0,1,3,8,0,0,75,41,58,2,5,10,37,24,0
8376,44,0,13,1,1,0,1,37,59,89,1,2,1,29,8,1
8377,56,2,11,3,18,1,0,66,59,27,2,2,14,48,13,2
8378,40,0,11,2,9,1,1,32,77,34,1,1,3,24,7,1
8379,52,0,7,4,20,2,0,57,17,59,2,3,12,30,15,0
8380,33,0,12,5,13,1,0,65,30,34,2,5,10,57,14,0
8381,25,0,4,5,13,1,1,47,43,27,2,4,7,22,23,2
8382,21,1,0,1,2,2,2,55,60,23,1,1,1,44,1,2
8383,27,2,6,5,14,2,1,20,76,44,1,2,1,18,5,1
8384,56,0,10,1,5,0,1,38,75,58,2,5,6,17,24,1
8385,47,0,13,5,14,1,2,17,92,80,1,0,3,9,0,1
8386,38,0,0,1,5,1,0,86,7,67,2,3,12,71,7,0
8387,25,0,4,6,7,1,1,80,21,66,2,4,13,72,22,0
8388,57,0,9,5,14,2,0,53,41,84,2,5,9,27,22,2
8389,22,0,1,7,21,1,1,47,51,34,1,2,0,30,5,2
8390,41,2,3,2,6,1,0,16,81,42,1,2,0,8,5,1
8391,48,3,14,4,23,2,0,15,100,60,1,0,4,12,9,1
8392,24,0,3,0,16,1,0,61,29,88,2,4,11,31,19,2
8393,57,2,10,5,15,2,1,67,50,68,1,2,3,36,9,2
8394,41,1,6,7,21,0,1,82,8,49,2,2,7,81,23,0
8395,24,2,3,6,17,1,2,40,55,90,1,2,1,35,2,1
8396,21,0,0,0,22,1,0,90,0,85,2,4,10,72,18,0
8397,50,0,5,6,17,1,0,68,24,54,2,3,11,43,9,0
8398,43,2,5,2,6,1,1,73,15,83,2,5,5,64,9,2
8399,51,1,13,2,11,2,0,44,45,81,1,0,1,43,6,2
8400,49,2,1,1,1,0,0,75,36,87,2,2,10,58,5,0
8401,49,0,16,1,1,2,0,63,25,34,2,5,9,41,23,0
8402,29,1,0,1,5,1,0,84,15,43,2,4,13,69,17,0
8403,41,0,15,2,11,1,1,45,43,81,1,0,1,29,5,1
8404,59,2,5,1,5,1,1,75,21,83,0,7,24,71,28,0
8405,39,1,8,0,16,2,2,16,86,43,1,1,3,14,9,1
8406,50,1,13,0,16,1,1,78,34,50,2,5,8,76,10,0
8407,31,0,6,6,7,2,1,42,59,55,1,2,4,29,3,2
8408,44,1,12,4,23,0,1,39,46,90,1,0,1,37,7,2
8409,50,3,5,7,10,2,1,80,17,58,2,4,14,37,20,2
8410,29,0,8,5,13,1,1,54,49,78,1,2,5,28,1,2
8411,48,0,5,6,17,2,0,56,53,46,1,2,1,47,3,0
8412,60,1,7,3,3,0,0,30,76,70,2,5,8,22,8,2
8413,49,2,8,2,9,0,2,14,100,24,1,1,0,7,0,1
8414,52,2,13,6,17,0,0,87,10,85,0,8,22,68,47,0
8416,36,0,11,3,3,0,1,17,92,28,1,2,0,14,4,1
8417,31,2,4,7,10,1,1,89,0,25,2,5,8,71,12,0
8418,52,0,9,4,23,1,1,38,73,33,1,2,4,20,8,2
8419,39,0,5,7,12,1,1,84,30,60,2,4,5,49,15,0
8420,32,2,11,0,0,1,1,19,77,34,1,1,0,16,1,1
8421,23,0,2,2,9,2,0,71,33,31,2,3,14,45,24,0
8422,34,0,13,7,12,2,0,11,85,92,1,2,1,6,1,1
8423,57,2,3,0,16,0,0,70,19,38,1,0,2,34,8,2
8424,59,2,15,2,11,2,1,41,67,71,1,1,4,26,9,1
8425,21,0,0,2,9,1,0,69,46,52,2,5,6,58,26,0
8426,58,0,11,7,10,2,1,44,47,50,1,0,2,37,5,2
8427,43,0,8,4,23,1,0,76,31,75,2,4,7,54,8,0
8428,56,1,5,2,11,2,0,82,17,74,2,3,9,71,28,0
8429,41,1,8,2,11,2,2,28,62,88,1,1,0,16,6,1
8430,57,1,12,4,23,0,2,59,42,67,2,5,8,45,19,2
8431,43,1,2,6,7,1,0,66,40,86,2,3,14,64,9,0
8432,53,0,2,2,9,0,0,93,0,26,2,2,13,72,28,0
8433,41,1,9,3,18,2,0,77,18,93,2,2,12,35,23,0
8434,53,0,14,0,16,2,2,45,62,20,1,0,2,31,9,1
8435,40,0,5,0,16,0,0,66,39,92,1,1,3,64,2,2
8436,33,0,2,0,0,1,2,28,69,78,1,1,1,21,3,1
8437,55,0,7,3,18,1,1,72,4,49,2,4,7,33,24,2
8438,54,2,6,4,4,2,1,19,79,23,1,2,4,9,2,1
8439,28,2,7,6,19,0,1,66,36,75,2,3,13,58,8,0
8440,59,0,9,2,9,0,0,69,30,85,2,4,7,67,28,0
8441,42,0,12,5,13,1,1,47,70,70,1,1,4,28,4,2
8442,43,1,14,7,12,1,0,12,88,67,1,2,4,5,0,1
8443,30,0,9,6,17,1,0,80,23,41,2,2,13,37,5,0
8444,42,0,1,3,3,0,2,26,71,25,1,1,2,15,1,1
8445,45,2,11,5,13,2,1,20,74,46,1,1,3,9,9,1
8446,33,0,5,4,20,1,1,36,65,37,1,2,5,27,4,2
8447,21,0,0,5,15,1,0,33,56,57,1,1,1,28,6,0
8448,46,2,19,3,3,2,0,39,66,26,1,2,3,21,0,1
8449,54,2,3,1,5,1,1,40,53,30,2,2,8,37,13,2
8450,50,0,6,7,21,1,1,42,38,58,2,4,5,23,11,2
8451,42,1,5,6,17,0,1,45,53,21,1,1,1,44,3,0
8452,30,2,5,6,17,2,0,12,80,56,1,2,4,8,8,1
8454,52,0,13,3,18,0,0,71,31,88,2,5,6,35,11,2
8455,41,0,8,5,15,1,2,40,46,58,1,2,0,30,7,1
8456,45,2,16,5,14,1,2,45,76,24,1,2,5,39,7,1
8457,47,0,8,6,19,1,0,66,36,87,2,5,12,37,9,0
8458,49,2,14,6,17,0,2,56,44,23,2,3,13,49,19,2
8459,60,0,4,6,17,1,0,14,86,56,1,0,2,9,3,1
8460,59,0,8,3,3,2,1,14,69,48,1,1,4,13,4,1
8461,30,2,8,3,18,0,2,35,62,43,1,1,4,31,4,1
8462,30,3,9,5,13,1,0,66,34,68,1,1,2,56,8,0
8463,29,0,8,7,10,2,0,79,10,25,0,8,15,71,25,0
8464,23,2,2,5,13,2,0,17,71,85,1,0,4,9,5,1
8465,51,0,3,3,3,1,0,37,60,91,1,0,1,36,4,2
8466,43,0,6,6,7,1,0,22,83,82,1,1,1,17,1,1
8467,22,1,1,5,14,2,1,29,88,83,1,0,0,18,9,2
8468,47,2,1,6,17,1,0,49,41,27,1,2,2,24,4,0
8469,32,2,7,0,22,1,1,18,91,67,1,0,5,11,5,1
8470,43,2,4,6,19,0,0,21,90,84,1,0,4,18,4,1
8471,36,0,7,7,10,0,2,22,74,22,1,2,3,15,1,1
8473,48,0,8,6,17,1,0,32,76,62,1,1,5,16,6,2
8474,52,0,11,3,18,1,0,39,82,62,1,2,4,27,1,1
8475,52,2,15,2,6,2,0,27,65,27,1,1,3,24,6,1
8476,36,1,9,5,14,0,1,74,28,54,2,5,10,71,20,0
8477,22,3,0,5,13,0,2,43,78,66,1,1,1,23,6,1
8478,25,0,4,5,15,1,0,66,32,39,2,3,6,50,5,0
8479,38,0,4,2,9,0,0,52,56,87,1,1,0,27,7,2
8480,22,0,1,6,7,1,2,12,86,47,1,2,2,11,6,1
8482,27,2,3,1,5,0,1,16,98,44,1,0,2,12,1,1
8483,26,1,0,5,13,0,1,84,32,87,2,3,10,67,21,0
8484,22,0,1,1,1,0,0,20,84,85,1,0,4,12,0,1
8485,33,0,6,2,11,1,0,37,78,72,1,0,0,36,9,1
8487,46,2,1,1,5,2,1,35,52,45,1,1,3,27,8,2
8488,56,0,10,2,11,2,1,11,80,86,1,2,2,10,4,1
8489,23,1,2,4,23,1,1,40,47,61,1,0,0,21,3,2
8490,46,0,16,1,2,1,1,11,86,40,1,0,0,7,6,1
8491,43,0,8,4,4,1,0,20,82,91,1,0,1,10,9,1
8492,41,2,6,1,5,0,0,92,13,27,2,4,14,89,13,0
8493,22,0,1,5,14,1,1,67,39,91,2,2,11,30,7,0
8494,33,1,6,0,22,2,1,84,17,95,2,5,12,74,23,0
8495,26,2,0,0,22,0,1,19,96,98,1,2,0,8,2,1
8496,59,2,6,7,10,2,0,20,78,85,1,2,3,12,7,1
8497,41,0,6,5,13,2,1,56,37,57,1,0,3,54,5,0
8498,26,2,2,3,8,2,1,55,49,38,1,2,4,47,6,2
8499,54,2,5,1,1,0,2,56,38,34,2,4,9,43,26,1
8500,36,1,14,2,11,1,0,81,16,75,2,2,10,45,15,0
8501,22,2,1,0,22,1,2,87,24,93,2,5,6,67,24,2
8502,28,0,6,6,17,1,0,19,77,42,1,0,5,12,6,2
8503,55,1,7,0,22,1,1,35,60,72,1,2,3,34,9,1
8504,55,2,5,0,0,2,0,16,75,82,1,1,0,10,2,1
8505,58,2,7,7,10,2,2,89,8,51,2,4,6,80,29,0
8506,53,0,6,7,10,1,1,30,63,78,1,1,4,20,1,1
8507,50,3,6,2,11,1,1,10,86,76,1,0,3,7,9,1
8508,39,1,5,4,4,1,2,45,62,81,1,2,3,44,6,2
8509,54,0,5,1,2,1,1,46,52,70,1,2,3,27,3,2
8510,33,2,3,6,7,0,1,79,13,78,2,5,11,65,9,0
8511,59,0,13,4,4,0,1,42,55,68,1,0,4,33,0,2
8512,60,2,8,4,23,1,2,42,46,59,1,2,0,40,0,1
8513,23,0,2,0,16,0,1,63,46,21,2,5,6,43,24,2
8514,30,0,1,0,22,1,0,89,0,80,2,5,10,44,20,0
8516,43,0,12,4,20,2,1,11,100,84,1,0,1,8,3,1
8517,22,0,1,3,8,0,1,42,51,91,1,0,3,33,7,2
8518,43,0,2,0,22,0,1,43,49,81,1,2,4,33,2,2
8519,33,2,8,0,16,2,1,25,64,65,1,1,2,12,6,1
8520,60,2,5,0,0,1,0,81,8,85,2,3,10,38,17,2
8521,32,0,11,3,3,0,1,11,83,57,1,0,1,5,0,1
8522,28,0,6,4,20,0,0,28,58,48,1,1,4,20,0,2
8523,55,0,9,2,11,1,0,31,71,82,1,1,1,25,5,1
8524,56,3,6,1,2,1,0,35,68,78,1,0,0,30,1,1
8525,51,0,10,2,9,1,2,64,54,81,2,5,6,50,9,1
8526,53,2,4,4,4,1,1,69,34,31,2,4,7,38,7,2
8527,36,2,4,0,22,1,2,53,13,82,2,5,12,33,27,1
8528,23,0,2,3,8,1,0,70,23,78,2,4,12,58,20,0
8529,44,2,4,0,22,2,2,25,68,81,1,2,4,23,1,1
8530,58,3,9,5,13,1,1,35,60,23,1,1,3,26,3,2
8531,29,1,6,7,21,0,2,48,40,74,1,0,4,26,9,1
8532,52,0,1,3,18,1,1,23,76,48,1,1,0,17,3,1
8534,41,2,10,2,6,2,1,86,18,22,2,3,8,64,10,0
8535,39,1,10,5,15,2,0,60,38,92,2,5,6,55,25,0
8536,24,2,3,2,9,1,0,26,57,25,1,1,3,14,1,1
8537,25,0,4,0,0,1,0,43,49,90,1,1,4,31,7,1
8538,41,0,2,1,2,2,1,10,91,47,1,1,5,5,1,1
8539,22,0,1,0,22,1,1,13,96,66,1,0,4,9,7,1
8540,36,0,10,4,23,0,2,16,82,52,1,0,1,15,0,1
8541,57,1,7,5,15,2,0,67,39,30,2,3,6,48,21,0
8542,47,0,10,3,18,1,0,84,10,53,2,5,9,80,7,0
8543,57,0,10,5,15,1,0,57,46,70,2,2,5,46,17,0
8544,35,1,6,2,6,1,1,53,61,20,2,2,10,40,22,2
8545,31,2,9,1,1,0,1,71,16,35,2,3,8,53,19,0
8546,29,1,2,1,5,1,2,15,84,38,1,0,1,14,3,1
8547,41,0,7,1,1,2,1,82,10,53,0,8,22,54,41,0
8548,58,0,18,5,15,1,1,30,70,85,1,0,4,23,5,1
8549,46,2,6,0,22,1,0,94,12,72,2,3,14,55,19,0
8550,43,0,5,2,6,1,1,37,55,59,1,0,1,21,9,1
8551,29,2,8,6,7,2,0,17,81,46,1,2,4,10,4,1
8552,55,0,4,1,1,1,0,74,24,24,2,5,6,47,7,0
8553,49,2,11,3,3,1,0,38,55,62,1,0,0,23,1,1
8554,60,0,9,5,13,2,1,73,37,82,2,4,7,55,29,0
8555,35,2,9,1,2,1,0,41,50,62,1,2,0,26,9,2
8557,25,2,1,5,14,1,0,77,28,62,2,2,14,55,27,0
8558,30,1,9,7,10,0,1,33,65,64,1,0,4,19,4,2
8559,32,1,11,5,15,0,2,79,25,50,2,4,14,70,25,0
8560,30,2,5,1,2,0,0,52,58,42,2,2,14,33,21,2
8561,30,0,6,0,0,0,2,90,5,31,2,3,10,80,17,0
8562,60,2,16,3,18,1,0,56,44,26,2,2,10,36,29,2
8563,29,0,8,1,1,1,0,41,55,86,1,0,3,22,6,2
8564,23,2,2,3,18,2,1,62,32,47,2,4,12,34,20,2
8565,44,0,14,4,20,2,0,28,77,91,1,1,5,20,1,1
8566,35,0,10,4,23,1,0,30,92,84,1,2,5,20,9,1
8567,52,0,4,7,12,1,1,43,61,77,2,4,8,35,24,1
8568,37,2,13,1,5,0,0,69,24,54,2,2,8,56,29,0
8569,38,0,10,2,6,1,0,57,64,76,2,5,5,52,9,2
8570,26,0,5,6,19,0,0,60,39,90,1,2,2,30,3,0
8571,48,2,13,0,22,1,1,68,48,92,2,2,7,47,24,1
8572,25,0,4,2,6,1,1,51,68,71,1,1,0,43,9,1
8573,53,0,12,1,2,0,0,13,83,21,1,0,3,10,3,1
8575,53,0,6,6,7,2,1,43,53,81,1,2,0,42,4,2
8576,51,3,3,2,11,1,0,15,78,97,1,1,4,9,3,1
8577,43,1,15,6,17,2,0,39,53,36,1,1,5,20,0,0
8578,31,0,7,3,8,2,2,11,98,67,1,0,0,7,4,1
8579,46,1,11,5,13,0,1,83,18,88,2,2,9,45,24,0
8581,31,0,10,6,19,0,0,34,71,82,1,0,2,21,7,2
8582,51,2,6,7,10,0,2,55,41,75,2,3,13,27,17,1
8583,34,0,9,7,10,1,0,48,33,69,1,1,3,40,6,2
8584,48,1,0,5,15,1,1,32,80,61,1,2,2,23,9,2
8585,51,0,9,2,9,0,1,20,89,27,1,1,0,14,9,1
8586,44,0,0,7,12,2,0,66,30,70,2,3,12,32,20,0
8587,46,0,6,5,15,0,0,12,74,90,1,0,2,7,8,1
8588,56,3,14,6,7,1,0,30,69,34,1,0,3,21,7,2
8589,54,2,8,1,2,2,0,17,76,70,1,0,5,10,5,1
8590,58,1,9,7,21,0,1,87,4,71,2,2,12,54,17,0
8591,35,0,0,4,20,0,0,22,84,72,1,1,0,20,1,2
8592,58,2,10,1,5,1,0,37,56,75,2,4,14,30,19,2
8593,55,3,9,6,7,0,0,52,46,92,2,4,9,45,13,2
8594,45,0,3,5,13,1,1,21,77,27,1,0,4,14,9,1
8595,26,0,5,2,6,2,1,10,88,40,1,1,0,6,4,1
8597,54,3,9,1,2,1,0,45,51,64,1,1,1,25,7,2
8598,21,2,0,6,19,1,1,20,85,74,1,1,2,10,2,1
8599,28,1,5,3,18,1,0,12,84,66,1,1,2,6,6,1
8600,41,1,15,6,7,2,0,31,57,42,1,1,1,24,2,0
8601,48,0,11,3,8,0,0,90,12,73,2,5,11,70,19,0
8602,39,0,8,1,2,1,1,70,29,55,2,3,14,39,20,0
8603,35,2,6,7,10,0,0,45,53,29,1,1,2,23,1,2
8604,54,0,8,6,17,1,1,42,68,34,1,1,0,30,5,2
8605,47,0,15,1,2,1,2,47,49,33,1,2,3,40,4,2
8606,38,0,6,3,8,1,2,17,89,20,1,0,4,9,7,1
8608,37,3,1,1,2,2,0,14,98,89,1,0,1,10,7,1
8609,49,0,18,3,3,0,0,76,0,70,2,4,8,74,11,0
8611,33,0,0,6,17,1,2,41,47,57,1,0,5,39,4,2
8612,22,0,0,2,11,0,2,15,82,95,1,1,1,11,7,1
8613,45,2,6,1,5,1,1,65,43,43,1,2,2,55,1,2
8615,27,0,6,7,12,1,1,47,43,81,2,4,9,46,25,2
8616,56,0,10,5,15,1,1,19,72,65,1,1,1,8,1,1
8617,23,2,2,6,7,0,1,10,86,41,1,1,3,6,3,1
8618,36,1,9,2,11,2,0,49,54,78,1,1,2,27,3,2
8619,22,0,1,7,21,2,0,68,27,52,2,3,14,46,24,0
8620,58,0,9,6,7,1,1,73,32,26,2,3,7,37,13,0
8621,35,3,14,6,17,2,0,69,34,79,2,4,11,64,7,0
8622,25,0,4,4,23,1,1,15,84,65,1,1,0,10,5,1
8623,31,2,10,7,10,1,0,89,3,27,2,2,7,67,9,0
8624,56,2,11,5,14,0,1,33,59,56,1,1,5,16,2,1
8625,38,0,14,7,21,0,2,30,60,74,1,1,5,16,0,1
8626,32,0,4,2,11,2,1,24,89,94,1,0,4,15,9,1
8628,42,1,17,4,4,0,1,51,39,44,2,5,6,34,11,2
8629,55,0,15,5,14,2,0,35,73,87,1,1,2,25,2,2
8630,28,0,6,7,10,0,0,76,32,39,2,3,7,66,5,0
8632,57,1,18,5,15,2,1,11,68,71,1,2,5,9,0,1
8633,37,2,7,2,9,1,0,36,56,85,1,0,2,17,7,1
8634,36,2,9,3,3,1,2,55,52,72,2,2,13,48,29,1
8635,37,0,1,1,2,1,0,48,66,76,1,0,3,38,8,0
8636,44,2,8,4,23,1,0,66,20,24,2,4,14,48,10,0
8637,35,0,14,5,13,1,1,78,23,72,2,4,11,36,8,0
8638,44,0,11,6,17,2,1,94,7,39,2,3,5,48,26,0
8639,35,0,6,6,7,0,0,37,69,28,1,2,2,25,6,2
8640,22,1,1,5,15,1,1,69,10,75,1,2,2,58,4,0
8641,27,0,6,7,21,0,1,15,72,39,1,0,4,12,2,1
8642,25,2,4,2,9,0,1,89,22,46,2,5,12,84,16,0
8643,59,1,18,6,17,2,2,29,66,69,1,1,3,22,1,1
8644,32,2,11,2,11,1,1,89,21,90,2,3,6,44,7,2
8646,48,3,9,4,23,2,0,31,70,69,1,2,0,24,1,1
8647,42,2,4,6,7,1,1,78,35,93,2,4,5,51,15,2
8648,60,1,3,2,11,0,2,79,14,96,2,3,7,43,19,2
8649,21,0,0,5,13,2,1,57,48,74,1,2,5,51,1,0
8650,42,2,9,0,16,1,0,74,39,90,2,2,14,49,18,2
8651,22,0,1,5,13,2,2,37,43,43,1,2,4,34,2,2
8652,51,2,12,1,5,2,1,51,60,35,1,2,3,28,8,2
8653,50,0,5,5,13,0,0,27,91,80,1,2,0,18,8,1
8654,37,1,7,7,10,2,0,85,29,51,2,2,7,67,21,0
8655,52,0,16,1,2,1,1,71,36,76,2,2,9,54,11,2
8656,55,2,12,1,1,1,0,91,4,48,2,2,5,90,10,0
8658,21,2,0,6,7,2,0,21,73,93,1,1,4,17,9,1
8659,35,0,14,2,6,0,0,27,92,53,1,1,5,18,3,1
8660,24,0,3,4,4,1,0,54,69,53,1,2,2,49,6,0
8661,35,2,5,3,18,0,1,23,66,76,1,0,0,22,4,1
8662,29,0,8,3,3,0,0,38,62,73,1,2,1,26,0,2
8663,28,0,7,7,12,2,2,39,62,61,1,0,5,35,0,1
8664,45,0,10,0,22,1,1,44,60,92,1,1,5,30,2,1
8665,32,3,10,4,20,0,1,77,3,91,2,3,9,50,20,2
8666,32,2,3,2,11,1,0,50,52,92,2,3,6,37,25,1
8667,50,0,11,5,13,1,0,51,48,40,2,3,12,30,11,0
8668,38,0,10,7,21,0,1,44,63,79,2,3,12,36,19,1
8669,35,3,11,5,13,2,0,90,2,91,2,3,7,82,28,0
8670,24,0,3,6,7,1,2,23,95,41,1,0,1,19,8,1
8671,54,1,2,7,12,2,1,57,27,58,1,1,3,50,4,0
8673,52,2,10,7,21,0,1,46,37,75,1,2,5,27,6,1
8674,47,0,8,6,19,0,1,26,67,73,1,2,4,22,4,1
8675,53,0,0,0,22,2,2,40,48,73,2,2,11,35,9,1
8676,30,0,7,0,0,1,1,70,33,26,1,2,4,48,6,2
8677,22,2,1,4,20,1,0,23,75,73,1,1,1,20,5,2
8678,46,0,11,0,0,0,1,45,54,89,1,1,0,28,6,1
8679,38,0,0,6,17,1,0,31,54,48,1,1,5,20,1,0
8680,53,0,9,3,8,2,1,73,39,38,0,6,25,45,42,2
8683,24,0,3,7,10,1,1,63,24,76,2,2,10,38,29,2
8684,59,2,8,6,17,1,1,53,35,35,2,5,7,46,6,2
8685,39,0,8,7,12,1,0,10,92,32,1,0,2,8,0,1
8686,60,0,3,1,1,0,1,47,60,26,1,0,3,24,2,2
8687,60,0,9,4,4,1,0,51,48,55,1,0,0,44,9,0
8688,44,0,7,2,11,2,1,78,35,89,2,2,7,41,28,2
8689,48,2,9,6,19,2,0,92,6,74,2,4,5,76,5,0
8690,32,2,11,0,22,2,1,53,50,71,2,4,5,50,11,1
8691,29,0,4,3,3,1,0,17,84,26,1,0,1,15,7,1
8692,52,2,10,3,8,1,2,46,60,67,1,0,0,39,9,1
8693,30,0,9,7,10,0,1,67,32,42,2,3,12,30,27,2
8694,43,2,8,5,13,2,1,26,75,67,1,2,2,13,6,1
8696,52,3,7,1,5,2,0,54,51,76,1,0,4,34,7,2
8697,42,0,17,6,7,2,2,16,76,76,1,1,2,13,7,1
8698,42,1,7,1,1,1,2,81,13,85,2,5,13,71,13,0
8699,43,2,9,5,13,2,1,88,11,71,2,3,5,85,8,0
8700,54,0,6,6,19,0,1,28,67,84,1,1,0,20,8,1
8701,50,0,6,4,4,2,1,17,71,25,1,1,4,8,9,1
8702,27,0,6,5,13,1,0,27,78,39,1,0,3,12,7,2
8703,51,0,8,2,6,1,2,73,13,59,2,5,7,49,15,2
8704,32,3,11,3,3,1,0,58,20,50,1,1,5,34,9,2
8705,45,0,15,6,17,0,2,68,30,67,2,3,8,45,16,2
8706,52,1,12,0,22,1,0,55,47,88,1,1,1,43,3,2
8707,52,2,11,1,2,1,0,58,47,74,1,2,4,32,6,2
8708,57,2,13,6,7,2,0,40,42,26,1,1,4,34,8,2
8709,41,0,9,5,14,2,2,41,56,51,1,2,2,24,9,1
8710,57,0,7,7,12,1,2,25,82,62,1,1,4,11,0,1
8711,47,2,8,0,0,0,0,59,43,77,2,4,10,42,23,2
8712,54,0,14,4,4,0,0,63,38,68,2,3,14,36,6,0
8713,58,0,11,2,11,1,1,12,72,78,1,1,0,7,5,1
8714,60,0,9,1,2,0,2,70,28,41,2,4,10,42,14,2
8715,37,0,13,3,8,1,1,89,17,41,2,4,9,63,21,0
8716,50,0,7,5,14,1,0,74,18,73,2,2,10,52,15,0
8717,33,0,8,2,11,2,1,66,13,71,2,2,7,54,21,2
8718,42,0,7,6,7,2,2,72,36,77,2,4,9,66,9,2
8719,31,0,10,3,8,1,0,56,32,74,2,4,7,34,15,2
8720,22,0,1,2,11,1,2,25,70,65,1,2,2,19,9,1
8721,23,3,2,6,19,1,2,81,21,68,2,3,12,52,17,2
8722,51,2,11,2,9,1,1,14,89,87,1,0,4,9,8,1
8723,22,2,1,4,20,2,1,58,50,32,1,1,4,39,7,0
8724,39,0,3,4,20,1,1,60,34,35,2,5,5,54,24,0
8725,44,2,5,2,11,2,1,31,61,87,1,0,1,20,2,1
8726,37,0,0,1,2,1,0,86,17,58,2,3,6,39,6,0
8727,53,3,7,6,17,1,1,30,73,46,1,2,5,13,0,1
8728,57,2,8,5,13,1,1,35,68,62,1,1,5,27,3,1
8729,21,2,0,7,10,1,1,20,91,44,1,2,3,15,3,1
8730,29,2,8,1,1,1,2,56,52,61,1,2,4,35,5,1
8731,25,3,2,4,23,1,0,49,52,21,1,0,5,44,4,0
8733,54,3,0,0,22,1,0,92,12,83,2,5,8,88,29,0
8735,43,0,10,7,10,1,0,58,43,36,1,1,2,30,3,0
8736,23,0,2,1,1,1,1,29,72,24,1,1,1,13,9,2
8737,56,0,0,6,19,1,1,62,36,74,2,3,10,58,18,0
8738,41,0,15,2,9,2,2,26,69,25,1,0,1,12,5,1
8739,22,0,1,1,5,0,0,90,12,21,0,8,16,56,37,0
8740,25,0,4,6,7,2,1,27,76,61,1,1,0,20,4,1
8742,43,0,7,0,0,1,1,31,71,41,1,1,0,23,1,1
8743,46,2,6,2,6,1,1,41,67,44,1,2,5,23,6,1
8744,32,0,4,6,17,0,1,87,0,62,2,4,12,54,15,0
8745,45,0,6,7,10,0,0,24,79,25,1,2,2,20,7,2
8746,43,2,12,4,23,1,1,36,67,82,1,1,4,31,3,1
8747,36,0,9,0,0,1,0,17,81,87,1,1,2,8,2,1
8748,31,2,7,6,7,0,0,28,69,50,1,1,3,14,2,2
8749,50,3,7,3,18,1,0,68,31,69,2,4,5,39,25,2
8750,49,0,7,7,21,2,0,39,82,37,1,0,2,26,3,2
8751,56,1,14,7,12,1,1,37,71,25,1,2,1,25,7,2
8752,60,0,10,4,20,1,0,54,45,64,1,2,3,25,3,2
8754,29,1,8,2,11,1,1,66,32,68,1,0,0,63,2,0
8755,54,1,3,6,7,1,0,28,72,47,1,1,2,13,4,2
8757,36,2,6,4,23,1,1,80,10,71,2,5,5,54,7,0
8758,54,0,3,2,11,1,0,65,41,86,1,0,0,35,5,2
8759,46,0,7,2,6,0,0,61,36,70,2,5,11,54,26,2
8760,33,2,12,6,19,2,0,22,74,96,1,1,5,21,1,1
8761,35,0,14,6,19,2,1,68,38,71,1,1,3,57,1,0
8762,32,0,6,1,1,2,0,29,71,88,1,2,3,13,0,1
8763,34,1,0,1,5,2,0,83,14,68,2,4,8,61,6,0
8764,51,0,9,1,5,1,1,44,64,44,1,0,4,35,4,2
8765,41,0,2,5,15,1,1,21,71,89,1,1,5,17,5,2
8766,51,2,7,2,11,0,1,90,24,78,2,3,11,78,8,0
8767,24,0,2,3,3,1,1,64,42,21,2,3,6,35,8,0
8768,33,0,12,4,20,1,2,31,80,31,1,2,1,21,6,1
8769,37,1,10,2,11,0,0,35,49,85,1,1,0,30,7,2
8770,54,1,9,1,2,0,1,85,9,31,0,7,20,66,43,0
8771,37,0,14,2,6,1,1,57,47,37,2,5,8,49,14,2
8772,60,1,2,4,20,2,2,33,69,79,2,2,10,30,21,1
8773,56,1,3,7,12,1,0,73,21,89,2,5,6,46,15,0
8774,36,0,12,1,2,1,1,50,33,41,1,0,2,47,3,0
8775,22,1,1,0,0,2,1,81,21,27,2,2,9,49,22,0
8776,46,0,6,2,6,1,1,38,56,27,1,0,5,25,7,1
8778,27,0,1,3,18,2,1,36,48,63,1,0,5,35,3,2
8779,53,1,5,3,18,0,0,90,22,81,2,3,9,76,13,0
8780,52,0,10,3,8,2,0,63,34,75,1,2,1,39,8,2
8781,31,0,10,3,18,2,1,77,41,45,2,3,8,65,13,0
8782,24,0,3,0,22,0,1,18,81,66,1,1,5,10,7,1
8783,47,0,10,1,1,2,1,64,34,30,1,1,0,60,1,0
8784,37,0,13,6,17,1,0,34,77,75,1,0,0,27,5,2
8785,50,1,11,1,5,2,0,22,84,40,1,1,0,13,5,2
8786,32,2,11,0,22,1,1,25,75,97,1,2,1,24,6,1
8787,26,1,5,3,8,2,1,39,43,76,2,2,14,17,25,1
8788,44,0,0,2,9,1,0,81,30,58,2,2,6,71,20,0
8789,29,0,8,0,0,2,1,17,79,44,1,0,2,15,8,1
8790,52,0,7,1,2,2,0,32,72,60,1,0,0,23,1,2
8791,55,0,12,5,15,1,1,67,27,72,2,2,13,49,19,0
8792,39,3,5,5,14,0,1,32,62,40,1,0,1,28,1,1
8793,58,2,9,1,2,1,1,32,78,88,1,2,0,18,6,1
8794,41,1,0,2,6,1,1,82,27,80,0,6,15,38,28,0
8795,58,3,0,4,23,0,0,87,19,22,2,4,5,49,19,0
8796,21,0,0,4,4,0,1,38,61,24,1,2,2,27,5,2
8797,37,0,7,1,1,2,1,89,12,46,2,2,9,64,5,0
8798,33,0,8,2,9,1,0,88,0,43,0,8,16,56,20,0
8800,24,2,3,7,21,1,0,84,12,69,2,5,12,58,5,0
8801,41,0,8,3,8,1,0,25,75,75,1,2,4,18,5,1
8802,44,0,2,7,21,1,0,68,46,93,2,5,13,48,12,0
8803,58,2,12,3,18,1,0,11,85,64,1,0,4,9,3,1
8804,33,1,8,3,18,2,1,25,74,68,1,2,1,14,0,1
8805,49,3,0,5,14,0,2,27,81,82,1,2,4,14,7,1
8806,39,1,9,7,21,2,1,32,57,39,1,2,2,21,7,2
8807,27,0,6,0,22,1,0,83,12,76,2,5,10,82,27,0
8809,28,0,2,5,13,0,0,30,73,36,1,1,1,23,1,0
8810,52,0,13,2,9,1,0,34,67,66,1,0,3,17,0,1
8811,30,2,2,7,12,0,0,45,39,31,1,2,0,30,9,0
8812,58,2,20,1,1,2,1,49,43,53,2,4,6,22,17,1
8813,46,0,3,7,10,0,0,19,82,21,1,1,2,13,1,1
8814,31,0,7,5,13,1,0,39,60,22,1,1,5,24,8,0
8815,60,2,10,6,17,0,1,37,70,21,1,0,3,28,2,2
8816,51,0,13,0,16,1,1,22,71,87,1,2,4,16,8,1
8817,44,3,14,3,3,2,1,12,89,21,1,0,5,8,7,1
8818,42,0,18,5,14,0,1,54,42,23,2,3,5,30,5,2
8819,50,3,8,7,12,1,2,45,55,41,2,5,8,41,18,1
8820,21,0,0,3,8,1,0,90,1,84,2,5,9,87,17,0
8821,47,2,12,3,8,1,0,46,60,24,1,1,0,36,7,2
8822,36,1,5,4,20,1,1,34,55,39,1,1,1,29,0,2
8823,49,0,5,7,10,0,1,54,55,31,2,5,7,29,5,2
8824,32,2,11,6,17,1,1,20,89,56,1,0,3,14,0,1
8825,59,0,12,4,4,0,1,25,81,68,1,1,2,18,2,1
8826,42,2,6,0,22,1,0,71,26,81,2,2,13,34,27,2
8827,58,1,10,2,11,1,0,50,45,74,2,5,5,39,11,2
8828,35,0,1,1,1,2,1,68,32,36,2,5,5,32,7,0
8829,21,1,0,5,14,0,1,74,33,67,2,5,7,38,17,0
8830,59,3,5,1,5,0,1,91,17,42,2,4,12,86,22,0
8831,24,2,3,5,13,0,1,28,57,56,1,1,0,27,6,2
8832,26,1,5,1,2,0,1,14,100,68,1,0,0,8,0,1
8833,50,0,12,3,3,2,1,21,77,90,1,2,2,13,8,1
8834,42,3,18,5,13,1,0,84,6,42,2,3,12,64,25,0
8835,39,0,5,2,6,0,0,36,61,67,1,1,3,28,3,1
8836,34,2,8,4,23,2,1,79,27,65,2,5,6,52,26,0
8837,47,2,8,6,7,1,0,47,59,34,1,0,4,21,8,2
8838,25,2,4,6,17,2,0,28,72,49,1,0,3,18,9,2
8839,21,2,0,6,7,1,1,86,23,28,2,4,7,64,13,0
8840,49,0,10,1,5,1,1,42,57,91,1,0,0,32,3,2
8841,44,2,7,5,14,2,1,24,60,36,1,1,4,19,4,1
8842,37,0,10,2,6,2,0,18,93,24,1,1,4,17,8,1
8843,36,1,7,1,1,0,0,84,38,77,2,2,10,65,17,0
8844,55,0,6,7,12,0,1,68,21,89,2,4,7,52,24,2
8845,45,1,8,5,13,0,1,88,22,20,2,4,9,49,17,0
8846,37,0,5,2,6,0,1,34,71,60,1,0,2,25,7,1
8847,44,0,8,5,15,0,2,22,92,73,1,2,3,17,5,1
8848,56,0,7,5,14,1,1,12,82,26,1,0,1,6,5,1
8849,36,0,4,3,18,0,0,92,5,38,0,5,15,46,46,0
8850,43,0,3,7,12,1,1,78,6,44,0,6,25,77,28,0
8851,55,2,5,2,9,2,0,78,8,86,2,3,14,64,5,0
8852,58,0,9,7,10,1,1,39,89,63,1,1,4,35,4,1
8853,37,0,10,1,5,1,1,51,39,50,2,4,13,44,8,2
8854,54,0,6,5,14,1,0,17,83,84,1,0,5,11,0,1
8855,23,0,2,4,20,1,0,41,44,76,1,1,2,22,8,2
8856,57,0,12,7,21,1,2,24,79,83,1,0,4,20,9,1
8857,35,0,9,7,10,2,0,83,27,47,2,3,14,50,18,0
8858,50,0,6,0,0,1,1,52,28,88,1,2,1,29,7,1
8859,26,2,5,5,14,1,1,11,100,37,1,0,5,8,0,1
8860,37,0,9,2,9,0,0,70,26,30,2,3,10,52,13,0
8861,38,0,7,6,7,2,1,78,26,24,2,5,6,43,22,0
8863,40,0,8,2,9,0,0,21,100,77,1,1,3,11,1,1
8864,54,1,18,6,7,2,0,78,18,36,2,3,10,47,10,0
8865,31,0,7,3,8,1,0,44,69,58,1,1,0,39,4,2
8866,31,2,4,1,5,1,1,71,18,84,2,2,5,34,15,2
8867,34,0,6,7,21,2,1,37,56,33,1,1,2,35,0,2
8868,28,0,7,7,21,1,0,68,5,47,2,3,5,40,25,0
8869,25,0,4,5,13,2,2,57,31,77,1,0,1,56,1,2
8870,25,0,0,3,18,1,1,83,21,41,1,2,1,59,0,0
8871,50,1,5,1,5,1,1,44,37,52,1,1,2,25,7,2
8872,50,2,7,6,7,0,1,79,23,91,2,3,9,46,12,0
8873,38,1,3,2,9,1,0,51,51,51,1,1,4,30,4,2
8875,52,0,7,2,9,1,0,19,76,90,1,1,0,9,4,1
8876,54,1,15,3,8,1,0,59,32,57,1,2,0,58,4,0
8877,39,0,8,0,22,2,1,16,87,85,1,0,0,8,2,1
8878,31,2,7,5,13,1,1,92,0,22,2,5,11,79,18,0
8879,23,2,2,3,3,2,0,58,42,34,1,1,0,35,8,0
8880,26,0,5,6,19,1,0,43,71,81,1,2,3,34,3,2
8881,40,0,0,6,19,2,2,73,32,90,2,3,12,38,22,2
8882,29,1,2,0,22,1,1,43,46,68,2,5,13,21,9,2
8883,43,2,3,5,13,0,1,31,63,24,1,0,0,16,3,2
8884,32,0,10,0,16,2,0,47,55,81,2,5,7,23,9,1
8885,24,0,3,1,5,2,1,59,33,55,2,2,9,37,28,2
8886,37,2,0,6,19,1,0,56,47,75,2,4,14,26,16,2
8887,52,0,1,1,1,0,1,40,62,75,1,1,4,30,5,2
8888,37,2,16,1,2,0,0,88,13,42,2,3,11,60,10,0
8889,25,0,4,4,4,1,0,13,96,75,1,0,0,11,0,1
8890,32,2,4,4,4,0,2,14,80,59,1,0,0,12,2,1
8891,48,2,7,1,2,1,1,40,52,37,1,1,0,27,3,2
8892,30,0,6,3,8,1,0,37,62,55,1,1,4,16,6,1
8893,25,0,4,6,19,0,2,27,74,78,1,0,4,17,3,1
8894,29,0,2,1,2,2,0,75,13,40,2,2,5,59,11,0
8895,51,2,7,6,17,2,2,68,29,69,2,3,5,33,28,1
8896,39,2,5,6,19,1,1,55,44,80,1,0,1,50,0,2
8897,33,2,10,7,12,2,0,15,70,41,1,0,0,14,6,1
8898,56,0,8,0,22,1,0,53,26,79,1,2,3,34,4,2
8899,22,1,1,3,3,1,1,17,74,61,1,1,1,8,9,1
8900,31,0,10,3,8,1,1,25,69,62,1,0,5,23,1,1
8901,45,2,11,1,1,2,0,27,76,74,1,0,1,26,5,1
8902,25,0,4,4,23,0,1,51,56,50,1,2,3,48,6,2
8903,52,0,8,7,10,0,0,45,60,91,2,3,6,27,25,2
8904,45,0,3,4,4,2,0,67,23,49,2,4,14,49,26,0
8905,56,2,11,7,12,2,2,72,18,43,2,2,13,32,16,2
8906,23,2,2,3,18,2,2,87,23,27,2,2,7,75,5,0
8907,52,2,11,2,11,2,2,50,55,73,1,0,3,45,7,1
8908,45,0,7,3,18,0,2,13,76,32,1,2,1,8,7,1
8909,26,0,3,1,5,0,0,59,31,71,2,5,7,48,9,0
8910,41,1,7,7,10,0,0,87,16,24,2,2,8,78,17,0
8911,54,2,0,2,6,1,2,71,34,63,2,3,13,51,27,2
8912,49,2,13,3,18,1,1,64,24,63,2,2,9,31,10,2
8913,47,0,11,7,21,2,1,56,27,86,2,2,8,49,12,2
8914,32,0,11,4,4,1,1,40,75,64,2,2,13,19,21,1
8915,57,0,2,4,23,1,1,62,41,59,1,1,1,43,3,0
8916,47,0,0,5,13,1,1,58,56,28,1,0,4,32,2,0
8917,42,0,6,1,2,1,1,55,48,32,1,2,3,41,7,2
8918,48,2,7,7,10,1,1,47,59,81,1,0,2,26,3,1
8919,57,2,9,6,17,1,0,75,25,74,2,3,9,62,9,0
8920,42,0,8,0,16,1,0,49,48,80,1,1,3,42,7,2
8921,52,1,2,0,22,1,0,80,21,70,2,3,5,63,5,0
8922,21,1,0,3,18,2,1,42,53,60,2,3,10,37,26,2
8923,23,0,2,5,13,1,1,79,25,53,2,2,12,37,11,0
8924,45,2,5,1,1,2,2,63,32,45,2,2,10,51,20,2
8925,48,0,2,5,14,2,1,34,76,85,1,0,2,19,9,2
8926,57,1,5,5,14,0,1,73,35,35,2,3,10,55,8,0
8927,47,2,16,6,17,0,0,78,8,46,2,5,5,42,6,0
8928,32,2,1,4,23,1,0,71,26,21,1,1,2,40,0,0
8929,39,0,9,3,8,1,1,40,58,71,1,1,1,35,9,1
8930,31,2,8,2,9,0,0,73,37,94,2,4,10,63,17,2
8931,43,2,9,6,19,0,0,84,7,84,2,3,8,67,22,0
8932,32,0,0,2,11,0,1,28,55,81,1,2,4,19,2,1
8933,38,1,8,2,11,1,0,12,100,93,1,1,4,10,9,1
8934,31,0,10,6,17,2,0,24,82,66,1,2,3,22,5,2
8935,28,0,2,5,15,0,1,33,72,52,1,0,5,16,9,2
8936,57,0,11,0,0,1,0,30,61,69,1,1,5,14,8,1
8937,26,2,5,1,1,1,0,22,70,43,1,0,3,21,9,1
8938,23,0,2,5,14,2,2,66,31,50,2,3,12,60,22,0
8939,58,2,8,5,14,0,0,86,15,25,2,3,9,85,19,0
8940,27,0,6,7,12,0,1,92,3,80,2,2,10,55,23,0
8943,34,0,0,6,17,0,1,78,10,21,1,1,5,75,2,0
8945,41,0,15,7,12,0,0,46,68,27,1,2,3,33,4,2
8946,22,0,1,3,8,2,1,31,60,89,1,1,0,27,1,1
8947,31,2,1,1,1,2,2,71,27,48,2,5,8,47,9,2
8948,28,1,7,2,9,0,0,70,23,37,2,2,6,46,26,0
8949,45,2,5,3,18,1,1,53,44,83,1,0,4,48,5,2
8950,37,2,6,6,19,2,0,64,28,99,1,2,2,52,7,0
8951,35,0,5,6,17,0,0,51,63,94,2,2,12,23,15,2
8952,33,0,5,7,21,2,2,64,23,78,2,5,14,44,18,2
8953,41,0,10,1,1,2,1,45,64,60,1,1,1,34,0,2
8954,22,1,1,7,10,1,0,52,47,74,2,3,14,28,22,0
8955,21,0,0,4,20,2,1,46,63,91,1,2,0,35,1,2
8957,48,0,5,6,19,2,0,75,31,89,2,3,11,70,15,0
8958,23,0,2,2,11,1,0,57,42,69,2,5,11,27,14,2
8959,42,0,16,5,15,2,0,19,73,55,1,0,1,9,2,1
8961,45,0,9,7,12,1,2,44,62,92,1,1,3,35,8,1
8962,58,0,15,2,9,2,2,39,77,58,1,1,2,37,3,1
8963,46,3,14,1,5,2,2,70,29,74,2,2,11,35,28,1
8964,33,2,7,4,23,1,1,57,44,68,2,5,11,39,6,2
8965,25,2,4,2,6,2,1,54,56,28,1,2,2,25,3,1
8966,42,0,5,6,7,2,0,17,67,26,1,0,1,16,1,2
8967,59,1,11,5,15,0,0,93,21,45,2,2,11,45,29,0
8968,43,0,15,3,18,1,0,67,38,67,2,4,8,66,20,0
8969,22,1,1,6,17,2,1,72,11,41,2,2,10,63,18,0
8970,40,0,15,3,8,2,2,78,21,77,2,4,11,51,10,2
8971,60,0,5,4,20,0,0,73,25,94,2,5,7,66,14,0
8972,27,0,6,0,0,1,2,23,78,32,1,2,2,10,6,1
8973,38,0,9,6,17,2,0,12,79,90,1,1,5,6,1,1
8974,59,1,14,2,9,0,1,69,42,78,2,3,12,42,27,2
8975,46,0,3,3,18,0,0,65,31,38,1,1,0,41,1,0
8976,30,0,9,6,7,0,1,84,9,49,2,4,14,69,10,0
8977,37,3,13,0,16,1,0,83,17,68,0,5,15,81,51,0
8978,52,2,14,1,1,1,1,53,52,57,2,3,9,43,7,2
8979,30,2,9,1,2,2,0,84,27,52,2,3,6,51,7,0
8980,38,2,7,0,0,0,1,86,36,39,0,8,21,78,34,0
8981,56,0,8,3,8,1,0,69,33,68,2,3,12,55,20,0
8983,47,1,17,0,16,1,0,89,2,85,2,4,6,68,11,0
8984,48,2,7,1,5,0,2,48,44,25,2,3,13,29,14,1
8985,23,0,2,5,13,2,0,76,20,52,2,5,9,69,13,0
8986,29,0,8,2,11,1,0,28,70,69,1,2,5,26,8,1
8987,36,2,2,4,23,0,0,52,62,27,2,2,12,51,11,0
8988,43,0,13,2,9,2,0,10,100,33,1,1,3,4,7,1
8989,60,0,11,7,12,1,1,25,77,77,1,2,1,12,8,1
8990,60,1,15,7,12,0,0,17,48,93,1,0,3,11,6,1
8991,44,0,1,5,13,1,1,74,38,32,2,2,13,56,20,0
8992,44,0,5,4,20,0,0,85,28,92,0,6,15,58,34,0
8993,45,0,5,5,14,2,1,65,27,43,2,5,13,43,13,0
8994,31,1,10,0,16,0,1,65,27,67,2,4,14,44,10,2
8995,53,3,14,7,12,0,1,59,39,27,1,0,5,40,5,2
8996,52,0,1,6,19,2,1,81,16,90,2,5,11,67,19,0
8997,45,1,7,0,16,1,0,44,48,46,2,4,5,26,27,2
8998,58,0,1,1,5,0,1,72,22,80,2,2,7,42,29,0
8999,58,0,11,3,8,1,0,53,50,44,1,2,3,35,0,2
9000,40,1,9,5,13,1,1,38,56,37,1,0,2,31,5,2
9001,31,0,6,6,19,1,1,38,57,77,1,1,1,28,4,2
9002,28,2,6,6,19,2,1,69,35,66,2,4,14,34,16,2
9003,60,0,15,2,11,2,1,79,23,74,2,2,12,78,29,0
9004,43,0,3,5,14,1,0,25,76,62,1,1,0,17,3,2
9005,24,3,3,7,21,1,2,28,61,25,1,1,3,27,3,1
9006,31,0,10,3,3,0,2,57,59,30,2,2,11,35,7,1
9007,26,2,5,3,8,2,0,15,77,77,1,0,3,14,9,1
9008,35,0,7,4,20,2,0,16,73,66,1,2,4,7,1,1
9009,25,1,4,7,12,1,0,86,38,62,2,2,14,65,23,0
9010,36,0,3,1,5,1,0,50,47,72,2,2,13,33,22,2
9011,51,1,3,7,10,1,2,66,39,86,1,2,4,43,6,2
9012,21,0,0,4,20,1,0,66,29,47,2,2,5,41,23,0
9013,36,0,12,6,17,2,1,91,13,78,2,5,5,70,8,0
9014,43,1,10,6,7,2,0,30,74,32,1,0,3,27,8,2
9015,35,1,12,6,17,0,1,56,35,68,1,2,5,37,0,0
9016,26,3,5,0,16,1,0,13,97,24,1,0,3,6,1,1
9017,35,1,8,6,7,2,2,22,82,90,1,2,2,16,2,1
9018,58,0,6,2,6,0,1,48,52,79,1,2,0,41,5,1
9019,56,0,11,3,3,2,1,61,43,92,2,2,12,47,23,2
9020,29,0,4,3,3,0,1,53,58,34,2,2,8,36,13,2
9021,27,0,0,7,12,0,1,83,26,70,2,2,7,81,28,0
9022,27,0,6,1,1,2,0,10,92,79,1,0,2,5,6,1
9023,42,1,11,7,21,2,0,15,68,21,1,2,2,9,5,2
9024,38,0,11,3,8,2,0,90,15,31,2,3,10,82,22,0
9025,35,2,7,2,9,0,2,84,9,94,2,2,8,53,6,1
9026,26,0,5,0,16,1,2,32,75,61,1,2,4,14,9,1
9027,25,0,4,2,9,1,1,76,18,58,2,4,13,35,18,2
9028,51,0,4,5,14,0,0,85,20,27,2,3,5,51,5,0
9029,26,0,5,7,12,1,1,61,49,89,2,2,14,46,27,2
9030,29,2,5,7,21,1,1,91,0,61,2,2,12,52,11,0
9031,33,2,9,7,12,1,2,54,37,55,2,5,13,40,15,1
9032,45,0,1,1,1,1,1,62,38,62,2,3,9,28,25,2
9033,35,1,14,3,8,1,2,85,21,23,2,3,11,71,13,0
9034,54,0,0,4,23,1,1,61,38,72,2,3,9,58,19,0
9035,48,0,7,1,2,2,0,42,49,65,1,2,2,27,5,2
9036,60,1,11,2,11,1,2,49,58,82,1,2,5,26,7,1
9037,25,0,4,0,16,1,2,22,90,48,1,0,3,18,4,1
9038,53,1,8,0,22,2,0,66,39,65,2,3,14,39,10,2
9039,59,0,1,5,14,2,0,59,30,72,1,0,0,50,5,0
9040,23,2,2,5,15,1,1,80,21,32,2,2,11,64,27,0
9041,60,1,4,2,11,0,0,36,50,86,1,2,4,21,2,2
9042,40,0,0,5,13,2,0,16,77,20,1,2,0,9,6,2
9043,51,0,12,5,13,2,1,88,13,43,0,6,21,62,47,0
9044,52,0,17,3,18,1,0,83,20,72,2,3,7,47,7,0
9045,51,2,5,2,9,0,2,30,70,94,1,1,4,13,0,1
9046,30,2,3,6,19,1,1,55,42,96,1,0,3,51,1,2
9047,33,2,1,3,8,0,0,29,73,73,1,0,4,14,8,1
9048,48,0,9,7,12,0,0,15,89,27,1,1,5,8,7,1
9049,60,0,8,7,21,2,1,68,44,40,2,3,9,32,27,2
9050,37,0,16,1,1,2,0,18,78,66,1,0,3,16,3,1
9052,56,1,13,6,19,0,0,61,35,77,1,0,3,38,6,0
9053,48,0,8,1,2,1,2,77,37,93,2,3,13,55,12,2
9055,43,2,5,0,22,2,1,80,27,92,2,3,7,42,5,2
9056,52,1,8,3,18,2,1,18,63,45,1,2,2,9,5,1
9057,49,0,4,7,12,0,0,18,90,52,1,0,2,11,4,1
9058,25,3,4,3,8,1,2,56,49,69,2,3,8,48,17,1
9059,31,0,10,5,14,0,0,51,58,34,2,4,7,35,26,0
9061,30,1,9,1,2,2,1,75,32,51,2,4,8,45,20,0
9062,58,0,1,0,22,0,2,42,58,84,2,4,9,34,24,1
9063,52,0,13,4,23,1,0,45,43,63,1,1,3,31,8,2
9064,28,0,7,2,6,1,1,25,66,45,1,0,5,21,3,1
9065,56,2,0,6,7,1,0,37,62,68,1,1,3,36,5,2
9066,40,0,11,4,4,1,1,58,52,78,1,0,0,54,0,2
9067,29,2,8,7,12,2,0,28,72,63,1,2,4,13,2,1
9068,47,0,6,2,11,0,2,59,31,82,1,2,2,30,7,1
9069,33,0,10,0,22,1,0,26,76,91,1,0,1,14,2,1
9070,27,2,5,5,15,2,1,43,67,59,1,1,5,27,8,2
9071,44,1,7,3,3,0,0,90,4,83,2,4,12,56,18,0
9073,37,1,16,5,15,2,1,52,52,72,1,0,4,50,8,2
9074,31,0,3,2,11,1,0,20,64,66,1,0,2,14,3,1
9075,28,1,3,4,20,1,0,72,29,93,2,3,9,58,5,0
9076,37,0,7,7,21,2,0,60,38,84,2,3,5,53,26,0
9077,27,1,6,2,6,0,1,90,19,39,2,5,5,83,8,0
9078,35,0,11,2,9,1,1,22,60,52,1,2,3,16,1,1
9079,45,2,8,3,8,2,2,89,19,88,2,2,14,70,24,2
9080,37,2,7,1,2,1,0,35,71,94,1,2,2,19,6,1
9081,26,0,2,4,4,0,2,54,55,93,2,3,14,27,24,1
9082,38,2,13,4,23,1,2,83,20,46,2,5,7,55,19,2
9083,37,2,5,3,18,2,1,37,72,37,1,0,1,35,1,1
9084,44,2,12,1,5,1,0,54,30,23,2,3,6,34,5,0
9085,42,2,6,3,3,1,0,41,44,58,1,1,2,31,6,2
9086,57,0,7,5,14,2,2,26,63,79,1,1,0,20,3,1
9087,59,0,8,6,19,2,1,46,58,88,1,1,1,34,7,2
9088,21,0,0,6,17,2,1,23,89,42,1,1,1,21,3,2
9089,27,1,6,6,19,1,1,34,73,68,1,0,2,24,8,2
9090,34,2,8,2,9,1,1,73,14,43,2,2,14,52,9,2
9091,24,0,3,0,16,1,2,66,35,64,2,3,5,58,12,1
9092,21,2,0,2,11,2,1,11,89,92,1,2,5,10,6,1
9093,26,3,5,0,0,2,0,16,77,51,1,2,4,12,7,1
9094,59,1,15,1,5,0,1,17,68,89,1,2,3,16,6,1
9095,22,0,1,1,5,1,1,17,70,81,1,2,0,13,6,1
9096,28,0,7,3,18,1,1,67,44,70,2,3,11,61,11,2
9097,24,2,3,2,6,1,1,20,94,54,1,2,1,15,6,1
9098,28,2,7,1,1,1,0,83,28,69,2,5,14,65,5,0
9099,47,1,9,2,11,1,0,59,36,93,1,0,0,50,2,0
9100,29,3,8,7,10,2,0,49,60,42,2,3,13,44,13,2
9101,25,3,4,6,17,2,1,41,65,39,1,2,2,18,8,1
9102,38,0,5,6,7,1,0,73,36,26,2,2,14,62,24,0
9103,47,2,8,0,22,1,1,46,60,69,2,3,6,31,14,1
9104,22,2,1,4,23,0,1,93,9,20,2,5,12,88,21,0
9105,52,2,9,0,0,2,0,79,29,50,2,2,8,52,19,2
9106,42,0,17,1,1,1,0,17,88,21,1,1,4,14,4,1
9107,28,0,7,6,17,1,0,93,10,59,2,5,9,58,18,0
9108,24,0,3,1,2,1,1,63,22,60,2,3,8,53,16,0
9109,45,0,0,5,15,0,0,74,13,21,2,3,11,52,18,0
9110,43,1,9,5,13,0,0,76,31,59,2,3,14,40,19,0
9111,21,2,0,3,8,2,2,33,48,88,1,2,5,25,4,1
9112,22,2,1,2,6,1,2,63,48,58,2,3,7,52,14,1
9113,57,2,12,0,22,1,2,43,59,78,1,0,0,40,7,1
9114,53,1,0,2,9,2,0,40,44,91,1,2,0,36,0,2
9115,48,0,0,5,13,1,2,26,87,24,1,2,2,16,1,1
9116,23,0,2,3,18,0,0,38,73,45,1,2,0,35,6,2
9117,39,1,3,7,21,1,0,20,63,45,1,2,5,11,6,2
9118,24,0,3,5,14,0,1,68,25,56,2,2,11,46,16,0
9119,40,2,2,6,17,2,0,12,83,27,1,0,0,8,9,2
9120,21,2,0,6,7,0,1,58,30,27,1,0,1,50,1,0
9121,22,2,1,5,14,2,1,56,34,43,2,3,11,55,25,0
9122,24,2,3,7,21,1,0,23,78,23,1,2,2,20,0,1
9123,51,0,9,1,1,1,2,56,30,38,1,1,5,47,2,2
9124,50,0,2,4,4,1,0,50,33,61,2,4,5,37,10,0
9125,37,0,8,4,4,2,2,50,57,68,1,1,2,40,3,1
9127,45,0,0,1,1,0,0,40,41,70,2,5,12,18,29,2
9128,56,0,17,2,6,1,0,55,39,64,2,5,12,29,9,2
9129,21,0,0,1,5,2,0,55,54,94,2,2,7,34,24,2
9130,40,2,18,2,11,1,2,79,17,66,2,4,12,64,7,1
9132,22,0,0,7,10,1,1,14,97,27,1,1,3,11,9,1
9133,21,1,0,0,16,2,0,80,28,51,1,1,2,53,4,0
9134,43,2,5,4,4,2,0,54,48,46,1,0,3,38,6,2
9135,41,0,8,4,20,1,1,37,76,92,1,0,5,22,3,1
9136,49,2,6,7,10,0,2,53,43,56,2,3,14,29,26,1
9137,52,0,11,6,19,0,1,59,42,65,2,3,11,45,19,2
9138,31,1,8,2,6,1,0,82,8,80,2,3,9,50,27,0
9139,60,1,9,0,0,1,1,27,66,83,1,1,5,23,0,1
9140,34,1,9,3,3,1,1,79,36,50,2,5,14,63,19,0
9141,43,0,8,6,7,0,0,45,58,64,2,3,8,34,13,2
9142,56,3,10,4,4,1,2,12,77,37,1,1,1,7,2,1
9143,55,0,10,3,3,1,2,57,38,87,2,3,14,38,23,1
9144,22,0,1,7,21,1,1,14,73,31,1,2,2,6,1,1
9145,24,1,3,1,5,2,2,80,14,78,2,3,12,63,17,0
9146,57,2,11,4,4,2,1,54,48,27,1,2,4,44,5,2
9147,56,2,10,3,3,1,1,79,29,39,2,3,7,46,23,2
9148,50,0,7,4,20,1,2,79,20,53,2,2,7,60,15,0
9149,36,0,13,7,12,0,0,54,51,59,2,3,8,53,8,0
9150,55,3,11,2,11,1,0,36,72,69,1,0,5,24,4,1
9151,41,3,11,0,22,1,1,49,41,89,1,2,0,28,5,1
9152,22,2,1,7,12,2,2,80,28,48,2,5,9,66,26,2
9153,38,0,8,2,11,1,2,80,20,74,2,4,10,57,7,2
9154,46,3,8,2,11,0,0,92,5,90,2,5,11,57,27,0
9155,53,3,4,6,7,0,1,31,75,32,1,2,3,19,4,1
9156,35,0,10,0,0,1,1,55,57,57,1,0,5,39,1,2
9157,48,1,15,2,11,0,0,31,76,65,1,2,0,29,6,2
9158,54,2,11,7,12,2,2,85,1,36,2,3,6,44,27,2
9159,55,2,6,0,22,0,1,68,12,77,2,5,14,42,23,2
9160,26,1,5,0,16,2,0,10,72,40,1,2,3,8,2,1
9161,29,2,8,4,20,1,1,41,60,60,1,0,5,39,5,2
9162,29,0,3,5,15,0,1,66,48,68,2,2,10,60,19,0
9163,51,2,9,2,6,1,0,83,31,22,1,0,1,67,0,0
9164,45,0,5,1,2,2,1,93,9,62,2,2,9,79,5,0
9165,42,0,15,2,11,2,0,68,25,94,2,5,6,61,7,0
9166,35,1,7,2,9,1,1,89,0,65,2,5,13,53,18,0
9167,56,0,6,7,21,1,2,13,93,20,1,0,2,8,8,1
9168,33,1,6,3,8,2,2,72,26,80,2,5,7,53,26,2
9169,45,1,19,5,14,1,1,27,70,56,1,1,2,24,2,2
9170,45,2,9,7,12,2,0,38,52,78,1,1,2,20,5,1
9171,57,2,15,5,13,0,0,49,34,33,1,0,3,40,3,0
9172,43,2,15,3,18,0,0,71,30,31,2,5,7,55,9,0
9173,22,0,1,2,11,2,1,64,31,80,2,4,7,54,6,2
9174,39,1,8,0,22,2,0,88,0,88,2,3,6,54,20,0
9175,24,2,3,6,7,2,2,17,87,73,1,1,3,15,1,1
9176,48,0,7,7,12,1,0,63,42,78,1,1,1,51,8,0
9177,57,1,12,5,13,1,2,32,61,64,1,0,5,23,8,1
9178,51,1,8,5,13,1,2,26,72,67,1,1,3,24,4,1
9179,40,2,12,2,9,1,0,10,86,60,1,2,2,8,7,1
9180,21,2,0,0,16,1,0,15,100,54,1,0,3,11,8,1
9181,53,1,14,1,2,1,0,63,51,78,1,1,1,44,4,0
9182,26,0,5,1,5,0,0,77,20,69,2,3,10,38,23,0
9183,37,0,11,0,0,1,0,65,29,57,2,5,7,56,26,2
9184,29,0,8,4,20,1,2,66,31,42,2,3,12,39,26,2
9185,24,0,3,4,20,1,2,74,32,71,2,4,12,37,9,2
9186,24,0,3,0,22,0,0,73,28,70,2,3,10,69,9,0
9187,36,1,8,6,7,0,1,21,85,54,1,1,2,17,0,1
9188,37,0,0,7,21,1,0,32,62,68,1,2,3,16,9,2
9189,59,2,14,7,21,1,0,84,21,44,2,3,6,51,7,0
9190,26,3,5,6,7,2,1,42,62,25,1,0,2,21,5,1
9191,56,1,10,2,11,1,0,90,1,69,2,2,5,55,7,0
9192,42,1,4,4,23,2,2,71,42,46,2,5,9,70,29,0
9193,37,1,9,7,10,2,1,18,79,86,1,1,1,16,0,1
9194,54,0,8,1,2,2,2,90,0,89,0,8,21,62,38,2
9195,31,1,7,4,23,1,0,33,61,52,1,0,0,17,4,2
9196,40,2,4,4,23,1,1,93,13,81,2,2,13,56,20,0
9197,41,0,8,2,6,1,1,57,40,72,2,2,13,26,26,1
9198,36,0,7,7,12,1,2,24,84,77,1,0,4,23,5,1
9199,33,2,12,4,4,0,2,74,41,61,2,3,7,42,23,2
9200,36,2,0,2,11,1,1,50,58,89,2,4,11,26,13,1
9201,41,2,11,0,16,1,0,71,33,26,2,5,9,50,27,2
9204,48,0,10,0,16,1,0,16,75,48,1,0,1,10,9,1
9205,52,1,12,3,3,2,0,81,31,27,1,1,0,78,3,0
9206,43,3,7,2,6,2,2,52,31,74,1,2,3,50,1,1
9207,34,0,13,6,17,1,0,60,57,87,2,4,13,34,15,2
9208,58,1,16,3,8,1,0,82,11,55,2,3,10,39,16,0
9209,31,2,3,5,14,2,0,38,69,43,1,0,5,30,9,2
9210,32,2,0,0,0,2,0,28,90,62,1,2,3,16,9,1
9211,38,1,6,7,12,1,1,48,45,84,1,1,2,41,1,2
9212,57,0,7,0,16,1,0,19,98,58,1,1,4,16,0,1
9213,48,1,11,4,4,0,2,43,59,93,2,4,10,30,16,1
9214,60,1,0,3,18,1,1,23,88,88,1,0,5,22,5,1
9215,44,0,8,1,1,2,0,23,94,46,1,1,2,17,4,1
9216,26,2,5,5,13,2,1,22,80,34,1,2,1,14,7,1
9217,27,0,6,2,6,1,0,22,82,71,1,2,0,18,9,1
9218,43,2,10,0,0,0,2,50,33,78,1,2,4,46,6,1
9219,40,1,8,5,15,1,1,25,73,41,1,0,4,22,0,2
9220,60,2,2,2,6,1,0,40,55,34,2,5,5,36,13,2
9222,43,1,5,7,10,0,0,69,30,24,2,4,7,31,15,0
9223,43,2,16,2,9,0,1,49,44,50,1,2,1,27,1,1
9224,34,2,12,5,14,1,0,82,0,23,2,4,14,59,15,0
9225,60,0,14,6,7,1,0,81,34,58,2,2,11,71,12,0
9226,25,2,4,2,6,1,0,19,85,25,1,1,5,13,0,1
9227,54,0,6,5,15,1,0,94,20,22,2,4,14,56,25,0
9228,40,0,6,6,19,0,0,44,40,91,2,5,7,30,18,2
9229,56,0,17,1,5,1,0,11,80,88,1,0,0,5,5,1
9231,40,0,11,5,14,2,0,24,78,24,1,0,0,20,2,2
9232,60,0,15,0,22,1,1,12,68,68,1,0,3,5,0,1
9233,42,0,1,0,16,0,0,86,12,82,2,4,6,43,28,0
9234,43,0,11,4,20,1,2,17,65,41,1,1,2,14,4,1
9235,58,0,7,0,0,1,1,63,39,94,2,2,9,62,27,2
9236,39,0,5,2,6,2,1,28,78,25,1,2,4,26,7,1
9237,51,0,0,2,9,1,0,50,51,39,2,3,14,45,10,0
9238,60,2,4,6,7,2,0,22,98,61,1,1,0,16,1,1
9239,60,0,11,6,17,0,0,57,36,91,1,1,5,31,2,0
9240,40,0,9,0,22,2,0,60,51,93,2,5,8,41,8,2
9241,33,2,5,6,7,1,0,77,19,93,2,5,10,39,5,0
9242,33,2,4,1,2,2,2,67,36,72,1,0,5,36,0,1
9243,58,2,7,7,21,0,0,76,17,37,2,3,5,36,7,0
9244,53,0,10,0,22,0,1,11,100,68,1,2,1,6,2,1
9245,57,2,10,4,4,2,0,26,81,58,1,1,0,13,1,1
9246,60,0,10,5,15,0,1,43,54,59,2,5,9,27,23,2
9247,40,0,10,0,22,0,1,10,100,82,1,1,0,8,8,1
9248,44,3,7,0,0,1,1,66,31,67,2,2,13,61,16,2
9249,55,0,12,5,15,1,0,71,48,77,2,2,11,57,10,0
9250,46,0,3,6,19,1,1,57,40,73,2,4,12,46,8,2
9251,37,1,0,6,17,2,0,75,32,23,2,3,13,73,7,0
9252,46,2,11,1,2,0,0,52,46,46,1,1,0,25,0,2
9254,48,0,8,4,4,2,1,28,76,78,1,2,2,13,2,1
9255,49,0,11,4,20,0,2,46,54,28,1,0,3,37,6,2
9256,48,3,5,3,18,2,0,17,67,57,1,1,0,10,9,1
9257,36,2,3,0,16,1,2,60,55,60,2,4,8,34,14,1
9258,39,1,11,6,17,2,0,31,86,40,1,0,5,27,9,2
9259,29,1,8,3,18,2,2,35,75,56,1,0,2,16,2,1
9260,30,1,0,0,22,1,0,59,21,67,1,0,2,37,5,0
9261,47,1,0,7,21,2,1,19,78,39,1,0,5,10,7,2
9262,30,1,8,1,5,1,2,13,80,55,1,0,5,10,0,1
9263,31,0,10,5,15,1,0,84,3,25,2,5,7,71,12,0
9264,49,2,7,1,5,1,1,81,14,43,2,4,6,76,22,0
9265,39,3,18,0,22,2,1,20,77,81,1,1,3,15,4,1
9266,27,0,6,1,1,2,0,37,82,86,1,0,2,28,4,2
9267,40,0,3,2,9,2,0,22,79,87,1,2,2,18,7,1
9268,47,0,10,6,17,0,2,72,23,83,2,3,12,68,23,2
9269,49,1,3,4,4,1,1,13,91,48,1,0,4,9,2,1
9270,49,0,10,1,1,2,2,15,86,34,1,2,0,9,0,1
9272,57,0,14,0,22,2,2,74,28,74,2,5,14,68,7,2
9273,49,1,7,3,8,1,2,74,17,57,2,3,13,35,19,2
9274,22,0,1,5,14,1,0,79,24,39,2,3,8,75,20,0
9275,51,0,10,1,5,1,0,50,58,29,2,4,11,34,8,0
9276,40,2,10,1,1,0,0,28,93,46,1,0,0,24,1,1
9277,26,1,5,0,22,2,1,85,3,71,2,5,8,49,23,0
9278,49,2,9,4,23,2,0,30,78,73,1,2,2,18,5,1
9279,48,0,11,1,2,0,1,81,19,40,2,4,10,38,10,0
9280,23,0,2,4,4,1,1,80,18,22,2,4,5,42,24,0
9281,43,0,19,3,8,0,0,10,96,88,1,1,0,9,7,1
9282,22,1,1,2,9,1,0,66,27,53,2,2,8,44,25,0
9283,35,0,5,3,3,0,0,86,0,61,2,3,9,58,25,0
9284,34,0,8,0,22,1,1,90,4,97,2,2,6,65,18,0
9285,48,0,12,6,7,1,0,44,69,78,2,5,7,23,18,2
9286,38,1,10,0,0,2,1,85,5,54,2,3,12,58,28,0
9287,52,0,11,2,11,0,1,32,65,95,1,1,0,26,3,1
9288,46,2,11,0,16,1,1,34,72,92,1,0,4,26,0,1
9289,60,0,7,7,21,1,0,64,32,83,1,1,4,31,5,2
9290,41,2,9,3,3,2,2,67,44,77,2,5,9,51,20,1
9291,34,0,13,7,21,2,1,69,23,46,2,4,11,62,19,0
9292,56,0,12,4,23,1,1,41,58,78,1,1,2,22,6,2
9293,26,2,4,5,14,1,1,88,14,90,2,4,14,83,7,0
9294,42,2,11,2,9,1,0,87,22,84,2,4,9,65,10,0
9295,60,0,7,0,16,0,2,48,59,74,1,2,5,35,4,1
9296,53,1,9,0,16,1,0,10,89,93,1,2,0,7,0,1
9298,57,0,4,0,16,1,0,19,79,73,1,1,5,12,5,1
9299,47,0,12,7,21,1,0,31,69,94,1,0,0,16,9,1
9300,57,1,5,0,16,1,1,43,50,84,1,2,1,20,5,1
9301,52,1,10,5,14,0,1,46,58,87,1,0,0,28,5,2
9302,29,0,8,2,9,2,1,23,71,34,1,0,0,19,8,1
9303,30,2,2,1,1,1,1,36,58,87,1,1,3,24,7,1
9304,31,0,10,7,21,1,1,71,31,74,1,1,4,50,4,0
9305,58,1,16,3,18,0,2,26,89,37,1,0,3,22,8,1
9306,32,2,11,3,18,2,0,53,37,63,1,2,0,42,1,2
9307,40,0,0,3,18,1,2,61,57,79,2,5,7,49,16,2
9308,43,3,11,5,15,0,0,53,53,57,2,4,6,36,19,2
9309,52,2,10,6,7,1,1,88,16,42,0,8,16,72,47,0
9310,48,0,9,6,19,1,0,32,63,66,1,2,0,17,4,2
9311,27,2,6,6,19,2,1,36,58,88,1,1,4,17,8,1
9312,27,0,6,1,5,1,0,89,1,84,2,4,7,80,17,0
9313,22,0,1,0,22,1,0,38,40,84,2,3,14,36,26,2
9314,56,0,3,6,19,2,0,82,16,77,2,5,6,60,27,0
9315,50,0,3,0,0,2,1,58,42,37,1,0,2,41,8,2
9316,58,0,10,4,20,2,1,24,81,39,1,2,3,23,5,1
9317,54,1,12,6,7,1,2,25,79,92,1,1,5,23,4,1
9318,31,2,10,7,12,1,1,73,38,32,2,5,10,67,26,0
9319,51,0,7,2,6,0,2,37,89,90,1,0,0,32,0,1
9320,45,0,7,1,5,0,0,75,11,56,2,2,14,55,9,0
9321,60,2,0,5,15,0,2,73,13,46,1,1,4,63,2,0
9322,30,0,8,7,21,2,2,81,15,91,2,4,10,54,27,2
9323,40,0,1,4,20,1,1,10,94,74,1,2,4,5,0,1
9324,54,2,0,4,4,2,0,75,24,91,2,2,14,55,15,0
9325,32,0,3,6,17,2,1,68,31,78,2,4,5,53,13,0
9326,26,2,5,4,4,0,1,87,14,41,2,4,7,76,18,0
9327,34,1,8,4,4,2,0,11,98,31,1,0,3,9,5,2
9328,21,3,0,5,13,1,0,55,43,78,2,5,6,26,12,2
9329,56,2,13,7,10,0,0,36,59,24,1,1,3,33,9,2
9330,50,0,5,3,18,2,1,30,68,60,1,1,4,16,1,1
9331,42,2,4,0,16,2,0,80,42,26,2,2,11,77,10,0
9332,58,0,0,2,9,2,1,67,31,53,2,2,8,42,27,2
9333,39,2,11,5,14,1,1,92,4,72,0,7,19,82,50,0
9334,27,2,5,1,2,0,1,86,19,27,2,5,12,67,10,0
9335,57,0,7,6,19,1,0,24,75,78,1,1,3,21,1,2
9336,53,3,7,1,2,0,0,52,51,50,2,4,12,41,12,2
9337,29,0,5,2,11,1,0,29,49,99,1,1,5,21,0,1
9338,23,0,2,1,1,2,2,89,0,32,2,5,7,62,15,0
9339,40,0,9,6,7,1,1,81,0,40,2,3,9,80,21,0
9340,22,0,1,2,6,1,0,26,84,40,1,2,5,18,3,1
9341,33,1,12,3,8,2,2,49,38,32,1,1,4,34,5,2
9342,46,2,9,5,13,1,2,83,15,33,2,4,7,61,13,0
9343,41,3,2,1,1,0,2,70,20,52,2,4,9,65,29,2
9345,38,2,8,3,18,2,2,84,9,66,2,4,6,64,26,2
9346,50,0,10,6,17,2,2,86,20,25,2,5,6,49,8,0
9347,57,0,8,5,15,0,1,68,23,77,1,1,3,66,6,0
9348,43,0,5,2,11,1,0,37,85,81,2,5,13,25,27,1
9349,59,3,9,4,23,1,2,13,96,29,1,1,4,7,7,1
9350,42,0,6,3,8,1,1,14,88,76,1,2,4,7,0,1
9352,39,1,0,7,12,0,2,23,77,57,1,0,0,21,2,1
9353,59,0,4,1,2,2,1,62,27,62,2,3,13,30,9,2
9354,29,2,8,4,20,0,1,35,63,70,1,0,2,18,6,1
9355,46,2,11,2,9,0,2,48,45,56,2,3,10,31,23,1
9356,41,1,0,4,23,1,2,23,75,47,1,1,3,20,7,1
9357,30,1,8,0,0,0,1,31,48,89,1,2,1,23,8,1
9358,25,0,4,0,16,1,0,29,64,83,1,1,3,19,9,1
9359,24,2,3,5,15,2,0,35,65,43,1,1,4,26,9,2
9360,28,2,0,2,9,1,2,43,52,61,1,1,4,31,8,1
9361,31,0,4,2,6,1,0,65,33,84,2,3,8,59,9,0
9362,57,3,0,3,3,1,1,86,0,81,2,2,14,45,15,0
9363,32,2,0,2,6,2,0,25,75,47,1,1,4,13,6,1
9364,27,1,6,1,2,1,0,78,24,23,2,3,9,56,21,0
9365,43,1,11,4,23,2,0,18,94,28,1,0,4,8,9,2
9367,45,0,10,1,5,1,0,64,47,81,1,2,1,49,1,0
9368,32,2,8,3,8,2,0,23,68,52,1,1,5,19,6,1
9369,40,0,6,2,6,2,1,58,48,40,2,2,9,38,9,2
9370,50,0,16,4,20,1,0,82,10,52,2,5,13,66,20,0
9371,52,2,11,4,20,1,0,54,42,67,2,4,9,38,20,2
9372,58,0,9,1,5,0,0,77,34,90,2,2,8,65,14,0
9373,48,0,9,6,19,1,1,82,22,97,2,4,14,69,8,0
9374,52,2,14,4,4,1,0,86,26,94,2,5,14,53,25,0
9375,59,0,19,6,7,1,1,63,43,41,2,3,9,28,5,2
9376,24,1,3,2,11,2,0,58,33,65,2,4,7,53,13,0
9378,57,0,11,2,11,0,0,18,77,74,1,2,4,15,2,1
9379,23,0,2,6,7,1,2,14,87,77,1,2,1,9,2,1
9380,41,1,7,7,10,1,0,35,81,58,1,1,1,27,6,2
9382,60,2,12,7,21,1,1,73,24,34,2,3,13,51,26,0
9383,46,2,1,1,2,1,2,93,0,66,2,2,5,80,28,0
9384,44,0,12,5,14,2,0,54,45,38,2,5,6,46,6,0
9385,46,0,17,2,11,1,2,87,18,73,2,3,7,47,6,1
9386,35,2,0,2,9,2,1,56,35,36,2,3,12,54,11,2
9387,44,1,0,0,16,1,0,31,71,63,1,1,2,18,0,2
9388,49,2,8,6,7,0,2,83,34,71,0,7,17,77,48,2
9389,21,0,0,6,17,1,1,47,55,42,2,4,5,31,21,2
9390,25,2,4,5,15,2,0,60,41,55,1,1,4,28,9,0
9392,51,1,0,4,4,2,0,37,59,92,2,5,6,29,17,2
9393,38,1,6,4,4,1,0,77,10,62,2,3,7,73,27,0
9394,55,3,6,4,20,0,0,51,60,35,2,5,13,48,11,2
9395,48,1,7,2,9,0,1,32,75,82,1,1,2,29,4,1
9396,58,2,8,5,14,1,1,48,67,80,1,1,0,25,3,2
9397,58,2,17,3,8,2,0,71,43,41,2,5,5,33,10,2
9398,37,0,10,0,0,1,0,19,86,78,1,2,4,13,8,1
9400,50,0,3,4,4,2,2,93,12,32,2,2,11,72,21,0
9401,56,0,8,1,1,0,2,23,69,75,1,1,0,12,3,1
9402,55,0,0,4,4,2,0,92,16,83,2,2,7,51,7,0
9403,41,0,2,4,20,2,2,41,53,83,1,0,4,25,1,1
9404,29,0,8,2,6,0,0,42,56,20,1,2,1,39,7,2
9405,42,2,5,2,9,1,1,20,71,93,1,1,1,19,5,1
9406,52,2,14,1,1,1,2,59,52,61,2,3,12,41,5,1
9408,60,0,5,6,7,0,0,88,14,51,2,2,5,83,6,0
9409,34,2,12,4,4,1,1,81,33,58,2,4,12,63,18,0
9410,48,0,1,4,4,1,1,16,81,61,1,2,2,10,7,1
9411,34,0,13,1,1,1,2,19,87,76,1,0,0,10,6,1
9412,54,2,10,4,4,1,0,94,0,60,2,3,9,56,9,0
9413,55,0,0,0,22,0,0,94,6,65,2,5,9,43,22,0
9414,28,1,6,6,19,2,1,43,54,90,2,4,13,20,21,2
9415,50,0,6,2,11,1,1,34,59,95,1,1,1,23,1,1
9416,54,1,11,1,1,2,1,76,24,93,2,2,8,57,28,0
9418,28,2,7,3,8,1,0,29,69,92,1,1,2,18,6,1
9420,22,0,1,3,18,1,2,66,24,58,2,2,9,54,6,2
9421,51,2,13,5,13,0,2,49,68,78,1,0,4,32,6,1
9422,37,3,3,4,4,1,1,48,58,59,2,2,8,44,20,2
9423,36,1,15,4,4,0,0,79,27,78,2,4,14,62,13,0
9424,57,0,2,4,23,2,0,32,58,82,1,0,0,18,7,2
9425,26,0,5,6,7,1,2,17,91,93,1,0,1,11,1,1
9427,43,0,4,0,22,2,2,60,28,71,2,4,6,48,16,1
9429,31,2,10,7,10,2,0,16,72,66,1,0,4,8,9,1
9430,58,3,12,3,18,1,0,42,56,73,1,0,2,24,9,1
9431,35,1,2,3,3,1,0,37,63,67,1,0,3,26,8,2
9432,40,0,5,5,14,2,1,49,61,67,1,1,2,39,1,2
9433,52,0,5,7,12,1,2,31,79,68,1,0,4,14,9,1
9434,57,1,7,1,2,2,1,58,31,65,2,5,14,42,7,0
9435,60,2,1,0,22,1,0,10,97,95,1,0,5,8,2,1
9438,39,1,1,6,7,0,0,74,20,49,2,2,13,43,29,0
9439,24,3,3,1,1,0,1,88,5,81,2,4,14,39,9,2
9440,39,3,6,2,6,2,1,39,69,74,1,1,3,18,5,1
9441,39,0,8,2,6,0,1,63,25,93,2,4,12,45,27,2
9442,51,2,9,0,16,0,1,88,8,75,2,3,11,47,5,2
9444,49,1,9,5,14,0,1,41,47,85,1,2,5,37,1,2
9445,24,0,3,4,23,2,0,48,65,65,1,2,2,47,9,2
9446,49,2,10,6,19,2,1,48,60,65,1,2,2,24,8,2
9447,43,2,9,6,19,1,2,72,18,70,2,3,7,65,21,2
9448,54,2,12,7,21,1,0,20,80,60,1,0,0,15,6,1
9449,59,1,5,1,1,2,1,48,50,44,1,0,1,39,1,2
9450,30,2,9,4,20,2,0,31,71,76,1,0,2,19,7,1
9451,59,2,17,1,1,1,0,52,55,94,1,2,3,39,7,2
9452,32,3,9,7,10,0,2,71,14,87,2,4,10,49,29,1
9453,45,2,6,2,6,2,0,20,98,52,1,0,3,18,6,1
9454,22,0,1,2,11,1,0,54,57,67,2,2,5,32,21,2
9455,60,0,3,6,19,2,0,63,30,77,1,1,0,59,3,0
9456,42,2,9,1,2,2,1,37,77,33,1,0,5,30,2,1
9457,29,2,8,4,23,0,1,47,40,47,1,0,3,32,0,2
9458,34,0,7,4,4,1,2,76,8,33,2,5,7,54,8,0
9459,28,0,7,2,11,1,0,82,30,65,2,5,8,63,17,0
9460,44,3,10,1,2,1,1,37,69,84,1,0,0,32,3,1
9461,38,0,7,1,1,0,1,80,16,64,2,4,7,78,9,0
9462,24,0,3,1,5,1,0,34,65,71,1,0,5,24,9,2
9463,38,2,9,7,10,2,0,37,71,69,1,0,1,28,2,1
9464,49,0,18,2,11,0,0,53,54,66,2,4,7,38,13,2
9465,46,0,9,3,18,1,1,51,64,64,1,0,5,37,6,2
9466,48,2,12,3,3,0,0,34,57,58,1,0,5,22,3,1
9467,31,0,6,2,6,0,1,73,36,67,2,4,5,47,15,2
9468,47,0,6,0,16,1,1,71,42,93,2,2,11,62,19,2
9469,25,2,4,4,20,1,0,39,52,56,1,0,5,29,5,2
9470,42,0,15,6,7,0,1,80,15,50,2,5,8,58,21,0
9471,35,1,2,6,19,1,2,25,73,78,1,1,4,20,4,1
9472,57,3,10,5,13,1,1,62,48,76,2,2,13,34,18,2
9473,52,0,16,6,17,0,1,58,40,78,2,2,5,46,17,2
9474,38,2,15,7,21,0,0,73,15,72,2,2,14,42,12,0
9475,25,3,2,6,7,1,1,40,54,62,1,2,1,30,2,2
9476,22,3,1,3,8,1,0,30,58,87,1,2,0,22,5,1
9477,34,0,2,2,9,1,1,23,77,31,1,2,5,16,9,1
9479,31,0,7,1,1,0,1,10,100,27,1,1,1,4,2,1
9480,22,0,1,5,14,1,1,82,39,89,2,3,6,46,20,0
9481,42,2,2,1,1,1,1,75,28,75,2,3,13,69,29,0
9482,44,1,0,5,14,2,1,68,25,45,2,3,8,31,28,0
9483,39,0,11,7,12,0,0,11,87,26,1,1,0,5,9,1
9484,33,1,12,2,9,1,1,40,80,39,1,0,4,34,9,1
9485,52,3,8,3,8,1,1,14,90,57,1,1,2,7,2,1
9486,26,0,5,0,22,1,1,15,97,84,1,2,4,13,7,1
9487,40,0,11,2,6,0,0,11,74,21,1,0,3,5,4,1
9488,36,0,15,5,15,0,1,12,90,76,1,0,4,11,0,1
9490,51,1,3,6,7,1,2,22,71,93,1,1,2,19,6,1
9491,50,0,2,0,0,2,0,12,83,87,1,0,0,6,1,1
9492,60,2,7,7,10,1,1,68,31,67,2,2,10,50,17,2
9493,43,0,6,3,18,0,1,93,9,61,2,4,6,42,20,0
9494,57,1,4,0,22,1,0,37,50,75,1,2,3,28,1,2
9496,37,0,10,1,1,1,0,25,92,74,1,1,2,16,7,1
9497,25,1,4,4,20,1,1,91,11,85,2,2,6,86,28,0
9498,30,2,7,2,9,1,1,20,74,80,1,0,4,14,9,1
9499,47,2,13,6,17,2,0,17,79,41,1,0,0,8,2,1
9500,29,1,6,0,16,2,1,81,8,62,2,3,13,70,10,0
9501,39,0,4,0,16,1,2,60,61,91,2,3,5,31,6,1
9502,27,3,6,0,0,1,1,93,0,92,2,4,14,73,11,2
9504,29,0,3,6,19,0,1,17,90,93,1,2,0,7,6,1
9505,38,0,13,5,14,2,1,43,73,41,1,1,4,33,2,2
9507,21,0,0,2,9,2,1,66,42,39,2,2,6,63,29,0
9508,27,0,6,3,3,2,1,34,78,49,1,1,5,16,2,1
9509,35,0,2,1,5,2,0,92,11,42,2,4,11,51,29,0
9510,51,0,0,2,9,1,1,70,14,51,1,0,0,69,6,0
9511,39,0,7,6,7,0,1,64,33,84,2,2,14,54,12,0
9512,33,2,10,4,23,1,0,35,43,58,1,1,3,19,2,2
9513,28,2,7,3,18,2,1,30,77,75,1,1,2,24,0,1
9514,29,2,8,3,3,1,2,56,56,20,1,1,3,34,5,1
9515,23,1,2,1,5,0,0,38,57,83,1,2,0,21,7,2
9516,37,0,12,7,12,1,0,48,56,91,1,2,4,27,3,2
9517,50,2,10,3,3,0,0,81,21,61,2,5,7,47,23,0
9518,22,0,1,6,19,1,0,86,21,92,2,2,12,59,15,0
9519,55,0,0,2,9,0,0,77,1,43,0,7,21,76,30,0
9520,56,1,2,1,5,2,1,29,73,90,1,2,5,27,8,2
9521,25,1,4,0,0,0,0,36,52,73,1,1,5,18,3,2
9522,44,1,5,2,6,2,1,53,41,93,2,2,13,45,15,2
9523,51,1,11,3,18,2,0,72,29,53,2,2,14,64,14,0
9524,52,2,13,5,14,1,1,60,22,58,2,4,6,43,20,2
9525,27,3,0,6,19,0,0,33,64,68,1,0,2,17,5,2
9526,53,2,15,1,1,2,0,19,80,80,1,0,5,12,1,1
9527,60,2,9,0,0,2,1,13,93,92,1,0,0,10,8,1
9528,28,1,3,4,4,2,1,34,53,34,1,2,3,33,4,2
9529,37,1,14,4,23,2,0,88,3,68,0,6,17,62,50,0
9531,48,0,6,1,5,1,0,47,54,33,1,0,3,28,3,2
9532,29,0,8,4,4,0,2,47,44,92,2,5,10,38,15,1
9533,59,0,13,0,0,1,0,47,42,39,1,1,3,27,7,2
9534,40,0,5,5,15,2,1,66,37,85,2,2,11,34,11,2
9536,31,0,10,5,15,2,0,34,83,79,1,2,2,21,0,2
9537,35,1,14,1,1,1,1,43,64,51,1,0,4,21,2,2
9538,33,2,3,5,15,1,1,85,12,66,2,3,6,42,19,0
9539,43,0,7,7,10,2,1,36,53,39,1,1,2,19,3,2
9540,23,3,2,1,1,2,0,67,45,35,2,3,11,52,20,0
9541,35,2,9,3,18,1,1,25,66,31,1,2,2,13,0,1
9542,60,2,0,1,1,1,0,26,76,27,1,2,3,22,7,2
9543,22,0,0,6,19,2,1,82,18,68,2,4,6,62,19,0
9544,45,0,7,7,12,1,1,73,31,32,2,4,5,61,20,0
9545,23,3,2,6,19,1,1,23,71,78,1,0,4,14,3,1
9546,28,0,7,4,23,2,1,30,92,54,1,2,0,15,7,1
9547,37,1,14,5,14,0,1,71,19,84,1,0,3,40,3,0
9548,25,2,4,4,20,1,1,24,81,77,1,1,5,19,2,1
9549,58,2,8,7,12,0,0,94,9,46,0,5,18,46,46,0
9550,47,1,13,3,8,1,2,89,14,52,2,4,7,51,21,2
9551,43,2,16,3,8,0,1,66,32,87,2,2,12,49,24,1
9552,24,2,3,1,2,2,0,53,55,38,2,4,11,49,28,2
9553,38,0,7,0,0,1,2,41,68,86,1,0,0,19,1,1
9554,44,2,10,1,1,0,0,33,50,30,1,0,2,21,7,2
9555,31,0,10,3,8,2,0,39,53,87,2,3,14,25,17,1
9556,55,1,4,1,5,0,1,73,35,90,2,3,11,69,17,0
9557,24,2,3,3,3,2,2,11,100,56,1,2,1,5,7,1
9558,41,1,5,1,1,1,1,31,68,58,1,1,0,21,9,2
9559,32,1,11,3,3,2,0,22,81,22,1,0,4,14,2,2
9560,46,2,9,4,20,1,0,44,61,91,1,1,2,34,5,2
9561,57,0,7,6,19,1,1,55,48,68,1,1,2,54,3,0
9562,37,0,16,4,4,2,0,26,76,46,1,2,3,20,9,1
9563,25,0,3,6,17,1,0,69,32,41,2,5,11,33,5,0
9564,40,2,1,1,1,2,1,86,39,84,2,3,5,68,19,0
9565,43,0,9,5,15,0,0,13,78,82,1,1,2,6,6,1
9566,43,0,2,5,15,2,1,32,60,64,1,1,0,15,0,2
9567,34,0,8,5,14,1,0,92,9,22,0,8,16,90,43,0
9569,24,2,3,1,2,0,0,29,82,30,1,2,3,22,3,1
9570,59,0,10,6,19,1,0,19,77,99,1,2,2,15,6,1
9571,31,0,10,3,8,1,2,23,77,83,1,1,3,21,4,1
9572,21,0,0,7,10,0,0,61,44,29,2,3,12,51,15,0
9573,33,0,9,0,16,1,0,52,47,93,1,1,2,26,0,2
9574,55,2,4,0,0,1,2,21,75,42,1,2,4,11,7,1
9575,56,2,11,7,12,1,1,35,72,35,1,2,3,33,0,1
9576,32,0,5,7,12,0,0,82,38,66,2,5,14,50,29,0
9578,49,2,10,3,18,1,2,28,60,40,2,3,10,13,12,1
9579,26,2,5,1,2,1,2,88,4,73,2,3,5,61,22,2
9580,27,0,6,3,3,1,2,41,58,68,1,2,4,25,5,1
9581,21,1,0,6,7,1,1,74,18,45,2,5,6,64,21,0
9582,53,0,2,6,7,0,2,25,62,75,1,2,2,24,1,1
9583,34,1,13,7,10,1,1,60,45,28,2,3,12,56,25,0
9584,54,3,9,4,23,1,0,80,19,60,2,5,8,38,8,0
9585,29,0,8,7,21,1,0,56,42,45,2,4,9,32,17,2
9586,41,3,16,7,10,2,2,49,42,72,1,1,1,28,8,1
9587,29,1,5,1,5,2,2,25,75,75,1,1,4,13,1,1
9588,47,0,2,1,2,0,0,22,63,61,1,1,3,14,5,2
9589,42,0,8,6,19,1,1,80,24,65,2,2,11,65,9,0
9590,41,2,2,4,20,0,0,64,30,45,2,5,7,58,18,0
9591,28,2,7,3,18,1,0,55,27,50,2,5,5,50,12,2
9592,47,0,7,5,15,0,1,89,0,62,0,8,16,51,44,0
9593,34,0,9,7,21,1,1,31,78,41,1,1,2,15,0,1
9594,29,1,5,1,5,1,1,53,38,41,2,4,12,33,10,0
9595,54,2,8,0,16,2,2,58,30,94,2,5,7,29,22,1
9596,32,0,9,3,18,1,0,59,59,60,2,3,8,34,19,2
9597,46,1,2,1,1,0,0,33,65,48,1,2,5,30,4,0
9598,22,2,1,4,4,1,1,58,42,66,2,4,8,28,10,2
9599,40,2,14,4,4,2,0,65,25,88,2,3,6,53,10,0
9600,25,0,0,4,20,1,1,70,19,31,2,2,10,54,8,0
9601,43,0,10,5,14,2,1,31,62,33,1,1,5,30,5,2
9602,27,0,6,3,8,1,0,30,56,46,1,1,1,25,0,2
9603,59,0,12,5,13,0,0,31,60,41,1,0,1,17,7,2
9604,58,0,1,6,7,1,0,22,67,57,1,2,4,10,1,2
9605,29,0,8,1,2,1,0,49,50,83,1,2,1,36,7,2
9606,23,0,2,5,13,2,0,12,72,48,1,1,2,8,9,2
9607,28,0,7,3,3,0,2,23,82,48,1,1,1,15,6,1
9608,51,0,7,6,7,1,1,56,39,44,2,3,8,46,6,0
9609,24,1,3,1,5,2,1,24,64,22,1,0,3,22,7,2
9610,31,3,9,2,11,2,1,70,42,81,2,3,9,69,10,2
9611,23,0,2,5,13,1,1,89,19,90,2,5,14,69,16,0
9612,25,2,4,3,8,1,1,32,85,85,1,1,2,21,7,1
9613,56,0,7,5,13,2,1,38,80,59,1,2,2,17,9,2
9614,47,0,13,4,23,2,0,10,100,34,1,1,5,7,6,1
9615,57,2,7,4,4,2,1,75,16,45,2,2,12,70,10,0
9617,48,2,7,1,1,2,0,23,100,42,1,1,2,16,8,1
9618,31,0,7,4,4,1,0,29,79,75,1,0,5,28,5,2
9619,39,2,11,4,4,2,0,70,11,52,2,5,7,43,25,0
9620,22,0,1,1,5,1,1,63,29,86,1,1,0,62,0,0
9621,59,1,1,7,12,2,0,45,51,45,1,1,0,26,1,0
9622,55,0,18,5,14,2,1,53,44,32,1,2,1,46,3,0
9624,50,2,10,1,1,1,2,52,44,49,2,2,14,23,14,1
9625,40,1,8,6,17,0,1,81,9,44,2,4,12,43,24,0
9626,59,1,10,5,14,1,1,18,100,55,1,1,2,14,9,1
9627,26,0,5,4,23,2,2,50,32,48,1,1,0,28,5,2
9628,56,1,16,5,14,1,1,39,65,87,1,1,3,30,3,2
9629,39,1,13,6,19,1,2,14,87,95,1,0,3,8,1,1
9630,45,1,16,0,0,0,2,11,93,42,1,1,3,9,3,1
9631,23,2,2,2,11,0,0,31,57,92,1,2,0,24,6,1
9632,28,0,7,5,13,0,1,59,53,66,1,1,2,44,4,0
9633,28,0,7,1,2,1,1,25,86,58,1,0,3,20,1,1
9634,50,0,4,4,20,1,1,82,0,58,0,6,22,47,40,0
9635,28,1,7,1,2,2,0,52,61,48,1,1,5,36,2,0
9637,50,2,5,7,12,1,1,36,57,93,1,0,3,16,0,1
9638,33,0,7,2,11,2,0,38,48,80,1,1,3,34,2,2
9639,57,2,7,6,17,2,1,49,34,65,2,5,13,25,9,2
9640,48,1,4,3,8,2,0,88,0,79,2,5,11,60,13,0
9641,57,0,5,4,4,2,0,10,81,62,1,2,0,5,4,1
9642,31,0,1,2,11,0,0,55,41,82,1,2,5,44,7,2
9643,59,2,8,1,5,0,2,12,79,25,1,0,4,11,3,1
9645,46,0,11,3,8,1,0,71,30,33,2,5,7,41,5,0
9646,32,2,11,5,14,1,2,90,15,27,2,5,9,46,23,0
9647,37,1,11,1,1,2,1,88,19,93,2,4,10,42,29,0
9648,33,2,4,0,16,0,1,92,0,84,2,3,13,72,15,0
9649,27,0,6,4,20,1,0,15,76,21,1,2,4,8,0,2
9650,50,0,11,1,1,2,0,62,46,52,2,3,7,32,11,0
9651,57,3,6,4,20,2,1,48,65,79,2,3,6,25,8,1
9652,38,2,12,5,13,1,1,41,57,61,1,2,2,21,4,2
9653,32,2,0,3,18,1,0,72,34,25,2,2,14,41,28,0
9654,21,0,0,7,21,2,1,81,17,76,2,3,12,53,13,0
9655,27,2,6,5,13,0,1,44,59,26,1,2,3,23,1,2
9656,23,0,2,2,11,1,1,74,40,69,2,3,14,39,22,2
9657,31,0,1,1,5,2,0,31,52,50,1,0,5,16,3,2
9658,28,0,7,0,16,0,0,13,87,90,1,0,2,7,1,1
9659,23,3,2,6,7,2,1,48,48,23,1,1,5,33,9,2
9660,52,3,0,4,4,0,0,20,83,37,1,0,0,13,6,1
9661,50,2,7,0,0,2,0,70,40,66,2,5,8,64,22,2
9662,21,0,0,3,8,2,0,53,46,80,1,2,4,39,8,2
9663,21,3,0,2,11,0,0,11,100,70,1,1,2,9,6,1
9664,42,3,10,3,3,0,1,15,88,83,1,1,1,11,1,1
9665,24,1,0,3,3,0,2,24,87,62,1,2,2,20,6,1
9666,44,0,11,4,23,1,0,31,67,69,1,2,4,16,5,2
9667,51,0,0,4,4,1,1,58,44,61,1,2,5,47,4,0
9668,52,1,8,1,1,1,0,83,14,33,2,2,6,79,13,0
9669,24,1,3,6,17,1,1,41,55,48,2,2,5,22,10,2
9670,53,0,4,1,5,2,1,11,100,43,1,0,5,6,9,1
9671,56,1,17,7,10,2,2,17,75,57,1,2,4,13,3,1
9673,26,1,5,4,4,1,1,41,75,53,1,0,4,24,6,2
9674,52,0,8,5,14,0,0,22,83,45,1,2,5,20,9,2
9675,60,1,2,7,12,1,0,11,97,46,1,2,5,6,1,2
9676,41,1,7,2,9,0,0,20,73,29,1,2,3,19,3,2
9677,46,0,8,7,12,2,0,25,55,73,1,0,3,13,4,1
9678,23,1,2,4,4,2,0,52,52,37,1,0,5,51,5,0
9679,60,3,14,3,3,0,0,42,57,37,2,2,11,29,27,1
9680,47,1,4,3,8,1,1,60,44,55,1,2,4,53,9,0
9681,42,1,10,0,22,1,1,35,55,73,1,1,4,20,1,1
9682,35,0,8,1,5,1,0,78,16,82,2,5,14,50,22,0
9683,29,0,8,1,2,2,0,36,67,30,1,0,1,18,3,2
9684,54,3,17,7,10,1,1,28,72,51,1,2,2,25,3,1
9685,47,0,4,0,0,1,2,80,20,84,2,5,14,67,23,2
9686,38,2,11,3,3,2,0,82,1,21,2,4,11,70,28,0
9687,28,0,3,6,19,1,1,13,73,79,1,1,1,7,5,1
9688,48,0,11,4,23,1,1,19,86,49,1,0,0,16,7,1
9689,53,0,8,6,17,1,0,44,47,90,1,1,4,25,8,2
9690,30,2,9,7,21,1,0,28,65,33,1,2,2,26,7,2
9691,32,1,11,1,5,1,1,28,75,43,1,2,0,19,9,2
9692,59,1,6,7,10,2,0,78,17,74,2,4,7,38,26,0
9693,35,0,11,5,13,1,1,14,98,45,1,1,0,8,2,1
9694,38,0,13,3,8,2,2,21,79,46,1,1,4,19,6,1
9695,50,0,9,7,12,1,0,40,58,71,1,2,0,18,9,2
9696,37,0,9,5,13,1,0,40,75,83,1,1,5,18,3,2
9697,23,3,2,7,21,1,0,35,64,78,1,0,4,22,2,2
9698,41,1,0,6,7,0,1,43,46,25,1,2,1,33,0,0
9699,49,0,21,5,13,0,0,20,75,71,1,0,4,17,3,1
9700,29,0,8,7,10,1,0,52,32,72,1,1,0,48,0,0
9701,34,0,7,5,15,2,0,51,45,21,1,2,3,39,5,0
9702,48,0,9,5,14,1,1,86,1,36,2,2,9,43,10,0
9703,33,0,2,1,5,0,1,42,49,81,1,1,5,24,4,2
9704,38,3,8,3,18,2,0,20,79,51,1,2,3,9,6,1
9705,28,2,4,0,22,2,0,42,68,85,2,2,10,25,8,1
9706,55,1,5,7,10,2,2,57,45,89,2,2,11,28,15,1
9707,25,0,4,2,9,2,1,77,20,91,2,4,5,52,9,2
9708,51,2,7,6,7,2,1,34,54,44,1,2,1,30,3,2
9710,31,0,8,2,11,0,1,15,69,98,1,1,4,7,6,1
9711,27,0,4,6,17,1,0,82,25,87,2,5,13,55,17,0
9712,52,0,10,7,12,0,0,52,40,75,2,2,12,48,17,2
9713,28,1,7,6,7,2,1,58,35,24,2,2,5,44,25,0
9714,52,0,0,3,3,0,0,40,56,48,2,3,8,38,15,2
9715,27,0,5,2,9,1,0,27,76,30,1,0,2,17,1,1
9716,31,2,2,7,21,1,0,41,73,60,1,0,5,22,4,2
9717,24,0,3,2,6,2,2,81,18,77,2,3,12,41,14,2
9718,47,2,9,4,4,1,2,77,12,64,2,3,8,45,18,2
9719,27,2,6,1,5,1,0,28,79,48,1,2,5,18,1,1
9720,54,1,9,3,8,1,0,25,82,59,1,2,4,21,9,1
9721,24,0,3,1,1,1,0,73,29,55,2,5,9,44,17,0
9722,44,0,11,5,14,1,1,80,16,33,2,2,5,44,18,0
9723,33,1,12,6,19,1,0,49,36,93,2,3,9,43,15,0
9724,52,3,7,6,17,0,1,39,51,27,1,1,4,25,1,2
9725,25,0,4,2,11,1,1,57,32,89,2,5,11,37,18,2
9726,53,0,6,7,10,1,1,73,26,81,2,3,13,56,26,0
9727,48,0,6,6,19,2,2,38,66,84,1,0,3,35,7,1
9728,32,0,0,4,4,2,0,63,33,67,1,2,3,46,3,0
9729,33,1,5,7,10,1,2,69,25,89,1,2,1,66,4,2
9730,46,2,13,0,22,1,1,38,64,78,1,1,3,17,5,1
9731,39,2,13,6,19,1,1,38,65,89,1,0,3,28,2,1
9732,23,0,2,5,15,0,1,16,84,42,1,1,3,8,7,2
9733,21,2,0,1,5,2,2,54,54,68,1,2,2,45,0,2
9735,56,0,11,3,18,0,0,37,74,33,1,2,4,34,9,2
9736,51,2,3,0,0,0,1,74,23,43,2,3,13,53,13,2
9737,46,0,5,5,15,0,0,41,78,76,1,0,5,36,7,2
9738,21,2,0,2,9,1,2,50,34,39,2,3,6,31,14,1
9739,49,0,0,1,2,2,2,77,26,57,2,3,13,49,8,0
9740,40,2,4,1,5,2,2,31,75,88,1,1,5,30,2,1
9741,57,2,9,0,16,0,1,46,67,66,1,0,0,27,7,1
9742,51,0,11,3,18,1,0,46,47,83,1,2,4,36,2,2
9743,55,1,16,5,15,1,1,56,54,54,1,2,5,39,1,2
9745,28,2,7,7,21,2,0,69,29,66,2,3,9,48,17,0
9746,52,0,11,1,5,0,0,54,64,38,2,4,8,48,26,0
9747,49,0,14,4,4,2,0,40,68,41,1,2,4,19,5,2
9748,39,0,15,1,2,2,1,31,59,72,1,0,4,23,6,1
9749,44,2,17,2,6,0,1,30,75,29,1,0,1,24,1,1
9750,51,2,16,5,13,2,1,35,53,77,1,2,1,16,9,1
9751,53,2,9,3,8,1,2,19,82,74,1,1,1,10,9,1
9752,59,2,1,3,3,0,1,40,58,72,1,0,2,39,0,2
9753,38,2,5,4,4,1,0,34,68,39,1,1,0,19,8,2
9754,46,0,9,2,11,1,1,23,75,83,1,1,4,22,3,1
9755,53,0,7,5,14,2,1,66,43,27,1,0,3,41,7,0
9756,29,2,8,4,23,0,0,28,79,85,1,2,5,27,1,1
9757,36,0,14,7,12,0,0,42,59,77,1,1,2,33,1,2
9758,40,1,8,1,1,1,1,28,91,32,1,0,1,26,9,2
9759,38,0,10,0,16,1,0,41,76,53,1,2,4,21,6,1
9760,35,2,1,2,9,0,0,71,29,27,2,4,13,62,5,0
9762,53,0,12,7,12,0,1,85,18,26,2,5,7,71,19,0
9763,52,0,11,6,7,1,0,11,91,53,1,1,3,9,2,1
9764,60,0,6,7,12,0,1,31,86,56,1,2,1,17,7,1
9765,44,1,14,4,23,0,1,29,82,86,1,1,5,24,0,1
9766,49,0,10,7,12,0,1,37,67,30,1,1,0,21,9,2
9767,46,2,10,5,13,2,0,63,32,92,1,1,0,50,9,0
9768,40,2,2,1,5,1,1,11,88,91,1,0,0,8,3,1
9769,37,0,7,0,16,1,0,20,95,74,1,2,0,19,6,1
9770,40,0,12,5,15,1,1,42,70,79,1,0,5,21,8,2
9771,23,2,2,3,18,0,0,82,21,91,2,3,11,71,25,0
9772,54,0,13,1,2,2,0,31,71,44,1,0,1,30,2,2
9773,22,3,1,2,6,1,1,42,52,91,1,0,1,40,2,1
9774,49,2,10,2,11,1,0,14,77,88,1,0,0,7,5,1
9775,51,2,6,4,23,1,1,61,47,65,2,3,6,57,13,2
9776,39,0,3,6,7,1,0,71,36,71,2,4,12,32,23,0
9777,43,1,9,7,12,0,2,62,42,46,2,5,11,53,12,2
9778,27,2,6,3,3,2,0,90,1,80,2,2,8,56,10,0
9779,52,0,5,1,1,0,2,76,17,79,2,4,11,55,6,2
9780,30,1,7,4,20,0,0,53,45,45,2,5,12,52,27,0
9781,58,0,5,7,12,1,0,58,48,41,2,2,13,43,24,0
9782,58,2,18,3,18,1,1,27,65,84,1,1,3,18,1,1
9784,55,0,0,7,21,0,0,83,15,68,2,4,10,63,17,0
9785,35,0,4,6,17,1,1,10,57,83,1,2,5,6,9,1
9786,38,2,10,2,11,2,1,76,31,93,2,2,12,63,22,2
9787,29,0,1,5,15,0,0,79,50,59,2,2,14,68,9,0
9788,32,0,11,0,16,2,0,73,14,90,2,4,6,71,15,0
9789,38,2,6,3,3,1,2,48,60,38,1,1,3,37,9,1
9790,56,3,14,4,20,1,0,50,35,43,1,1,3,47,3,2
9791,34,1,3,3,18,2,1,73,27,79,2,4,9,33,26,2
9792,35,3,10,5,14,1,0,78,2,68,2,3,9,44,19,0
9793,52,0,10,5,13,2,2,14,93,40,1,0,0,8,8,1
9794,39,0,14,5,14,1,2,86,31,34,2,3,12,61,20,0
9795,24,2,3,3,3,1,2,58,38,67,2,3,12,48,20,1
9796,58,0,2,7,21,0,2,65,35,47,1,1,1,39,2,2
9797,24,1,2,5,13,0,0,76,31,46,2,3,5,46,29,0
9798,44,2,0,7,21,1,0,64,48,32,1,0,3,63,0,0
9799,36,1,12,4,23,2,2,56,36,70,1,1,2,33,5,2
9800,26,0,5,3,3,0,1,37,79,26,2,3,6,33,14,1
9801,49,0,9,7,21,2,0,38,64,71,1,1,0,21,1,2
9802,34,0,10,2,11,1,2,80,11,86,2,4,11,40,14,1
9803,59,0,4,5,15,2,1,27,62,32,1,2,3,13,1,2
9805,43,0,8,4,23,2,0,23,86,66,1,1,1,10,1,1
9806,59,2,11,0,16,1,2,84,18,78,2,5,8,47,15,1
9807,37,0,3,3,8,1,0,56,43,91,2,5,12,41,29,2
9808,39,3,6,4,23,0,1,83,26,31,2,4,10,47,8,0
9809,26,2,5,0,22,0,1,24,66,99,1,0,0,19,1,1
9810,60,1,6,6,7,0,0,75,24,40,2,2,6,71,27,0
9811,35,1,6,3,3,0,2,48,50,80,2,3,14,34,14,1
9812,36,0,15,2,11,1,2,51,48,90,1,0,3,23,1,1
9813,34,0,10,0,0,2,1,49,45,39,1,0,5,43,5,2
9814,43,3,2,7,21,0,1,81,7,70,0,7,16,45,36,0
9815,46,0,11,2,6,1,1,21,94,53,1,1,1,16,3,1
9816,57,0,8,2,9,2,1,33,78,67,1,0,5,20,6,1
9817,38,0,5,0,16,1,2,79,0,70,2,3,8,70,16,2
9818,38,0,8,5,14,1,0,63,35,72,2,4,6,46,7,0
9819,53,2,11,1,5,1,0,21,83,49,1,1,4,18,1,1
9820,30,0,9,0,16,0,1,50,41,37,2,2,11,37,11,2
9823,49,0,3,7,10,1,0,26,70,23,1,1,4,14,5,2
9824,33,1,6,2,11,1,1,82,24,73,2,5,14,69,8,0
9825,32,2,5,2,11,0,1,24,87,92,1,0,0,12,4,1
9826,33,2,6,5,14,1,0,38,67,29,1,2,1,26,5,2
9827,49,1,1,4,23,1,0,18,78,68,1,0,3,16,0,2
9829,33,2,7,4,23,0,2,34,66,88,1,0,1,18,3,1
9830,53,1,0,7,10,0,0,77,26,94,2,2,5,50,8,0
9831,37,2,3,0,16,1,1,22,69,34,1,0,2,12,0,1
9832,37,0,11,1,5,1,1,28,79,77,1,0,1,19,3,1
9833,33,3,8,3,18,2,0,36,57,65,1,0,5,23,5,1
9834,45,1,4,1,1,1,0,70,47,40,2,2,11,55,14,0
9835,43,2,3,5,13,1,0,60,57,93,2,4,12,38,6,2
9836,38,3,14,1,1,0,2,48,63,82,1,0,0,41,8,1
9837,36,0,14,0,16,0,2,86,23,54,2,2,5,83,26,2
9838,38,1,7,5,13,0,1,30,69,90,1,1,3,28,3,2
9839,46,1,11,7,10,0,2,10,100,34,1,2,5,6,6,1
9840,38,2,6,3,8,2,1,50,52,78,2,4,7,40,26,1
9841,54,0,11,3,18,1,1,44,45,25,1,1,1,40,1,2
9842,58,0,5,4,4,1,1,65,34,84,2,3,13,53,15,0
9844,27,0,6,4,4,1,0,30,67,91,1,2,0,17,0,2
9845,33,0,3,2,11,2,0,60,55,75,2,3,8,57,11,2
9846,54,0,10,1,1,2,1,81,26,35,2,3,14,80,22,0
9847,37,0,12,0,0,2,1,87,25,55,2,5,7,52,26,2
9848,40,0,7,3,3,1,2,22,73,22,1,2,0,18,4,1
9849,25,0,1,4,20,1,0,44,58,64,1,2,3,35,1,0
9850,37,0,3,7,21,1,0,20,72,70,1,2,5,9,2,1
9851,55,1,11,2,6,1,1,63,31,93,1,1,1,50,0,2
9852,41,0,11,7,10,0,0,78,13,84,2,3,12,55,10,0
9853,59,0,13,2,6,1,0,82,13,63,0,7,21,79,32,0
9854,31,3,3,1,1,1,1,41,50,32,1,1,1,19,0,1
9855,31,0,2,3,18,1,1,59,41,33,1,1,1,57,1,0
9856,54,0,14,5,14,1,0,64,48,56,2,3,7,33,14,0
9857,43,2,8,4,23,1,1,67,20,58,2,2,9,63,21,0
9858,38,0,10,6,17,0,0,14,89,49,1,0,4,13,7,1
9859,39,0,10,0,16,2,1,12,99,36,1,2,3,7,7,1
9861,55,2,4,3,3,0,0,22,64,22,1,1,0,15,5,1
9862,23,0,2,0,16,2,1,25,61,56,1,1,1,20,1,1
9863,21,0,0,2,9,2,1,88,0,30,0,6,16,70,33,0
9864,22,0,1,5,13,0,1,62,35,53,2,3,13,44,26,0
9865,31,0,10,2,9,2,1,51,56,73,1,0,5,29,7,1
9866,58,0,12,2,11,2,0,65,26,86,2,4,14,46,17,2
9867,57,1,0,6,7,2,0,75,19,48,2,2,13,69,8,0
9868,28,1,7,0,0,1,1,27,71,75,1,0,5,14,2,1
9869,38,3,5,0,0,0,0,71,12,86,2,2,13,36,26,2
9870,42,0,9,3,18,0,1,94,5,80,2,2,8,81,13,0
9871,26,2,5,7,21,1,2,40,50,33,1,0,0,20,6,1
9873,29,0,8,0,0,2,2,32,58,44,1,2,1,23,0,1
9874,54,1,11,4,23,1,2,59,56,32,2,4,9,34,16,2
9875,31,2,10,2,11,0,1,45,43,80,1,1,3,25,6,1
9876,32,0,2,1,1,1,1,77,21,72,2,4,12,38,10,0
9877,45,2,7,2,11,0,0,36,80,95,1,1,1,17,4,1
9878,39,2,2,2,6,2,1,71,20,60,2,5,12,69,10,0
9880,50,0,15,4,4,0,0,63,30,28,1,1,1,42,5,0
9881,49,0,9,1,5,2,0,81,16,42,2,5,5,56,20,0
9882,44,3,14,4,23,2,1,68,25,41,2,2,12,55,10,0
9883,44,0,13,6,19,2,1,61,49,92,1,0,3,39,8,2
9884,41,0,11,5,13,0,1,54,30,52,1,2,1,49,7,0
9885,47,0,7,2,9,1,0,37,44,43,1,1,2,26,7,2
9886,29,1,5,2,11,1,1,37,65,85,1,1,4,18,3,1
9887,54,2,13,6,7,2,2,26,84,43,1,1,0,17,9,1
9888,35,2,10,7,12,1,0,25,66,70,1,2,4,18,2,1
9889,54,0,12,2,11,1,1,49,32,73,2,5,8,47,21,2
9890,40,2,12,4,23,0,1,51,41,34,2,3,6,34,22,2
9891,39,0,7,3,8,1,0,58,45,44,2,3,14,43,28,2
9892,37,0,10,3,18,1,1,40,65,84,1,0,0,24,1,1
9893,59,2,4,7,10,2,0,50,65,70,1,0,1,30,6,2
9894,31,2,10,3,3,1,1,54,62,73,1,0,4,32,1,1
9895,57,0,9,0,16,0,0,61,50,20,1,0,2,47,0,0
9896,42,1,6,6,19,2,0,39,42,68,1,1,1,18,9,2
9897,24,0,3,7,12,0,1,16,83,86,1,0,5,7,5,1
9898,53,2,2,6,17,1,0,50,51,37,1,2,4,35,2,0
9899,23,1,2,2,9,2,0,24,82,42,1,1,2,14,1,2
9900,33,2,3,6,17,1,0,13,78,36,1,2,5,6,8,1
9901,32,2,11,6,17,2,0,53,58,89,1,0,3,38,2,2
9902,55,2,7,3,18,1,0,17,79,86,1,1,1,10,2,1
9903,32,1,0,1,2,0,2,53,46,90,2,2,14,50,23,2
9904,50,0,11,1,2,1,0,58,38,54,2,4,6,27,21,2
9905,42,0,12,7,21,1,0,22,73,54,1,2,4,10,6,1
9906,40,1,5,4,4,1,1,61,46,86,2,3,13,58,18,0
9907,55,0,10,5,13,1,0,73,43,48,2,4,7,67,6,0
9908,38,1,8,1,5,2,2,32,66,90,1,0,5,22,0,1
9909,52,0,0,0,22,0,2,16,84,99,1,1,1,13,5,1
9910,58,0,12,5,15,2,2,83,12,59,2,5,12,79,6,0
9911,52,2,12,5,13,1,1,41,50,67,1,0,3,18,9,2
9912,31,0,6,0,0,1,1,48,58,79,1,0,5,26,0,1
9913,59,1,10,5,15,2,0,18,95,20,1,1,2,15,8,2
9914,36,0,9,3,8,0,0,15,88,88,1,2,4,12,7,1
9915,34,0,6,6,7,2,1,35,51,62,1,2,4,22,0,2
9916,26,2,5,0,16,1,1,76,22,88,2,4,14,51,5,2
9917,24,2,3,1,5,0,1,32,69,30,1,0,2,30,0,1
9918,40,0,7,6,17,1,0,24,81,58,1,2,3,13,5,2
9919,32,0,4,1,1,1,0,56,27,65,1,2,0,29,3,0
9920,46,2,16,0,22,1,2,61,30,88,2,5,10,40,22,1
9921,30,2,9,1,1,2,2,94,0,60,2,5,6,45,16,2
9922,56,2,7,4,4,2,1,19,74,32,1,0,1,18,7,1
9923,55,0,10,5,13,0,0,50,27,56,1,2,5,35,1,0
9924,41,3,9,7,12,1,1,88,9,66,2,3,14,63,11,0
9925,49,0,4,7,12,0,1,29,80,55,1,1,5,24,7,1
9927,53,0,7,3,3,2,1,85,30,81,2,2,5,70,6,0
9928,45,0,11,0,0,0,1,74,58,77,2,5,10,51,22,2
9930,59,2,7,1,5,1,2,77,18,93,2,3,13,45,9,2
9931,37,0,7,4,4,1,2,84,12,61,2,3,10,49,21,2
9932,47,0,9,2,9,1,1,76,19,28,2,5,6,71,29,0
9933,47,1,11,7,10,1,1,67,43,33,2,5,5,38,11,0
9934,42,0,11,3,18,1,1,27,72,94,1,2,5,15,7,1
9935,32,0,11,7,12,2,1,25,73,90,1,2,2,18,6,1
9936,53,2,5,5,14,0,1,45,56,20,1,1,2,20,3,2
9937,23,0,2,5,14,0,1,27,73,47,1,1,2,17,6,2
9938,43,1,8,6,7,1,0,35,57,87,1,0,5,33,4,2
9939,48,2,11,6,7,0,0,32,89,84,1,2,2,29,5,1
9940,27,0,6,4,20,2,0,37,59,75,1,2,4,29,2,2
9941,60,0,5,6,19,1,1,52,41,96,1,2,3,48,9,2
9942,56,0,9,1,1,1,2,47,45,88,1,2,4,27,6,1
9943,46,0,10,1,2,1,1,24,85,59,1,2,4,12,3,1
9944,51,0,10,4,20,2,1,25,74,64,1,1,5,12,2,1
9945,31,0,5,7,10,1,2,61,22,29,1,1,1,50,5,2
9946,56,3,2,6,19,2,0,51,57,92,1,2,3,50,9,2
9947,27,3,6,3,8,0,0,25,72,68,1,1,5,16,2,1
9948,56,2,13,6,19,2,1,33,78,92,1,2,2,15,4,1
9949,38,1,3,2,11,0,2,94,3,94,0,8,19,79,25,0
9950,56,1,5,3,18,1,1,48,54,31,1,2,4,24,3,2
9951,46,0,10,3,18,1,0,27,68,53,1,1,5,26,9,1
9952,49,0,9,6,19,0,1,28,65,96,1,1,0,27,6,1
9953,22,0,1,3,18,1,2,14,80,47,1,0,3,11,0,1
9954,43,3,12,1,2,1,0,76,22,23,2,2,13,59,17,0
9955,44,2,12,7,21,1,2,68,30,32,2,5,12,48,14,2
9956,36,2,1,7,21,1,2,27,70,84,1,2,5,12,6,1
9957,34,0,11,1,1,0,0,48,41,78,1,2,0,34,6,2
9958,34,2,3,3,8,1,0,89,0,38,2,5,5,65,10,0
9959,43,0,15,4,4,1,1,13,75,86,1,0,5,8,9,1
9960,22,0,1,7,10,0,0,75,22,58,2,2,11,42,5,0
9961,55,1,3,3,8,1,1,11,95,51,1,0,0,9,0,1
9962,22,2,1,1,5,0,0,42,56,70,1,1,2,31,6,2
9963,24,1,3,6,17,1,0,44,66,82,1,2,3,28,7,2
9964,47,1,10,7,10,0,0,13,83,58,1,0,5,10,4,1
9965,37,0,11,5,14,2,2,36,43,20,1,2,4,33,7,2
9966,42,0,13,6,7,0,0,70,23,54,2,2,9,33,11,0
9967,39,0,15,5,15,2,1,92,0,63,0,5,17,50,45,0
9968,48,0,16,6,7,1,1,30,73,49,1,2,2,24,0,1
9969,53,1,18,1,2,1,0,82,0,88,0,7,24,78,29,0
9970,23,2,2,3,3,2,0,64,28,66,1,1,4,35,8,0
9971,48,2,4,5,15,1,2,89,13,36,2,3,9,50,25,0
9973,47,0,9,0,0,1,0,55,51,29,1,1,1,28,5,2
9974,25,1,4,7,12,0,0,50,51,27,2,3,7,44,14,0
9975,37,0,7,0,16,2,0,23,70,67,1,1,0,17,4,1
9976,48,0,12,1,1,0,1,26,78,24,1,0,4,21,1,1
9977,60,0,4,3,18,1,1,44,57,73,1,2,4,31,7,1
9978,23,2,2,3,3,1,0,46,48,36,1,2,0,32,8,2
9979,28,0,7,7,10,1,1,12,73,32,1,2,2,7,8,1
9980,54,2,14,3,3,1,0,79,20,38,2,5,8,58,12,0
9981,43,1,0,5,15,0,0,90,10,40,0,6,16,84,46,0
9982,46,1,1,7,21,2,0,54,48,75,1,2,0,36,4,0
9983,54,2,3,1,5,1,1,62,30,52,2,2,9,47,6,2
9984,55,0,4,3,8,2,1,90,18,29,2,3,12,48,5,0
9985,33,2,10,3,3,1,0,49,45,72,2,3,7,31,7,2
9986,24,0,3,7,12,0,1,33,70,92,1,1,5,21,0,1
9987,58,0,8,7,21,1,0,12,89,74,1,1,5,11,9,1
9988,32,0,10,5,14,0,0,70,29,73,2,2,11,33,6,0
9990,25,2,4,7,21,2,2,76,36,27,2,4,13,71,23,2
9991,58,2,10,5,14,1,1,69,19,23,2,4,6,67,18,0
9992,40,1,0,1,2,0,1,80,34,44,2,5,10,68,10,0
9993,49,2,8,6,17,0,0,58,42,32,1,1,5,27,1,0
9994,37,0,10,3,3,2,2,53,46,75,2,3,13,26,11,1
9995,41,0,12,0,22,1,0,10,91,83,1,1,5,5,0,1
9996,49,2,6,7,12,1,0,24,75,82,1,2,1,17,0,1
9997,46,0,13,5,13,2,2,92,12,26,0,5,19,79,51,0
9998,59,2,4,4,20,2,0,49,55,28,1,2,2,39,1,2
9999,56,1,1,3,3,1,2,56,46,47,2,5,13,38,5,2
10000,45,1,14,6,17,0,0,26,60,70,1,0,3,16,7,2
10001,58,0,9,7,12,0,0,14,84,62,1,0,3,6,7,1
10002,29,2,8,6,17,0,0,47,46,61,1,1,1,33,4,2
10003,39,2,14,2,9,1,0,70,41,22,2,2,7,55,9,0
10004,47,0,6,7,10,0,0,82,26,88,2,2,11,63,17,0
10005,38,0,12,7,12,0,2,85,0,93,2,4,9,55,16,2
10006,32,0,10,4,20,1,2,60,43,70,1,1,1,42,9,2
10007,59,0,14,6,7,1,0,76,35,20,2,3,6,36,13,0
10008,48,0,7,7,12,1,2,37,68,90,1,2,2,26,0,1
10009,30,1,9,1,5,1,0,67,37,69,2,4,13,44,9,0
10010,50,1,2,4,4,1,1,66,41,77,1,1,4,56,7,0
10012,29,0,8,3,3,0,1,25,82,51,1,1,3,14,1,1
10013,52,1,4,7,10,0,1,15,83,84,1,2,1,9,3,1
10014,56,0,2,0,0,1,0,82,20,68,2,3,13,78,25,0
10016,36,0,9,4,23,1,1,50,68,62,2,3,14,30,13,2
10017,28,1,7,3,8,2,1,42,48,71,2,3,11,37,26,2
10018,48,1,13,6,19,2,1,90,11,80,2,3,6,77,26,0
10019,45,0,16,3,18,1,2,79,22,68,2,3,7,62,24,2
10020,28,2,7,2,9,2,0,26,65,89,1,0,4,14,5,1
10021,49,0,4,0,0,1,0,28,69,82,1,2,1,25,6,1
10022,39,1,6,2,9,1,0,13,82,72,1,2,1,12,7,1
10024,44,3,15,1,2,0,0,35,74,83,1,0,0,23,3,1
10025,29,2,7,3,8,2,1,86,16,35,2,2,12,50,15,0
10026,21,2,0,0,22,2,2,30,72,82,1,2,4,23,5,1
10027,27,2,6,1,5,2,1,63,43,78,2,4,5,53,12,2
10029,60,0,13,0,22,1,0,42,56,87,1,2,1,40,4,2
10030,23,1,2,4,23,1,0,61,47,36,2,4,7,42,22,0
10031,42,0,7,4,23,0,0,65,49,84,2,3,7,62,20,0
10032,40,0,11,1,2,1,1,75,42,36,2,2,12,54,8,0
10034,35,0,3,5,15,0,0,33,61,37,1,1,5,26,8,2
10035,58,0,12,2,11,0,0,25,72,74,1,2,0,20,9,1
10036,49,0,10,1,2,0,0,35,75,41,1,0,2,26,0,2
10037,36,0,14,2,9,1,1,78,9,67,2,4,9,38,17,2
10038,24,0,3,1,2,1,1,16,71,68,1,0,5,13,1,1
10039,49,0,5,7,10,0,0,30,67,86,1,2,2,23,2,1
10040,45,0,3,7,21,0,2,43,57,70,2,4,5,38,13,1
10041,33,3,7,2,11,1,2,79,19,82,2,2,6,45,23,1
10042,30,0,9,2,6,1,2,82,21,92,2,4,5,53,21,2
10043,57,0,11,4,23,1,0,54,41,59,2,3,11,46,5,0
10044,33,0,10,1,5,2,1,37,34,47,1,1,5,21,9,2
10046,39,1,18,5,13,1,0,94,14,29,2,4,6,47,27,0
10047,37,0,6,0,0,2,0,13,89,23,1,0,0,12,6,1
10048,26,2,5,2,11,2,0,71,40,74,2,4,14,60,10,2
10049,43,2,13,0,16,2,0,44,59,60,1,1,1,21,4,1
10050,25,1,4,5,15,2,0,61,61,68,2,3,11,32,16,0
10051,29,2,8,4,20,1,1,67,63,42,2,5,12,57,23,2
10052,32,0,9,0,0,1,0,46,51,51,1,1,2,40,3,2
10053,48,1,0,2,11,0,0,72,29,82,2,5,8,33,20,0
10054,48,1,13,2,11,2,2,56,54,86,1,1,2,38,9,1
10055,56,0,10,0,0,1,1,29,68,45,1,2,3,26,0,1
10056,39,2,15,3,8,2,1,48,53,47,2,3,7,34,22,1
10057,27,2,6,3,8,1,0,54,62,56,2,4,5,50,23,2
10058,48,1,6,3,18,0,1,21,81,62,1,1,3,14,7,1
10059,45,2,4,7,10,1,1,49,45,43,1,2,3,30,2,2
10060,35,0,12,0,0,1,0,92,19,86,2,4,11,82,7,0
10061,44,3,11,5,14,2,1,10,87,69,1,0,5,5,1,1
10062,31,1,9,4,20,1,0,55,40,50,1,2,4,32,3,0
10063,42,0,9,6,19,0,0,85,29,88,2,2,14,53,12,0
10064,47,3,9,5,15,1,2,38,64,78,1,0,4,18,4,1
10065,54,0,13,2,6,1,0,75,20,30,2,5,9,44,21,0
10066,56,0,1,2,6,1,2,31,63,78,1,1,3,20,6,1
10067,54,2,15,0,16,1,0,77,32,72,2,5,10,34,26,2
10068,53,0,6,5,14,1,1,29,59,79,1,2,5,20,9,1
10069,23,0,2,3,18,2,1,57,58,53,1,2,4,35,8,2
10070,37,0,9,4,4,1,1,67,38,49,2,4,9,40,7,0
10071,57,0,14,2,11,1,1,14,81,88,1,0,2,7,6,1
10072,40,1,6,5,13,2,2,26,83,61,1,1,5,20,4,1
10073,35,0,11,4,20,1,2,42,53,79,1,2,0,19,9,1
10074,25,2,1,1,1,2,1,18,88,51,1,1,5,11,4,1
10075,59,0,9,7,10,1,1,75,13,94,2,5,10,65,27,0
10076,51,0,7,7,12,1,2,15,79,51,1,2,3,12,7,1
10077,60,0,10,0,22,0,2,74,23,83,2,2,14,63,13,2
10078,23,1,2,4,20,2,1,63,34,75,2,5,13,36,9,0
10079,57,0,12,3,3,1,1,16,74,94,1,2,0,14,3,1
10080,53,2,17,3,18,2,1,10,95,49,1,1,2,6,6,1
10081,56,0,5,1,2,1,0,51,42,26,1,2,2,30,8,0
10082,25,1,1,0,22,0,1,16,71,71,1,0,3,8,5,1
10083,27,0,3,2,9,2,1,70,36,41,2,2,7,52,8,2
10084,45,0,5,1,2,0,0,57,38,56,1,1,1,28,5,0
10085,35,2,7,1,5,2,0,35,51,38,1,1,2,30,6,2
10086,49,1,4,2,9,1,2,63,30,75,2,5,11,61,16,2
10087,39,2,14,1,2,2,1,30,58,78,1,2,1,28,9,1
10088,31,0,5,3,8,2,0,67,21,72,2,4,8,30,29,2
10089,33,0,1,0,22,2,1,51,73,91,1,2,0,32,2,1
10090,40,0,10,4,20,1,0,94,17,23,2,4,12,93,22,0
10091,51,1,9,2,11,1,1,47,59,72,1,1,4,42,6,2
10092,55,2,9,3,18,2,1,64,45,40,2,4,8,49,5,2
10093,34,1,5,4,20,1,1,32,68,48,1,1,2,15,8,2
10094,24,0,3,7,12,2,2,36,64,73,1,0,2,34,5,1
10095,24,0,3,0,16,0,1,56,33,76,2,5,5,26,10,1
10096,58,0,7,3,18,1,1,77,37,41,2,5,5,72,16,0
10097,45,0,9,4,23,1,1,31,77,75,1,0,0,27,3,1
10098,56,2,12,1,2,0,0,54,51,33,2,2,8,34,22,2
10099,49,1,0,5,13,1,0,88,3,29,2,2,11,79,21,0
10100,28,0,4,0,16,2,0,35,60,61,2,2,7,24,13,1
10101,44,0,11,5,14,0,2,65,31,62,2,5,14,48,12,2
10102,24,0,3,2,6,2,1,61,42,64,2,3,12,36,20,2
10103,29,0,8,4,23,0,0,76,30,52,2,3,14,72,22,0
10104,46,0,4,6,17,1,1,73,23,68,2,5,12,34,11,0
10105,22,3,1,0,22,0,2,29,52,74,1,0,1,26,5,1
10106,29,1,5,5,15,0,1,80,21,75,2,3,5,61,26,0
10107,37,1,10,4,20,0,1,30,64,26,1,1,1,26,4,2
10108,33,1,9,7,12,1,0,80,28,62,1,2,5,46,0,0
10109,47,0,7,1,2,2,1,15,71,27,1,0,1,12,1,1
10110,30,1,8,2,9,1,0,39,44,94,1,2,1,18,4,2
10112,41,1,3,1,1,2,2,67,41,55,2,4,8,52,27,2
10113,25,0,4,1,1,1,0,30,72,44,1,0,2,17,6,2
10114,32,0,10,5,15,2,1,26,78,53,1,0,5,17,2,1
10116,51,0,10,0,16,1,0,38,69,44,1,0,2,33,3,2
10117,52,2,13,7,10,0,0,36,69,20,1,0,5,19,7,2
10118,59,1,6,2,11,0,1,71,16,97,2,5,6,61,7,0
10119,34,2,0,4,23,0,1,13,91,90,1,2,1,8,4,1
10120,60,2,5,6,7,2,1,83,24,80,2,5,7,38,7,0
10121,29,0,3,0,0,1,0,29,58,75,1,1,3,13,3,1
10122,54,1,14,5,13,2,2,66,19,32,2,3,13,59,11,0
10123,46,2,6,6,17,1,1,74,8,36,2,4,9,46,6,0
10124,30,0,5,2,9,1,2,31,70,55,1,2,0,27,5,1
10125,35,2,13,3,3,1,0,92,10,76,2,4,10,88,21,0
10127,22,1,1,7,10,1,0,30,78,92,1,2,1,16,7,2
10128,35,0,11,7,21,1,1,57,36,34,1,1,3,45,0,0
10129,31,1,9,6,7,1,0,50,34,68,1,2,5,49,3,0
10130,40,2,7,6,7,0,0,57,34,89,2,4,14,30,18,2
10131,48,0,9,5,15,1,0,84,21,73,2,4,11,61,17,0
10132,47,3,2,6,7,1,0,79,24,94,2,5,14,58,23,0
10133,49,0,9,5,14,1,1,28,80,43,1,0,1,18,0,2
10135,50,2,5,7,12,1,0,44,46,21,1,1,2,43,2,2
10136,48,2,2,5,15,1,0,23,66,51,1,0,5,12,5,2
10137,56,0,10,2,6,1,0,63,22,86,2,4,11,36,18,2
10138,46,0,4,3,3,1,1,71,32,54,2,4,7,58,9,0
10139,60,2,10,0,22,2,1,23,78,82,1,0,5,18,7,1
10140,41,0,11,4,23,0,1,33,74,89,1,1,3,17,8,1
10141,25,0,2,5,13,1,1,38,61,84,1,0,2,28,9,2
10142,29,0,2,3,3,0,1,46,74,25,1,1,0,32,9,2
10143,24,0,3,0,0,0,1,20,81,45,1,2,2,18,4,1
10144,24,0,3,0,0,2,2,83,15,47,2,5,10,49,16,2
10145,39,0,0,1,5,1,1,74,32,47,2,4,14,70,5,0
10146,32,2,7,7,10,2,0,41,41,56,1,0,1,22,8,2
10148,41,0,15,2,6,1,0,48,45,90,1,1,5,40,5,2
10149,56,0,8,3,8,1,0,11,89,39,1,1,5,6,2,1
10152,58,0,13,1,1,2,0,83,14,67,2,3,9,52,7,0
10153,46,1,11,4,4,2,0,57,54,66,1,2,5,56,4,0
10155,39,0,12,3,8,1,1,50,56,69,1,2,2,39,4,2
10156,49,0,17,1,1,1,0,87,21,73,2,5,13,50,14,0
10157,21,0,0,1,1,2,0,42,61,50,1,0,5,27,4,0
10158,35,0,9,1,5,0,0,35,51,73,1,1,2,33,4,2
10159,38,0,12,7,10,2,1,82,14,77,2,4,10,40,24,0
10160,32,2,9,3,18,2,1,39,68,92,1,1,0,24,3,1
10161,51,0,1,0,0,1,1,85,21,93,2,2,12,55,24,0
10162,24,2,3,4,4,1,0,76,36,62,2,3,10,46,26,0
10163,36,0,12,7,10,2,0,33,70,54,1,0,5,18,3,2
10164,44,2,10,2,11,2,0,27,70,98,1,1,0,22,7,1
10165,59,1,9,3,3,1,1,69,36,25,2,5,10,39,5,0
10166,34,0,8,0,22,1,0,14,95,99,1,0,3,7,0,1
10167,39,1,9,0,0,1,0,46,46,59,1,1,0,40,9,2
10168,36,0,8,1,2,2,1,40,48,54,1,0,4,26,7,2
10169,36,2,13,2,11,1,0,37,51,85,1,0,0,18,3,1
10170,47,2,9,1,2,1,0,73,28,77,2,5,12,56,7,0
10171,58,1,15,2,11,2,1,56,41,90,2,4,6,28,18,2
10172,38,0,5,4,23,1,1,27,70,43,1,0,5,24,5,2
10173,38,0,3,0,22,2,0,29,58,85,1,1,3,13,2,1
10174,52,0,6,3,18,1,0,17,84,38,1,0,5,8,0,1
10175,29,1,3,7,12,0,0,78,14,20,2,3,11,47,18,0
10176,26,0,5,3,18,1,2,10,69,62,1,1,1,8,9,1
10177,51,0,5,0,22,1,0,69,34,83,2,2,9,60,5,0
10178,51,0,7,0,22,2,0,67,36,68,2,5,6,30,10,2
10179,28,2,7,2,9,0,1,55,49,67,2,3,14,50,29,1
10180,48,0,9,5,15,0,0,22,76,91,1,1,5,15,6,1
10181,26,2,5,0,22,1,0,59,24,85,2,4,9,49,17,2
10182,33,0,6,4,23,1,1,35,48,90,1,0,1,24,3,2
10183,59,0,19,3,3,2,0,61,33,76,2,4,13,28,22,2
10184,43,0,6,1,5,1,0,46,50,86,1,0,4,24,8,2
10185,31,0,10,6,19,1,1,38,45,87,1,1,2,29,4,2
10186,29,3,4,4,4,1,1,26,57,92,1,2,4,16,1,1
10189,57,2,6,3,18,2,1,77,8,56,2,3,13,34,14,2
10190,45,0,0,1,1,1,0,17,90,58,1,0,4,15,8,2
10191,36,3,11,3,3,1,0,65,26,29,2,5,8,48,29,2
10192,32,0,11,5,13,0,1,42,47,70,1,2,1,29,8,2
10193,54,1,7,6,17,2,1,33,56,52,1,1,3,23,6,2
10194,50,2,2,3,18,2,0,83,38,60,0,7,21,77,35,0
10195,49,0,9,1,1,2,1,42,75,56,1,0,4,30,3,2
10196,40,2,19,5,15,1,0,37,64,86,1,2,2,34,7,2
10197,49,1,5,2,11,0,2,84,16,74,2,4,11,73,19,2
10198,28,2,4,6,17,2,0,62,41,24,1,2,3,47,0,0
10199,58,0,3,3,8,0,1,49,43,74,2,3,12,48,20,2
10200,23,0,2,5,14,0,1,69,38,89,2,3,12,50,8,0
10201,53,2,7,1,2,2,2,40,69,36,1,0,4,23,7,1
10202,35,2,4,5,13,2,1,12,89,37,1,1,4,9,9,1
10203,40,2,13,1,1,2,1,23,77,45,1,2,5,21,1,1
10204,31,2,10,0,16,0,1,48,41,56,1,0,5,44,8,1
10205,51,0,8,2,6,2,2,10,93,73,1,1,5,4,6,1
10207,52,1,0,6,17,1,0,77,20,74,2,2,12,37,8,0
10208,32,1,3,0,22,1,0,70,47,75,2,2,6,53,26,0
10209,53,3,3,3,3,2,0,52,44,50,2,4,11,46,20,2
10210,34,2,7,7,10,1,2,53,42,68,1,2,1,38,8,1
10211,57,0,18,3,18,2,1,92,0,48,2,4,13,43,6,0
10212,21,0,0,7,21,2,1,47,63,53,2,4,10,24,25,2
10213,54,1,17,3,8,1,0,67,14,94,2,5,10,65,6,0
10214,53,2,11,3,3,1,0,37,44,57,1,0,3,31,0,2
10215,36,0,0,7,12,0,0,16,81,45,1,0,2,8,5,2
10216,39,0,8,3,18,1,1,84,28,88,2,5,7,41,24,2
10217,21,3,0,7,12,1,1,17,89,37,1,0,3,15,4,1
10218,48,3,1,4,23,2,0,35,48,58,1,0,4,18,6,2
10219,59,0,15,5,14,1,0,80,23,74,2,4,8,60,29,0
10220,37,0,1,6,17,1,1,64,27,85,2,4,11,46,5,0
10221,29,0,8,5,13,2,1,18,73,93,1,2,0,8,5,1
10222,39,3,3,2,6,2,0,73,42,86,2,4,9,55,9,2
10223,48,0,15,6,7,2,1,13,90,74,1,0,5,12,8,1
10224,48,2,3,6,7,2,0,40,53,77,1,2,4,30,9,2
10225,22,2,1,5,15,2,0,77,12,34,1,1,5,50,1,0
10226,36,0,9,0,22,1,1,64,24,76,1,2,2,38,9,2
10227,31,1,10,3,18,1,0,48,52,85,1,2,3,37,7,2
10228,43,0,11,7,21,2,0,51,50,81,2,3,13,43,27,2
10229,26,2,3,4,23,1,0,54,42,62,1,1,3,47,1,0
10230,24,0,3,2,9,1,0,27,63,30,1,0,4,25,2,2
10231,29,1,8,0,22,2,0,26,77,76,1,2,1,13,6,1
10233,23,0,2,0,22,1,0,41,54,97,1,2,2,25,9,2
10234,53,2,7,1,5,1,0,62,47,54,2,2,13,44,15,2
10235,31,0,1,6,17,1,1,74,21,44,2,4,10,47,22,0
10236,54,3,14,0,0,2,1,46,59,53,2,2,12,26,20,1
10237,25,0,4,2,9,2,1,29,81,73,1,1,4,23,1,1
10238,42,0,14,2,9,1,2,56,41,68,2,5,7,27,21,1
10239,53,2,4,1,5,0,1,39,70,23,1,0,5,36,4,2
10240,44,1,17,5,14,1,1,28,55,90,1,2,1,17,3,1
10242,21,0,0,2,6,1,2,43,62,69,2,5,14,27,10,1
10243,60,0,18,2,11,1,0,47,61,66,1,2,2,26,0,1
10244,26,0,5,6,17,2,1,79,8,38,2,2,13,37,21,0
10245,30,2,9,0,22,0,2,13,91,81,1,1,0,8,2,1
10246,26,1,5,1,1,2,1,40,66,58,1,2,3,28,5,2
10247,37,2,16,3,8,0,1,83,3,23,2,5,11,73,11,0
10248,55,0,4,3,8,0,2,17,74,87,1,0,0,9,5,1
10249,31,2,10,7,12,1,1,15,87,45,1,1,0,7,9,1
10250,35,1,11,3,3,2,0,18,98,76,1,0,3,11,0,1
10251,57,2,7,6,19,2,1,29,67,97,1,0,4,26,0,1
10252,34,0,10,7,12,2,1,55,55,43,2,2,9,35,24,2
10253,40,0,5,5,14,1,0,32,65,42,1,2,3,23,2,2
10254,53,0,11,3,18,2,2,20,82,24,1,0,3,18,8,1
10255,50,0,4,1,1,1,0,65,31,38,2,2,10,36,29,0
10257,35,0,2,4,20,1,1,12,93,29,1,1,4,5,5,1
10258,52,2,0,2,6,1,0,82,27,46,2,5,12,79,29,0
10259,32,0,11,3,3,2,1,36,54,33,1,2,2,33,9,2
10260,21,0,0,0,0,1,0,66,41,41,1,1,1,37,7,0
10261,28,0,7,0,16,1,0,83,33,46,2,5,9,81,5,0
10262,50,0,8,4,23,1,1,78,43,75,2,3,5,67,20,0
10263,22,1,1,2,11,2,0,45,61,73,1,0,4,43,9,2
10264,35,0,12,2,6,1,2,71,33,36,1,1,0,68,0,2
10265,41,0,5,7,21,1,0,29,75,47,1,0,5,22,4,2
10266,40,0,2,2,9,1,0,78,18,75,2,4,9,44,9,0
10267,47,0,12,3,18,1,0,35,56,38,2,5,9,24,9,2
10268,30,0,9,6,17,2,0,59,27,25,2,5,11,34,28,0
10269,43,0,1,2,11,0,0,24,93,76,1,0,5,23,7,1
10270,58,1,7,2,9,2,1,65,29,63,2,2,12,59,20,0
10271,52,2,8,0,0,1,1,10,87,34,1,1,5,5,7,1
10272,57,0,0,2,11,2,1,24,86,77,1,1,0,13,6,1
10273,49,2,16,5,15,1,1,34,75,56,1,1,2,16,1,1
10274,41,0,10,4,20,0,2,47,53,30,2,2,8,42,17,2
10275,59,0,4,2,11,0,0,75,22,96,2,3,5,41,29,2
10276,25,0,4,4,20,2,2,21,73,57,1,0,5,20,8,1
10277,49,0,6,1,5,0,0,92,2,31,0,5,21,73,42,0
10278,59,0,9,2,11,1,0,87,8,78,2,5,13,56,28,0
10279,37,0,12,3,18,2,1,13,72,84,1,2,5,9,8,1
10280,40,0,8,6,17,1,1,40,56,30,1,1,4,30,3,2
10281,58,0,9,2,11,1,1,30,74,74,1,1,1,25,4,1
10282,54,0,3,2,11,2,0,75,16,69,2,2,11,50,28,0
10283,34,2,5,0,16,1,2,60,27,23,2,5,13,28,5,1
10284,49,1,7,1,2,1,0,14,84,83,1,1,1,11,6,1
10285,58,0,13,4,4,2,0,47,69,35,1,0,3,37,0,0
10286,24,0,3,3,8,2,1,66,17,77,2,5,13,43,23,2
10287,34,0,8,0,16,1,1,30,83,92,1,2,1,18,3,1
10289,51,1,4,1,1,0,1,39,63,67,1,0,3,37,3,2
10290,21,0,0,7,10,0,0,58,35,91,1,2,1,28,0,0
10291,45,0,6,0,0,0,0,58,28,80,2,3,14,47,13,2
10292,38,0,8,1,2,0,0,45,52,36,1,1,2,38,5,0
10293,23,1,2,0,16,2,0,74,54,61,2,3,7,43,10,0
10294,30,0,9,4,4,2,1,53,61,85,1,1,0,25,7,2
10295,56,0,7,4,20,1,1,81,38,56,2,5,5,66,15,0
10296,25,0,4,1,5,2,1,87,45,23,2,2,8,79,15,0
10297,57,0,12,3,8,1,0,15,74,77,1,0,0,9,9,1
10298,50,3,8,3,3,0,1,94,0,84,0,6,25,53,47,2
10299,41,3,11,6,17,2,0,31,71,32,1,1,5,18,7,2
10300,39,0,3,6,19,2,0,54,51,68,1,1,2,51,4,0
10301,48,1,13,7,12,0,1,75,17,71,2,4,13,55,17,0
10302,41,2,5,2,6,1,0,86,4,38,2,5,9,59,13,0
10304,32,1,5,5,15,1,0,68,27,71,2,5,5,57,13,0
10305,37,0,10,5,14,1,2,84,28,40,2,4,11,62,15,0
10306,59,0,7,1,2,2,0,19,68,44,1,0,4,15,3,2
10307,25,0,4,2,11,1,0,26,75,93,1,0,2,24,0,1
10308,25,0,4,4,20,0,0,35,59,20,1,1,4,29,7,2
10309,41,0,13,3,18,1,1,50,49,34,1,0,0,29,2,2
10310,56,0,14,2,6,2,1,12,100,43,1,2,0,7,1,1
10311,57,2,11,6,7,1,0,53,24,40,1,2,2,48,0,0
10312,25,2,4,5,13,0,2,10,89,53,1,0,2,6,9,1
10313,26,0,5,2,6,2,2,73,26,69,2,2,14,69,20,2
10314,25,2,4,6,19,1,1,27,81,66,1,2,5,16,7,1
10315,52,0,11,2,11,0,0,85,16,95,2,3,14,68,29,0
10316,42,0,16,5,14,1,1,17,68,20,1,0,4,8,7,1
10317,60,1,8,5,15,1,1,15,88,79,1,0,2,7,4,1
10318,42,1,5,4,23,1,2,34,80,39,1,1,4,20,8,1
10319,36,0,15,6,7,1,1,78,12,93,2,5,14,49,10,0
10320,38,2,7,2,6,1,1,80,23,36,2,4,7,58,12,2
10321,58,2,17,1,1,1,0,80,20,80,2,3,12,68,13,0
10322,51,1,5,7,21,1,0,60,43,84,2,5,7,43,18,0
10323,30,2,5,6,7,0,1,67,18,64,2,2,13,66,28,0
10324,50,2,5,3,8,1,1,26,79,72,1,1,5,14,7,1
10325,27,0,6,2,6,0,1,93,0,37,2,3,6,84,19,0
10326,58,2,16,3,18,0,0,47,49,25,2,4,13,41,17,2
10327,37,2,6,3,8,2,1,11,100,30,1,1,5,8,1,1
10328,52,1,9,6,19,2,0,22,61,80,1,2,0,12,6,2
10329,45,2,3,5,13,2,1,49,52,67,2,2,11,22,16,2
10330,52,0,7,2,11,1,1,35,60,80,1,1,3,32,9,1
10331,38,0,10,2,11,1,0,16,95,99,1,1,3,11,6,1
10332,46,0,0,4,23,2,2,41,76,93,1,2,0,20,9,1
10333,31,0,0,0,22,2,1,33,59,83,2,4,9,28,19,1
10334,49,0,16,1,1,1,1,53,50,25,1,2,5,45,8,2
10335,51,1,13,0,16,2,0,57,43,35,1,1,3,43,5,0
10336,37,0,8,6,19,2,1,65,33,76,2,5,6,63,8,0
10337,49,0,2,2,6,2,0,52,46,79,2,3,5,32,9,2
10338,56,2,6,1,5,0,2,77,10,51,2,2,8,43,12,2
10339,60,0,9,0,22,2,0,78,5,90,2,3,5,37,22,2
10340,41,1,5,7,21,1,0,57,36,70,1,2,1,27,4,0
10341,43,0,5,7,10,1,0,65,48,79,1,0,5,47,1,0
10342,24,2,3,3,8,0,1,40,43,81,1,1,1,23,3,1
10343,46,0,2,3,3,1,0,50,43,75,1,2,0,26,9,2
10344,43,0,9,6,17,0,1,28,69,66,1,0,1,26,1,2
10345,21,1,0,4,23,0,0,45,41,77,1,1,0,41,8,0
10346,47,0,12,0,0,1,2,70,40,63,2,5,10,33,19,1
10347,22,0,0,1,2,2,1,22,94,33,1,0,5,17,3,1
10348,47,2,2,6,19,1,1,83,12,86,2,3,6,60,6,0
10349,41,2,5,1,2,0,2,53,55,68,1,2,0,35,3,1
10350,56,0,11,3,8,0,0,12,84,93,1,1,0,7,8,1
10351,56,1,11,2,6,1,2,16,72,73,1,0,0,15,9,1
10352,22,1,1,1,5,1,1,84,0,56,2,3,12,57,29,0
10353,58,2,3,1,5,2,2,17,74,26,1,2,5,13,1,1
10355,31,2,7,3,18,0,0,86,21,24,2,3,5,57,14,0
10356,58,0,10,6,19,1,1,14,100,74,1,0,1,6,3,1
10357,30,1,1,3,3,1,1,37,66,88,1,2,5,22,4,2
10358,53,1,8,6,7,1,1,52,46,30,1,0,5,43,8,0
10359,42,1,10,5,14,1,0,68,28,80,2,4,10,41,13,0
10360,45,0,8,7,21,0,0,69,39,65,2,5,11,32,17,0
10362,43,0,9,1,1,1,0,33,75,88,1,1,1,16,5,1
10363,22,0,1,1,5,2,0,40,66,27,1,1,4,19,3,2
10364,41,0,8,4,20,0,2,47,29,22,2,3,11,30,23,2
10365,21,0,0,3,3,1,0,10,80,53,1,1,1,8,4,1
10366,39,2,8,7,12,1,1,28,86,78,1,2,4,14,6,1
10367,44,3,7,0,0,1,1,10,94,39,1,1,0,6,9,1
10368,47,2,10,7,21,0,0,46,58,22,2,2,11,38,11,2
10369,56,0,8,3,3,0,1,91,0,85,2,4,8,59,10,0
10370,50,3,12,6,7,1,1,68,37,45,2,5,7,37,11,2
10371,33,2,11,7,10,0,0,33,60,36,1,1,1,15,1,2
10372,40,0,9,1,2,2,0,19,94,29,1,2,0,14,3,1
10373,27,0,4,7,21,0,0,44,52,32,1,0,4,39,8,2
10374,59,2,2,0,22,2,1,32,74,99,1,1,3,27,4,1
10375,52,0,9,5,13,1,0,19,83,88,1,2,5,8,4,1
10376,47,2,7,5,15,1,1,36,85,70,1,2,0,33,0,1
10377,30,2,9,5,13,2,1,81,11,24,2,3,11,38,26,0
10378,52,0,2,3,3,0,0,26,66,73,1,2,5,19,1,2
10379,42,2,0,7,21,2,0,52,33,74,1,1,0,37,9,0
10380,50,2,12,6,7,2,0,62,47,75,2,2,12,54,13,0
10381,32,2,11,5,13,1,2,44,76,67,1,2,1,31,6,1
10382,27,2,6,6,7,1,0,14,95,66,1,1,3,8,4,1
10383,42,0,1,6,7,0,2,39,51,93,1,2,0,26,1,1
10384,49,0,9,7,21,2,0,80,31,38,2,5,8,46,12,0
10385,46,1,7,3,3,1,0,45,54,41,1,1,0,35,7,2
10386,29,2,8,7,10,1,2,88,19,64,2,5,11,50,20,2
10387,49,1,11,4,20,0,0,42,66,90,1,2,0,34,6,2
10388,38,1,6,2,11,0,2,30,66,97,1,0,1,15,1,1
10389,26,2,4,7,10,1,2,28,69,67,1,0,2,24,3,1
10390,24,0,3,7,10,1,0,35,80,84,1,1,3,23,9,1
10391,29,0,3,1,5,0,0,35,74,49,1,1,2,18,7,2
10392,23,2,2,2,9,1,0,18,75,39,1,2,3,15,8,1
10394,47,0,14,2,6,0,1,76,22,25,2,5,8,37,20,2
10395,43,2,5,0,16,0,1,13,84,26,1,2,5,7,6,1
10396,31,0,7,0,0,2,0,75,30,73,2,4,14,44,5,2
10398,47,0,8,3,8,1,2,33,71,77,1,0,5,23,5,1
10399,49,0,13,4,4,1,0,76,27,92,2,5,12,34,11,0
10400,56,0,3,1,2,0,1,55,43,61,2,4,10,33,5,2
10401,28,0,4,7,10,1,0,41,67,35,1,2,4,32,2,2
10402,60,2,1,6,7,1,0,37,78,21,1,0,4,31,5,2
10403,28,0,7,5,13,2,2,13,100,38,1,2,5,8,6,1
10404,47,0,3,1,2,0,2,73,27,31,2,5,12,47,13,2
10405,43,1,12,7,21,2,0,64,50,70,2,4,6,37,23,0
10406,60,0,11,6,19,0,0,64,35,95,2,2,9,29,10,0
10407,34,1,8,0,22,1,0,11,91,85,1,1,0,6,8,1
10408,40,1,5,2,6,2,1,69,26,24,2,4,12,37,16,0
10409,33,2,6,5,15,0,0,46,53,62,1,2,3,36,3,2
10410,51,1,16,2,9,1,0,90,19,71,2,5,9,75,26,0
10411,46,1,6,3,3,1,0,65,43,92,2,4,5,49,9,0
10412,23,2,2,6,19,2,0,56,60,97,2,2,9,29,13,2
10413,28,2,7,6,17,2,0,69,26,81,2,4,12,38,29,0
10414,60,0,2,6,19,1,1,88,0,88,2,5,11,74,13,0
10415,37,0,3,6,19,2,1,38,78,83,1,1,3,24,0,1
10416,21,0,0,1,2,1,1,78,27,84,2,4,13,37,11,0
10417,29,0,8,0,16,2,1,39,41,49,1,2,0,31,6,1
10418,34,1,13,4,23,1,2,50,35,61,2,4,6,45,9,2
10420,29,0,8,5,15,1,1,78,12,67,2,2,10,50,27,0
10421,21,2,0,4,4,1,1,69,34,90,2,5,8,59,7,0
10422,50,0,7,7,12,0,0,46,47,55,2,3,11,40,15,2
10423,21,2,0,5,15,0,2,29,67,51,1,1,4,17,4,1
10424,25,3,4,0,0,2,0,20,77,41,1,1,2,11,3,1
10425,36,0,5,7,12,2,1,92,19,30,2,2,8,78,16,0
10426,25,0,4,5,13,0,0,84,19,25,2,3,7,49,11,0
10427,30,1,9,0,22,1,0,36,69,86,1,2,3,25,3,1
10428,32,0,5,0,22,2,1,84,3,95,2,5,14,46,10,2
10429,55,2,7,7,21,2,1,80,29,22,2,4,13,57,26,0
10430,39,0,9,4,23,1,0,57,46,38,2,4,10,35,24,0
10431,59,1,15,7,21,0,1,17,77,84,1,1,1,14,7,1
10432,54,0,17,7,10,0,2,18,81,58,1,2,1,11,2,1
10433,28,0,7,7,10,0,2,53,60,60,1,1,2,27,5,1
10434,38,0,6,5,14,1,2,41,77,24,1,0,5,35,8,1
10435,50,0,12,1,1,1,0,58,70,50,1,2,5,40,9,2
10436,47,0,18,0,0,1,1,92,5,71,2,4,14,85,19,0
10437,54,0,7,0,22,0,1,43,45,82,1,1,4,29,3,1
10438,44,1,9,3,8,1,2,11,97,43,1,1,4,5,6,1
10439,56,3,2,0,16,1,1,33,87,28,1,2,0,16,9,1
10440,60,1,12,5,13,1,0,54,43,34,2,2,13,31,20,0
10441,23,0,0,1,5,2,1,38,70,49,1,1,5,32,7,2
10442,27,0,6,2,9,1,2,23,76,82,1,0,2,12,2,1
10443,47,0,17,2,9,1,1,50,45,77,1,1,3,24,3,1
10444,38,0,6,0,16,1,0,52,45,74,2,4,7,46,6,2
10445,31,2,4,7,21,2,1,79,26,36,2,2,12,65,10,0
10446,57,0,5,5,15,0,0,15,84,66,1,1,2,7,6,1
10448,24,0,3,6,19,2,0,47,70,84,1,1,5,33,9,2
10449,35,1,7,4,23,0,2,65,53,74,2,5,12,45,24,2
10450,32,2,11,2,11,2,0,14,82,72,1,2,4,9,8,1
10451,31,2,10,0,16,1,0,34,56,71,1,1,1,25,7,1
10452,56,0,14,1,5,2,1,16,86,68,1,0,4,8,8,1
10453,47,0,8,2,9,1,0,28,79,74,1,0,3,13,6,1
10454,56,2,6,1,5,1,0,46,51,32,1,1,4,26,9,2
10455,60,0,1,3,8,2,1,73,19,61,2,4,8,59,15,0
10456,26,0,5,5,13,0,0,83,14,22,2,4,5,57,26,0
10457,29,0,4,6,19,1,0,84,16,86,2,3,14,67,26,0
10458,22,2,1,2,9,0,1,68,45,33,2,4,5,66,9,0
10459,27,2,6,1,5,2,2,67,34,90,2,5,12,44,7,1
10460,26,2,5,0,0,2,1,51,53,88,1,0,2,40,0,1
10461,41,0,8,6,7,1,2,85,21,90,2,4,12,47,12,2
10462,48,0,2,3,3,2,1,30,70,85,1,0,3,14,5,1
10463,35,0,0,7,10,1,0,68,39,22,2,2,13,44,6,0
10465,48,0,14,1,2,1,2,62,36,37,1,2,5,30,9,2
10466,47,0,11,3,18,1,1,33,57,66,1,0,5,30,3,1
10468,24,2,3,0,22,2,0,70,28,90,2,5,6,68,28,2
10469,46,2,7,2,11,1,0,54,39,97,1,0,4,29,1,1
10471,53,0,8,4,20,2,0,25,74,56,1,1,4,21,3,2
10472,53,0,2,5,15,2,0,41,49,90,1,2,3,39,4,0
10473,36,1,5,2,11,1,0,57,15,91,2,5,6,32,7,2
10474,40,0,5,0,16,1,1,78,31,37,2,3,10,48,9,2
10475,23,3,2,5,13,1,2,14,96,92,1,1,2,12,9,1
10476,32,1,11,2,9,2,2,28,73,59,1,1,2,19,8,1
10477,36,3,9,4,23,1,0,80,14,38,2,5,8,36,6,0
10478,58,0,12,5,13,2,1,68,34,51,2,2,6,39,20,0
10480,35,0,5,1,5,1,0,54,47,67,2,3,9,26,29,2
10481,47,0,7,6,7,1,1,15,92,56,1,0,2,12,6,1
10482,25,2,4,2,6,2,1,41,66,48,1,1,1,25,1,1
10483,35,0,14,3,8,2,1,34,69,84,1,2,5,30,3,1
10484,47,0,8,7,21,1,2,78,9,86,2,5,6,67,17,2
10486,45,0,8,4,23,0,0,23,79,43,1,0,2,13,6,2
10487,49,0,0,4,20,1,1,75,24,92,2,2,8,68,26,0
10488,47,3,4,7,21,0,1,41,67,93,2,5,7,40,6,1
10489,46,2,2,0,0,2,2,28,82,65,1,1,0,13,5,1
10490,27,2,6,6,19,1,0,55,31,74,1,2,4,51,1,0
10491,51,0,7,4,20,1,1,72,44,23,2,4,8,43,27,0
10492,36,1,11,1,5,0,1,16,98,65,1,2,1,10,2,1
10493,32,2,0,3,8,1,2,50,44,24,1,0,4,34,7,1
10494,22,1,1,3,8,2,1,12,85,86,1,2,2,11,9,1
10495,53,0,5,0,22,2,0,61,24,80,1,1,1,43,8,2
10496,52,0,19,4,4,1,0,76,24,43,2,2,11,45,29,0
10497,54,1,0,1,1,1,2,50,51,46,1,2,0,45,1,2
10498,53,0,15,0,0,1,0,25,80,38,1,1,0,12,3,1
10499,53,1,14,3,18,1,0,82,34,85,2,3,7,44,23,0
10500,43,0,8,3,18,2,0,59,57,59,2,3,7,55,17,2
10501,60,0,10,4,4,1,0,76,9,45,2,4,7,74,21,0
10502,44,0,0,2,6,0,1,14,76,93,1,2,3,7,9,1
10503,41,0,0,2,11,1,0,29,79,98,1,2,4,17,1,1
10505,30,0,9,0,0,2,1,24,70,55,1,1,5,16,3,1
10506,51,0,8,6,19,2,0,54,54,89,2,3,7,45,15,0
10507,60,0,5,7,10,1,1,73,37,31,2,2,11,64,18,0
10508,46,2,18,5,14,2,0,87,7,77,2,5,6,62,6,0
10509,23,0,2,1,1,2,2,65,38,61,2,3,8,56,15,2
10510,46,0,7,7,12,0,1,53,55,58,2,2,12,47,21,2
10511,43,0,0,1,5,1,1,24,68,40,1,0,1,21,7,2
10512,50,2,12,2,11,0,0,11,90,75,1,2,1,9,8,1
10513,28,2,7,6,19,1,1,94,12,88,2,5,6,87,17,0
10514,29,1,8,6,17,1,1,30,69,20,1,0,0,29,2,2
10515,47,0,8,0,0,1,1,85,3,41,2,2,9,54,12,0
10516,35,0,10,2,6,1,0,72,40,78,2,2,10,44,5,2
10517,32,1,5,7,10,1,0,63,32,75,2,3,12,51,14,0
10518,50,0,7,3,8,1,2,18,92,56,1,0,3,10,8,1
10519,57,0,13,2,6,2,1,81,8,74,0,5,15,48,34,2
10520,60,2,11,4,20,1,0,76,30,64,2,4,10,61,18,0
10521,43,0,2,0,22,2,0,91,0,78,2,5,12,89,7,0
10522,42,0,11,0,16,1,0,28,81,77,1,1,3,16,1,1
10523,57,2,11,0,16,1,2,33,67,55,1,2,5,25,5,1
10524,45,2,9,6,19,1,0,39,58,95,1,1,1,32,0,2
10525,56,0,3,2,11,1,2,66,37,88,2,2,11,32,20,1
10526,42,0,3,2,6,1,0,14,81,25,1,2,1,7,2,1
10527,49,0,6,4,20,0,1,19,83,75,1,2,4,18,4,1
10528,33,0,12,6,7,1,0,91,9,41,2,4,7,59,11,0
10530,21,0,0,5,15,1,0,81,18,48,2,4,7,77,24,0
10531,49,0,13,4,4,1,1,91,10,71,2,2,6,53,11,0
10532,39,0,3,6,17,1,0,74,24,94,2,2,5,70,19,0
10533,26,0,3,6,19,2,0,24,62,77,1,2,3,15,0,2
10534,60,1,11,6,17,2,0,58,33,92,1,1,0,34,9,0
10535,38,2,12,7,10,0,1,72,22,46,2,2,7,47,23,2
10536,24,2,3,0,22,1,0,49,64,94,1,2,2,36,3,1
10537,24,2,3,4,23,1,1,11,90,34,1,2,5,10,0,1
10538,28,0,2,1,1,2,2,66,33,21,2,4,11,44,23,2
10539,44,0,12,4,20,2,1,27,76,59,1,2,0,23,2,1
10540,33,0,7,2,9,2,2,30,61,60,1,0,2,16,6,1
10541,48,3,0,4,20,2,1,43,51,35,1,1,5,28,1,2
10543,57,0,9,7,10,1,2,56,71,66,1,1,0,25,0,1
10544,52,0,9,1,1,1,0,23,75,60,1,1,0,21,1,2
10545,27,1,6,4,20,2,1,25,96,21,1,2,4,18,4,2
10546,41,1,11,2,9,2,0,71,39,56,0,7,22,63,23,0
10547,21,0,0,1,5,2,0,53,67,25,2,2,7,33,11,0
10548,49,0,15,6,7,2,0,36,76,59,1,2,3,32,7,2
10549,23,2,2,2,6,2,1,90,3,30,2,4,9,56,15,0
10550,51,0,6,1,5,1,1,75,5,22,2,3,12,47,21,0
10551,60,1,3,7,12,2,0,65,36,45,2,4,10,38,22,0
10552,34,2,6,5,13,1,2,34,56,44,1,2,2,23,4,1
10553,54,2,8,5,15,2,2,38,38,35,1,1,3,20,3,1
10554,22,1,1,4,20,0,1,50,49,94,1,2,1,39,3,0
10555,33,1,4,0,0,1,0,60,40,42,2,2,8,33,29,2
10556,33,3,0,5,14,0,1,44,40,76,1,1,4,43,5,2
10557,34,0,9,2,11,0,2,12,90,67,1,0,4,11,4,1
10558,37,0,8,6,7,2,0,26,63,36,1,2,1,16,8,2
10559,50,1,7,2,11,1,1,20,76,84,1,1,4,16,2,1
10560,24,3,2,2,6,0,2,61,36,65,2,4,9,53,6,1
10561,41,2,14,3,8,2,0,89,0,31,0,8,20,80,36,0
10562,45,1,3,1,2,0,2,57,47,91,1,1,0,34,8,1
10565,48,1,9,2,6,0,1,84,7,77,0,5,16,83,34,0
10566,55,0,17,2,11,1,1,86,9,65,2,4,9,67,23,0
10567,38,0,8,0,0,1,1,44,26,74,2,5,11,28,24,1
10568,58,0,7,3,3,1,2,92,0,79,2,2,14,80,6,0
10569,42,2,14,2,6,2,2,89,11,60,2,3,10,52,6,2
10570,54,2,15,0,22,1,0,76,27,93,2,4,10,49,14,2
10571,28,0,7,0,16,2,0,88,20,63,0,8,20,68,34,0
10572,53,0,5,3,3,1,1,49,53,86,1,2,0,37,4,2
10573,60,0,12,6,7,1,0,94,0,82,2,5,9,60,10,0
10574,57,1,13,4,20,0,0,51,48,38,2,2,13,24,12,0
10575,58,2,9,1,2,0,0,59,50,23,2,2,7,50,14,0
10576,41,0,10,1,2,0,0,50,51,75,2,4,14,31,6,2
10577,40,0,11,3,3,2,1,16,79,76,1,0,3,11,1,1
10578,29,1,8,7,12,2,1,59,38,47,2,5,14,54,10,0
10579,24,3,3,4,23,1,2,83,3,66,2,5,8,71,11,2
10580,28,0,7,1,1,0,1,31,64,43,1,0,1,29,6,2
10581,23,0,2,3,3,1,1,50,42,24,1,0,1,37,4,2
10582,40,2,14,0,22,1,1,28,79,68,1,1,2,16,1,1
10583,45,1,7,5,14,2,2,26,59,37,1,1,0,14,1,1
10584,39,1,15,0,22,1,1,58,41,82,2,2,13,55,23,2
10585,34,3,8,3,8,1,0,25,65,58,1,0,0,23,3,1
10586,31,0,7,1,1,1,1,60,29,86,2,5,14,27,14,2
10587,58,2,17,7,10,2,1,48,47,45,1,2,3,30,4,1
10588,24,0,3,7,12,1,1,13,87,75,1,0,1,11,1,1
10589,50,3,15,3,8,1,1,79,28,26,2,2,7,38,23,2
10590,41,0,19,5,13,1,1,62,33,67,2,2,13,53,29,2
10591,53,0,10,7,10,1,0,42,63,68,2,3,9,41,14,2
10592,23,1,2,4,4,0,2,20,76,43,1,2,5,18,2,1
10593,44,1,3,0,0,0,0,11,96,88,1,2,4,5,5,1
10594,30,0,9,1,5,1,1,48,41,73,1,1,3,43,4,2
10596,56,2,19,3,3,2,1,14,92,35,1,0,4,12,4,1
10597,31,2,6,0,0,1,1,34,63,44,1,1,3,20,4,1
10598,24,0,1,1,1,2,0,86,11,38,2,5,9,55,20,0
10599,28,0,7,1,5,1,0,66,26,33,2,5,5,51,26,0
10600,44,1,0,1,5,1,1,71,31,91,2,4,13,70,8,0
10601,56,0,13,5,14,1,2,18,84,84,1,0,5,12,9,1
10602,30,1,9,1,2,1,0,65,10,45,2,3,7,57,12,0
10603,38,2,9,0,0,1,2,23,81,93,1,1,5,14,4,1
10604,21,2,0,7,21,1,0,85,11,76,0,7,19,43,26,0
10605,37,0,12,3,8,0,1,31,46,43,1,2,1,19,7,1
10606,33,1,7,1,2,2,0,45,65,71,1,2,4,32,0,2
10607,54,1,6,7,12,1,0,54,45,67,1,0,4,37,9,0
10608,23,0,2,6,7,1,0,87,5,35,2,3,12,46,16,0
10609,44,0,10,0,0,0,1,73,24,93,2,5,11,45,14,2
10610,35,0,7,4,23,0,1,27,77,92,1,0,1,23,1,1
10611,32,0,10,2,11,1,2,28,78,69,1,0,0,17,8,1
10612,34,3,12,4,20,1,0,27,73,63,1,2,0,26,4,1
10613,41,2,13,2,11,1,1,61,35,67,1,0,4,34,7,1
10614,49,0,11,5,14,1,0,23,89,38,1,0,2,22,6,2
10615,32,0,8,7,10,0,2,41,62,92,1,0,3,20,9,1
10616,50,0,8,3,18,1,0,40,53,30,1,2,2,33,3,2
10617,46,2,7,4,20,2,2,41,45,36,1,2,0,18,1,1
10618,49,0,2,2,6,0,2,88,11,26,2,2,14,42,21,2
10619,39,0,10,1,1,1,1,36,65,74,1,1,5,23,6,1
10620,37,0,4,5,14,0,2,79,9,38,2,2,13,54,26,0
10621,37,0,7,6,7,1,1,23,67,84,1,1,5,14,3,1
10622,55,0,6,6,7,2,1,36,65,31,1,0,2,27,5,2
10623,26,0,5,7,12,0,0,42,56,36,1,0,3,41,2,2
10624,36,0,9,7,21,1,2,41,65,76,1,2,5,31,7,1
10625,54,0,19,4,23,1,0,23,86,86,1,0,3,15,9,1
10626,30,0,4,3,8,1,0,20,73,20,1,0,1,14,1,1
10627,21,0,0,4,20,2,0,82,0,46,2,4,9,65,20,0
10628,52,2,18,1,1,1,0,20,86,34,1,2,4,10,4,1
10629,29,1,0,7,21,2,0,45,60,21,1,1,5,34,9,0
10630,23,3,2,4,20,2,2,30,65,38,1,2,5,24,3,1
10631,58,2,9,1,2,2,0,40,62,89,2,5,5,30,20,1
10632,44,1,7,2,11,1,0,12,100,81,1,1,4,8,8,1
10633,44,0,17,4,4,2,0,41,54,85,1,0,1,24,0,2
10634,50,2,8,7,12,2,0,49,52,91,1,2,1,31,5,2
10635,31,0,5,3,3,2,0,20,70,58,1,1,5,15,3,1
10636,44,1,7,0,16,2,1,51,51,53,1,2,2,24,1,2
10637,30,2,9,4,4,0,1,37,69,44,1,0,1,24,2,1
10638,22,0,1,7,21,1,0,69,26,91,2,2,13,49,21,0
10639,44,0,7,6,7,1,0,19,82,20,1,2,5,15,0,2
10640,38,2,12,6,7,2,1,47,43,27,1,2,0,31,4,2
10641,60,2,11,5,14,1,0,85,3,70,2,3,13,48,17,0
10643,48,0,6,1,2,1,1,66,56,56,2,4,6,55,10,0
10644,49,0,4,7,21,1,2,64,20,58,2,3,5,37,13,2
10645,51,0,12,5,14,1,0,54,48,81,2,5,5,33,11,0
10646,31,1,5,3,8,1,1,23,86,73,1,1,1,15,8,1
10647,32,1,11,0,22,2,0,56,31,79,1,1,4,45,6,2
10648,58,1,16,6,19,1,1,49,49,81,1,1,4,38,2,2
10649,30,1,9,2,11,2,0,42,44,84,1,1,3,31,9,2
10650,46,2,17,2,11,0,2,69,48,76,1,1,2,65,1,1
10651,23,0,2,1,5,2,0,42,63,92,1,0,5,36,9,2
10652,55,2,4,3,3,0,1,63,49,69,1,0,2,34,7,2
10653,55,0,7,4,23,1,1,76,17,62,2,4,14,61,12,0
10654,49,1,2,5,15,0,0,73,0,22,2,5,7,52,20,0
10655,34,0,8,4,23,2,2,79,34,71,2,2,5,62,25,2
10657,23,0,2,3,18,2,0,56,48,20,1,1,5,41,8,0
10658,37,1,4,2,9,1,1,63,48,82,2,4,11,45,20,2
10659,22,1,1,4,23,0,1,20,87,20,1,0,1,11,1,2
10660,53,0,9,5,15,1,2,37,72,94,1,0,5,27,2,1
10661,31,2,10,7,21,1,0,74,26,75,2,5,5,52,6,0
10662,24,2,3,7,21,0,0,87,11,69,0,7,21,80,44,0
10663,24,2,3,4,4,1,0,70,34,79,2,2,6,56,22,0
10664,29,0,8,4,23,1,1,93,4,84,2,2,9,84,29,0
10665,34,0,7,1,5,0,1,14,95,28,1,1,5,8,5,1
10666,23,0,2,6,17,1,1,44,63,40,1,1,5,40,0,0
10667,36,0,7,0,0,2,0,83,1,38,0,7,21,54,21,0
10668,55,0,15,3,3,0,0,26,61,31,1,1,2,22,7,2
10669,57,0,12,0,22,2,2,58,45,79,2,5,7,48,5,1
10670,43,2,11,3,3,1,0,33,62,35,1,0,1,31,4,2
10671,23,1,2,6,17,1,0,35,78,45,1,2,5,20,3,0
10672,22,0,1,0,16,1,2,68,30,23,2,4,12,57,28,2
10673,44,0,11,6,17,2,2,45,38,57,1,1,2,29,6,1
10674,54,2,15,6,19,0,0,52,62,71,1,2,4,43,6,2
10675,44,0,20,7,21,0,0,37,51,39,1,1,3,32,3,2
10676,30,0,5,7,12,1,1,32,73,72,1,0,3,19,3,1
10677,37,0,12,2,9,1,1,83,40,40,2,4,10,65,8,0
10678,58,1,9,4,20,1,1,79,38,48,2,5,5,40,21,0
10679,25,0,4,1,2,2,1,33,75,72,1,2,5,28,5,1
10680,32,2,0,0,22,0,1,41,52,75,1,0,3,22,7,1
10681,39,0,6,7,10,1,1,85,21,31,2,3,7,54,29,0
10683,50,0,4,3,8,1,1,51,53,88,1,2,5,43,9,2
10684,41,0,0,0,16,0,0,12,83,82,1,0,5,5,6,1
10685,32,0,11,4,4,1,1,72,25,43,1,2,3,44,6,0
10686,52,2,16,3,18,2,0,39,64,30,1,1,3,29,9,1
10687,37,2,13,0,0,1,0,48,46,72,1,0,2,30,8,1
10688,34,0,3,1,1,1,1,59,18,88,2,3,8,32,28,2
10689,60,0,6,2,9,2,1,22,89,20,1,0,4,18,4,1
10690,42,2,14,7,12,1,1,53,38,37,2,4,9,51,5,2
10691,36,1,15,6,17,2,1,76,17,65,2,5,14,56,21,0
10692,45,1,14,5,14,2,1,77,20,51,2,3,8,71,22,0
10694,33,1,12,5,13,2,1,14,77,70,1,1,2,10,6,1
10695,28,0,7,0,16,2,0,59,40,22,2,5,6,34,28,2
10696,57,0,3,7,21,1,1,94,0,44,2,5,6,49,15,0
10697,40,1,9,5,15,1,1,38,60,25,1,0,1,23,6,2
10698,49,1,12,7,10,1,1,77,23,35,2,4,12,73,16,0
10699,34,0,7,5,15,0,1,31,64,21,1,0,3,28,8,2
10700,21,1,0,5,15,1,2,25,49,92,1,1,4,24,1,2
10701,53,2,3,6,17,1,0,15,86,85,1,1,4,6,0,1
10702,42,0,2,5,14,1,0,16,86,32,1,2,5,8,8,2
10703,33,2,2,5,13,0,2,71,24,87,2,5,11,65,21,2
10704,21,0,0,1,5,2,0,45,57,78,1,0,0,21,0,2
10705,42,2,3,6,7,0,0,42,50,27,2,2,10,37,22,2
10706,48,1,6,6,7,0,0,65,38,94,2,4,6,29,6,0
10707,49,1,16,5,15,1,2,54,41,58,1,0,2,35,9,2
10708,60,2,10,4,23,2,0,36,55,82,1,2,2,28,3,2
10709,59,0,6,6,7,2,0,70,12,75,2,2,5,33,6,0
10710,55,1,17,5,15,1,0,27,65,29,1,0,2,15,6,2
10711,38,2,8,5,14,2,2,13,69,84,1,1,0,6,3,1
10712,34,1,13,2,11,1,0,72,13,91,2,3,13,38,12,0
10713,58,1,11,6,19,1,1,33,69,73,1,1,0,24,2,2
10714,21,2,0,0,16,1,2,93,0,26,2,4,8,63,26,0
10715,22,1,1,7,10,2,1,30,55,22,1,2,2,18,2,2
10716,60,0,6,4,4,1,1,25,57,60,1,2,5,11,6,1
10717,30,2,9,6,7,2,0,50,48,50,1,0,1,34,4,2
10718,31,0,9,5,14,2,0,72,27,45,2,4,7,67,9,0
10719,45,0,9,6,19,0,0,34,82,94,1,0,2,23,7,2
10720,51,0,3,1,1,1,1,94,21,54,2,2,5,75,19,0
10721,43,1,2,4,20,2,2,78,28,48,2,4,7,69,21,0
10722,36,2,7,3,8,0,1,90,9,38,2,2,14,42,9,0
10723,49,3,18,2,11,0,0,63,23,73,2,4,6,41,6,2
10724,58,0,0,4,20,1,0,83,14,22,2,5,6,41,23,0
10725,37,2,6,4,23,2,0,27,74,33,1,0,1,21,7,2
10726,22,2,1,5,13,0,0,61,52,23,1,0,5,42,2,0
10727,56,1,6,0,22,0,1,88,17,92,2,3,5,51,12,0
10728,33,0,4,5,13,0,2,90,5,62,2,2,7,44,16,0
10729,45,2,12,7,21,1,1,75,13,81,2,3,11,65,8,0
10730,54,1,8,0,0,2,0,46,67,38,1,1,3,33,8,2
10731,54,0,18,2,11,1,1,79,19,94,2,2,5,44,7,2
10732,30,0,8,3,18,0,1,36,67,34,1,1,0,20,0,1
10733,27,0,6,3,18,0,0,16,90,59,1,1,0,10,6,1
10734,45,1,13,5,15,2,2,33,71,31,1,1,2,30,0,2
10735,27,0,6,7,21,0,2,60,43,28,2,2,9,59,26,2
10736,32,2,11,7,10,1,2,70,31,90,2,4,7,60,7,2
10738,28,2,6,6,7,2,1,12,91,24,1,2,4,7,1,1
10739,42,0,14,3,18,0,0,35,72,51,1,2,3,27,1,2
10740,29,2,8,2,6,1,0,75,21,57,2,3,12,53,6,0
10741,54,0,9,0,22,0,0,12,73,86,1,1,5,7,6,1
10742,41,2,8,2,11,1,0,78,23,69,2,4,8,64,9,0
10743,50,0,14,6,7,2,0,48,50,70,1,0,5,27,1,2
10744,58,2,8,4,23,2,2,74,23,34,2,3,6,70,5,0
10745,26,1,5,7,21,0,0,40,56,22,1,0,3,28,6,0
10746,41,2,12,7,10,0,0,74,23,34,2,2,12,37,10,0
10747,30,0,9,0,16,1,1,74,29,44,2,3,7,44,21,2
10748,29,1,7,0,16,2,0,36,62,39,1,0,3,30,1,2
10750,26,0,5,7,10,1,1,75,27,93,2,3,11,56,20,0
10751,58,0,9,6,19,1,2,86,9,88,2,4,5,63,11,0
10752,26,1,0,5,13,0,0,27,83,76,1,2,3,23,6,2
10753,31,3,5,0,16,2,0,61,38,53,2,2,5,48,22,2
10754,25,0,4,5,14,1,0,84,31,43,2,3,6,52,18,0
10755,38,3,14,5,13,2,0,72,43,54,2,3,11,43,15,0
10756,48,1,5,0,0,1,1,16,85,88,1,0,5,10,7,1
10757,47,2,11,7,10,0,0,81,18,28,2,3,7,75,18,0
10758,60,1,3,1,1,1,0,62,27,37,2,2,10,30,16,0
10759,43,0,16,6,7,1,1,84,17,35,2,4,14,61,10,0
10760,55,1,8,0,22,2,0,11,86,82,1,0,1,8,0,1
10761,23,0,2,6,17,2,1,49,59,88,2,3,14,37,15,2
10762,36,0,0,2,11,0,1,29,73,95,1,0,1,24,6,1
10763,39,0,13,7,10,0,1,13,76,42,1,2,0,8,1,1
10764,42,1,15,2,11,2,1,50,48,72,1,0,3,35,9,2
10765,26,2,5,6,19,1,1,28,82,81,1,1,4,21,1,1
10766,50,1,7,5,15,2,0,56,52,75,2,2,13,42,12,0
10767,47,2,18,5,14,1,2,56,55,55,2,4,13,45,22,1
10768,60,3,12,5,15,2,1,37,69,40,1,0,3,18,9,1
10769,58,1,12,6,7,0,1,91,25,55,2,4,8,77,6,0
10770,33,2,8,1,1,0,0,72,12,44,2,3,5,41,17,0
10771,34,0,11,5,14,0,1,29,63,81,1,0,3,28,9,2
10772,25,2,4,4,4,1,1,27,73,36,1,2,3,20,6,1
10774,42,0,3,7,12,0,1,54,58,91,2,4,5,32,12,2
10775,45,2,10,3,18,0,0,58,52,31,1,1,0,42,9,2
10776,27,0,6,0,16,1,0,78,17,51,2,4,12,75,26,0
10777,52,0,1,2,6,0,2,22,67,90,1,1,4,19,4,1
10778,40,0,19,5,15,0,0,94,0,35,0,8,16,51,36,0
10780,50,2,6,1,2,0,1,25,80,54,1,0,3,11,0,1
10782,30,0,4,5,14,2,2,20,62,79,1,0,2,9,7,1
10783,35,0,14,4,23,1,0,72,30,68,2,5,7,65,19,0
10784,32,1,7,6,19,2,1,58,42,88,2,2,12,29,10,2
10785,36,0,9,5,14,1,1,74,16,68,2,5,11,62,18,0
10786,37,0,14,0,22,2,1,59,44,68,2,3,7,58,23,2
10787,26,1,4,2,11,1,0,87,12,72,2,3,10,73,29,0
10788,23,1,2,0,22,1,0,28,85,81,1,2,3,19,6,1
10789,34,2,0,2,11,2,0,32,53,92,1,0,3,28,2,1
10790,24,0,3,5,15,0,0,33,69,26,1,0,5,28,8,2
10791,41,0,14,7,21,1,0,13,89,68,1,2,2,12,2,1
10792,27,2,6,2,9,0,0,10,99,79,1,0,0,5,1,1
10793,34,1,9,0,16,2,1,67,31,52,2,3,9,50,12,2
10794,35,0,11,2,11,1,1,59,38,71,2,2,13,38,7,2
10795,35,0,8,6,19,1,0,34,67,89,1,2,3,21,2,2
10796,45,1,6,2,6,1,2,67,27,35,2,4,13,62,7,2
10797,34,1,6,6,19,1,0,11,88,97,1,0,2,8,3,1
10798,38,0,7,2,11,1,1,78,18,74,2,5,9,50,22,2
10800,45,1,10,7,12,1,2,34,53,48,1,1,3,30,5,1
10801,35,2,10,1,1,0,2,56,34,63,2,3,11,52,29,1
10802,59,2,1,6,19,1,0,76,12,88,2,4,12,49,16,0
10803,42,2,6,6,19,0,0,91,11,94,0,7,17,45,21,0
10804,43,0,14,6,19,2,0,30,60,94,1,2,2,20,3,2
10805,42,2,11,5,15,2,2,15,73,68,1,1,3,9,5,1
10806,57,0,0,4,23,2,1,42,76,36,1,0,3,21,4,2
10807,37,0,12,1,2,1,1,67,26,73,2,3,12,48,18,0
10809,24,3,3,7,21,1,1,80,14,87,2,5,5,75,9,0
10810,56,0,0,0,22,1,0,38,53,79,1,2,2,26,4,2
10811,58,0,21,4,23,2,0,17,85,40,1,1,1,8,8,1
10812,60,1,17,2,9,0,0,84,17,60,2,5,9,83,28,0
10813,49,1,0,0,0,2,0,29,76,45,1,2,4,16,5,2
10815,30,2,9,3,18,2,1,25,87,69,2,4,5,21,21,1
10816,56,0,5,5,13,2,0,52,44,31,1,0,5,46,0,0
10817,60,0,17,0,22,2,0,79,22,65,2,5,14,74,13,0
10818,32,0,6,3,18,2,1,64,41,82,2,4,8,55,17,2
10819,56,2,1,2,11,0,1,11,85,90,1,0,5,8,1,1
10820,59,1,4,5,15,1,1,42,60,70,1,1,0,24,2,2
10821,26,2,5,2,11,2,0,81,32,81,2,5,11,63,9,0
10822,48,1,5,3,18,0,0,70,14,49,2,4,7,63,26,0
10823,29,0,4,5,13,1,0,74,17,89,2,5,5,63,9,0
10824,35,2,4,2,11,1,1,81,12,65,2,3,8,55,5,2
10825,39,1,14,2,6,1,1,64,39,67,2,3,14,33,17,2
10826,60,1,6,5,15,1,0,53,50,43,2,3,13,41,28,0
10827,57,1,6,1,2,2,2,65,42,89,2,5,12,49,11,2
10828,35,1,10,3,18,1,0,65,39,89,1,0,1,57,7,0
10829,40,0,12,4,4,2,0,20,93,46,1,1,2,19,8,1
10830,38,0,13,2,11,2,0,62,34,84,2,3,12,59,18,2
10831,40,1,7,2,9,0,1,53,38,23,2,2,9,42,10,2
10832,42,2,2,3,3,1,1,89,22,53,2,2,9,70,10,0
10833,60,0,12,3,3,2,0,40,52,52,1,0,2,20,1,2
10834,23,2,2,7,21,2,2,51,45,93,1,1,4,49,9,1
10835,45,0,18,4,4,2,1,73,31,90,1,1,2,58,6,0
10836,55,1,6,1,5,2,0,35,54,72,1,1,0,27,4,2
10838,22,0,1,5,15,1,1,15,73,75,1,2,0,8,5,1
10839,40,0,12,1,2,0,0,86,16,59,2,2,7,85,8,0
10840,45,0,10,2,9,2,2,86,39,80,2,5,5,80,19,2
10841,47,0,10,3,3,0,1,19,94,90,1,2,5,10,3,1
10842,32,0,6,0,16,2,0,79,45,62,2,2,6,39,11,2
10843,47,0,6,6,7,0,1,86,36,67,2,2,11,80,13,0
10844,39,1,7,4,20,0,2,12,92,66,1,0,0,10,6,1
10845,39,0,13,4,4,0,0,45,39,59,2,5,6,31,5,2
10846,53,0,14,2,9,0,2,65,31,25,2,2,13,38,12,2
10847,41,0,0,1,1,2,2,63,32,28,2,3,6,30,22,2
10848,31,0,5,2,9,0,1,30,70,75,1,1,1,22,5,1
10849,22,0,1,3,8,1,2,27,82,51,1,1,0,16,6,1
10850,36,2,15,0,0,1,1,48,56,86,2,4,10,47,22,1
10851,27,0,6,7,12,0,2,74,33,78,2,5,7,68,13,2
10852,54,2,18,5,13,0,0,70,29,45,2,4,7,32,25,0
10853,37,2,9,5,13,2,1,38,41,45,1,1,1,34,9,2
10854,48,2,1,2,11,2,0,25,81,88,1,1,3,17,2,1
10855,54,2,7,4,20,1,1,81,3,52,2,3,8,60,15,0
10856,31,2,10,6,17,2,1,26,88,63,1,0,4,12,1,1
10857,31,0,0,1,1,0,1,42,59,30,1,0,1,26,5,2
10858,42,1,9,1,1,2,2,68,35,33,2,4,11,41,28,2
10859,50,0,10,1,1,2,1,59,29,87,2,5,12,41,21,2
10860,44,2,0,3,18,1,0,52,51,65,2,3,7,40,9,2
10861,36,3,13,4,4,1,0,80,19,62,2,5,12,48,15,0
10862,56,2,12,3,18,1,1,11,95,34,1,1,0,6,4,1
10863,40,0,8,0,16,1,1,34,54,29,1,0,5,18,2,1
10864,59,1,5,7,12,1,2,15,70,62,1,2,3,8,9,1
10865,25,2,4,3,8,2,1,88,20,77,2,4,12,71,9,0
10866,56,2,8,1,5,1,1,17,84,57,1,0,1,13,7,1
10867,59,2,13,3,3,1,0,84,31,31,2,4,6,62,23,0
10868,30,0,9,5,13,1,1,39,53,57,1,0,2,21,2,2
10869,27,1,3,3,8,0,1,87,6,42,2,2,14,79,26,0
10870,33,2,11,6,7,1,1,41,42,64,1,1,4,32,9,2
10871,34,0,13,2,9,1,0,50,64,43,1,1,0,39,8,2
10872,33,0,11,1,2,2,0,50,59,72,2,4,10,34,9,2
10873,59,1,4,5,13,0,1,60,51,86,2,4,5,59,17,0
10874,22,0,1,0,22,0,1,59,29,92,1,2,2,56,7,2
10875,41,1,12,0,16,2,1,73,29,41,2,3,13,49,16,0
10876,24,0,2,1,5,2,0,33,54,79,2,3,5,21,16,2
10877,60,3,11,1,1,2,1,69,26,20,2,4,11,46,17,2
10878,41,1,20,2,11,2,2,66,49,71,2,5,12,33,14,1
10879,26,0,4,4,23,1,1,59,44,31,1,2,4,42,8,0
10880,40,0,4,5,14,2,2,52,30,55,2,2,12,35,10,2
10881,39,2,3,6,7,1,0,52,63,63,2,2,6,50,25,2
10882,34,0,7,4,20,1,2,31,65,85,1,0,1,29,5,1
10883,38,0,10,2,11,1,1,14,80,86,1,0,2,9,9,1
10884,35,0,5,0,0,2,0,78,19,88,2,3,6,39,23,2
10885,42,1,10,2,11,1,1,68,42,99,2,3,10,67,13,2
10886,53,2,5,1,5,2,2,66,51,55,2,5,8,62,8,2
10887,34,0,13,2,9,1,0,55,40,34,2,2,9,38,29,2
10888,44,0,10,0,16,0,0,43,58,59,1,2,3,31,2,2
10889,31,0,8,5,13,0,1,58,45,38,1,2,5,32,2,0
10890,41,0,12,7,10,1,0,61,51,71,2,3,10,59,13,0
10891,48,1,8,6,7,0,1,18,83,29,1,0,0,9,5,1
10892,23,0,2,3,8,2,0,68,33,20,1,1,0,45,0,0
10893,40,0,16,6,19,1,0,12,87,79,1,2,3,11,8,1
10894,59,2,14,5,15,1,1,41,57,72,1,2,5,23,9,1
10895,42,0,10,5,15,2,1,27,81,53,1,1,3,25,7,2
10896,22,1,1,3,3,1,0,65,40,83,2,4,5,50,27,0
10897,45,0,7,4,4,1,1,17,93,38,1,0,4,16,3,1
10898,28,0,5,0,22,0,0,17,91,91,1,2,0,14,5,1
10899,29,0,1,5,15,2,0,36,66,34,1,1,0,35,2,0
10900,32,2,2,3,18,2,1,67,33,73,2,4,5,38,28,2
10901,25,2,4,3,3,2,1,15,75,46,1,1,5,11,5,1
10902,41,0,18,7,12,1,0,16,88,74,1,1,4,13,9,1
10903,42,3,15,0,22,0,0,58,77,91,2,2,11,35,27,1
10904,28,0,7,0,22,1,1,41,51,78,1,0,4,30,4,1
10905,44,0,10,4,23,1,1,91,21,75,0,7,20,90,33,0
10906,36,2,5,5,13,1,1,66,49,30,2,2,11,31,21,2
10907,30,2,9,2,9,2,1,48,47,63,2,3,13,30,28,1
10908,27,2,6,7,12,2,0,63,27,86,1,1,5,36,6,2
10909,36,1,9,6,19,0,2,35,70,95,2,4,5,23,17,1
10910,31,1,10,0,0,1,1,94,16,30,2,3,14,73,29,0
10911,52,0,6,6,17,1,1,64,42,68,1,0,1,37,3,2
10912,46,0,11,2,9,1,0,51,35,30,1,0,2,27,3,2
10913,33,3,9,4,23,0,1,83,22,65,2,4,5,61,14,0
10914,31,1,8,0,22,2,1,57,29,89,1,2,4,53,5,2
10915,25,1,4,2,9,2,1,16,69,52,1,2,5,14,1,1
10916,24,0,3,2,11,2,0,35,59,85,1,1,0,19,9,1
10917,25,2,4,7,10,2,1,91,29,51,2,5,12,85,29,0
10918,29,0,8,7,21,1,0,61,41,69,2,4,10,32,22,2
10919,56,0,0,1,1,1,1,49,40,58,1,1,5,27,4,2
10922,56,0,7,2,11,0,0,19,84,83,1,1,0,16,7,1
10923,33,0,10,5,14,2,0,74,7,23,2,2,5,33,24,0
10924,24,0,3,1,5,2,2,21,90,78,1,1,1,12,4,1
10925,40,0,3,7,10,2,2,26,79,22,1,2,0,18,3,1
10926,51,1,7,3,18,1,2,78,14,36,2,4,8,73,12,0
10927,49,2,13,0,0,2,1,62,47,67,2,2,11,31,15,1
10928,59,0,14,7,10,0,0,57,41,48,1,2,2,55,4,0
10929,22,2,1,7,10,0,1,11,97,73,1,1,0,9,1,1
10930,26,0,0,4,4,0,1,50,52,48,1,0,3,40,7,0
10932,54,0,7,7,10,0,0,11,91,45,1,2,3,8,9,1
10933,28,0,7,5,13,0,0,30,61,61,1,1,1,26,3,2
10934,48,0,0,2,11,1,1,77,31,92,2,3,14,44,8,2
10935,40,0,7,7,21,0,0,59,40,32,2,3,10,50,24,0
10936,23,0,2,1,5,1,0,38,77,57,1,0,0,21,6,2
10937,40,1,9,5,13,1,1,77,34,66,2,2,11,64,9,0
10938,24,0,3,3,8,1,1,46,67,87,2,3,9,42,5,1
10939,36,0,6,0,22,1,0,18,87,82,1,0,4,16,1,1
10940,47,0,7,6,19,2,0,19,80,79,1,0,4,16,4,1
10941,37,2,3,1,1,1,0,17,89,47,1,1,4,15,4,1
10942,35,2,10,3,18,2,1,12,77,71,1,1,5,9,6,1
10943,48,1,0,5,13,1,1,31,71,76,1,2,2,16,4,2
10944,39,1,15,6,7,1,2,12,92,49,1,2,3,9,9,1
10945,50,1,7,2,11,0,1,62,44,93,1,1,2,43,0,2
10946,36,2,9,1,1,2,2,19,91,51,1,0,2,13,8,1
10947,37,2,4,2,11,0,0,62,32,68,2,5,11,49,9,2
10948,57,0,5,2,11,2,1,74,25,95,2,2,11,68,20,2
10949,35,1,0,0,16,1,0,25,81,55,1,2,0,18,3,2
10950,51,2,3,5,13,0,2,32,75,38,1,2,5,27,2,1
10951,58,2,7,1,2,1,1,52,38,32,1,2,4,23,1,2
10952,58,0,11,0,16,2,0,42,57,79,1,1,3,36,7,1
10953,59,3,2,2,9,1,1,60,43,32,2,4,6,33,29,2
10954,25,2,4,7,12,0,0,47,52,23,2,5,8,37,12,2
10955,53,0,5,4,23,0,2,45,41,77,1,0,1,20,4,1
10956,41,2,18,5,14,0,0,10,88,23,1,1,1,8,8,1
10957,46,2,9,1,2,2,0,48,79,45,1,0,0,44,9,2
10958,53,3,2,1,2,1,0,14,96,73,1,2,1,13,2,1
10959,50,2,7,0,0,0,1,44,50,59,1,1,0,33,9,1
10960,51,0,1,3,3,0,0,46,63,88,1,2,0,35,2,2
10961,26,2,5,5,15,1,0,17,87,53,1,0,3,11,6,1
10962,56,2,12,2,6,2,0,60,27,78,2,2,10,33,14,2
10963,59,2,6,3,18,1,1,13,85,22,1,0,2,8,9,1
10964,58,0,6,7,10,2,1,39,61,31,1,2,0,20,7,2
10965,58,2,10,4,23,0,1,25,61,93,1,0,3,24,1,1
10966,48,0,12,4,20,2,1,78,26,73,2,3,14,65,24,0
10967,54,3,3,0,16,0,1,36,72,78,1,2,0,28,2,1
10968,45,0,8,0,16,0,1,72,19,55,2,5,12,49,29,2
10969,32,3,0,7,12,1,1,64,20,39,2,3,7,56,6,0
10970,56,0,2,7,21,0,1,21,93,32,1,0,2,14,5,1
10971,32,2,11,7,12,0,2,37,46,91,1,0,1,17,9,1
10972,32,0,6,5,13,2,0,42,62,39,2,4,6,23,28,2
10973,59,2,17,1,2,0,1,50,48,91,1,1,0,46,0,1
10974,51,0,0,7,12,1,2,66,43,23,2,5,14,50,14,2
10975,26,0,5,2,11,2,1,44,38,99,1,0,1,37,7,1
10976,57,2,10,5,13,2,0,83,13,24,2,2,6,82,27,0
10977,57,0,15,2,11,1,1,36,58,97,1,1,1,27,0,1
10978,40,1,12,2,6,1,0,74,28,34,2,5,13,51,22,0
10979,42,1,8,7,10,1,1,34,79,66,1,0,4,33,6,2
10980,56,0,8,2,11,0,2,14,82,80,1,1,0,9,4,1
10981,25,2,4,6,19,2,0,15,97,87,1,0,2,7,9,1
10982,41,0,8,3,3,2,0,91,24,87,2,5,12,45,22,0
10983,46,0,5,1,1,2,1,92,0,43,2,2,5,72,29,0
10984,53,0,12,5,14,2,1,91,0,29,2,2,9,82,26,0
10985,57,0,12,5,13,2,0,71,32,67,2,2,6,35,22,0
10986,44,0,1,6,19,1,1,20,79,84,1,2,2,15,3,1
10988,47,0,0,4,4,2,0,70,29,64,2,2,14,58,21,0
10989,31,1,10,1,1,1,0,89,0,22,2,2,11,74,21,0
10990,32,0,10,4,4,2,0,58,38,73,1,2,5,30,4,0
10991,52,1,0,4,20,2,0,32,72,39,1,2,1,17,7,0
10992,31,2,10,7,12,1,0,80,23,65,2,4,5,65,19,0
10993,34,3,13,5,13,1,0,28,63,89,1,0,1,19,7,1
10994,36,0,6,1,2,2,2,65,35,25,2,2,8,64,29,2
10995,43,0,17,2,6,1,0,15,80,37,1,0,5,8,4,1
10996,32,2,10,6,19,1,1,12,82,71,1,2,3,7,1,1
10998,52,2,0,6,17,2,1,87,0,42,2,4,5,61,21,0
10999,55,0,19,7,21,2,1,59,39,37,1,1,1,52,4,2
11000,36,2,7,3,8,1,1,82,21,52,2,4,13,75,11,0
11001,35,1,12,2,6,2,0,92,8,37,2,2,10,85,14,0
11002,51,2,6,3,18,1,0,66,43,39,2,4,5,63,28,0
11003,35,1,11,3,3,2,0,32,66,43,1,0,4,19,0,2
11004,34,2,10,6,7,0,0,27,67,82,1,0,0,25,4,1
11005,24,0,3,2,6,1,0,72,12,94,2,2,14,67,14,0
11006,27,0,4,0,22,1,0,12,74,91,1,1,2,7,4,1
11007,59,0,3,7,10,2,0,45,56,73,1,2,2,29,7,2
11008,38,0,7,1,1,2,1,71,24,54,2,2,8,56,13,0
11009,27,0,3,0,16,0,0,29,67,83,1,2,2,22,2,1
11010,25,0,4,3,3,2,1,30,67,41,1,2,1,28,9,1
11011,46,0,7,2,9,1,1,33,63,69,1,1,3,30,8,1
11012,38,2,11,6,7,2,1,67,26,26,2,4,5,36,8,0
11013,34,3,11,6,7,1,1,84,22,59,2,5,6,69,17,0
11014,35,0,14,3,3,0,0,64,27,77,1,1,2,55,5,0
11015,60,3,9,2,9,1,1,31,69,43,2,2,5,20,27,1
11016,38,1,17,2,6,1,0,51,46,93,2,4,6,28,15,2
11017,52,0,7,3,18,1,0,56,62,93,2,3,6,46,12,2
11018,25,2,4,4,23,2,0,57,44,60,2,5,5,52,17,0
11019,33,3,12,7,10,2,0,70,31,22,2,5,14,43,7,0
11020,56,1,11,4,23,0,1,58,34,28,2,4,11,38,25,0
11021,33,0,12,6,19,1,0,64,32,75,1,1,5,36,0,0
11022,37,3,16,2,6,2,0,44,68,81,1,1,0,40,5,1
11023,44,1,13,6,7,2,0,74,20,78,2,4,11,65,15,0
11024,57,1,7,7,12,1,0,59,37,28,2,5,5,47,6,0
11025,44,2,11,6,19,1,1,87,17,92,2,2,13,43,19,0
11026,56,0,17,4,23,2,0,36,61,44,2,2,6,20,15,2
11027,45,0,7,1,2,2,0,65,45,38,2,5,5,51,20,0
11028,44,2,17,0,16,2,1,52,55,67,1,0,0,34,1,1
11029,41,1,10,1,2,2,1,58,36,63,2,5,8,43,14,0
11030,23,1,2,7,10,2,1,34,76,87,1,1,5,20,1,2
11031,44,0,6,7,21,1,0,94,13,40,2,2,7,70,21,0
11032,45,2,11,1,1,2,0,17,85,29,1,1,1,7,2,1
11033,49,0,7,7,12,0,0,83,27,27,2,3,12,81,5,0
11034,46,0,0,5,14,2,2,87,13,49,0,5,23,46,22,0
11035,36,2,12,3,18,2,0,74,26,26,2,2,9,55,12,0
11036,48,2,14,6,19,1,2,49,60,84,2,5,9,23,19,1
11037,47,0,5,2,11,1,0,54,47,99,2,4,13,37,11,2
11038,60,0,12,6,7,1,1,78,30,36,2,2,11,49,24,0
11039,57,1,9,2,11,1,2,24,65,82,1,0,4,15,2,1
11041,49,1,11,2,9,2,0,65,28,82,2,4,5,42,12,0
11042,54,0,3,1,2,1,1,68,42,72,2,2,14,40,15,2
11043,44,0,8,4,23,1,0,12,89,50,1,0,3,10,9,1
11044,41,2,6,3,3,1,1,71,17,68,2,3,13,39,25,2
11045,31,0,10,4,23,1,1,76,28,37,2,5,11,49,25,0
11046,56,0,4,7,10,0,0,66,37,25,2,3,5,42,7,0
11047,46,2,5,3,3,2,0,31,82,34,1,2,5,24,5,1
11048,22,1,1,0,16,1,1,83,6,72,2,3,14,71,20,0
11049,22,0,1,2,11,0,2,48,57,76,2,4,9,40,29,1
11050,23,2,2,1,2,2,2,31,77,45,1,2,2,26,3,1
11051,37,1,9,5,14,0,0,17,82,82,1,1,1,16,5,2
11052,49,0,0,1,2,2,1,15,99,72,1,2,0,8,3,1
11053,48,2,12,2,9,1,1,58,58,52,2,5,5,55,7,2
11054,57,2,6,4,23,1,2,18,77,20,1,1,1,11,1,1
11056,59,1,7,1,5,1,0,61,33,66,1,2,4,53,0,0
11057,43,0,4,7,12,1,1,59,46,72,2,5,11,39,6,2
11058,39,2,18,6,7,2,1,64,30,75,2,2,5,57,27,2
11059,60,2,3,5,15,1,0,11,98,38,1,0,2,5,5,1
11060,55,0,16,4,20,0,2,79,32,91,2,5,7,47,12,2
11061,42,2,17,3,8,1,2,23,77,73,1,2,2,12,6,1
11062,22,1,1,2,6,1,2,43,68,38,1,1,0,41,0,2
11064,27,1,4,0,16,2,1,33,60,42,1,1,3,27,3,1
11065,44,3,5,7,12,1,0,27,60,62,1,2,2,19,8,1
11066,52,0,5,7,10,2,0,31,59,67,1,1,5,20,5,2
11067,25,0,4,0,16,0,1,11,100,89,1,0,3,5,3,1
11068,22,0,1,1,1,1,1,45,54,73,1,2,0,35,3,2
11069,24,2,0,0,0,1,0,90,0,90,2,4,6,58,14,0
11070,37,2,7,6,17,0,2,70,20,77,2,5,12,50,29,2
11071,22,2,1,2,9,1,1,84,15,22,2,4,14,72,22,0
11072,44,0,13,0,22,1,0,47,37,67,2,4,10,45,21,2
11073,37,0,9,5,13,0,0,19,91,88,1,1,2,9,1,1
11074,47,2,13,7,12,1,0,66,47,28,2,4,14,42,21,0
11075,36,2,7,3,3,1,1,61,47,55,1,0,3,50,5,2
11076,53,0,8,5,14,1,1,88,15,65,2,5,10,54,23,0
11077,33,0,4,3,3,2,1,68,34,78,2,4,14,64,21,2
11078,48,2,16,5,13,2,0,18,69,36,1,1,0,9,5,1
11080,35,0,7,7,21,1,1,58,42,90,2,4,7,26,25,2
11082,29,2,0,4,4,2,0,14,86,30,1,1,2,12,6,2
11083,54,2,11,7,21,1,2,45,70,78,1,2,1,28,1,1
11084,39,1,9,3,8,1,2,59,21,49,1,1,2,28,4,2
11085,26,2,5,3,8,2,2,91,9,46,2,5,11,78,23,2
11086,40,2,8,4,23,0,2,10,85,29,1,0,1,5,1,1
11087,58,0,13,4,23,2,1,92,6,27,0,5,20,90,37,0
11088,46,2,7,0,16,0,0,41,61,53,1,0,3,34,6,1
11089,26,3,5,5,15,0,0,32,76,74,1,2,3,19,7,1
11090,55,1,11,5,14,2,1,55,12,52,1,2,3,26,6,0
11092,53,0,4,5,14,1,0,73,24,52,2,3,10,62,18,0
11093,51,0,7,7,21,0,1,93,0,89,2,3,14,90,9,0
11094,22,2,1,6,17,2,1,49,48,21,1,0,2,47,5,0
11095,26,0,5,4,4,0,0,41,68,52,1,2,2,19,2,2
11096,42,0,9,0,22,0,1,38,54,91,1,0,5,36,3,1
11097,56,1,10,7,12,1,1,43,76,30,1,2,2,33,3,2
11098,26,0,4,1,5,1,0,56,42,41,2,3,13,49,19,0
11099,52,1,8,5,13,1,0,55,39,35,1,0,3,52,3,0
11102,52,2,7,3,8,2,1,57,46,33,1,2,1,25,5,2
11103,31,0,2,2,6,1,1,61,29,28,2,3,14,32,17,2
11104,34,2,13,7,10,1,0,87,10,65,2,3,13,62,19,0
11105,31,2,10,0,22,2,0,15,91,66,1,1,0,10,0,1
11106,27,0,6,1,1,1,0,36,57,46,1,0,1,33,6,2
11107,23,1,2,2,9,0,1,60,19,40,2,4,14,41,5,0
11108,22,2,1,2,9,2,2,37,88,33,1,1,2,32,1,1
11109,56,0,14,3,3,2,2,43,47,90,1,2,4,19,4,1
11110,55,2,4,7,21,0,0,85,0,33,2,4,11,41,16,0
11111,56,0,7,3,18,2,1,89,29,48,0,7,24,54,26,0
11112,35,1,11,2,9,0,0,64,30,35,2,4,8,46,10,0
11113,57,1,1,5,15,0,1,61,55,76,1,2,3,45,9,0
11114,24,2,3,1,1,1,0,61,63,84,2,3,5,44,16,2
11115,47,0,6,3,8,1,1,23,91,49,1,0,5,20,0,1
11116,41,0,8,6,7,0,0,75,29,76,2,4,6,58,15,0
11117,25,0,4,3,3,1,2,15,85,37,1,0,0,9,8,1
11118,36,0,9,4,23,1,0,17,81,86,1,1,2,8,1,1
11119,47,0,13,6,7,1,1,43,45,66,2,4,10,21,13,2
11120,48,2,14,4,23,2,0,59,53,73,2,4,5,35,18,2
11121,35,0,7,1,2,2,1,25,94,90,1,1,1,12,6,1
11122,37,2,5,0,0,1,0,49,43,92,2,5,13,22,17,1
11123,58,0,10,6,19,2,0,39,57,92,1,1,4,28,5,2
11124,53,0,9,2,9,2,1,69,39,65,2,2,7,34,21,2
11125,57,2,11,0,22,0,1,47,67,72,1,2,1,37,5,1
11126,32,2,3,3,18,1,1,82,41,64,2,4,8,65,23,2
11127,45,2,9,6,19,1,0,41,72,67,1,0,0,18,9,2
11128,59,0,6,0,16,0,1,23,83,28,1,1,5,13,2,1
11129,40,0,4,7,12,1,0,39,46,73,1,0,0,22,5,2
11130,53,0,10,7,10,1,1,11,64,87,1,1,2,8,3,1
11131,50,2,7,0,16,0,0,88,0,68,2,5,5,45,18,0
11132,35,0,14,6,19,0,0,27,66,66,1,2,3,17,0,2
11133,59,2,0,0,0,1,1,72,10,46,2,4,10,44,20,2
11134,44,0,13,5,14,1,1,62,40,59,2,3,5,57,6,0
11135,43,1,2,5,13,1,0,22,78,59,1,2,1,10,5,2
11136,45,0,9,6,17,2,1,77,40,46,2,2,9,36,24,0
11137,33,1,6,5,15,0,1,62,44,56,2,4,10,43,27,0
11138,41,0,8,4,4,1,1,27,65,43,1,1,4,17,0,1
11139,38,0,8,3,8,1,1,14,73,26,1,1,0,7,4,1
11140,22,0,1,4,4,1,0,58,50,61,2,3,8,32,26,0
11141,53,0,9,3,8,1,0,10,100,65,1,2,1,7,8,1
11142,41,2,7,1,2,1,0,24,68,94,1,0,5,23,0,1
11143,37,0,11,4,20,2,0,44,53,74,1,1,2,29,1,2
11144,46,0,10,7,12,1,0,77,7,89,2,3,5,48,8,0
11145,51,0,1,3,18,2,1,66,44,43,2,3,5,36,9,0
11146,44,1,6,1,2,0,0,55,47,65,1,1,2,36,0,0
11147,36,2,9,6,17,1,2,38,69,61,1,1,5,30,2,1
11148,35,0,0,0,16,2,1,28,81,27,1,0,3,14,1,1
11149,44,0,13,1,1,1,0,45,50,83,2,5,6,44,15,2
11150,45,2,11,6,17,2,0,18,81,46,1,1,2,11,9,1
11151,44,1,12,5,15,1,1,51,45,42,2,5,8,36,6,0
11153,41,0,12,3,3,1,1,51,49,63,1,2,5,47,0,2
11154,35,0,6,4,23,0,0,70,29,90,2,3,6,62,6,0
11155,32,0,7,0,0,2,1,70,33,41,2,5,10,41,16,2
11156,29,0,3,7,21,2,0,60,34,38,2,4,7,31,6,0
11157,45,1,4,2,9,1,0,47,50,31,1,2,4,31,0,2
11159,48,0,10,2,11,1,0,45,54,85,2,4,6,41,6,2
11160,46,1,9,1,5,1,1,44,38,79,1,0,1,25,4,2
11161,32,0,11,0,16,2,0,76,31,26,2,2,5,51,10,0
11162,27,1,6,7,21,1,0,21,56,39,1,2,3,10,3,2
11163,38,0,7,2,9,1,0,10,94,52,1,1,4,7,0,1
11164,58,1,2,7,10,0,1,48,41,79,2,5,6,32,9,2
11165,34,0,13,2,11,1,2,42,46,70,1,2,0,36,6,1
11166,25,2,4,1,2,0,2,47,49,27,1,1,0,27,1,1
11167,39,0,2,3,3,2,0,28,76,58,1,0,0,21,2,2
11168,27,0,5,6,19,1,0,32,69,73,1,2,5,25,4,2
11169,55,0,3,5,15,2,2,86,24,54,2,2,8,72,28,0
11170,47,0,3,3,3,1,0,60,35,83,2,3,14,35,11,2
11172,23,1,2,4,23,1,1,25,71,40,1,2,0,14,6,2
11173,41,1,9,5,13,1,0,88,0,47,2,2,6,60,16,0
11174,42,0,3,5,13,2,1,60,54,48,2,3,8,43,10,0
11175,48,0,7,0,0,2,0,20,87,31,1,0,2,12,7,1
11176,44,2,13,6,7,1,1,36,56,29,1,2,3,29,1,2
11177,58,0,12,7,21,2,1,28,75,44,1,0,4,20,7,1
11178,21,0,0,2,11,0,1,16,79,94,1,0,0,14,2,1
11179,51,3,12,6,7,1,0,49,72,50,1,0,0,31,3,2
11180,40,2,2,6,17,1,1,52,33,73,2,4,8,46,16,0
11181,36,1,1,3,3,2,0,15,94,40,1,2,5,9,3,2
11182,59,2,7,1,1,0,0,41,43,23,1,0,2,21,1,2
11183,58,0,12,5,15,1,0,74,41,88,2,4,9,34,23,0
11184,35,2,13,0,22,0,0,67,24,70,2,2,13,51,29,2
11185,49,2,12,1,1,1,1,15,80,85,1,1,5,14,1,1
11186,33,0,4,3,18,0,0,17,83,30,1,2,4,16,3,1
11187,33,2,9,6,17,0,0,17,76,59,1,2,4,12,2,1
11188,41,2,14,2,6,1,0,49,54,77,1,0,0,23,5,1
11189,37,1,10,2,11,2,0,74,19,69,2,3,9,56,8,0
11190,21,0,0,1,2,2,1,33,64,68,1,1,5,18,1,2
11192,34,0,13,2,6,0,2,59,42,92,2,2,7,34,13,1
11194,55,1,17,2,9,0,0,13,75,84,1,0,0,12,8,1
11195,44,1,8,5,13,1,0,29,67,34,1,2,5,18,3,2
11196,43,3,12,6,7,1,1,42,39,44,1,0,4,37,0,2
11197,59,0,1,0,16,0,2,69,37,93,1,0,3,41,1,1
11198,50,1,2,0,16,2,0,15,75,90,1,0,0,10,3,1
11199,46,2,15,0,16,1,0,63,42,83,2,2,13,45,8,2
11200,34,2,3,0,22,1,1,25,51,87,1,0,3,17,1,1
11201,60,0,4,2,6,2,0,66,30,42,2,5,6,41,25,2
11202,39,3,6,5,14,1,0,39,73,53,1,2,5,23,4,2
11203,45,0,16,0,22,0,1,58,33,92,2,2,14,56,7,2
11204,31,0,8,0,22,1,0,15,85,66,1,2,0,14,0,1
11205,23,3,2,7,10,1,1,67,36,60,1,1,0,36,6,2
11207,56,2,13,0,16,1,0,60,38,40,2,3,7,27,5,2
11208,39,2,9,1,5,1,0,87,0,94,2,2,7,74,25,0
11209,42,2,15,1,1,1,0,82,17,46,0,8,16,72,30,0
11210,48,0,7,0,22,2,1,55,51,76,1,1,2,27,6,1
11211,43,0,6,3,3,2,1,25,67,44,1,1,3,18,5,1
11212,53,0,17,5,13,1,0,69,39,65,2,5,6,33,8,0
11213,32,0,4,1,5,1,2,28,76,82,1,0,4,15,8,1
11214,37,0,9,4,23,2,1,84,14,31,2,4,10,55,14,0
11215,39,2,17,5,15,2,0,40,53,92,1,0,2,39,7,2
11216,30,2,9,4,20,0,0,42,57,27,1,0,3,39,3,2
11217,33,0,6,0,16,2,0,94,27,50,2,2,13,55,13,0
11218,25,2,4,6,17,1,1,28,81,67,1,1,1,16,2,1
11219,43,0,3,2,9,1,0,92,25,74,2,5,13,78,6,0
11220,44,1,12,4,4,2,0,27,77,44,1,2,1,16,7,2
11221,55,0,6,5,14,1,0,77,22,22,2,2,11,45,28,0
11222,42,0,10,4,20,2,1,52,33,75,2,3,10,39,27,2
11223,32,3,10,0,16,2,0,20,69,43,1,0,1,17,3,1
11224,22,0,1,5,13,0,0,42,54,26,2,5,9,35,12,0
11225,52,0,4,4,20,2,0,68,42,47,2,5,13,53,8,0
11226,39,0,4,5,15,1,0,47,40,56,1,2,3,42,0,0
11227,46,0,1,6,19,2,1,35,65,65,1,2,0,22,9,2
11228,54,0,9,0,22,1,1,30,61,72,1,2,4,24,1,1
11229,47,2,7,4,4,2,0,33,65,42,1,1,0,29,2,2
11230,22,0,1,3,18,2,1,71,35,89,2,2,10,40,26,2
11231,50,1,12,6,19,1,1,18,68,73,1,0,4,10,4,1
11232,38,3,12,6,17,0,2,76,27,90,2,2,5,51,13,2
11233,41,0,11,1,1,2,2,29,62,37,1,1,1,16,7,1
11234,60,0,13,6,19,1,2,61,33,72,1,2,3,37,6,2
11235,22,0,0,2,9,0,0,79,12,36,2,4,8,60,8,0
11236,23,3,2,3,8,2,2,18,84,45,1,0,4,13,5,1
11237,27,0,6,4,4,0,2,21,81,79,1,1,5,12,6,1
11238,30,2,8,2,6,2,1,67,20,61,1,2,4,38,9,2
11239,48,0,0,1,5,0,1,22,81,92,1,0,0,17,9,1
11240,21,0,0,2,9,1,2,39,66,49,1,2,1,36,9,1
11241,38,1,8,4,20,2,1,46,52,40,1,1,1,26,5,2
11242,32,1,11,3,3,1,1,75,34,21,2,3,9,41,17,0
11243,36,2,13,7,10,0,1,29,78,22,1,2,2,23,7,1
11244,27,3,0,0,16,0,0,35,45,74,1,1,1,33,5,1
11245,35,2,8,1,5,1,0,16,100,58,1,0,5,9,3,1
11246,37,0,1,2,11,2,0,85,2,69,2,3,12,55,22,0
11247,38,2,9,4,4,1,0,72,29,29,2,3,7,57,22,0
11248,49,2,6,5,15,1,2,62,53,73,2,5,13,50,28,1
11249,35,0,0,0,16,1,0,37,60,48,1,1,2,24,2,2
11250,29,0,5,6,17,0,0,34,51,57,1,1,3,19,8,2
11251,21,2,0,6,17,2,0,28,83,42,1,1,3,21,8,2
11252,37,1,6,3,18,0,1,63,30,33,2,5,9,47,19,0
11253,42,2,15,1,5,2,0,45,61,24,1,1,4,40,2,2
11254,39,1,0,7,12,2,0,51,52,23,2,2,12,30,24,0
11255,50,0,9,4,20,0,0,39,87,50,1,2,3,34,4,2
11256,35,2,13,5,15,1,2,15,93,78,1,2,1,13,5,1
11257,44,2,8,7,21,2,0,34,69,71,1,0,2,20,2,1
11258,33,0,9,1,2,0,0,59,35,87,2,3,14,44,14,0
11259,45,3,9,4,23,2,0,57,40,27,1,1,3,54,0,0
11260,36,2,1,7,10,2,0,31,69,43,2,3,5,23,9,2
11261,52,2,11,7,12,1,2,75,39,63,2,5,10,58,20,2
11262,56,0,14,1,5,2,0,29,54,80,1,0,5,13,1,2
11263,25,1,4,6,19,1,1,12,94,72,1,2,3,5,1,1
11264,52,0,13,7,10,0,2,34,59,78,1,0,2,29,9,1
11265,55,0,6,5,15,0,1,39,43,92,1,1,3,24,7,2
11266,43,3,15,7,21,1,0,28,72,31,1,1,0,22,2,1
11267,52,0,12,0,22,1,1,39,61,75,1,2,5,33,0,1
11268,45,3,2,3,8,1,1,82,0,50,2,3,13,60,9,0
11269,25,2,1,3,18,1,0,73,41,42,2,3,13,58,16,0
11270,34,3,5,3,8,2,0,20,88,33,1,0,0,10,0,1
11271,24,2,3,0,0,2,0,25,75,25,1,2,5,11,6,1
11272,49,0,14,6,7,1,1,83,31,48,2,4,13,74,7,0
11273,26,2,5,3,8,1,0,78,3,67,2,5,14,71,17,0
11274,55,0,6,6,7,1,0,82,20,60,2,3,10,61,28,0
11275,56,2,1,0,22,1,1,82,25,81,0,7,21,51,39,2
11276,37,0,11,1,2,2,1,26,79,40,1,0,1,22,6,1
11277,38,0,17,1,2,2,2,16,93,52,1,0,3,15,7,1
11278,29,1,1,7,12,0,1,20,76,21,1,0,2,16,5,2
11279,24,3,0,5,15,2,1,91,6,91,2,3,6,90,24,0
11280,29,2,8,2,6,1,1,91,0,60,2,5,12,73,21,0
11281,48,1,12,5,15,0,0,30,72,66,1,1,4,19,2,2
11282,56,0,9,5,13,0,0,92,13,70,2,4,13,64,27,0
11283,33,0,2,5,13,1,0,20,84,36,1,2,4,17,6,2
11284,57,1,10,4,4,0,1,75,29,23,2,2,11,41,25,0
11285,50,2,21,0,0,1,1,91,21,50,2,3,14,87,16,0
11286,48,1,0,2,6,1,1,42,77,71,2,3,6,22,8,1
11287,57,0,9,0,0,0,1,63,42,21,2,2,5,39,15,2
11288,40,0,7,0,16,1,1,40,66,54,1,0,3,32,7,1
11289,46,0,10,0,16,0,0,61,23,87,1,2,5,37,3,2
11290,45,1,9,2,6,1,2,27,77,73,1,0,5,23,3,1
11291,39,0,1,1,2,2,0,88,11,60,2,5,9,64,21,0
11292,40,0,9,3,18,0,2,81,44,72,2,3,8,55,7,2
11293,46,2,9,2,11,0,0,54,39,72,2,2,10,47,15,2
11294,55,0,2,4,4,1,1,77,18,46,2,5,11,58,24,0
11295,47,1,1,4,4,2,1,55,44,54,2,5,8,31,5,0
11296,26,2,5,1,1,2,0,33,55,63,1,0,5,20,6,2
11297,59,0,12,5,13,1,1,60,38,86,2,2,7,43,21,2
11298,46,1,19,6,7,1,1,68,39,54,2,2,8,36,11,0
11299,57,1,7,4,20,1,0,77,30,65,2,5,13,41,11,0
11300,41,0,11,4,20,1,1,33,74,89,1,2,5,23,2,1
11302,53,0,20,5,15,0,0,24,76,29,1,2,5,16,4,2
11303,55,1,12,0,22,2,0,46,59,66,2,5,5,28,26,2
11304,50,2,5,5,14,2,1,60,39,85,2,3,6,45,29,2
11305,29,2,8,7,21,2,2,21,88,81,1,1,4,18,2,1
11306,34,2,5,2,6,1,1,20,79,31,1,2,2,11,1,1
11307,52,2,12,7,12,1,1,85,11,40,2,3,7,83,20,0
11308,55,0,7,1,1,0,1,32,58,83,1,2,1,24,2,1
11309,29,1,1,2,6,2,2,16,92,81,1,1,0,11,8,1
11310,40,0,9,6,7,1,1,13,74,54,1,0,3,8,9,1
11311,43,0,20,3,18,2,0,42,59,22,1,1,3,30,4,2
11312,31,3,10,0,0,0,1,55,41,21,2,5,9,43,15,1
11313,23,2,2,1,1,1,0,70,34,28,2,4,13,45,14,0
11315,25,2,4,4,4,1,1,89,7,89,0,7,20,42,38,0
11316,38,0,13,1,5,1,0,28,71,25,1,1,1,15,5,2
11317,49,0,0,0,16,0,0,76,48,72,2,2,13,59,16,0
11318,39,0,0,3,18,1,0,58,39,65,1,1,2,29,2,0
11319,28,2,7,2,11,0,0,67,26,84,1,0,5,66,1,2
11320,48,0,10,4,23,2,1,69,48,29,1,2,5,61,5,0
11321,40,0,19,3,3,0,1,54,69,69,1,1,0,36,0,1
11322,47,0,10,0,22,0,0,54,37,78,2,3,13,27,20,2
11323,49,2,5,7,21,1,0,71,30,63,2,5,13,62,29,0
11324,54,2,9,6,19,1,0,82,24,80,2,4,11,36,5,0
11325,56,3,7,0,22,1,1,62,51,66,2,5,13,49,14,1
11326,32,3,8,0,16,2,2,58,39,72,2,2,10,54,23,1
11327,25,0,0,3,8,1,0,11,88,67,1,0,4,9,3,1
11328,32,2,7,4,4,0,0,61,37,39,2,2,10,58,18,0
11329,54,2,5,3,8,1,2,71,31,60,2,2,5,56,16,2
11330,46,0,0,0,22,0,0,16,87,70,1,1,5,10,4,1
11331,56,0,4,2,6,0,0,29,81,75,1,1,2,17,7,1
11332,58,0,12,7,10,0,1,58,40,44,1,0,5,47,4,2
11334,54,2,10,6,7,1,1,62,23,94,2,2,8,44,7,2
11335,28,0,7,1,1,0,2,80,4,61,2,4,8,53,28,2
11336,22,0,0,6,7,0,0,52,49,72,1,2,0,31,6,0
11337,31,3,6,2,6,2,2,43,49,78,2,4,11,34,22,1
11339,60,0,11,2,6,1,1,36,58,32,2,5,9,28,17,1
11341,52,2,5,1,1,2,1,53,43,23,2,2,11,24,29,2
11342,30,0,8,7,10,2,0,34,59,50,1,2,2,27,6,2
11343,42,2,13,3,8,2,0,72,12,43,2,2,12,69,13,0
11344,53,0,11,0,16,2,0,80,25,65,2,4,7,65,23,0
11345,56,0,8,1,2,2,1,90,26,87,2,3,12,72,9,0
11346,42,1,4,1,1,1,0,78,17,43,2,5,13,45,21,0
11347,33,0,3,5,15,0,2,46,57,49,2,2,5,30,27,1
11348,44,1,7,3,18,2,0,43,68,84,2,4,12,22,27,2
11349,51,1,7,5,14,0,0,14,94,73,1,0,0,12,5,2
11350,55,0,3,4,20,2,0,30,82,26,1,0,5,20,1,2
11351,23,0,2,7,10,1,1,38,66,74,1,1,2,29,9,2
11353,47,0,7,4,20,2,0,37,52,77,1,2,2,18,7,2
11354,48,2,8,7,21,1,1,42,42,68,2,2,11,23,10,1
11356,60,0,13,1,1,1,1,62,39,41,1,0,0,51,6,0
11357,31,0,0,0,16,1,0,17,91,48,1,2,1,11,6,1
11358,56,2,18,7,12,1,1,41,64,58,2,3,5,19,25,1
11359,48,0,16,6,19,2,0,90,0,97,2,2,8,86,11,0
11360,55,0,18,0,22,0,1,76,28,75,2,2,10,43,20,2
11361,41,2,12,3,8,2,0,38,81,48,1,1,5,32,5,1
11362,33,3,9,3,8,1,2,25,92,65,1,1,1,17,6,1
11363,59,0,14,0,16,0,0,77,34,20,2,3,13,55,20,0
11364,54,0,19,0,0,1,0,58,47,78,1,0,0,38,9,2
11365,50,1,6,1,5,2,0,55,36,91,2,2,9,51,7,0
11366,42,0,1,5,15,2,1,77,20,20,2,5,10,49,19,0
11367,23,1,2,6,19,1,1,32,63,83,1,2,5,17,9,2
11368,31,0,10,0,0,0,1,43,41,52,2,5,6,21,13,1
11370,60,1,4,4,4,1,0,59,38,80,2,3,11,52,18,0
11371,41,0,11,2,9,2,2,69,32,23,2,2,11,47,12,2
11372,49,0,14,0,22,2,1,77,21,77,2,5,14,70,12,0
11373,37,1,3,1,5,0,1,15,92,70,1,2,1,8,8,1
11374,33,0,5,5,14,2,1,62,30,90,1,1,1,59,7,0
11375,41,0,2,7,12,1,1,73,17,42,2,3,12,61,20,0
11377,38,0,7,2,6,1,1,40,51,57,1,2,0,36,5,1
11378,54,0,3,6,17,1,0,67,38,69,1,1,2,55,6,0
11379,48,3,11,4,20,1,1,30,71,74,1,1,4,25,3,1
11380,41,1,15,4,20,1,0,62,49,74,2,4,6,57,8,0
11381,29,0,8,2,6,1,0,67,18,47,2,5,14,40,12,0
11382,36,0,6,7,12,0,0,32,30,86,1,0,3,16,8,2
11383,22,2,0,7,21,0,2,40,50,55,1,2,1,26,8,1
11384,22,0,1,3,3,2,0,72,35,79,2,5,11,43,7,0
11385,43,3,13,6,17,0,2,44,61,39,2,3,9,22,6,1
11386,60,2,14,2,6,1,0,25,69,48,1,2,1,16,5,1
11387,44,0,0,1,5,0,2,64,31,55,2,4,14,54,26,2
11388,21,1,0,5,15,2,0,60,49,35,1,2,0,53,4,0
11389,26,1,5,1,2,2,1,55,51,47,1,2,5,30,6,2
11390,26,0,5,7,10,2,0,70,10,63,2,5,10,67,8,0
11391,50,0,0,3,18,0,1,31,67,66,1,0,1,27,3,1
11392,45,2,4,4,23,2,2,68,37,69,1,0,1,54,2,2
11393,35,0,14,6,17,2,2,58,40,66,1,0,5,51,6,2
11394,40,0,7,5,15,0,1,50,46,62,2,3,12,39,18,2
11395,28,3,7,5,14,2,1,54,42,88,1,2,4,33,0,2
11396,29,2,8,0,22,0,0,78,21,83,2,3,10,63,15,2
11397,37,2,7,3,18,2,1,67,52,75,1,2,0,38,1,2
11398,38,0,7,3,18,0,2,27,68,55,1,1,3,17,2,1
11399,22,0,1,4,20,1,1,12,72,28,1,0,1,7,0,2
11400,44,1,6,3,3,0,2,29,72,75,1,2,4,27,6,1
11401,42,1,5,2,9,2,0,73,0,25,2,3,13,65,13,0
11402,36,2,5,7,10,0,0,37,67,63,1,2,0,34,0,2
11403,53,2,5,7,10,1,0,24,84,20,1,0,1,12,4,1
11404,47,0,8,1,5,1,0,66,41,64,2,2,14,34,22,0
11405,60,0,8,5,13,2,1,54,51,62,1,2,0,37,5,2
11406,28,0,7,5,15,2,1,73,27,80,2,2,9,45,13,0
11407,28,2,7,1,2,0,1,44,58,31,1,2,1,42,4,2
11408,42,0,10,6,7,2,0,25,92,34,1,2,4,17,3,2
11409,51,1,11,0,22,2,0,81,26,86,2,2,5,38,19,0
11410,22,1,1,3,8,1,1,22,88,58,1,0,3,19,2,1
11411,31,2,0,7,12,2,0,37,79,34,1,2,4,22,7,2
11412,52,0,5,3,3,2,2,80,7,60,2,3,13,69,16,2
11413,29,0,8,4,23,1,2,31,64,78,1,0,3,19,5,1
11414,44,0,9,5,13,1,0,71,36,49,2,4,10,52,15,0
11415,45,2,2,3,8,2,1,23,68,42,1,0,3,17,0,1
11416,60,1,14,2,11,2,0,13,91,69,1,2,2,6,9,1
11417,26,0,5,5,13,0,0,15,69,81,1,2,5,13,4,1
11418,22,2,1,4,23,2,0,74,11,37,2,3,11,65,26,0
11419,35,0,12,0,0,2,2,58,48,47,2,3,12,44,6,1
11420,27,2,6,1,2,2,0,61,44,35,2,3,13,55,10,0
11421,40,1,9,6,17,1,1,48,68,62,1,0,5,41,5,2
11422,45,0,6,4,20,0,1,11,86,87,1,2,0,7,3,1
11423,37,0,1,4,20,1,1,34,69,79,1,2,0,29,5,2
11424,34,0,13,4,23,0,1,69,27,59,2,4,12,35,28,2
11425,55,2,13,6,19,1,1,26,72,72,1,0,0,13,2,1
11426,40,0,15,7,12,1,2,88,18,58,0,8,19,71,47,2
11427,43,0,10,1,1,2,1,35,59,59,1,2,1,32,6,2
11429,55,1,3,3,18,1,0,49,49,80,1,2,2,42,2,2
11430,44,0,8,5,14,1,2,12,93,26,1,1,3,7,8,1
11431,45,2,7,1,2,1,1,50,40,89,2,3,10,32,11,2
11432,46,0,10,4,20,0,2,83,11,93,2,4,12,56,9,2
11433,43,1,8,4,23,1,1,85,31,32,2,2,5,62,13,0
11434,30,3,9,0,16,1,0,36,83,90,1,1,3,28,3,1
11435,22,1,1,6,7,2,1,38,75,38,1,0,2,35,6,0
11436,51,0,5,6,19,1,1,63,24,73,1,2,0,53,1,0
11437,32,0,7,7,21,1,1,59,44,47,1,2,4,55,9,0
11438,40,0,6,4,23,1,0,26,72,61,1,0,4,19,0,2
11439,42,0,5,3,3,1,1,81,16,34,2,5,10,46,12,0
11440,33,0,10,1,1,2,0,22,71,58,1,1,1,15,6,1
11442,34,0,7,3,8,1,1,37,74,94,1,0,2,22,8,1
11443,32,0,5,1,5,0,1,13,78,59,1,0,1,7,8,1
11444,39,0,9,6,7,1,0,64,49,34,2,4,10,32,17,0
11445,50,2,9,7,10,1,1,24,75,90,1,1,4,22,9,1
11446,21,3,0,2,6,1,2,18,70,20,1,1,0,10,1,1
11447,41,0,0,2,9,2,1,29,71,73,1,0,1,14,4,1
11448,47,2,6,2,9,2,0,30,80,44,1,0,4,16,2,1
11449,58,2,2,5,14,2,2,67,39,50,2,2,9,49,8,2
11450,54,0,3,3,3,2,1,37,65,57,1,2,4,31,8,1
11452,56,0,8,2,11,1,0,69,25,74,2,5,8,66,9,0
11453,42,1,13,1,2,2,0,43,43,39,1,2,3,24,8,0
11454,41,0,8,3,8,2,1,21,81,80,1,0,4,19,0,1
11455,40,2,3,0,0,0,0,77,29,66,2,3,11,51,14,2
11456,24,0,0,4,20,0,1,47,35,66,2,2,9,28,25,2
11457,41,0,16,3,3,2,1,46,62,21,1,1,0,41,7,2
11458,58,0,13,5,14,2,1,63,47,26,1,2,0,40,6,0
11459,48,0,1,3,18,1,1,68,43,84,2,4,11,30,20,2
11460,38,2,12,4,4,1,1,94,6,65,2,2,14,57,7,0
11461,60,1,11,5,14,1,0,17,90,68,1,1,0,14,7,2
11462,23,0,2,6,19,2,1,51,60,93,1,1,4,33,2,2
11464,42,0,4,6,7,2,2,53,42,57,2,3,6,27,14,1
11465,28,0,7,1,1,2,2,89,1,68,2,4,13,72,7,0
11466,36,0,11,4,4,1,0,47,61,45,2,4,5,41,24,2
11467,55,0,11,5,14,1,1,10,91,34,1,0,1,5,0,1
11468,21,2,0,2,11,2,0,36,67,75,1,0,5,16,9,1
11469,55,0,14,5,13,1,1,47,49,28,2,5,14,22,5,2
11471,34,0,13,4,20,1,0,39,63,57,1,1,4,34,2,2
11472,47,1,8,7,21,2,0,21,82,56,1,2,0,14,4,2
11473,48,2,17,7,10,0,0,29,70,30,1,0,0,14,2,1
11474,30,0,0,2,11,2,0,76,29,94,2,4,5,71,11,0
11475,58,2,8,0,22,2,1,53,39,74,2,5,7,52,18,1
11476,41,2,7,4,23,1,2,36,59,64,1,0,4,33,0,1
11477,24,3,3,2,11,2,0,85,9,89,2,4,14,84,7,0
11478,28,0,7,5,14,0,0,15,92,86,1,0,2,13,0,1
11479,53,0,4,5,13,2,1,71,30,38,2,5,5,68,20,0
11480,22,2,1,6,19,0,0,75,15,89,2,4,8,62,6,0
11481,41,0,10,7,10,0,1,25,95,80,1,2,2,15,8,1
11482,40,2,12,1,2,1,1,50,37,56,1,2,0,42,3,2
11483,42,0,15,3,18,0,1,43,60,66,2,3,12,21,5,1
11484,50,0,10,6,17,2,0,78,19,57,2,2,11,35,7,0
11485,45,2,12,7,12,1,1,43,57,47,2,4,9,20,5,1
11486,41,2,6,7,10,2,0,35,58,50,1,1,3,20,7,2
11487,23,2,2,7,10,0,1,49,38,32,2,3,8,44,25,2
11488,51,0,7,3,3,2,0,56,51,67,2,4,10,47,7,2
11489,53,0,10,3,18,2,1,39,67,72,1,1,5,38,9,1
11490,37,1,13,7,21,1,0,78,22,75,2,3,13,53,15,0
11491,59,0,0,2,11,2,0,48,60,86,1,2,3,34,6,2
11492,59,2,9,2,11,1,0,49,51,85,2,3,9,45,26,1
11493,33,0,0,3,8,1,2,33,66,34,1,1,5,32,3,1
11494,24,0,3,0,22,0,2,77,33,76,2,2,12,61,9,2
11495,34,0,9,7,21,2,2,18,92,58,1,2,1,13,8,1
11496,49,3,2,2,11,1,2,58,58,80,2,2,14,41,29,1
11497,59,2,4,0,22,2,0,79,2,88,2,2,7,35,19,2
11498,35,0,1,7,12,2,0,18,89,50,1,0,3,10,3,1
11499,28,2,6,3,18,0,1,49,54,83,1,1,0,40,9,1
11500,48,3,11,0,0,1,1,37,61,40,1,2,1,18,7,1
11501,58,0,5,4,4,1,0,80,11,72,2,2,11,76,9,0
11503,50,1,11,3,18,1,0,61,30,43,2,4,5,49,19,0
11504,45,0,1,4,20,1,1,89,17,84,2,3,6,81,9,0
11505,48,0,1,2,9,1,1,29,66,59,1,1,2,28,1,1
11506,34,1,9,3,18,1,2,56,54,39,1,2,0,41,1,2
11507,58,0,8,4,20,2,0,43,71,92,1,1,0,31,2,2
11508,26,0,3,4,20,2,0,18,98,80,1,1,3,12,7,1
11509,47,2,15,6,19,0,2,51,51,66,2,2,8,49,27,1
11510,27,1,6,4,20,2,1,48,59,89,2,5,13,35,8,2
11511,60,2,17,2,11,1,1,52,41,68,1,2,0,41,1,1
11512,39,2,9,1,1,1,0,76,13,32,2,5,5,70,12,0
11513,22,1,1,7,12,1,0,19,79,72,1,1,4,14,5,2
11514,30,1,9,3,8,1,0,67,44,33,2,5,11,45,7,0
11515,51,1,11,4,20,1,1,58,37,21,2,5,13,47,12,0
11516,39,2,11,7,21,0,2,37,69,74,1,2,3,22,0,1
11517,24,0,3,2,11,0,1,53,19,84,1,2,1,44,3,2
11518,33,1,12,1,1,1,1,57,40,87,1,2,0,30,1,2
11519,29,2,8,5,15,1,0,65,40,37,2,2,14,30,24,0
11520,52,0,8,5,13,2,2,62,38,25,2,3,7,36,23,2
11521,31,3,10,7,10,0,0,50,51,34,2,5,5,42,8,2
11522,42,0,19,4,20,1,1,75,7,86,2,4,9,53,8,0
11523,45,0,8,2,6,0,1,71,21,84,2,5,13,57,15,2
11525,59,0,5,3,3,2,0,54,36,65,2,4,9,42,13,2
11526,24,0,3,5,15,0,0,83,9,93,2,2,7,40,12,0
11527,54,0,1,6,17,0,0,32,57,81,1,1,4,27,1,2
11528,31,0,10,3,18,0,1,68,55,51,2,2,6,60,16,2
11529,59,2,9,6,17,1,1,32,66,41,1,1,1,27,8,1
11530,59,1,13,5,14,2,1,54,55,80,2,4,13,37,29,2
11531,43,1,9,2,9,1,2,14,82,32,1,0,4,11,5,1
11532,52,0,10,2,11,0,1,33,79,84,1,0,0,18,6,1
11533,35,1,4,7,10,2,0,21,83,85,1,2,3,15,2,1
11534,34,0,2,2,9,2,0,70,37,27,2,2,10,52,8,0
11535,25,0,4,2,11,0,1,16,98,66,1,1,0,10,4,1
11536,55,2,1,5,14,2,0,85,27,57,2,3,8,49,13,0
11537,36,1,11,2,6,2,2,85,31,40,2,5,7,53,5,2
11538,25,0,4,3,8,2,2,49,36,41,2,2,13,47,23,1
11539,30,0,0,5,15,2,1,71,33,64,2,2,11,58,21,0
11540,37,2,15,4,23,1,0,88,4,65,2,4,13,60,7,0
11541,35,1,12,2,9,0,1,37,65,70,1,0,4,25,2,1
11542,44,0,9,3,18,0,0,33,63,35,1,0,4,31,4,2
11543,59,0,11,2,9,0,1,78,33,75,2,2,10,38,29,2
11544,43,1,3,0,0,2,0,44,40,24,1,1,1,42,4,0
11545,21,0,0,1,1,1,0,30,89,35,1,0,4,17,7,2
11546,42,0,5,2,9,2,2,65,35,49,2,4,14,60,21,2
11547,59,2,0,7,10,1,0,74,12,92,2,4,14,60,12,0
11548,24,0,3,4,4,0,0,66,41,70,2,5,6,49,22,0
11549,26,2,5,5,13,2,0,87,30,70,2,2,12,39,10,0
11551,35,0,14,2,9,2,0,50,57,52,1,2,3,23,9,2
11552,38,0,5,0,16,2,1,38,53,48,1,2,1,27,4,1
11553,29,3,8,0,16,2,1,37,64,32,1,2,0,27,9,1
11554,42,0,11,0,22,0,0,43,56,94,2,3,7,21,12,1
11555,46,0,16,7,10,1,1,67,37,92,2,5,6,33,8,2
11556,47,0,15,2,11,0,0,92,20,86,2,4,12,51,15,0
11557,60,0,5,1,2,2,1,24,77,47,1,0,0,14,8,1
11558,31,0,10,1,5,0,1,41,64,75,1,1,5,27,4,1
11559,45,0,6,1,1,0,1,58,31,51,2,4,14,35,15,2
11560,26,2,5,7,12,1,2,80,28,90,2,5,7,60,16,2
11561,34,0,13,7,12,0,0,64,42,54,2,3,7,43,11,0
11562,44,0,5,5,13,0,1,57,43,35,2,5,9,41,12,0
11563,36,2,9,7,21,0,1,24,82,20,1,2,0,12,7,1
11564,38,2,2,4,4,0,0,43,37,76,1,1,3,26,6,2
11565,30,2,8,7,12,2,1,27,72,71,1,2,1,21,5,1
11566,31,1,9,7,10,1,0,75,32,24,2,4,6,45,6,0
11567,43,0,7,6,17,0,0,22,96,33,1,0,4,19,7,2
11568,54,0,9,7,10,2,0,64,43,56,2,2,6,49,22,0
11570,22,2,1,5,15,0,0,16,90,68,1,1,2,11,1,1
11571,43,0,11,4,23,2,0,19,84,62,1,0,0,18,2,1
11572,33,0,10,3,8,2,0,29,65,65,1,1,0,27,1,1
11573,27,2,6,6,17,0,1,50,56,85,1,0,4,37,1,2
11574,60,0,3,1,2,0,1,67,26,87,2,3,5,49,11,2
11575,56,0,16,1,2,2,0,57,18,47,1,1,4,39,9,0
11576,33,2,12,3,3,0,0,69,36,35,2,4,11,59,23,0
11577,54,0,11,5,13,0,0,22,86,30,1,0,0,14,4,2
11578,45,0,7,2,11,1,1,60,37,73,2,3,9,28,28,1
11579,56,0,10,7,21,2,2,23,89,29,1,0,0,14,8,1
11580,32,0,9,3,18,1,2,67,42,59,2,5,11,59,18,2
11581,34,0,13,7,12,2,2,36,65,69,1,0,4,23,6,1
11582,40,1,7,6,17,2,0,46,52,79,1,2,1,22,7,2
11583,59,1,0,2,11,1,1,21,72,79,1,1,2,20,8,1
11584,32,2,11,0,22,2,0,51,50,67,2,5,13,47,6,2
11585,56,2,5,5,13,1,2,21,65,35,1,2,1,9,3,1
11586,49,2,7,5,13,1,0,67,23,61,2,3,14,61,21,0
11587,25,1,4,7,21,0,2,43,69,43,1,0,0,24,2,1
11588,34,0,11,4,20,2,1,58,39,55,1,0,1,36,1,2
11589,30,0,9,2,11,2,2,50,46,92,1,2,0,26,4,1
11590,60,0,2,6,7,2,1,70,17,74,2,5,7,44,5,0
11591,38,0,8,7,21,2,0,41,52,94,1,2,5,25,7,2
11592,58,0,6,5,15,0,0,58,37,84,2,5,8,54,25,0
11593,37,0,13,2,11,0,1,71,35,93,1,0,4,67,0,2
11594,41,2,8,3,18,2,0,29,76,73,1,2,3,25,6,1
11595,39,0,15,1,1,1,0,39,60,93,1,2,5,38,4,2
11596,52,0,15,6,7,2,1,53,43,22,1,2,0,26,0,2
11597,32,0,3,4,4,0,1,79,38,80,2,4,12,39,23,2
11598,32,0,11,2,11,1,1,21,67,71,1,1,2,16,7,1
11599,35,0,6,0,0,2,1,58,36,32,2,5,11,49,10,2
11600,29,2,3,3,18,0,2,11,83,46,1,2,4,10,9,1
11601,45,0,16,6,19,1,2,93,17,91,2,4,11,69,10,0
11602,23,0,2,3,18,0,2,40,37,77,1,2,3,34,2,1
11603,59,0,8,3,8,1,1,28,62,63,1,0,4,14,9,1
11604,33,0,12,7,10,0,1,13,88,43,1,2,5,8,0,1
11605,47,0,13,5,13,0,0,21,78,93,1,1,2,11,6,1
11607,21,0,0,6,7,2,1,43,69,23,2,4,14,41,24,0
11608,38,0,12,1,2,1,0,13,93,24,1,1,4,5,5,1
11609,39,0,4,3,18,1,0,17,96,53,1,0,2,8,7,1
11610,45,2,10,1,1,1,0,48,49,25,1,1,3,24,4,2
11611,37,0,6,5,14,1,1,61,48,48,2,3,7,36,9,0
11612,33,2,11,7,10,0,1,29,76,39,1,0,5,15,6,1
11613,60,0,8,3,8,0,0,66,26,56,2,3,9,39,24,0
11614,35,1,8,1,5,2,1,34,62,83,1,2,3,16,4,1
11615,55,0,12,2,11,1,0,19,71,80,1,1,5,15,6,1
11616,47,0,0,2,6,2,0,59,30,40,2,3,5,56,29,0
11617,33,1,10,4,20,0,0,37,58,65,2,2,12,29,22,2
11619,34,0,5,4,4,2,1,38,64,39,1,2,3,32,0,2
11620,57,0,10,3,3,1,0,91,0,21,2,3,7,89,7,0
11621,41,2,12,3,8,0,2,52,43,93,2,4,11,23,10,1
11622,28,2,1,0,0,2,1,51,63,33,2,2,11,37,10,2
11623,35,0,8,1,2,2,1,22,98,60,1,1,5,12,3,1
11624,42,0,17,7,21,2,1,22,91,86,1,0,2,16,8,1
11625,53,1,10,5,15,1,1,40,62,82,1,1,0,25,0,2
11626,48,1,14,6,19,2,1,78,19,87,2,3,8,75,12,0
11627,55,0,5,3,18,0,0,11,86,91,1,1,3,5,9,1
11628,58,0,7,5,13,1,0,87,21,72,2,4,10,81,29,0
11629,55,3,8,6,19,1,1,43,58,86,1,0,3,37,4,1
11630,55,0,0,7,10,2,0,27,91,54,1,0,5,22,3,2
11631,58,2,3,1,2,2,1,58,56,51,2,2,10,43,26,2
11632,54,0,7,6,17,2,2,88,24,75,2,5,12,69,7,0
11633,40,0,6,1,1,1,1,72,33,35,2,4,5,68,9,0
11634,33,1,12,1,5,0,1,44,65,47,1,2,5,42,8,2
11635,25,0,0,1,2,2,0,24,80,55,1,0,1,11,7,2
11636,48,2,1,0,16,0,1,54,39,43,1,0,3,25,0,2
11637,48,1,0,5,15,1,0,14,91,23,1,2,4,9,0,2
11638,52,2,8,2,6,1,1,69,26,30,1,0,4,54,2,2
11639,35,3,12,5,14,0,0,51,51,44,1,1,1,37,1,2
11640,25,0,4,3,18,1,1,46,50,41,1,2,3,25,9,2
11641,59,0,7,5,13,1,0,78,30,52,2,4,12,43,20,0
11642,44,2,3,3,18,2,2,22,86,67,1,2,5,11,6,1
11643,34,1,0,0,22,0,1,39,63,93,1,2,3,29,2,1
11644,21,0,0,0,22,2,0,40,38,76,1,1,4,24,4,2
11645,44,2,4,5,15,1,1,44,54,41,1,0,5,37,0,2
11646,59,0,11,7,10,1,1,53,48,64,2,5,9,33,23,2
11647,39,2,9,4,23,1,1,53,35,84,2,5,5,45,26,2
11648,53,0,7,7,12,1,1,48,53,94,2,2,13,22,25,1
11649,40,0,6,5,15,0,1,55,58,84,2,5,7,36,18,2
11650,35,1,7,5,15,2,0,54,42,39,1,0,0,36,6,0
11651,34,2,4,7,21,1,0,66,25,69,2,5,5,53,19,0
11652,32,2,11,2,6,2,1,63,36,51,2,4,11,53,11,2
11653,54,3,7,3,18,2,1,45,58,89,1,1,0,25,9,1
11654,33,0,11,3,8,0,0,41,58,91,1,1,2,27,1,2
11655,30,0,5,2,9,2,1,17,87,74,1,1,4,13,8,1
11656,24,0,3,3,18,1,1,63,31,62,2,3,10,42,22,2
11657,29,0,6,1,2,2,0,19,92,49,1,0,0,9,9,1
11658,22,2,1,2,11,0,1,11,80,76,1,1,0,5,0,1
11659,38,0,10,6,7,0,1,73,44,58,2,5,9,47,22,0
11660,49,1,8,4,4,2,0,29,63,78,1,0,2,24,4,2
11662,24,0,3,2,9,1,0,35,56,48,1,2,4,33,7,2
11663,21,1,0,2,11,2,1,65,39,85,1,1,5,40,2,2
11664,24,1,3,0,16,1,1,79,13,94,2,3,10,78,22,0
11665,21,1,0,1,5,1,0,58,58,30,2,2,6,32,7,0
11666,39,2,12,5,13,1,1,63,47,32,1,1,4,61,4,0
11667,57,2,15,0,22,1,0,54,31,83,1,2,5,52,9,2
11668,22,0,1,4,20,1,0,87,4,43,2,5,14,82,15,0
11669,50,2,14,0,16,2,0,37,58,26,2,4,13,24,15,1
11670,57,2,8,6,17,2,0,55,46,90,2,4,6,33,19,2
11671,24,2,3,5,14,0,1,28,74,73,1,2,5,22,4,1
11672,52,0,11,6,17,1,2,73,35,70,2,2,13,47,11,2
11673,55,0,10,4,20,0,1,25,59,68,1,2,2,16,5,1
11674,26,0,2,3,3,0,1,75,35,25,2,2,9,42,24,0
11675,32,0,5,1,1,1,1,56,41,73,2,4,10,39,6,2
11676,54,0,17,1,2,2,1,43,54,74,1,2,0,28,4,1
11677,53,0,0,2,6,1,1,28,88,42,1,0,5,19,4,1
11678,29,2,8,0,22,2,2,48,69,78,1,0,2,32,9,1
11679,30,1,9,1,2,1,2,51,41,74,2,5,9,49,6,2
11680,35,2,14,7,10,0,1,12,100,85,1,0,1,9,4,1
11681,54,2,15,2,6,2,0,54,43,94,1,1,1,51,7,2
11682,56,0,10,0,0,1,2,85,18,33,2,4,7,83,9,0
11683,26,1,5,3,3,1,0,31,78,47,1,2,5,29,7,2
11685,26,2,5,3,18,1,1,47,57,46,2,2,9,37,28,1
11687,60,0,10,2,11,0,1,78,24,87,2,4,5,44,19,2
11688,47,0,12,3,3,2,1,16,79,48,1,1,3,10,4,1
11689,51,2,11,7,21,1,0,18,73,55,1,0,1,15,3,1
11690,22,0,1,3,18,1,1,89,16,36,2,4,10,41,11,0
11691,50,0,6,1,1,1,0,13,97,31,1,1,5,7,8,1
11693,21,2,0,2,9,1,0,28,61,94,1,1,4,26,1,1
11694,33,0,12,1,1,0,2,36,68,76,1,0,5,31,5,1
11695,38,0,10,1,2,2,0,17,89,81,1,1,5,11,2,1
11696,58,0,9,2,11,1,0,16,81,80,1,0,5,11,8,1
11697,43,0,12,2,6,1,1,78,5,56,2,4,11,39,26,2
11698,47,0,13,7,10,1,0,71,32,57,2,3,5,36,13,0
11699,26,1,5,0,22,2,0,82,9,79,2,4,6,70,12,0
11700,24,0,3,2,11,0,2,36,50,92,1,2,0,17,7,1
11701,52,1,7,5,13,2,0,24,79,34,1,1,5,21,2,2
11702,48,1,14,0,22,0,1,31,65,70,1,1,1,17,4,1
11703,56,0,9,4,4,2,0,25,67,44,1,2,2,20,3,2
11704,35,3,8,7,21,2,1,50,62,63,2,3,5,47,5,1
11705,21,1,0,0,22,1,1,77,9,96,2,3,13,49,12,0
11706,49,2,13,5,15,1,0,94,21,26,2,3,9,61,20,0
11707,52,2,14,7,12,0,1,47,53,81,1,2,4,41,7,1
11708,51,1,18,3,3,2,2,22,79,35,1,1,0,12,5,1
11709,37,2,3,2,11,0,1,73,25,93,2,3,6,61,9,2
11710,44,1,7,4,23,0,0,27,72,22,1,2,0,24,9,2
11711,31,3,10,6,7,1,0,25,85,78,1,1,5,15,3,1
11712,36,0,15,5,15,0,2,62,20,62,2,5,10,37,26,2
11714,47,0,5,1,5,0,0,22,65,60,1,1,3,13,7,1
11715,32,0,7,6,19,1,0,23,90,82,1,0,1,18,4,1
11716,59,0,8,0,0,1,1,51,51,49,2,5,13,37,24,1
11717,42,0,0,6,7,1,0,14,91,40,1,0,1,9,7,2
11718,30,2,9,5,15,1,1,52,34,44,1,2,0,50,4,0
11719,43,2,7,2,9,0,1,42,45,92,1,0,4,39,9,1
11720,45,0,11,6,17,1,1,72,19,72,2,4,6,41,15,0
11721,58,0,8,7,10,0,1,42,61,50,1,0,3,41,2,2
11722,25,1,4,4,23,2,0,28,77,52,1,1,5,23,9,2
11723,31,2,4,2,11,0,0,76,15,95,2,3,5,62,13,2
11724,41,2,8,0,22,2,0,16,69,72,1,1,4,9,5,1
11725,44,1,15,2,9,0,1,62,50,61,1,0,2,52,3,2
11726,29,0,8,2,9,2,0,48,41,76,1,0,4,25,3,2
11727,22,0,1,4,20,1,0,23,75,23,2,5,8,11,27,2
11728,44,2,15,7,21,1,0,66,51,29,1,2,4,57,2,0
11729,21,1,0,7,21,1,0,51,51,88,1,0,4,49,7,0
11730,56,1,5,7,10,1,2,34,58,55,1,0,3,21,0,1
11731,30,1,9,2,9,2,1,63,32,73,2,2,7,34,14,2
11732,22,0,1,1,2,0,0,59,50,91,1,1,2,58,2,0
11733,26,0,5,4,23,0,2,88,25,56,2,5,11,55,9,0
11734,56,2,10,4,4,1,0,57,56,43,2,4,14,42,28,2
11735,21,2,0,5,13,2,0,74,12,76,2,4,13,46,6,0
11736,41,2,11,5,15,2,1,23,79,52,1,0,2,14,9,1
11738,53,0,14,2,6,0,0,20,79,68,1,0,4,17,9,1
11739,37,2,6,3,8,1,2,41,52,41,1,1,0,21,9,1
11740,41,2,11,6,17,2,1,14,81,75,1,2,4,8,9,1
11741,30,0,9,3,18,2,1,87,1,63,2,4,13,81,6,0
11742,48,2,17,7,10,1,0,32,72,42,1,2,5,14,2,1
11743,33,0,12,5,13,1,2,32,75,91,1,2,4,19,0,1
11744,51,0,12,4,23,2,0,50,50,50,1,1,2,30,6,2
11745,52,0,14,2,11,1,1,41,51,73,1,2,0,18,5,1
11746,35,0,7,6,17,2,1,85,24,77,2,4,11,59,17,0
11747,39,0,16,5,14,2,0,55,38,91,2,5,13,47,15,0
11748,38,2,15,5,14,0,0,24,70,85,1,1,5,15,2,1
11749,30,0,9,5,13,0,1,82,31,48,2,5,8,57,26,0
11750,59,1,0,7,12,1,1,32,90,50,1,2,4,17,4,2
11751,54,1,11,7,12,2,2,62,50,54,1,1,0,44,4,2
11752,30,3,9,2,11,1,0,35,79,68,1,1,0,20,7,1
11753,43,1,6,2,11,1,1,40,67,86,1,2,2,32,1,1
11754,60,3,2,0,16,1,0,26,66,68,1,1,3,12,6,1
11755,42,0,7,7,21,0,0,93,13,41,2,4,11,46,28,0
11756,35,0,2,0,22,2,0,44,64,93,2,2,11,34,21,2
11757,47,1,2,0,0,1,0,55,51,61,2,5,6,42,8,0
11758,54,0,9,2,11,0,1,68,32,73,2,5,14,65,10,2
11759,44,0,13,7,12,2,1,53,48,27,1,2,5,40,1,2
11760,33,0,10,5,15,2,2,50,62,25,1,0,2,44,0,2
11761,55,0,7,1,1,2,0,29,89,82,1,2,3,19,6,1
11762,53,0,5,1,2,1,2,14,76,93,1,1,1,9,9,1
11763,29,2,8,4,20,1,1,75,12,44,2,4,10,55,23,0
11764,30,0,4,1,2,1,2,41,58,34,1,1,5,34,9,1
11765,48,0,5,2,9,1,0,18,69,58,1,2,0,8,6,1
11766,27,0,6,6,19,1,1,49,29,82,1,1,1,29,4,2
11767,27,2,6,7,10,1,2,37,54,26,1,2,5,26,5,1
11769,23,1,2,0,16,0,1,87,18,78,2,2,7,51,27,0
11770,28,0,0,5,13,1,2,31,69,30,1,1,2,27,8,2
11771,54,0,5,2,6,0,2,57,56,42,2,2,6,29,6,1
11772,54,3,10,1,2,1,1,26,76,85,1,2,2,22,8,1
11773,34,0,13,5,13,2,1,69,39,73,1,2,1,36,8,0
11774,34,0,10,7,12,2,2,83,20,86,2,4,13,57,9,2
11775,31,0,10,3,3,2,1,14,90,54,1,1,0,13,6,1
11776,38,1,13,7,21,1,0,86,3,40,2,2,9,67,8,0
11777,33,2,12,3,3,1,1,14,58,71,1,2,3,12,3,1
11778,47,0,1,1,1,1,1,79,31,22,2,2,7,68,21,0
11780,55,2,10,1,1,2,1,59,43,40,2,4,9,56,12,2
11782,23,1,2,6,7,2,0,82,34,88,2,3,12,62,5,0
11783,42,1,1,5,14,0,0,30,78,52,1,1,3,18,6,0
11784,42,0,1,2,11,1,0,91,12,88,2,5,10,56,24,0
11785,50,0,14,3,18,0,0,92,0,84,0,6,24,89,39,0
11786,46,0,10,7,10,0,1,38,50,61,1,0,2,17,6,1
11787,39,3,6,5,13,2,2,33,77,55,1,2,0,30,7,1
11789,48,0,9,6,17,2,1,49,38,93,2,2,12,32,20,2
11790,48,0,4,2,11,0,2,35,82,88,1,0,3,33,2,1
11791,33,2,0,7,10,0,0,10,95,72,1,2,1,9,2,1
11792,26,0,2,3,18,1,1,60,46,61,2,2,7,37,16,2
11793,47,0,10,2,11,2,0,91,24,68,0,6,25,86,35,0
11794,53,2,6,6,19,0,0,28,82,96,1,1,3,14,7,1
11795,21,2,0,4,4,2,1,31,70,31,1,1,2,27,6,2
11796,26,1,5,3,18,2,2,60,22,49,1,2,2,36,8,2
11797,41,0,1,1,5,2,0,21,70,51,1,2,5,18,2,2
11798,60,2,8,3,18,2,0,11,100,49,1,1,5,6,2,1
11799,41,0,7,6,17,0,1,76,42,34,2,4,7,59,9,0
11800,30,2,9,4,20,1,2,21,98,38,1,0,5,19,2,1
11801,59,2,5,6,19,1,1,39,56,76,2,5,9,34,27,1
11802,31,0,10,4,4,0,2,72,25,22,2,2,8,40,23,2
11803,55,1,11,1,2,1,2,12,68,36,1,0,1,6,1,1
11804,60,1,15,4,4,2,1,32,50,35,1,1,4,20,0,2
11806,25,0,4,1,2,1,1,42,60,58,1,2,0,19,4,2
11807,53,1,7,7,10,1,0,87,2,30,2,3,13,80,9,0
11808,29,0,4,0,16,0,0,84,14,54,0,6,24,70,42,0
11809,57,2,12,3,8,1,0,62,30,33,2,3,6,50,26,0
11810,60,2,7,5,14,0,0,45,41,68,2,5,10,43,28,2
11812,21,0,0,4,4,1,1,20,57,50,1,0,2,11,9,2
11813,39,0,11,0,0,0,1,67,34,84,2,3,13,45,20,2
11814,29,2,8,3,8,2,1,34,55,35,1,2,2,31,9,1
11815,37,0,11,1,1,0,0,30,55,67,1,2,4,21,8,2
11816,31,0,10,6,17,0,1,34,69,48,1,1,5,23,2,2
11817,25,0,4,0,22,2,0,14,77,84,1,1,0,13,2,1
11818,48,2,13,0,16,0,1,69,33,44,2,4,8,53,10,2
11819,58,2,9,2,6,0,1,76,22,42,2,5,8,63,25,2
11820,53,1,7,1,1,0,2,79,28,22,2,3,9,63,17,0
11821,54,0,11,4,20,2,1,69,33,30,2,3,11,58,6,0
11822,58,0,10,4,4,1,0,54,43,53,1,1,3,50,4,0
11823,58,0,14,3,3,1,1,57,45,45,1,0,2,47,5,2
11824,41,0,7,2,9,0,2,83,26,21,2,2,13,39,15,2
11825,39,0,4,3,8,2,0,42,69,87,1,2,4,26,5,1
11826,53,0,13,6,17,1,1,23,72,90,1,0,3,14,5,1
11827,46,2,8,1,5,2,2,28,80,62,1,1,1,17,1,1
11828,30,3,9,1,5,0,0,72,32,22,2,5,6,59,24,0
11829,54,0,8,3,8,1,0,13,97,86,1,1,4,8,3,1
11830,43,0,9,1,2,1,1,80,8,35,2,4,10,43,16,0
11831,48,0,9,4,20,2,1,69,46,71,2,5,5,58,13,0
11832,49,0,13,2,11,0,0,37,64,73,1,1,4,28,0,1
11833,57,0,10,7,21,0,2,38,68,68,1,0,1,20,6,1
11834,45,0,8,4,23,0,1,41,69,37,1,2,1,34,8,2
11835,36,2,13,1,2,2,1,75,17,75,2,5,13,70,19,0
11836,56,2,7,6,17,1,0,79,18,65,2,4,11,49,18,0
11837,37,2,12,0,22,2,0,79,13,98,2,4,9,62,24,2
11838,26,2,5,3,3,2,1,23,54,76,1,2,0,13,8,1
11840,39,0,5,1,1,1,2,78,39,87,2,2,10,48,14,2
11841,36,3,10,2,9,0,0,73,30,39,2,5,8,58,13,2
11842,38,0,14,3,8,0,0,75,21,62,2,3,9,62,14,0
11843,28,0,7,0,0,0,1,14,79,47,1,0,0,11,3,1
11844,53,2,19,4,4,1,0,12,100,94,1,0,2,11,4,1
11845,54,2,7,3,18,1,1,44,30,64,1,2,0,25,7,1
11846,50,2,19,2,6,2,1,73,9,22,2,5,13,57,13,2
11847,57,2,4,5,13,2,1,73,26,36,2,5,14,53,7,0
11848,51,0,5,5,14,1,1,76,18,27,2,5,9,37,12,0
11849,32,0,2,2,11,1,0,92,2,65,2,4,11,89,9,0
11850,33,1,8,7,10,0,0,51,48,94,2,2,5,47,19,0
11851,44,2,0,2,11,2,1,90,0,96,2,2,12,76,18,0
11852,50,2,5,7,12,0,2,45,55,91,2,3,9,24,15,1
11853,35,0,12,3,3,0,0,10,81,86,1,0,3,9,6,1
11854,49,0,9,7,12,2,1,20,79,22,1,2,3,19,3,1
11855,45,2,17,0,0,2,0,41,72,81,1,1,2,31,4,1
11856,55,1,7,5,15,1,2,18,89,72,1,1,2,12,9,1
11857,40,3,1,4,20,2,1,12,89,79,1,2,2,5,6,1
11858,28,3,6,7,21,0,0,36,70,89,1,0,1,17,5,1
11859,48,0,0,0,22,1,1,60,38,99,1,0,4,47,2,2
11860,30,0,9,7,12,0,0,52,54,89,1,2,3,51,8,2
11861,21,2,0,1,1,1,1,80,22,30,2,5,8,75,29,0
11862,48,1,0,0,16,2,1,18,91,52,1,1,4,12,5,1
11863,57,0,11,2,11,2,0,10,93,67,1,0,3,7,9,1
11864,49,0,8,0,22,0,1,61,68,69,2,2,10,34,14,1
11865,31,0,7,1,5,2,0,19,98,90,1,1,0,17,0,1
11866,39,0,15,5,14,0,1,76,24,32,2,3,6,68,24,0
11867,33,0,12,7,10,0,0,32,59,74,1,2,5,15,5,2
11868,38,1,9,3,3,2,0,16,82,63,1,2,2,15,4,1
11869,50,0,17,3,18,0,0,40,52,39,1,1,2,21,2,2
11870,34,1,8,6,17,1,0,35,83,82,1,1,4,22,7,2
11871,32,0,10,3,8,2,1,61,48,47,1,2,0,45,1,2
11874,57,2,1,1,2,1,1,57,49,40,2,5,9,33,17,2
11875,43,3,9,6,7,1,1,29,63,64,1,1,3,27,2,1
11876,31,0,10,2,9,0,1,13,96,52,1,2,0,7,7,1
11877,57,1,3,5,13,0,1,89,10,67,2,2,9,59,12,0
11879,46,0,14,3,18,0,1,18,81,21,1,1,2,14,8,1
11880,32,0,10,5,14,1,0,17,71,82,1,0,3,12,0,1
11881,35,2,13,7,12,0,1,92,0,66,2,3,6,67,7,0
11883,38,0,10,0,22,2,1,34,45,71,1,1,4,28,9,1
11884,55,2,14,3,18,0,1,82,0,66,2,2,6,37,18,2
11885,57,0,9,1,5,1,1,70,31,47,2,3,10,55,24,0
11886,38,0,6,1,5,1,1,75,20,75,2,3,10,48,6,0
11887,25,0,4,4,4,1,0,16,73,20,1,1,4,10,7,2
11888,30,1,9,0,16,0,2,27,69,29,1,0,5,15,4,1
11889,49,0,12,7,12,1,0,32,70,64,1,1,5,26,0,2
11890,45,2,12,5,15,1,0,82,20,55,2,4,11,64,10,0
11891,51,0,7,6,19,1,0,30,79,69,1,1,0,25,6,2
11892,32,0,11,0,22,2,2,44,72,73,2,2,12,28,27,1
11893,42,2,6,5,13,1,1,42,44,53,1,1,4,22,0,2
11894,48,0,14,1,1,2,1,62,34,40,2,4,13,38,13,2
11897,34,0,13,5,15,0,0,46,62,48,1,0,1,23,6,2
11898,37,0,7,7,21,2,0,91,0,44,2,2,14,68,13,0
11899,53,1,9,2,9,0,0,50,39,83,1,2,1,45,7,2
11900,59,0,2,7,10,1,1,54,66,30,1,1,3,37,4,2
11901,59,0,16,0,0,1,1,86,3,79,2,5,10,57,18,2
11902,25,2,4,6,7,1,0,64,45,66,2,3,13,55,6,0
11903,33,2,6,0,0,0,2,75,37,58,2,2,8,68,25,1
11904,25,3,4,1,1,1,1,41,55,34,2,3,10,28,13,1
11905,50,0,8,1,5,2,1,82,18,33,2,5,5,51,16,0
11906,45,2,0,4,23,1,1,70,17,84,1,0,1,51,6,0
11907,52,0,0,1,1,1,0,64,53,67,2,2,7,60,18,0
11908,59,2,12,6,7,1,2,35,53,53,1,2,0,20,4,1
11909,37,0,5,0,16,2,1,54,49,44,1,1,3,26,4,1
11910,41,0,5,4,4,2,0,55,49,64,1,1,5,29,1,2
11911,25,0,4,1,5,0,2,10,84,46,1,2,5,6,9,1
11912,36,3,12,0,0,2,1,33,63,75,1,2,0,32,2,1
11913,44,1,21,2,9,1,2,39,71,46,1,1,2,28,9,1
11914,33,0,4,3,8,1,1,83,30,27,2,5,10,60,9,0
11915,39,2,5,4,20,0,1,80,23,46,2,3,10,55,8,0
11916,55,2,8,6,7,1,0,82,6,32,2,4,13,62,16,0
11917,54,2,11,7,10,1,0,23,79,61,1,2,1,15,3,1
11918,51,2,5,2,9,2,1,31,74,90,1,0,4,18,0,1
11919,22,0,1,5,15,1,1,12,76,37,1,2,4,9,0,2
11920,37,0,8,0,0,0,1,85,18,62,2,3,5,72,26,0
11921,46,2,14,7,21,2,1,78,24,30,2,2,5,59,20,0
11922,39,0,12,4,20,2,0,15,83,64,1,0,3,10,9,1
11923,27,0,6,3,3,1,0,71,24,73,2,4,13,36,21,2
11924,48,1,4,1,5,1,1,16,62,25,1,0,0,15,4,2
11925,30,2,8,1,1,0,0,23,83,94,1,1,3,19,2,1
11926,25,1,4,4,20,1,0,27,81,72,1,0,4,26,1,2
11927,49,0,13,3,8,2,2,31,67,22,1,0,1,16,9,1
11928,48,2,15,4,20,1,0,69,28,74,1,1,2,61,0,0
11930,40,0,3,5,13,0,0,40,74,32,1,2,3,19,1,2
11931,50,0,0,4,4,1,1,23,79,20,2,5,14,14,27,2
11932,41,1,13,6,17,0,1,11,93,38,1,2,4,9,7,1
11933,53,2,7,3,18,0,1,46,77,73,2,3,5,22,23,1
11934,40,2,4,1,5,1,0,39,57,84,1,0,2,30,9,2
11935,35,0,10,0,0,2,1,40,54,26,1,0,2,26,3,1
11936,57,2,0,6,7,1,0,21,87,80,1,1,1,19,8,1
11937,56,3,13,3,18,1,1,43,50,29,1,1,1,40,5,1
11938,57,0,9,4,23,2,1,76,20,24,2,2,9,74,16,0
11939,38,0,9,1,5,2,1,58,49,48,1,0,1,35,2,2
11940,38,0,13,0,16,2,0,64,24,69,2,5,13,52,14,2
11941,48,0,10,4,4,0,0,40,70,22,2,2,11,28,15,2
11942,38,0,12,2,9,0,0,62,39,21,2,3,10,46,27,0
11943,52,1,1,3,18,1,0,28,60,41,1,1,4,22,5,2
11944,31,2,8,2,9,1,0,67,34,68,2,4,9,50,27,2
11945,52,3,6,5,15,1,2,28,75,49,1,1,2,26,8,1
11946,22,2,1,7,10,2,1,69,27,49,1,1,2,43,6,0
11947,48,0,7,4,20,2,0,64,20,71,2,5,9,33,10,0
11948,32,1,2,5,14,1,0,17,78,42,1,0,3,13,6,2
11949,40,0,12,4,23,1,1,44,52,62,1,1,4,35,6,2
11950,52,0,7,7,21,1,0,60,43,31,2,4,11,30,27,0
11951,59,0,7,2,11,2,0,45,69,98,1,1,3,34,8,1
11952,37,3,11,4,4,1,1,90,18,21,2,2,7,81,18,0
11953,44,2,11,7,12,1,0,80,22,81,0,5,18,71,37,0
11954,55,0,11,6,19,0,1,62,36,89,2,2,9,41,9,2
11955,32,2,11,4,20,1,1,89,17,41,2,2,9,43,10,0
11956,43,1,15,6,17,1,1,20,79,22,1,2,5,13,1,2
11957,29,0,5,6,7,2,2,71,23,34,2,2,12,68,12,0
11958,39,1,9,7,21,1,1,49,56,54,1,0,1,47,9,2
11959,60,0,4,7,12,2,2,78,17,77,0,5,24,42,49,2
11960,48,2,14,2,9,0,0,44,36,62,1,2,5,38,2,2
11961,33,0,12,2,11,1,2,35,57,79,1,2,5,34,7,1
11962,57,1,5,7,12,1,2,58,42,64,2,4,7,55,29,2
11963,26,2,5,4,4,1,0,81,23,54,2,4,5,67,22,0
11964,34,1,7,3,3,2,1,46,43,54,1,0,2,43,9,2
11965,26,2,5,3,3,2,1,17,71,85,1,2,3,7,6,1
11966,47,0,6,7,12,1,0,54,51,21,1,0,3,34,1,0
11967,22,2,1,6,19,1,2,78,14,98,2,3,6,40,6,2
11968,23,2,2,3,8,1,0,55,43,85,2,4,14,45,19,2
11969,21,3,0,0,0,2,1,42,25,38,2,4,6,32,27,1
11970,23,0,2,6,17,0,0,52,46,90,1,0,4,37,2,0
11971,25,0,4,3,3,1,0,13,98,41,1,2,1,10,1,1
11972,39,2,9,3,8,1,1,47,58,93,2,2,10,27,19,1
11973,39,0,13,2,9,2,0,64,19,67,1,1,3,38,3,2
11974,28,2,7,6,7,0,2,83,31,85,2,4,12,52,15,2
11975,37,2,0,7,12,1,2,37,50,77,1,2,4,17,3,1
11976,55,0,14,1,5,2,1,30,62,90,1,0,2,28,6,1
11977,32,2,4,4,23,0,1,59,40,47,2,3,7,38,16,2
11978,45,1,9,5,14,0,0,53,53,78,1,1,4,42,3,0
11979,35,1,6,0,22,1,2,52,37,85,1,1,1,42,5,1
11980,49,0,2,0,0,1,1,14,88,94,1,1,5,13,4,1
11981,41,0,3,4,20,2,1,89,7,52,2,3,10,48,22,0
11982,49,1,10,4,4,0,1,35,78,48,1,2,1,24,7,2
11983,34,0,13,4,23,0,1,77,12,83,2,5,13,75,21,0
11984,46,0,6,0,0,1,0,94,2,22,2,2,14,93,5,0
11985,22,0,1,5,14,1,1,71,39,92,2,4,8,62,10,0
11986,56,0,16,7,10,1,1,93,0,44,2,3,7,84,14,0
11987,57,0,6,3,18,1,2,36,46,53,1,0,3,19,6,1
11988,52,3,4,5,14,1,2,78,12,68,2,3,11,36,27,2
11990,41,0,7,6,17,2,0,57,41,24,2,5,10,45,10,0
11991,21,0,0,2,9,1,0,43,56,72,1,0,4,34,4,2
11992,29,3,8,6,19,1,0,12,93,78,1,1,4,7,6,1
11993,54,0,3,3,8,0,1,39,61,29,1,2,5,29,2,2
11994,22,0,1,2,11,2,2,69,33,85,2,2,6,68,10,2
11995,50,2,5,2,9,2,1,35,71,81,1,1,5,25,3,1
11996,58,2,5,1,1,1,1,68,31,47,2,5,14,38,19,2
11997,60,2,8,1,5,1,0,51,50,91,2,5,10,24,23,2
11998,47,0,11,0,16,1,1,31,58,65,1,2,3,28,8,1
11999,26,0,5,4,23,1,1,94,0,37,2,2,13,68,5,0
12000,35,1,0,1,5,2,1,57,44,64,1,1,0,40,4,0
12001,44,2,0,1,5,1,0,80,23,37,2,3,6,69,8,0
12002,42,0,11,2,11,0,1,19,78,75,1,1,1,8,0,1
12004,60,1,4,0,22,0,2,52,39,66,2,4,12,38,6,1
12005,32,1,5,5,15,0,1,75,28,38,2,5,12,64,22,0
12006,22,1,1,7,12,1,1,91,5,63,2,3,14,57,28,0
12007,52,0,12,6,19,2,1,23,68,93,1,1,0,13,5,1
12008,27,0,6,0,22,0,0,25,64,67,1,0,1,11,0,1
12009,37,1,4,1,5,1,0,82,13,41,2,2,12,72,6,0
12010,33,0,10,3,18,1,1,27,71,56,1,0,1,14,7,1
12011,29,0,8,2,11,2,0,59,39,77,1,0,0,42,7,2
12012,31,2,3,3,18,1,1,72,18,34,2,4,10,38,15,2
12013,47,0,4,7,12,2,0,55,39,40,1,1,2,25,5,2
12014,28,0,2,3,18,1,1,50,48,26,2,2,5,32,23,2
12016,48,1,19,7,21,0,0,46,46,67,1,1,1,22,5,2
12017,44,2,3,4,20,1,0,43,66,62,1,2,5,41,3,2
12018,52,0,9,3,3,1,0,72,25,53,2,5,14,61,21,0
12019,43,2,0,3,18,1,0,22,70,59,1,1,4,19,0,1
12020,28,1,1,4,23,2,1,46,42,51,1,0,1,41,1,0
12021,37,2,15,3,18,1,0,73,28,58,2,4,8,63,29,0
12022,25,0,4,1,5,1,0,66,42,81,1,0,1,46,2,0
12023,43,1,6,6,17,2,2,48,49,45,1,2,5,25,1,2
12024,52,0,5,3,3,1,1,68,33,35,2,2,14,40,17,2
12025,25,1,4,3,18,1,0,44,39,43,1,2,4,37,2,0
12026,22,2,1,5,13,1,0,82,14,70,2,4,12,72,15,0
12027,33,0,0,6,19,0,1,60,43,78,2,5,7,43,10,0
12028,31,0,10,2,9,2,1,82,14,57,2,2,13,41,20,2
12029,30,0,4,4,20,1,1,19,87,50,1,0,1,18,6,1
12030,56,0,14,5,15,0,0,62,34,68,2,2,13,60,17,0
12031,35,1,4,7,12,0,0,74,28,57,2,4,11,61,19,0
12032,60,0,10,6,19,1,1,89,24,72,2,5,6,40,8,0
12033,25,0,4,4,20,0,2,33,60,31,1,1,5,19,0,1
12034,56,2,7,5,15,2,1,82,13,86,1,2,3,47,4,0
12035,46,2,8,7,10,1,0,36,62,93,1,2,4,31,3,1
12036,29,2,0,3,8,0,1,49,44,69,1,2,5,30,6,2
12037,26,0,5,6,7,1,1,66,34,68,2,2,14,34,20,2
12038,51,2,7,3,8,0,0,55,51,71,2,4,14,26,15,2
12039,35,0,5,7,21,0,2,64,17,89,2,5,11,44,25,2
12040,36,3,12,5,14,2,0,46,69,82,1,1,0,32,4,2
12041,24,0,0,2,9,0,1,88,6,33,2,5,6,82,6,0
12042,51,0,21,0,22,1,2,43,57,65,2,3,7,31,13,1
12043,30,0,8,6,7,2,1,83,23,78,2,5,5,55,23,0
12044,49,1,10,6,19,1,1,73,29,70,2,2,13,61,13,0
12045,44,2,16,4,4,2,2,85,26,64,2,5,13,69,8,2
12046,60,2,9,2,9,2,0,24,74,23,1,1,0,20,6,1
12047,55,0,8,2,6,0,0,67,41,33,2,5,12,62,29,0
12048,53,1,5,1,1,1,1,78,30,57,2,5,7,66,14,0
12049,54,0,9,1,5,2,0,21,81,25,1,1,3,12,3,2
12050,47,0,13,6,17,0,1,55,41,68,1,2,3,24,6,2
12051,50,0,10,3,3,2,1,41,55,68,1,2,2,32,6,1
12052,21,2,0,7,10,2,1,18,87,87,1,0,0,11,5,1
12053,56,0,9,2,9,1,0,14,97,47,1,1,5,7,9,1
12054,25,0,4,7,21,1,1,89,28,61,2,3,9,69,12,0
12055,53,2,13,7,12,1,2,12,100,70,1,0,2,10,7,1
12056,40,2,0,0,22,1,0,64,35,94,2,4,9,34,7,2
12057,22,0,1,4,20,1,0,16,85,20,1,2,4,13,9,2
12058,41,3,9,5,15,1,1,65,24,63,1,0,2,62,1,0
12059,54,1,13,6,7,0,0,36,68,68,1,1,5,24,0,2
12060,41,0,11,4,23,2,1,58,38,90,2,2,5,53,7,2
12061,53,2,9,0,22,1,1,63,31,74,2,3,8,52,8,2
12062,34,0,8,4,4,2,0,64,23,29,2,4,5,38,22,0
12063,22,0,1,3,8,2,2,23,80,51,1,2,2,21,3,1
12064,33,0,10,7,21,0,1,39,59,85,1,1,1,26,9,1
12065,40,2,3,3,3,2,0,29,80,84,1,2,5,20,4,1
12066,54,2,17,4,23,2,2,86,5,66,2,4,13,82,22,2
12067,58,0,10,7,10,0,0,93,4,78,0,8,20,61,39,0
12068,22,0,1,2,11,1,1,82,9,94,2,4,5,77,14,0
12069,26,0,5,3,8,0,0,45,72,87,1,0,1,29,2,2
12070,58,0,9,1,2,2,1,79,22,42,2,4,5,49,11,0
12071,55,2,7,2,6,2,2,69,29,41,2,5,13,67,14,2
12072,33,1,6,3,18,0,0,58,36,24,2,4,14,45,27,0
12073,56,0,6,2,11,2,0,55,51,96,1,0,0,29,7,2
12074,32,2,6,0,0,1,0,83,24,74,2,5,14,68,24,0
12075,57,0,4,6,7,1,0,12,83,21,1,0,0,5,5,1
12077,35,0,12,5,13,0,2,48,62,90,1,0,2,38,7,1
12078,43,0,13,3,8,1,1,85,9,90,0,8,16,42,43,2
12079,23,0,2,6,19,0,1,52,43,83,1,0,5,48,1,0
12080,29,0,6,2,9,0,0,61,40,40,2,3,13,39,17,2
12081,52,0,11,6,19,1,1,44,54,75,1,0,1,28,1,2
12082,35,0,14,6,19,2,2,57,38,90,2,3,14,54,25,2
12083,36,0,15,3,18,2,0,64,23,25,1,0,1,53,1,0
12084,30,2,8,6,17,0,1,20,73,89,1,1,4,10,5,1
12085,58,2,8,1,1,1,1,20,79,94,1,1,1,16,9,1
12086,37,0,8,2,9,0,2,94,0,37,2,4,11,61,26,2
12087,21,1,0,0,0,2,0,89,9,56,0,7,17,76,33,0
12088,29,0,8,3,18,1,1,18,89,91,1,1,2,12,4,1
12089,43,1,5,6,17,0,1,57,42,69,2,4,12,45,16,0
12090,30,0,7,5,15,0,0,22,89,48,1,1,0,14,8,2
12092,29,0,8,7,12,0,2,74,9,51,2,3,11,56,28,2
12093,21,1,0,5,13,0,2,64,42,53,1,1,5,33,6,0
12094,24,1,3,6,7,2,2,67,28,66,2,5,11,43,21,2
12095,37,0,4,6,19,1,2,49,62,66,1,2,3,40,3,1
12096,58,3,16,6,19,0,0,32,54,78,1,0,2,29,2,1
12097,46,2,4,5,14,0,0,73,8,87,2,3,8,59,16,0
12098,36,3,12,7,10,1,0,18,85,74,1,1,0,17,7,1
12099,46,0,7,7,10,2,1,35,83,38,1,2,3,31,3,1
12100,37,0,10,3,8,0,0,40,54,33,1,2,5,25,9,2
12101,55,2,2,3,3,1,0,92,1,68,2,5,8,90,13,0
12102,41,0,1,6,19,0,0,23,56,72,1,2,5,22,2,2
12104,39,2,14,5,14,1,1,63,37,55,1,1,1,48,5,0
12105,31,1,10,2,6,2,2,31,66,45,1,0,5,23,4,1
12106,38,0,6,3,3,1,1,91,20,55,0,6,20,82,35,0
12107,49,0,8,0,16,2,0,63,20,38,2,3,9,46,25,0
12108,56,1,6,7,21,0,0,31,63,30,1,0,2,29,4,2
12109,47,0,13,2,11,0,0,22,85,71,1,2,0,13,8,1
12110,37,0,13,1,1,1,2,72,26,20,2,4,5,48,21,2
12111,50,3,13,6,17,0,0,29,81,25,1,0,0,18,9,1
12112,22,0,1,7,10,1,1,69,35,38,2,3,10,43,27,0
12113,43,3,3,1,5,0,1,23,88,20,1,1,5,17,5,1
12115,25,0,4,0,0,2,2,64,49,22,1,1,5,51,3,2
12116,25,1,4,2,11,0,1,82,20,97,0,5,17,59,33,0
12117,40,0,14,3,3,1,0,41,58,89,1,1,1,39,1,2
12118,60,2,14,2,6,2,1,35,73,91,1,0,5,23,6,1
12119,46,0,12,5,13,1,0,81,15,42,0,8,17,58,39,0
12120,31,0,2,1,2,0,1,21,81,77,1,1,4,13,5,1
12121,51,2,15,6,17,1,2,33,67,75,1,1,2,29,7,1
12122,36,2,14,0,16,2,0,57,42,88,2,5,13,44,15,2
12123,52,2,7,1,2,2,0,40,47,36,2,2,14,37,23,2
12124,60,2,6,2,11,0,1,57,36,78,2,2,7,42,19,1
12125,25,2,4,7,21,0,1,18,84,80,1,1,2,9,4,1
12126,38,2,13,1,2,0,1,28,69,44,1,1,1,24,3,1
12127,34,0,13,6,19,0,0,78,16,75,2,3,14,55,24,0
12128,42,1,16,4,23,2,0,55,50,25,1,0,0,51,9,0
12129,46,2,16,6,7,0,1,30,48,73,1,0,3,14,9,1
12130,23,2,2,7,10,1,1,68,41,31,2,3,12,66,17,0
12131,45,0,15,7,21,1,2,30,63,53,1,1,2,14,1,1
12132,55,2,3,4,23,1,1,12,80,52,1,1,1,9,6,1
12133,34,0,10,2,6,0,1,87,26,66,2,3,7,44,10,2
12134,34,0,13,7,21,1,0,37,61,26,1,0,5,19,4,2
12135,46,2,11,7,10,0,1,60,45,25,1,1,2,55,0,2
12136,27,2,6,2,6,0,1,77,20,47,2,5,7,76,18,0
12137,38,1,5,3,8,2,1,69,45,36,2,5,11,39,12,0
12138,50,0,15,7,10,0,1,62,31,23,1,2,0,32,4,2
12139,36,0,7,4,20,1,0,33,52,25,1,2,3,30,5,2
12140,54,0,10,3,18,1,2,81,25,42,2,2,13,51,22,2
12141,34,2,5,2,6,1,0,40,75,60,1,1,3,22,0,1
12142,39,2,10,5,15,1,1,51,38,51,1,2,5,27,8,2
12143,33,2,12,2,9,1,1,89,10,38,2,4,14,51,23,0
12144,36,2,13,3,18,1,2,61,50,34,2,5,13,55,15,1
12145,55,2,12,2,6,1,1,86,4,68,2,5,9,51,8,2
12146,30,0,8,1,1,1,0,36,68,42,1,0,1,22,6,2
12147,57,0,5,0,16,0,0,34,68,56,1,1,1,21,7,1
12148,44,0,11,6,17,0,0,15,95,64,1,2,3,9,1,1
12149,21,0,0,0,22,1,1,56,65,78,2,3,8,37,9,2
12150,44,2,3,0,22,1,0,53,28,97,2,3,10,38,26,1
12151,42,2,9,5,14,2,2,91,11,56,2,5,14,83,10,0
12152,35,1,11,2,11,1,1,15,95,99,1,0,0,13,3,1
12153,56,0,11,1,5,1,0,28,71,45,1,1,2,22,1,2
12154,30,1,9,6,7,0,2,93,0,83,2,2,13,57,11,0
12155,32,2,5,3,8,0,2,78,37,87,2,2,12,59,25,1
12156,52,0,0,4,23,1,0,93,5,94,2,3,10,54,23,0
12158,27,0,6,2,9,2,0,51,75,70,1,0,2,41,0,2
12159,23,2,2,4,4,1,1,50,50,42,1,0,3,49,6,0
12160,41,0,15,2,9,0,0,12,91,40,1,2,3,9,5,1
12161,35,3,14,5,14,0,0,41,52,79,1,2,3,24,8,2
12162,40,2,10,2,11,2,0,33,63,90,1,1,3,28,9,1
12163,24,0,3,6,7,2,0,52,48,64,1,0,0,34,1,0
12164,55,0,14,5,13,1,1,90,6,81,2,2,5,83,16,0
12165,22,0,1,0,16,2,1,53,52,72,2,5,9,45,21,2
12166,21,0,0,1,2,0,0,58,33,78,2,5,14,56,18,0
12168,54,2,9,3,3,1,0,44,55,35,1,2,4,26,9,2
12169,31,1,7,4,23,0,2,70,18,55,2,3,13,51,22,0
12170,53,0,14,3,3,1,0,38,72,39,1,0,0,27,1,2
12171,47,0,2,4,4,1,1,32,67,58,1,0,0,28,2,2
12172,58,0,11,7,12,1,0,19,64,83,1,1,5,13,7,1
12173,56,3,11,6,19,2,0,33,78,85,1,0,4,29,2,1
12174,50,2,15,6,19,1,0,62,46,98,2,4,11,57,7,0
12175,29,1,7,7,21,1,2,76,28,78,2,3,6,34,7,2
12176,30,1,4,1,5,0,2,48,56,58,1,1,3,39,6,2
12177,55,3,10,3,18,2,0,30,67,54,1,1,5,13,0,1
12178,22,1,1,0,0,1,0,49,27,58,1,1,5,40,0,0
12179,38,0,2,5,15,2,0,59,42,25,2,5,12,33,8,0
12180,22,3,0,5,14,1,0,67,37,82,2,3,8,61,26,0
12181,22,0,0,0,16,2,1,41,41,80,1,0,5,37,7,2
12182,35,1,0,0,16,0,1,70,34,57,2,5,12,43,9,0
12183,48,0,2,6,7,2,0,13,88,35,1,1,0,9,3,2
12184,32,1,11,2,9,0,1,12,74,63,1,1,3,10,4,1
12185,58,0,10,7,12,1,1,73,19,79,2,4,11,63,8,0
12186,48,1,10,4,20,2,0,16,91,69,1,2,5,12,8,1
12187,39,0,7,7,10,1,0,81,32,23,2,3,11,54,26,0
12188,21,0,0,3,8,2,0,62,41,57,2,3,7,35,23,0
12189,41,1,7,5,15,1,1,74,27,69,2,5,10,71,24,0
12190,33,0,10,4,20,2,2,51,63,55,1,1,1,47,1,2
12191,57,0,5,2,9,1,1,82,0,76,2,3,6,53,28,0
12192,59,3,11,5,14,0,2,47,59,77,2,2,11,27,28,1
12193,49,1,3,0,16,1,1,72,31,84,2,5,14,69,15,0
12194,24,1,3,0,22,1,2,74,22,66,2,2,6,60,28,2
12195,47,0,0,7,10,1,0,38,59,57,1,2,1,21,9,2
12196,43,0,15,2,11,1,2,27,80,96,1,1,4,15,1,1
12197,56,2,6,2,9,1,1,12,71,78,1,1,3,6,2,1
12198,23,1,2,3,18,2,1,55,37,54,1,0,3,39,0,0
12199,33,2,9,2,9,1,1,33,60,52,1,1,0,31,8,1
12200,31,2,9,7,10,0,1,82,23,20,2,4,10,65,5,0
12201,36,0,12,5,15,2,1,29,74,40,1,1,3,26,8,2
12202,24,2,3,2,6,1,1,20,82,75,1,2,2,16,6,1
12203,21,0,0,7,10,1,1,48,51,73,1,2,2,31,6,2
12204,42,3,5,5,14,1,0,60,34,82,2,4,9,38,26,2
12205,26,2,0,3,18,0,0,22,71,69,1,1,4,16,0,1
12206,54,2,4,2,11,2,2,49,65,91,2,5,13,30,10,1
12208,32,2,0,1,5,1,1,34,45,93,1,0,1,33,6,2
12209,22,0,1,2,6,2,1,38,79,72,1,2,2,17,0,1
12211,21,0,0,7,21,0,2,55,45,63,2,2,6,34,21,2
12212,22,2,1,2,6,0,1,31,70,34,1,2,4,19,0,1
12213,29,0,8,4,20,1,1,20,79,59,1,1,2,12,3,1
12214,60,1,7,2,9,1,0,39,60,51,2,2,14,36,24,2
12215,57,0,6,7,10,1,1,31,63,48,1,2,0,25,6,1
12216,46,2,6,5,15,1,1,55,35,44,2,5,13,33,17,2
12218,29,1,6,0,0,1,0,33,63,69,1,1,1,31,3,2
12219,41,2,10,6,19,1,1,66,31,78,2,3,11,61,15,0
12220,24,0,3,1,5,2,0,37,57,81,2,3,8,30,26,2
12222,33,3,2,3,18,2,1,81,18,69,2,5,8,70,18,0
12223,51,0,8,6,7,1,0,14,100,74,1,0,4,7,4,1
12224,48,0,14,1,1,1,2,42,77,81,1,0,3,32,0,1
12225,57,0,4,1,2,2,1,92,17,87,2,4,9,89,20,0
12226,22,0,1,6,19,1,1,23,67,90,1,2,3,17,9,1
12227,50,2,7,0,22,2,0,35,50,71,1,2,5,26,0,1
12228,35,0,14,2,11,1,0,33,70,96,2,5,10,30,28,1
12229,34,1,9,2,9,1,0,51,50,33,1,1,2,26,1,2
12230,26,0,1,4,20,0,1,42,62,27,1,1,3,31,1,2
12231,56,0,4,1,2,1,0,14,94,57,1,0,2,13,3,1
12232,49,0,12,6,17,2,1,58,41,69,2,4,12,55,24,0
12233,32,0,8,3,8,2,0,76,31,66,2,4,6,39,18,0
12234,26,0,5,3,3,1,0,25,77,50,1,2,5,23,4,1
12235,29,0,7,3,8,2,0,75,25,91,2,3,14,50,12,0
12236,53,0,1,2,9,0,2,58,34,51,2,3,9,55,15,2
12237,53,1,7,4,4,1,0,70,40,25,2,5,14,41,8,0
12238,38,2,4,3,3,2,1,65,40,73,2,3,12,56,8,2
12239,44,0,8,7,21,1,2,23,47,44,2,5,10,14,27,1
12240,24,0,3,7,10,1,0,71,43,61,2,5,11,68,11,0
12241,28,3,1,7,10,0,1,27,84,45,1,0,3,17,4,1
12242,27,0,6,4,23,0,0,77,20,57,2,2,10,73,20,0
12243,25,2,0,2,9,1,1,74,6,44,2,2,8,37,8,0
12244,32,0,11,5,14,1,2,38,86,61,1,1,4,29,5,1
12245,35,1,10,0,22,1,1,38,61,82,1,2,3,28,6,1
12246,35,0,9,3,8,2,0,56,36,87,2,5,6,32,21,2
12247,27,2,6,0,22,1,0,40,65,75,1,0,1,29,9,1
12248,28,0,7,4,20,1,1,60,44,49,2,4,7,29,6,2
12249,25,0,4,6,17,1,1,18,79,26,1,0,2,12,7,1
12250,43,1,5,7,10,1,0,64,55,69,2,3,10,60,23,0
12251,59,0,7,4,23,1,0,39,55,79,1,0,1,37,5,2
12252,28,0,7,2,11,1,1,14,77,90,1,0,1,12,9,1
12254,51,0,7,6,17,0,1,41,64,83,1,1,3,38,9,2
12255,35,2,9,1,1,1,1,21,80,77,1,0,1,13,9,1
12256,24,0,3,5,15,2,2,54,51,61,1,2,1,27,6,2
12257,47,0,4,1,5,0,2,73,28,28,0,6,25,59,35,2
12258,47,0,9,5,14,0,1,44,37,40,1,2,1,28,1,2
12259,32,0,1,6,7,1,0,25,73,44,1,2,2,24,6,2
12260,21,1,0,1,5,0,1,79,15,87,2,4,6,46,13,0
12261,44,0,9,0,0,1,2,44,31,56,1,2,3,23,4,1
12262,42,0,3,5,14,1,1,52,40,81,1,1,2,35,8,2
12263,39,0,7,6,17,0,1,24,68,69,1,2,4,20,6,1
12264,53,3,15,2,9,2,0,43,52,40,2,4,9,21,11,1
12266,37,2,3,7,12,1,0,30,54,54,1,2,0,25,6,2
12267,52,0,8,0,0,0,1,12,100,81,1,2,2,10,3,1
12268,23,0,0,7,10,0,1,67,31,60,2,4,14,52,23,0
12269,48,3,7,7,12,2,2,24,62,65,1,0,2,17,2,1
12270,21,2,0,6,17,1,0,21,89,64,1,0,0,13,1,1
12271,51,2,14,5,14,0,1,79,25,23,0,8,20,72,26,0
12272,39,1,7,3,3,1,1,32,66,82,1,2,3,30,1,1
12273,53,0,3,7,10,1,0,26,65,72,1,0,2,22,5,1
12274,25,0,4,4,23,0,0,13,99,55,1,2,1,6,0,1
12275,43,0,1,0,22,2,0,76,25,94,2,4,11,69,17,0
12276,55,0,10,4,20,1,0,84,7,72,2,3,8,73,10,0
12277,48,2,14,1,5,0,0,33,74,57,1,1,0,31,7,2
12278,41,0,11,6,19,0,2,71,19,94,2,5,10,48,12,2
12279,57,0,2,5,13,2,0,42,57,34,1,1,2,39,5,0
12280,37,0,5,2,11,2,1,71,12,84,2,3,6,64,9,2
12281,37,0,10,2,9,0,0,41,49,40,1,2,0,22,1,2
12282,35,2,11,6,17,0,0,23,82,71,1,2,4,22,4,1
12283,59,0,15,5,15,2,1,67,34,92,2,2,8,52,19,0
12284,29,0,8,5,14,2,1,88,21,30,2,4,13,53,12,0
12285,22,2,1,4,20,0,1,21,81,56,1,0,5,12,5,1
12286,52,1,12,6,17,0,0,28,82,83,1,1,0,23,1,2
12288,25,1,4,0,22,1,0,91,13,70,2,4,14,45,12,0
12289,56,0,13,7,12,0,1,55,49,49,1,2,3,28,7,2
12290,35,3,0,5,15,1,2,91,28,72,2,5,13,89,18,0
12291,35,0,4,3,18,1,1,80,26,72,2,3,8,48,15,2
12292,37,0,6,0,0,2,1,41,50,21,1,2,1,26,1,1
12293,57,2,12,0,16,2,0,61,55,89,2,5,5,36,10,1
12294,58,2,4,6,17,1,0,88,17,75,2,5,8,63,27,0
12295,57,0,13,2,9,2,1,14,81,42,1,1,3,12,5,1
12296,43,1,9,3,3,1,2,42,58,89,1,0,0,22,6,1
12298,55,0,11,6,7,2,0,55,53,70,1,0,2,36,5,0
12299,27,2,6,7,12,2,0,61,35,43,1,2,0,30,3,2
12300,42,1,9,5,14,2,0,78,4,37,0,7,23,67,43,0
12301,53,0,13,3,18,1,0,80,17,29,2,2,12,70,24,0
12303,38,2,5,0,16,1,1,88,15,23,2,2,11,76,19,0
12304,58,1,12,0,0,0,0,45,43,70,2,4,6,42,20,2
12305,59,2,15,5,14,2,0,44,50,22,1,1,2,30,0,0
12306,34,2,13,1,5,1,2,48,44,40,1,0,1,34,1,1
12307,50,0,8,5,14,1,1,65,38,47,2,5,12,38,6,0
12308,49,2,11,0,16,1,1,92,19,39,1,0,2,46,8,2
12309,54,0,7,3,18,0,1,37,67,65,1,1,1,19,7,1
12310,56,0,18,6,17,2,0,49,30,64,1,1,2,45,6,0
12311,60,2,4,1,5,1,2,19,84,36,1,0,3,11,9,1
12312,52,0,6,7,10,1,1,46,63,48,2,3,10,45,13,2
12313,36,1,7,5,15,1,1,44,51,29,1,2,5,40,4,0
12314,58,0,3,7,12,2,0,88,0,80,2,2,13,69,7,0
12315,38,0,11,1,5,1,1,29,71,37,1,1,4,27,4,2
12316,53,2,13,6,17,1,1,64,33,70,2,4,14,43,20,2
12317,23,0,2,5,15,2,0,29,72,31,1,1,1,17,8,2
12318,54,0,9,6,17,2,1,74,34,46,2,4,9,35,5,0
12319,43,2,9,3,3,2,0,42,42,93,1,1,2,31,1,1
12320,56,0,1,7,10,2,0,35,56,39,1,1,5,27,3,2
12321,49,0,5,4,4,2,0,35,58,59,1,0,2,29,8,2
12322,37,1,2,0,0,2,1,43,55,55,1,0,0,22,8,2
12323,51,1,18,5,15,1,0,70,24,56,1,2,4,38,3,0
12325,21,2,0,7,10,0,0,81,13,23,2,3,7,73,28,0
12326,43,0,4,7,12,0,1,38,65,25,1,2,2,29,8,2
12327,40,1,8,1,5,0,0,28,64,85,1,2,5,19,5,2
12328,43,0,11,5,13,2,0,79,35,38,2,4,5,68,14,0
12329,52,2,10,1,2,1,0,74,24,41,2,2,11,66,6,0
12330,55,2,12,0,16,1,0,39,65,42,1,1,3,32,8,1
12331,25,0,4,3,18,1,0,73,48,59,2,5,14,56,9,0
12332,38,1,0,2,9,1,1,83,18,27,2,3,8,54,25,0
12333,41,0,7,4,4,0,0,77,27,32,2,3,13,70,24,0
12334,31,0,10,2,6,1,0,53,44,33,1,2,1,44,6,2
12335,48,0,10,1,1,0,2,33,64,72,1,0,2,15,1,1
12336,51,1,14,5,15,2,1,46,61,80,1,1,1,29,4,2
12337,52,1,9,3,8,1,2,12,91,39,1,1,3,9,0,1
12338,28,0,5,4,4,2,2,17,66,38,1,0,1,10,3,1
12339,42,0,6,7,10,1,2,45,48,22,1,2,4,38,2,2
12340,34,2,13,5,14,2,1,26,71,78,1,2,4,13,8,1
12341,50,2,13,0,0,2,1,54,48,81,2,3,10,44,5,1
12342,55,0,8,7,10,2,0,46,65,51,1,2,1,27,1,2
12343,31,0,6,0,22,2,0,87,22,77,2,3,12,60,28,0
12345,60,1,19,6,17,1,0,26,75,87,1,2,2,16,5,1
12346,47,0,12,5,15,0,1,21,79,79,1,1,4,16,4,1
12347,21,1,0,6,19,2,1,26,70,67,1,1,3,22,3,2
12348,52,0,12,3,3,2,0,68,29,71,2,3,5,31,25,2
12349,40,2,8,4,4,2,2,80,21,75,2,2,14,77,20,2
12350,54,0,12,4,4,2,0,69,35,36,2,3,9,34,24,0
12352,46,0,4,7,21,2,1,47,56,32,1,0,3,46,5,2
12354,42,0,4,2,11,0,0,20,69,87,1,0,3,10,2,1
12355,36,2,3,2,9,0,1,56,57,83,1,2,0,45,9,1
12356,43,1,9,7,21,1,0,60,27,81,1,0,5,29,0,0
12357,23,0,0,5,14,1,0,56,47,63,2,3,7,46,11,0
12358,34,2,10,3,8,2,0,64,32,57,2,3,13,40,12,2
12360,59,1,2,7,21,2,2,82,0,38,2,5,13,50,28,0
12361,46,0,4,6,7,2,0,46,46,27,1,1,1,26,0,0
12362,26,0,5,0,16,0,1,17,68,85,1,0,0,9,7,1
12363,60,0,14,3,3,2,1,51,54,60,2,2,9,33,20,2
12364,23,0,2,4,20,1,0,12,96,78,1,1,3,9,3,1
12365,58,1,9,7,10,1,0,70,16,92,2,2,14,46,8,0
12366,52,2,4,5,13,2,2,40,47,69,2,2,5,32,20,1
12367,23,0,2,2,6,0,2,67,46,60,2,2,5,38,27,1
12368,52,0,15,4,23,1,1,34,57,28,1,0,3,26,9,2
12369,53,0,7,3,8,2,2,64,26,75,2,4,5,56,13,2
12370,40,1,15,0,16,2,0,44,56,21,1,2,1,27,5,2
12371,37,0,14,0,22,1,0,25,52,98,1,2,1,22,8,1
12372,45,0,8,5,13,1,2,68,32,80,2,5,8,65,19,2
12373,37,2,10,2,11,2,1,44,51,88,1,0,2,33,0,1
12374,36,1,7,1,2,2,1,50,70,59,2,3,10,45,8,2
12375,39,2,3,4,20,0,1,62,45,91,2,3,13,58,26,2
12376,28,1,7,5,13,1,0,19,74,84,1,2,0,17,7,2
12377,23,2,1,7,12,0,0,79,19,82,2,2,11,74,5,0
12378,22,2,1,1,2,0,1,57,45,76,1,0,5,42,8,2
12379,32,1,11,7,12,1,0,43,57,68,2,5,9,33,27,2
12380,22,2,1,4,20,2,1,62,45,59,2,5,6,29,11,2
12381,25,1,4,7,21,2,1,51,45,45,2,5,8,46,9,0
12382,30,0,2,6,19,1,0,55,48,77,2,3,14,32,15,0
12383,21,2,0,3,18,1,0,41,50,62,1,1,2,27,6,2
12384,37,0,6,7,10,1,0,71,31,37,2,4,8,51,9,0
12385,33,1,11,3,3,1,0,71,31,78,1,1,2,66,1,0
12386,50,3,11,6,7,2,0,15,87,28,1,0,1,11,2,1
12387,57,2,4,2,6,0,0,77,14,20,2,4,10,37,22,0
12388,45,0,8,1,2,1,0,66,24,37,2,5,10,49,9,0
12389,28,2,7,2,9,0,1,56,42,28,1,2,4,47,2,2
12390,24,2,3,1,2,0,0,46,53,86,1,2,0,31,4,2
12391,38,0,12,2,9,1,0,57,49,54,1,0,5,42,2,2
12392,59,0,8,0,22,2,1,14,90,99,1,1,1,12,5,1
12393,41,3,9,6,17,2,0,92,0,72,2,4,9,66,25,0
12394,27,2,6,1,5,2,1,30,91,91,1,2,1,14,5,1
12395,57,0,12,3,8,1,0,35,74,21,1,2,5,24,5,2
12396,25,2,4,7,21,1,1,45,54,26,1,2,3,42,1,2
12397,39,2,0,5,14,1,0,35,57,77,1,0,0,17,3,2
12398,35,0,14,7,12,1,0,88,18,69,2,4,13,59,5,0
12399,45,2,9,5,14,0,1,55,48,80,1,2,5,36,1,2
12400,31,0,7,3,18,2,2,58,47,23,2,4,8,53,11,2
12401,51,1,7,6,19,0,1,18,87,96,1,2,4,13,4,1
12402,57,0,8,6,17,1,0,27,64,38,1,0,5,23,6,2
12403,42,0,7,5,13,1,0,65,38,92,2,4,11,50,8,0
12404,44,0,2,3,18,0,1,61,40,89,1,2,2,51,1,2
12405,54,0,8,5,15,1,1,81,10,46,2,4,8,66,20,0
12406,50,2,7,7,21,2,1,49,49,39,1,0,2,22,3,2
12407,24,2,3,3,3,0,2,45,64,80,2,3,14,27,6,1
12408,23,0,2,2,11,1,0,55,40,78,1,2,0,32,6,2
12409,49,1,17,0,16,2,0,73,15,65,1,2,4,43,6,0
12410,36,0,9,4,20,2,0,52,40,72,1,2,1,34,1,0
12412,25,2,1,5,13,1,0,74,38,54,2,2,11,37,8,0
12413,35,0,7,2,9,2,1,27,65,52,1,1,1,26,1,1
12414,45,0,8,6,7,1,1,90,17,44,2,3,9,59,21,0
12416,41,2,1,6,19,1,0,65,25,79,2,5,7,58,12,0
12417,38,0,8,2,6,1,1,44,55,49,1,2,2,21,9,1
12418,50,0,16,1,5,0,1,11,100,61,1,0,5,8,0,1
12419,27,1,6,1,5,1,2,72,35,29,2,4,10,56,11,0
12420,48,1,10,4,4,1,1,13,83,39,1,2,1,6,7,1
12421,41,0,10,3,3,0,1,85,16,67,2,5,11,44,12,0
12422,43,0,7,7,12,1,0,63,42,73,2,4,6,39,10,0
12423,39,0,12,5,13,1,0,70,23,66,2,3,10,59,20,0
12424,35,0,14,6,7,1,0,66,29,54,2,5,7,50,20,0
12425,32,2,9,1,5,2,0,79,19,32,2,2,13,41,12,0
12426,54,2,7,3,18,1,0,27,88,70,1,1,2,22,2,1
12427,56,0,14,7,12,1,2,80,16,47,2,2,6,64,28,2
12428,34,2,7,5,13,2,0,17,94,20,1,0,4,14,9,1
12429,36,0,9,2,6,1,1,19,83,93,1,1,1,9,0,1
12430,46,2,11,1,5,2,2,73,31,66,2,4,12,58,25,2
12431,58,1,6,3,18,1,1,88,18,22,2,4,13,66,9,0
12432,28,1,7,4,20,1,1,35,55,22,1,0,3,34,0,2
12433,26,1,5,1,5,2,0,45,57,51,1,2,3,20,0,2
12434,25,2,4,3,8,1,1,36,53,22,1,0,1,24,1,1
12435,21,0,0,2,9,0,1,16,94,29,1,1,5,13,8,1
12436,54,0,11,5,14,0,2,53,59,40,2,2,8,52,19,2
12437,56,0,8,4,20,0,1,22,82,29,1,2,1,11,5,1
12438,33,1,9,6,19,1,0,16,83,66,1,0,5,8,1,2
12439,55,0,16,3,8,0,1,75,41,81,2,4,13,58,10,2
12440,38,0,13,1,5,0,1,51,54,89,1,2,1,32,6,2
12441,37,0,9,2,9,1,0,75,20,76,2,4,8,73,29,0
12442,43,2,10,2,6,1,0,82,9,84,2,4,12,52,18,0
12443,27,1,3,2,6,1,1,93,4,40,2,4,11,68,29,0
12444,31,0,10,7,12,2,0,77,28,45,2,2,5,47,22,0
12445,24,0,3,2,6,1,1,41,46,32,1,1,1,19,4,1
12446,36,2,11,5,15,1,0,24,70,92,1,0,4,20,0,1
12447,39,1,10,0,22,0,0,79,28,68,2,3,10,36,23,0
12448,24,2,3,3,3,1,0,35,79,22,1,0,4,25,0,1
12449,40,0,6,2,6,2,0,45,48,80,1,2,1,28,1,2
12450,51,0,1,0,16,2,2,34,73,29,1,2,0,15,4,1
12451,59,2,13,2,6,1,0,11,69,83,1,0,0,6,9,1
12452,28,1,5,4,4,1,1,76,49,47,2,3,12,47,16,0
12453,38,0,13,5,14,1,1,12,82,22,1,1,1,9,8,1
12454,27,2,6,1,5,2,0,23,72,61,1,1,4,21,9,1
12455,24,3,1,3,3,2,2,49,65,92,1,2,2,41,9,1
12456,38,2,9,1,2,1,1,44,62,40,2,5,6,37,15,2
12458,38,2,6,2,9,0,1,34,75,47,1,2,5,25,2,1
12459,44,1,15,7,21,1,0,90,18,92,0,6,19,75,29,0
12460,30,0,0,2,11,2,1,51,35,79,1,2,4,30,7,2
12461,50,1,9,3,8,2,1,40,76,55,2,4,13,38,9,2
12462,44,0,9,2,11,2,1,56,52,74,1,2,4,25,9,1
12463,44,0,7,6,7,2,1,43,65,85,1,2,4,39,1,2
12464,60,0,4,1,5,0,0,56,50,79,1,0,3,52,1,0
12465,51,2,0,3,8,2,0,20,97,22,1,1,2,15,6,1
12467,31,2,4,6,7,0,0,14,93,22,1,2,4,10,8,1
12468,28,2,7,5,15,0,1,91,17,65,0,8,20,83,30,0
12470,29,2,8,0,16,2,1,38,55,91,1,2,0,26,7,1
12471,39,1,12,7,12,1,1,82,5,50,2,2,13,58,21,0
12472,48,0,11,2,6,0,0,29,61,36,1,0,0,24,5,1
12473,60,0,13,5,15,1,2,39,58,33,2,5,11,27,8,1
12474,24,0,3,4,20,1,2,46,52,28,1,0,1,28,2,1
12475,39,0,8,1,1,1,1,39,49,89,1,2,4,29,3,2
12476,56,1,6,3,8,1,1,59,30,33,2,3,10,54,8,0
12478,59,0,5,2,9,2,1,54,45,86,2,2,8,36,29,1
12479,32,2,10,2,6,0,2,93,0,28,2,5,13,57,7,2
12480,32,0,11,0,22,0,2,38,61,89,1,2,0,30,4,1
12481,22,2,1,7,12,1,0,78,9,36,2,5,12,74,14,0
12482,43,1,20,3,8,2,2,28,73,32,1,2,5,21,6,1
12483,38,0,1,1,1,1,1,37,52,28,1,1,1,18,1,2
12484,31,1,9,6,17,0,1,85,3,88,2,2,8,71,14,0
12485,42,0,11,0,22,2,1,94,22,66,2,2,10,89,19,0
12486,52,0,8,3,18,0,0,13,93,90,1,0,1,8,8,1
12487,30,1,0,5,13,0,2,90,0,41,2,5,6,84,19,0
12489,47,1,9,3,18,2,0,43,61,56,1,0,1,29,8,2
12490,31,0,8,7,12,0,0,84,11,55,0,8,25,66,28,0
12491,48,0,10,4,20,2,1,38,76,32,1,0,3,20,1,2
12492,39,3,10,2,9,2,0,48,62,92,1,1,5,29,5,1
12493,38,0,1,6,17,1,0,35,56,20,1,2,0,29,5,0
12494,35,1,8,0,22,2,2,67,50,70,2,5,9,34,11,1
12495,54,0,4,5,14,1,1,22,50,79,1,1,3,13,1,1
12496,53,1,11,0,0,2,0,62,40,50,1,2,0,61,3,0
12497,59,0,0,6,7,2,0,85,13,57,2,3,10,56,25,0
12498,56,0,10,7,21,1,1,36,60,76,1,1,0,34,5,1
12499,42,0,6,1,2,2,2,63,24,54,2,2,10,32,17,2
12500,22,0,1,4,23,2,0,66,26,30,2,4,7,65,29,0
12501,36,0,11,5,13,0,1,82,27,29,2,4,8,75,7,0
12502,33,2,12,3,18,0,0,76,21,60,2,3,7,72,22,0
12503,35,2,10,7,12,1,1,61,27,22,2,3,11,57,29,0
12504,25,0,3,5,13,1,0,22,86,47,1,0,3,18,9,2
12506,52,0,1,0,16,1,1,31,81,28,1,0,1,15,5,1
12507,23,0,2,4,23,1,0,50,42,88,2,2,8,25,29,2
12508,33,1,7,6,7,0,0,47,58,66,2,2,8,29,14,0
12509,34,1,9,0,0,1,0,18,92,83,1,2,4,17,6,1
12510,31,3,10,7,21,2,0,11,89,94,1,1,4,5,6,1
12511,54,0,7,2,11,0,0,30,73,80,1,2,3,28,5,1
12512,59,0,11,2,11,2,0,58,43,70,1,1,1,48,7,2
12513,23,0,2,7,10,1,2,30,68,44,1,1,2,25,6,1
12514,27,1,5,7,21,1,2,80,14,69,2,3,14,42,7,2
12515,24,3,3,4,4,1,0,71,21,74,2,5,10,56,10,0
12516,50,0,11,7,21,1,1,25,79,26,1,2,3,11,8,1
12517,43,0,10,1,1,1,1,86,25,61,2,4,14,49,23,0
12518,30,2,6,0,16,2,0,54,65,70,1,0,4,28,1,1
12519,59,0,10,5,13,1,2,11,85,83,1,1,5,5,1,1
12520,46,2,2,4,4,1,0,40,51,80,1,1,3,39,6,2
12521,30,0,9,2,11,1,1,13,81,83,1,1,3,9,6,1
12522,38,1,9,3,3,1,1,15,78,70,1,2,3,10,5,1
12523,21,2,0,2,6,2,0,73,21,64,2,5,7,53,19,0
12524,43,0,3,7,10,2,0,77,0,22,2,4,11,54,19,0
12525,33,3,2,2,9,1,2,81,23,68,2,2,6,54,18,2
12526,55,0,17,2,11,0,1,43,56,87,1,0,4,21,7,1
12527,33,0,9,7,21,1,0,60,49,27,1,1,1,40,5,0
12528,26,2,5,7,10,2,0,44,52,80,1,2,1,34,4,2
12529,34,2,7,4,4,1,1,65,33,44,2,2,12,59,20,0
12530,22,0,1,7,10,1,2,84,22,61,2,5,7,76,16,0
12531,58,0,17,6,17,2,0,93,0,58,2,3,7,62,29,0
12532,29,1,8,7,12,1,2,74,34,40,2,3,8,49,5,2
12533,45,0,4,2,6,0,0,13,83,94,1,2,5,11,1,1
12534,29,0,8,6,19,1,0,25,65,99,1,0,4,12,5,1
12535,44,2,8,0,16,0,1,59,36,74,1,1,0,34,3,1
12536,35,2,10,4,23,0,0,67,26,74,2,3,11,63,16,0
12537,44,0,9,4,4,0,1,62,33,84,2,3,9,30,7,2
12538,24,0,3,4,23,0,2,43,51,31,1,2,2,41,6,2
12539,44,2,3,2,9,2,0,26,76,21,1,0,2,13,1,1
12540,60,0,8,7,10,2,1,75,21,31,2,2,8,70,11,0
12541,35,0,3,5,14,1,0,46,40,30,1,2,4,22,1,0
12542,26,0,5,6,17,2,0,13,74,60,1,1,4,12,7,1
12543,27,2,6,2,11,0,1,49,52,84,1,0,1,39,3,1
12544,29,0,8,5,13,2,1,72,55,76,2,4,11,50,9,0
12545,45,1,8,6,19,0,1,20,79,79,1,2,3,15,3,1
12546,47,2,18,0,22,1,2,80,34,88,2,4,14,65,26,1
12547,32,2,10,6,7,0,1,83,28,55,2,4,9,62,16,0
12548,31,0,10,1,1,2,0,81,24,56,0,5,22,42,51,0
12549,28,0,2,2,9,1,2,59,38,49,2,3,11,51,7,2
12550,59,0,8,3,18,2,0,35,63,27,1,1,3,16,5,2
12551,28,2,7,3,18,1,0,11,100,86,1,0,5,10,4,1
12552,32,2,4,5,15,1,2,66,25,91,1,2,1,54,6,2
12553,49,2,8,3,8,1,2,91,0,57,0,5,23,61,33,2
12554,52,0,3,4,23,1,0,16,98,92,1,0,3,13,3,1
12555,21,0,0,2,6,1,0,77,13,57,2,5,10,72,6,0
12556,48,0,11,1,5,0,1,79,24,29,2,4,6,43,17,0
12557,46,0,12,6,19,1,1,72,15,89,1,1,3,55,4,0
12558,32,3,7,5,13,0,1,55,68,68,2,2,14,35,12,2
12559,54,1,2,1,1,1,1,76,31,53,1,0,1,57,2,0
12560,58,0,0,5,14,1,1,14,99,62,1,1,1,7,8,1
12561,53,0,0,3,18,2,1,43,41,67,1,1,1,20,6,2
12562,51,0,0,4,23,0,0,65,23,73,2,5,6,36,28,0
12563,39,0,8,2,6,1,0,25,70,52,1,0,2,11,1,1
12564,35,2,8,4,20,2,2,55,54,70,2,5,12,33,6,1
12565,36,2,10,3,8,1,1,74,8,73,2,2,5,36,6,2
12566,25,0,4,7,12,1,1,38,69,78,1,1,4,27,0,1
12567,55,0,9,0,16,1,0,55,58,36,2,4,12,34,28,2
12568,40,2,9,7,21,2,2,59,38,79,2,2,5,50,11,1
12569,25,1,4,2,6,1,0,65,38,60,2,2,12,57,27,0
12570,22,2,1,2,9,1,0,14,98,49,1,1,1,7,3,1
12572,40,1,6,2,11,0,1,56,41,74,2,3,9,42,11,2
12574,21,0,0,0,22,0,2,51,49,69,1,0,1,41,7,1
12575,58,2,8,3,8,1,0,15,70,47,1,1,2,11,9,1
12576,27,0,0,4,23,2,0,38,57,79,1,0,5,36,5,0
12577,60,0,9,7,12,2,0,24,77,60,1,0,5,22,6,1
12578,37,1,0,1,2,2,0,17,73,63,1,2,0,12,0,2
12579,39,2,10,5,13,1,0,51,54,38,2,5,13,23,9,2
12580,44,1,4,7,10,2,1,31,78,51,1,2,2,25,4,2
12582,54,0,12,0,0,2,2,50,68,59,1,1,1,32,3,1
12583,37,2,11,2,11,1,0,37,57,70,1,1,5,28,2,1
12584,57,1,10,1,5,1,0,26,70,83,1,2,1,22,8,2
12585,25,0,4,0,22,1,1,90,16,68,2,5,5,64,23,0
12586,53,0,8,3,3,1,0,19,74,91,1,0,2,15,8,1
12587,38,0,4,7,21,1,1,57,43,41,2,3,8,41,13,2
12588,28,2,3,1,2,0,0,73,35,23,2,4,13,63,19,0
12589,39,2,6,7,12,2,0,12,82,22,1,1,2,6,7,1
12590,52,0,10,0,0,1,1,31,63,88,1,1,5,24,2,1
12592,52,0,3,5,14,1,1,61,23,91,1,0,5,54,5,0
12593,59,3,5,5,14,1,1,56,51,81,2,4,7,27,15,2
12594,60,3,6,5,15,1,1,11,93,44,1,2,4,6,1,1
12595,27,2,6,5,14,2,1,67,50,91,1,2,5,49,5,2
12596,33,1,12,2,9,0,0,87,24,75,2,3,13,45,16,0
12597,49,0,8,6,19,0,0,39,61,75,1,0,1,23,8,2
12598,29,0,8,6,17,2,1,28,60,20,1,0,4,14,5,2
12599,32,2,11,0,0,1,0,14,58,26,1,1,1,13,7,1
12600,37,0,0,1,1,0,0,39,38,41,1,2,3,35,6,0
12601,42,0,14,3,3,1,1,20,91,69,1,1,5,15,8,1
12602,27,0,5,4,23,2,2,26,80,24,1,0,1,19,4,1
12603,38,0,2,6,7,1,1,72,12,84,2,4,14,43,22,0
12604,47,0,9,2,11,0,0,86,0,76,2,3,12,72,22,0
12605,29,2,4,4,23,2,2,25,61,58,1,2,4,11,2,1
12606,42,0,15,3,18,1,2,77,25,72,2,4,9,48,10,2
12607,40,0,0,7,10,1,1,85,15,41,2,5,12,44,11,0
12608,37,3,10,2,11,2,0,16,74,65,1,0,0,10,4,1
12609,52,0,13,2,6,1,1,18,88,88,1,1,3,16,2,1
12610,50,2,15,0,16,1,1,74,23,27,2,4,11,51,19,2
12611,49,1,0,1,2,2,2,57,39,70,2,5,9,40,14,2
12612,37,3,0,6,7,1,0,43,62,59,1,0,3,38,2,2
12613,24,1,3,4,20,1,0,82,24,52,2,2,7,41,12,0
12614,42,0,8,6,17,1,1,22,79,83,1,0,4,12,7,1
12616,42,1,8,5,13,2,0,36,65,26,1,0,5,16,0,0
12617,35,0,6,2,9,2,0,58,36,23,2,4,7,39,9,2
12618,35,0,10,5,15,2,0,11,100,24,1,0,3,9,3,1
12619,49,2,12,4,23,2,1,46,50,65,1,0,1,32,0,2
12620,23,0,2,3,3,1,0,47,48,66,1,0,3,28,5,2
12621,47,2,12,4,23,2,1,17,71,57,1,2,5,9,3,1
12622,52,2,11,3,3,2,1,32,75,88,1,1,5,18,7,1
12623,40,0,6,7,10,0,0,21,56,51,1,2,0,18,8,2
12624,46,2,11,6,17,1,0,23,70,89,2,5,12,22,8,1
12625,47,0,14,1,1,1,1,46,58,68,1,2,5,34,9,2
12626,53,0,6,4,23,1,1,75,31,46,2,2,7,58,23,0
12627,22,0,1,0,22,1,1,31,68,92,1,0,4,15,1,1
12628,29,0,8,1,5,1,0,79,0,37,2,4,14,43,20,0
12629,33,1,7,3,8,0,0,28,54,26,1,1,0,22,2,2
12630,45,0,7,0,22,1,0,18,77,77,1,1,5,15,7,1
12631,22,0,1,4,4,1,1,76,24,35,2,4,8,59,23,0
12632,48,2,9,6,7,0,0,43,59,29,1,0,1,42,1,2
12633,52,1,7,2,6,1,1,42,55,88,1,2,5,34,3,1
12634,37,2,2,0,22,0,2,31,59,89,1,2,1,29,9,1
12635,43,3,11,5,15,1,1,61,41,43,2,5,6,39,28,2
12636,46,1,12,7,10,2,1,73,34,68,2,2,8,34,8,0
12637,54,2,16,5,14,1,0,42,45,89,1,2,4,23,5,2
12638,33,2,9,1,2,1,1,62,43,47,2,4,8,47,7,2
12639,57,2,1,0,16,1,1,72,46,64,1,2,3,61,3,2
12640,35,1,11,3,3,0,0,63,22,66,2,2,11,28,12,0
12641,27,2,6,0,16,0,0,16,82,93,1,1,4,13,2,1
12642,41,0,15,1,2,0,0,63,49,35,1,0,2,41,0,0
12643,47,2,11,1,5,0,1,47,48,62,1,1,3,28,4,2
12644,38,0,1,4,23,0,0,29,77,71,1,0,4,27,7,2
12645,33,0,6,5,13,1,1,23,82,92,1,1,3,18,6,1
12646,53,3,12,7,12,0,1,50,39,41,1,2,2,39,8,2
12647,46,0,6,0,22,1,2,44,54,72,1,1,3,36,5,1
12648,23,0,0,1,5,1,1,53,40,75,2,4,10,48,13,0
12649,33,2,3,3,8,1,0,35,55,94,1,1,2,19,8,1
12650,49,0,7,4,23,2,2,80,28,55,2,4,11,77,20,0
12651,49,0,8,3,18,1,1,80,13,86,2,4,8,61,18,0
12652,41,2,10,5,14,2,0,63,42,44,2,5,5,31,21,0
12653,37,1,12,6,19,1,0,60,29,88,2,5,5,29,18,0
12654,57,1,0,5,15,1,0,21,84,43,1,0,2,15,7,2
12655,40,2,14,5,14,0,0,86,4,74,2,4,11,65,27,0
12656,30,0,7,5,14,1,0,32,67,41,1,0,4,23,3,2
12657,24,3,3,6,7,0,2,68,45,50,2,2,12,49,11,2
12658,47,0,13,2,11,2,1,56,44,78,2,4,8,49,15,2
12659,32,0,8,1,2,2,1,78,31,22,2,2,7,62,27,0
12660,42,2,3,3,8,1,1,70,27,54,2,3,6,41,9,2
12661,49,0,14,6,7,1,2,89,4,93,2,5,10,54,7,0
12662,38,1,0,7,21,0,1,73,23,93,2,3,14,66,9,0
12663,33,0,2,2,6,1,1,28,58,85,1,2,5,26,5,1
12664,32,0,3,3,18,1,0,60,43,50,2,3,9,56,27,0
12665,43,0,6,0,16,1,1,47,55,93,2,2,11,29,25,1
12666,22,0,1,7,12,2,0,50,40,74,1,2,2,34,1,0
12667,31,0,10,5,13,0,1,30,59,38,1,0,2,15,3,2
12668,55,2,13,3,8,1,1,38,75,29,1,2,5,31,0,1
12669,59,0,16,4,4,2,2,56,32,67,1,2,3,44,6,1
12670,48,0,7,3,18,1,0,61,51,93,2,3,12,31,11,2
12671,23,1,2,7,21,2,2,22,71,75,1,2,4,11,3,1
12672,28,2,0,2,6,1,1,42,59,39,1,1,1,26,5,1
12674,57,2,7,7,21,2,0,88,0,66,2,5,7,43,22,0
12675,49,2,11,7,12,1,2,84,8,44,2,5,10,39,28,2
12676,49,3,8,6,19,2,0,62,51,86,2,4,5,40,27,2
12677,27,2,6,6,17,1,1,11,90,63,1,2,5,5,1,1
12678,29,2,8,7,10,0,0,84,9,47,2,3,13,42,27,0
12680,28,1,5,6,7,2,0,13,86,48,1,0,4,9,5,2
12681,38,0,11,4,23,1,0,65,32,39,2,5,9,45,29,0
12682,24,1,3,5,14,0,1,36,66,69,1,0,3,27,1,2
12683,48,3,4,3,3,1,0,79,10,39,0,8,23,45,46,0
12684,44,0,8,4,20,1,1,60,32,23,2,5,6,54,5,0
12685,48,3,2,4,20,0,1,76,27,64,2,5,5,54,15,0
12686,58,0,8,2,11,0,1,16,77,70,1,0,1,12,6,1
12687,37,2,8,1,2,2,0,21,78,38,1,1,5,20,9,1
12688,46,3,7,1,2,1,1,74,16,67,2,3,14,73,8,0
12689,52,1,6,5,14,0,1,36,67,71,1,2,5,24,5,2
12690,39,0,7,1,1,1,0,68,31,57,2,3,6,44,23,0
12692,30,3,9,2,9,0,0,75,9,20,2,4,7,68,18,0
12693,44,0,16,7,10,1,1,37,81,92,1,1,1,24,6,1
12694,51,2,14,1,5,2,0,75,26,24,2,3,12,71,17,0
12695,58,2,0,5,13,1,0,35,68,45,1,2,0,23,1,2
12696,22,0,1,0,16,1,1,91,20,55,2,5,7,64,17,0
12697,30,0,9,3,3,0,1,26,73,78,1,2,5,15,6,1
12698,35,1,8,2,9,1,1,84,22,35,2,2,7,82,26,0
12699,23,0,2,6,19,0,1,43,55,84,1,0,1,20,6,2
12700,29,0,8,1,1,1,1,64,39,53,2,5,8,34,6,2
12701,32,2,4,7,10,1,2,49,50,25,1,1,0,25,5,1
12702,45,2,0,5,15,2,2,39,57,76,1,1,2,26,6,1
12703,40,0,17,2,11,1,0,55,48,75,1,2,3,35,8,2
12704,22,1,1,3,3,1,1,81,21,57,2,3,11,77,23,0
12705,37,1,11,6,7,1,0,78,23,46,2,4,5,70,21,0
12706,57,0,10,4,4,0,1,17,81,58,1,2,4,9,9,1
12707,30,0,9,3,3,2,2,40,87,93,2,3,5,27,12,1
12708,33,0,11,4,23,2,1,24,65,52,1,2,5,20,9,1
12709,22,2,1,0,16,2,1,28,75,90,1,2,4,14,9,1
12710,22,0,1,5,15,0,1,84,20,20,2,5,13,51,6,0
12711,55,0,5,4,4,2,0,46,52,69,2,2,14,42,18,2
12712,33,2,9,3,8,0,0,47,60,33,1,0,2,43,6,2
12714,28,2,7,6,19,1,1,15,76,98,1,0,4,12,2,1
12715,28,1,7,4,20,2,0,62,29,52,2,5,13,61,13,0
12716,48,0,6,5,15,1,1,56,35,76,2,3,11,41,13,2
12717,56,0,11,1,2,1,2,14,77,53,1,0,4,6,0,1
12718,32,2,10,0,16,0,2,45,53,57,1,0,1,32,1,1
12719,55,2,11,6,7,2,2,22,92,31,1,2,2,13,0,1
12720,27,0,6,5,15,2,1,27,72,88,1,1,5,17,9,1
12721,52,2,5,4,23,1,2,10,68,32,1,2,5,8,8,1
12722,54,1,5,7,10,0,2,19,95,80,1,2,0,18,8,1
12723,33,3,5,7,10,2,1,24,77,76,1,0,5,12,0,1
12724,59,2,3,6,17,1,1,68,28,88,2,4,8,61,20,0
12725,52,1,8,7,10,0,0,51,44,22,1,2,5,26,6,0
12726,47,0,7,0,22,2,2,16,80,67,1,2,1,11,3,1
12727,27,2,6,3,18,0,2,34,70,91,1,0,0,23,7,1
12728,47,1,4,7,10,2,0,48,65,29,1,2,4,42,7,0
12729,31,2,10,5,14,0,2,64,31,65,2,4,8,51,14,2
12730,24,2,3,2,9,1,2,47,39,94,1,0,2,32,7,1
12731,25,0,4,4,4,1,1,94,0,32,2,5,12,66,17,0
12732,40,2,14,4,20,1,1,56,50,25,2,5,9,30,27,2
12733,37,0,14,6,17,1,1,44,62,25,1,2,3,37,6,2
12734,26,0,5,7,10,0,0,70,25,38,2,2,6,42,19,0
12735,33,0,11,0,22,1,0,57,46,65,2,4,7,38,10,2
12736,57,0,9,7,10,0,0,39,65,38,1,2,4,34,5,2
12737,34,1,12,3,3,1,2,52,54,47,2,2,12,28,13,1
12738,37,1,12,7,10,0,1,77,16,76,2,3,7,67,26,0
12739,29,1,8,7,10,2,0,75,16,79,2,2,5,54,23,0
12740,53,0,8,0,22,1,1,21,85,99,1,0,4,9,0,1
12741,53,0,14,2,6,2,1,25,92,91,1,0,1,20,8,1
12742,23,1,2,1,2,2,1,86,26,59,2,2,13,40,15,0
12743,35,0,7,7,21,1,0,69,25,42,2,5,9,34,18,0
12744,36,0,0,3,8,0,0,69,28,53,2,4,14,43,11,0
12745,24,0,3,1,1,0,2,11,65,73,1,1,2,10,5,1
12746,28,3,7,6,7,1,0,71,24,59,2,5,10,41,15,0
12747,57,1,16,3,8,1,1,72,7,32,2,3,9,59,18,0
12748,47,2,3,1,1,1,1,49,61,22,2,2,10,28,26,2
12749,26,0,5,3,8,1,0,48,65,48,1,0,1,43,7,2
12750,45,2,7,6,7,1,0,72,16,59,2,2,9,61,25,0
12751,60,1,13,3,18,2,1,68,16,75,1,0,5,52,1,0
12752,37,2,9,0,22,0,1,62,38,93,2,4,9,39,15,1
12754,33,0,0,5,15,2,2,64,46,65,2,5,9,52,14,2
12756,44,1,7,6,17,1,2,48,39,55,2,4,14,23,17,2
12757,29,0,5,0,16,1,1,33,88,41,1,1,2,18,1,1
12758,38,1,17,4,4,0,0,83,21,58,2,4,5,59,16,0
12759,43,0,8,0,22,0,2,37,57,66,1,1,3,28,1,1
12760,52,1,16,1,2,0,1,23,63,30,1,2,3,20,8,1
12761,22,1,1,2,9,1,1,26,69,26,1,0,4,22,2,2
12762,42,0,12,3,18,1,0,15,93,50,1,0,5,7,5,1
12763,34,1,9,7,10,0,2,44,74,36,1,2,3,43,7,1
12764,35,0,14,2,9,2,0,57,57,24,1,0,5,42,2,2
12765,58,0,8,0,0,0,1,94,2,45,2,3,12,84,18,0
12766,51,0,13,5,13,2,0,75,34,24,2,2,8,57,9,0
12767,50,1,14,0,0,1,0,93,0,21,2,4,13,60,5,0
12768,52,2,8,5,13,1,1,70,14,91,2,5,11,41,10,2
12769,49,3,6,2,11,1,1,54,62,66,1,0,3,43,1,1
12770,35,2,8,0,0,1,0,71,30,21,2,4,11,69,5,0
12771,27,2,6,5,13,1,0,50,43,38,1,1,5,36,1,0
12772,23,1,2,5,15,1,0,85,18,57,2,2,8,52,18,0
12773,52,2,11,6,7,1,0,57,45,27,2,2,5,44,22,0
12774,54,0,8,1,1,1,1,37,86,57,1,1,5,28,9,1
12775,41,2,5,3,8,1,0,35,64,64,1,1,4,16,5,1
12776,32,0,11,1,2,2,0,39,58,33,1,2,5,27,2,2
12777,23,0,2,7,21,0,0,13,94,84,1,0,4,9,7,1
12778,25,2,3,0,16,1,2,75,36,21,2,4,11,65,25,2
12779,55,0,10,6,17,1,1,12,83,79,1,1,1,8,1,1
12780,27,1,6,5,15,1,1,46,52,23,1,1,0,26,8,0
12781,56,0,7,7,21,0,1,71,34,87,2,4,9,41,8,2
12782,29,0,8,2,11,2,2,54,32,86,1,0,0,27,5,1
12783,51,2,12,0,22,1,0,44,62,70,2,2,6,19,12,1
12784,21,1,0,1,5,0,1,56,47,34,1,2,0,35,1,0
12785,60,2,14,4,20,2,1,41,56,45,1,0,3,32,8,2
12786,42,1,16,0,16,2,1,88,30,42,2,2,9,66,16,0
12787,29,0,8,7,21,2,0,62,25,78,2,2,5,49,19,0
12788,37,0,2,3,18,2,1,58,27,34,1,2,4,39,1,0
12789,60,2,12,7,10,1,1,82,18,67,0,7,24,42,47,2
12790,32,0,0,7,10,2,0,12,94,49,1,1,3,8,0,1
12791,60,2,3,5,13,1,1,10,86,78,1,2,0,7,6,1
12792,35,2,2,7,10,1,0,62,37,88,2,4,8,54,22,0
12793,44,0,3,4,20,2,0,53,58,35,2,3,13,40,23,0
12794,39,1,4,5,15,2,1,74,32,36,2,4,6,41,21,0
12795,41,2,3,2,9,1,1,57,34,93,1,1,3,32,0,1
12797,50,1,14,2,11,2,0,27,57,72,1,1,1,24,5,2
12798,47,1,2,0,22,1,0,54,51,66,2,4,5,37,7,0
12799,47,0,7,0,16,1,0,45,58,25,2,4,6,31,19,2
12800,48,0,6,0,22,2,2,47,46,72,1,2,0,22,3,1
12801,23,0,2,1,5,0,1,46,57,69,1,2,0,23,2,2
12802,21,0,0,6,7,1,1,54,51,43,1,0,5,48,1,0
12803,41,2,8,3,18,0,1,46,35,85,1,2,4,25,3,1
12804,43,0,14,4,20,0,0,71,30,61,2,4,7,68,10,0
12805,39,0,14,1,5,0,1,47,65,61,1,1,5,22,2,2
12807,39,1,12,0,0,1,0,18,78,37,1,1,3,8,4,1
12808,40,2,7,3,3,2,0,53,35,67,1,2,4,45,9,2
12809,53,0,5,4,4,0,0,40,59,66,1,2,5,27,1,2
12810,43,2,4,3,3,2,1,50,43,42,2,2,7,36,25,2
12811,33,0,6,2,11,1,2,85,7,90,2,3,8,77,14,2
12812,52,0,20,5,15,1,0,94,0,26,2,3,7,54,7,0
12813,24,0,3,1,1,1,1,41,50,35,1,2,3,37,8,2
12814,44,0,14,6,7,2,2,54,42,83,1,2,3,25,7,1
12815,34,1,13,0,0,2,1,58,40,54,2,5,5,37,15,2
12816,41,0,2,4,4,1,0,81,28,55,2,5,13,68,21,0
12817,36,0,12,5,14,1,0,51,50,60,1,1,2,35,1,0
12818,42,0,1,7,21,1,0,37,66,65,1,0,1,22,7,2
12819,34,0,9,0,22,0,0,79,5,94,2,5,6,37,27,2
12820,53,0,3,1,2,2,1,34,59,25,1,1,2,18,0,2
12821,34,0,6,0,16,0,1,67,26,69,2,2,8,37,22,2
12822,45,1,4,4,4,1,0,23,66,37,1,2,5,10,9,2
12823,41,0,5,3,3,1,1,39,61,41,1,1,4,32,1,2
12824,29,2,5,4,20,2,2,54,50,89,2,3,5,44,10,1
12825,23,0,2,1,2,2,0,88,0,37,2,2,13,78,9,0
12826,60,2,13,7,21,0,0,21,90,70,1,0,3,19,2,1
12827,30,2,9,5,13,2,1,19,89,38,1,1,4,17,5,1
12828,34,0,4,7,12,0,0,70,32,31,2,5,7,40,5,0
12829,47,0,15,6,17,2,0,40,47,35,1,0,2,35,9,0
12830,58,2,4,0,0,1,1,64,46,52,1,1,3,57,9,2
12831,37,0,5,1,2,2,1,22,90,27,1,2,1,17,0,1
12832,30,0,3,6,19,1,0,77,21,89,2,2,13,65,25,0
12833,54,1,15,0,16,1,1,27,66,24,1,0,2,26,1,1
12835,54,1,11,4,23,2,0,55,39,28,2,3,9,54,15,0
12836,25,0,4,3,3,1,1,54,30,50,1,2,5,43,0,2
12837,24,2,0,4,20,0,2,94,0,52,2,4,9,82,17,0
12838,26,0,5,2,11,1,2,60,40,73,2,4,10,50,17,1
12839,34,3,13,4,23,2,0,81,28,78,2,5,9,40,17,0
12840,58,0,10,1,2,2,1,86,5,29,2,4,14,57,17,0
12841,21,0,0,5,14,2,0,84,21,36,2,5,9,82,6,0
12842,39,2,14,3,8,2,1,27,79,43,1,1,0,24,5,1
12843,41,0,7,1,2,0,0,63,33,59,2,2,8,33,25,0
12844,59,1,5,2,11,2,0,31,82,75,1,1,2,30,1,1
12846,59,0,9,0,0,1,1,10,90,45,1,0,4,8,5,1
12847,41,0,0,4,20,0,1,13,85,68,1,2,4,6,2,1
12848,43,2,8,6,19,1,1,60,59,95,2,4,8,55,8,2
12849,44,0,10,2,6,2,0,78,20,61,1,2,1,45,6,0
12850,59,0,15,4,20,2,1,20,97,30,1,2,3,15,1,1
12851,44,2,4,2,11,1,0,66,25,96,2,2,10,30,11,2
12852,55,0,1,7,21,2,1,51,66,87,2,3,14,48,11,2
12853,21,1,0,5,14,2,1,63,33,51,2,5,10,29,9,0
12854,39,2,18,2,6,1,1,49,55,67,1,1,1,46,8,1
12855,58,2,5,2,9,2,1,86,14,49,2,3,11,60,22,0
12856,29,3,8,6,19,1,0,36,75,92,1,0,3,26,0,1
12857,43,2,8,7,21,0,2,22,73,27,1,2,2,14,8,1
12858,40,0,13,7,12,2,1,91,9,83,2,3,14,67,19,0
12859,21,0,0,2,9,1,0,57,46,34,2,2,6,52,21,0
12860,38,0,4,2,9,0,2,47,43,75,2,2,11,23,19,1
12861,54,0,6,4,20,0,0,52,51,73,2,3,11,33,9,2
12862,26,0,5,2,11,2,0,38,74,81,1,2,1,17,3,1
12863,44,1,9,0,16,1,2,81,20,79,2,4,13,44,25,2
12864,27,2,6,2,11,2,1,48,58,88,1,0,3,23,8,1
12865,57,0,9,2,11,1,1,14,61,84,1,2,5,12,8,1
12866,33,2,12,2,11,1,1,20,82,94,1,0,2,18,9,1
12867,40,0,16,1,5,1,0,59,57,66,2,2,5,35,24,2
12868,24,0,3,3,18,1,0,26,65,76,1,2,1,24,0,1
12869,54,2,8,7,12,2,1,23,89,34,1,2,1,21,2,1
12870,34,2,13,6,19,1,1,65,30,88,2,3,10,54,20,2
12871,32,1,7,2,6,0,0,37,67,21,1,0,3,35,0,2
12872,34,0,13,5,15,1,1,86,22,76,2,2,13,68,11,0
12873,32,2,6,2,11,2,1,78,11,71,2,2,11,52,8,2
12874,48,0,10,5,15,0,1,47,65,84,1,2,3,35,9,2
12875,41,0,0,1,2,2,1,70,16,45,2,3,12,67,16,0
12876,31,3,10,2,6,1,1,85,24,77,2,4,7,62,27,2
12877,50,2,12,3,8,0,1,59,37,26,2,4,5,47,10,2
12878,35,0,6,4,23,1,0,51,62,56,2,2,13,23,21,2
12879,50,0,14,0,22,2,0,14,86,89,1,2,0,8,6,1
12880,48,2,9,0,0,0,1,91,15,50,2,2,8,41,22,2
12881,26,2,5,0,22,0,0,32,78,74,1,0,5,19,7,1
12882,49,0,5,7,10,0,0,52,58,39,1,0,4,37,5,2
12883,35,2,0,4,23,2,0,30,87,70,1,0,1,25,7,2
12884,53,1,17,7,12,1,0,27,96,76,1,2,0,13,4,1
12885,34,0,9,1,1,0,0,25,82,83,1,2,0,21,8,1
12887,47,0,13,3,18,2,0,29,75,43,1,2,5,15,1,1
12888,53,0,5,7,21,0,0,28,72,35,1,0,1,14,3,2
12889,22,1,1,6,19,1,0,31,68,95,1,0,1,30,2,2
12890,55,0,15,2,11,0,0,63,28,84,2,5,14,62,13,0
12891,55,0,1,7,12,0,0,28,74,33,1,0,1,27,3,2
12892,50,0,9,2,11,1,0,34,73,68,1,2,2,32,9,1
12893,46,0,0,4,23,0,0,78,0,51,2,5,13,46,27,0
12894,57,0,3,4,23,1,2,58,47,22,2,5,12,52,5,2
12895,58,0,7,6,19,0,0,12,82,93,1,0,1,7,0,1
12896,29,3,3,1,5,1,2,14,87,58,1,0,4,13,0,1
12897,39,2,8,3,3,2,0,54,40,43,2,5,8,27,13,2
12898,30,2,9,7,21,0,0,22,64,28,1,2,0,11,4,1
12899,36,1,0,4,20,1,0,48,61,48,1,0,0,27,6,0
12900,52,1,2,4,20,0,2,31,79,68,1,1,5,25,7,1
12901,55,1,5,6,7,0,0,65,41,47,2,5,8,51,19,0
12902,37,2,5,0,22,2,1,75,20,93,2,5,14,41,24,2
12903,57,0,3,6,17,0,0,76,37,72,2,2,6,62,26,0
12904,44,2,0,3,3,0,1,71,36,20,2,5,8,50,17,0
12905,51,1,1,0,22,2,1,38,60,89,1,1,2,19,0,1
12906,25,0,4,5,14,0,1,61,48,32,2,4,11,36,8,0
12907,41,0,9,5,14,1,0,53,55,90,1,1,3,44,9,0
12908,57,3,12,3,8,1,0,74,40,57,2,2,11,70,15,0
12909,40,1,8,4,4,1,2,72,24,91,2,5,11,63,9,0
12910,40,0,15,5,13,2,0,69,27,85,2,5,9,42,19,0
12911,30,2,9,3,18,0,0,47,61,77,1,0,0,40,0,2
12912,46,2,6,4,23,0,2,74,20,33,2,2,6,66,10,2
12913,31,2,10,3,8,1,0,63,34,59,1,1,5,53,4,2
12914,40,2,12,7,21,2,1,15,78,65,1,0,2,7,1,1
12915,37,2,14,0,16,1,0,13,70,68,1,2,3,11,4,1
12916,35,0,3,2,9,0,0,76,13,58,2,3,11,66,6,0
12917,51,1,10,4,23,2,1,82,23,65,2,3,6,44,23,0
12918,46,0,5,2,9,0,0,24,73,73,1,0,1,15,8,1
12919,38,0,14,3,3,1,1,22,70,92,1,1,1,13,7,1
12920,28,1,7,2,11,2,0,21,80,96,1,0,2,14,4,1
12921,29,0,8,3,18,1,1,37,57,59,1,2,2,19,1,1
12922,53,3,10,7,10,2,2,39,58,61,1,2,3,18,7,1
12923,24,0,3,0,16,2,0,25,84,74,1,2,0,15,3,1
12924,27,0,1,7,21,0,1,56,58,61,1,1,4,51,1,0
12925,53,0,4,7,12,1,0,54,63,33,2,2,6,49,25,0
12926,52,0,17,1,5,1,0,73,38,27,2,4,9,52,20,0
12928,41,2,5,0,16,2,1,27,57,40,1,0,1,24,8,1
12929,42,1,4,4,4,1,0,36,59,72,1,2,4,19,4,2
12930,59,2,7,6,19,0,0,22,91,70,1,0,1,13,9,1
12931,30,2,1,6,7,1,0,17,93,47,1,2,1,9,2,1
12932,34,0,13,4,4,0,1,65,32,85,2,4,7,33,11,2
12933,35,0,6,5,13,0,0,45,52,72,1,2,1,24,0,2
12934,30,0,6,1,5,2,1,11,73,60,1,0,1,8,6,1
12935,58,1,15,7,10,2,0,17,93,42,1,0,3,14,8,1
12936,57,1,8,0,0,1,2,60,36,29,2,5,7,49,5,2
12937,60,0,1,3,3,0,2,39,52,63,1,2,2,30,7,1
12938,39,2,18,6,19,1,0,24,58,87,1,0,3,19,4,1
12939,34,0,5,7,21,1,2,62,8,36,2,5,6,43,26,2
12940,29,0,5,5,14,1,1,81,25,53,2,4,13,59,20,0
12941,28,0,7,2,11,2,0,78,21,77,2,3,9,38,23,2
12942,28,2,4,6,7,1,1,71,35,74,1,0,0,35,2,2
12943,34,2,9,5,15,2,0,19,67,24,1,1,2,9,1,2
12944,23,0,2,1,1,2,0,75,28,63,1,0,2,73,0,0
12945,28,3,7,1,1,2,0,28,72,77,1,1,2,25,6,1
12946,33,2,8,1,2,1,1,90,15,34,2,3,5,78,23,0
12947,32,1,11,1,5,0,2,37,57,81,1,1,0,24,0,1
12948,29,2,8,5,13,0,0,24,76,62,1,1,4,12,8,1
12949,34,0,6,0,22,1,0,32,70,86,1,2,3,17,5,1
12950,32,0,1,5,14,1,1,74,45,81,2,5,10,51,22,0
12951,33,2,3,3,8,1,0,93,1,27,2,5,11,83,8,0
12953,55,0,19,4,23,2,0,73,28,30,2,3,8,55,11,0
12954,37,1,0,2,11,0,0,55,47,80,1,0,3,43,9,0
12955,32,2,10,6,7,1,1,13,69,56,1,2,4,12,8,1
12956,25,1,4,5,15,1,0,68,39,50,2,4,5,66,17,0
12957,22,2,1,5,14,2,2,14,71,64,1,1,4,7,8,1
12958,24,0,3,2,9,1,2,37,57,82,1,1,3,36,5,1
12959,25,1,4,7,12,1,0,89,10,72,2,3,14,66,29,0
12960,39,1,12,4,4,2,2,62,26,43,2,5,10,33,18,2
12961,31,0,6,4,20,2,1,26,73,30,1,2,4,23,5,2
12962,42,0,10,2,11,2,2,18,84,86,1,2,5,10,3,1
12963,57,0,16,6,17,2,0,53,61,21,2,3,8,30,26,2
12964,48,2,11,4,20,1,1,38,57,81,1,0,0,31,6,1
12965,49,0,14,0,16,1,1,42,46,20,2,3,12,37,21,2
12966,32,0,6,5,14,1,0,29,75,33,1,2,0,17,5,2
12967,52,0,7,7,12,0,1,28,98,89,1,2,4,20,9,1
12968,21,2,0,3,3,2,2,82,0,67,2,2,7,59,12,2
12969,37,0,8,1,2,0,1,54,39,90,1,1,0,26,3,2
12970,59,2,15,6,7,1,0,65,26,38,2,2,10,58,8,0
12972,22,2,1,0,0,2,0,46,47,61,1,2,1,21,4,2
12973,32,0,8,5,15,2,0,80,32,54,2,5,7,79,23,0
12974,28,0,7,5,15,1,0,63,34,26,1,0,1,54,1,0
12975,43,1,17,3,8,1,1,50,61,34,2,4,14,25,10,2
12976,49,1,10,0,16,2,1,90,21,50,2,2,14,47,15,0
12977,24,1,3,7,12,2,1,16,84,59,1,0,0,13,5,1
12978,41,0,4,4,4,1,0,66,26,42,2,5,12,54,9,0
12979,49,2,4,5,13,0,0,52,45,36,1,2,3,41,7,0
12980,39,0,10,7,10,1,1,51,21,83,1,2,4,41,0,2
12981,50,2,2,6,19,1,2,72,18,74,2,5,9,33,8,2
12982,40,0,14,4,20,0,1,30,44,34,1,1,1,19,8,2
12983,50,2,21,6,17,2,2,22,76,90,1,0,2,21,2,1
12984,48,1,11,1,1,1,2,94,9,20,2,3,13,49,21,0
12985,49,3,14,3,8,1,0,16,71,86,1,2,1,13,5,1
12987,30,0,9,1,5,2,1,52,46,25,2,5,10,25,19,2
12988,22,2,1,7,10,1,0,32,58,52,1,2,4,22,5,2
12990,43,2,12,7,21,1,0,57,43,86,2,4,5,31,19,2
12991,58,3,17,0,0,0,0,39,56,44,1,1,4,35,8,1
12992,40,0,0,4,4,0,0,32,58,34,1,2,3,22,8,2
12993,46,0,6,7,21,1,2,65,39,44,2,3,11,55,22,2
12994,25,0,0,0,0,2,1,13,80,65,1,2,2,9,7,1
12995,27,0,6,7,21,1,0,28,80,45,1,1,2,20,8,2
12996,24,1,3,0,0,1,1,75,34,60,2,5,8,67,20,0
12997,44,3,18,4,23,2,1,86,17,89,2,2,12,58,8,2
12998,58,2,0,1,1,0,1,89,0,30,0,5,16,84,44,0
12999,53,3,16,5,15,0,1,59,45,56,2,2,10,28,5,2
13000,59,1,6,7,21,0,1,48,53,91,2,2,9,36,6,2
13001,55,2,4,3,18,1,1,29,77,82,1,0,1,22,9,1
13002,27,2,6,3,3,0,0,57,39,22,2,3,10,27,24,2
13003,36,0,9,4,23,1,0,69,22,80,2,3,14,59,20,0
13004,58,1,6,7,12,1,0,79,8,82,2,3,13,39,13,0
13005,32,0,7,2,9,2,0,33,56,22,1,2,1,18,6,2
13007,53,1,5,1,5,2,1,56,40,89,2,4,12,40,12,2
13008,46,1,1,7,21,0,0,69,13,69,2,3,13,61,23,0
13009,60,0,15,5,15,1,1,93,8,43,2,4,13,71,16,0
13010,59,0,5,1,1,1,1,56,54,36,1,1,4,32,3,2
13011,23,0,2,2,9,1,1,18,87,62,1,2,4,15,9,1
13012,30,0,0,5,15,2,2,37,56,86,2,4,14,35,25,1
13013,60,0,3,1,2,0,0,37,65,63,1,2,0,29,7,2
13014,51,1,13,4,23,1,0,14,97,93,1,0,2,8,3,1
13015,34,0,9,3,18,2,1,15,77,68,1,0,3,7,4,1
13016,29,2,6,6,19,2,0,39,55,83,1,2,1,34,0,2
13017,29,0,6,7,12,1,1,80,31,86,2,3,6,51,22,0
13018,24,2,3,7,10,1,0,23,59,29,1,0,0,12,6,1
13019,34,0,7,6,17,0,0,86,0,61,2,4,12,54,5,0
13020,39,0,7,4,20,1,2,15,80,32,1,1,1,9,8,1
13021,34,2,13,1,5,1,1,74,27,56,2,2,10,35,22,2
13022,43,1,5,3,18,0,0,57,34,56,1,0,1,43,2,0
13023,44,0,10,7,10,2,2,61,42,25,1,1,4,27,6,2
13024,25,0,4,3,8,1,2,58,41,92,2,5,10,55,19,1
13025,49,2,8,5,15,1,1,74,33,55,2,4,5,62,20,0
13026,49,0,15,2,11,1,0,31,56,69,1,1,1,15,1,1
13027,58,0,5,7,10,1,0,46,49,44,1,2,5,35,3,2
13028,37,3,9,2,11,0,1,51,43,90,1,0,0,47,6,1
13029,50,1,3,0,16,1,0,42,53,65,1,1,0,31,9,2
13030,41,2,12,3,8,1,0,19,76,61,1,2,0,18,1,1
13031,37,2,15,6,19,1,0,44,74,65,1,0,3,35,5,2
13033,44,2,20,1,1,1,1,88,39,20,0,8,24,41,38,2
13034,31,0,0,5,13,1,0,46,34,93,1,1,4,22,6,0
13035,52,0,11,3,8,2,1,37,70,59,1,0,3,27,5,1
13036,43,0,18,7,12,0,0,23,78,29,1,2,3,10,8,1
13037,40,2,5,1,2,1,2,71,15,85,2,3,11,42,23,2
13038,25,2,4,4,4,2,2,73,12,32,2,5,13,61,16,2
13039,42,0,15,4,4,0,0,44,60,86,1,1,3,25,3,2
13040,34,0,0,4,20,1,1,54,51,37,2,3,8,35,29,0
13042,44,2,8,2,6,1,1,60,37,31,2,3,8,51,6,2
13043,44,1,12,5,14,1,2,43,68,64,2,4,10,42,28,2
13044,34,0,9,6,17,0,1,17,88,43,1,1,1,10,7,1
13045,57,0,8,7,12,1,0,27,85,87,1,1,4,19,5,1
13046,25,1,4,5,13,0,0,86,7,74,2,4,7,46,9,0
13047,55,1,14,3,3,2,1,78,20,90,2,4,7,62,23,0
13048,57,0,10,0,22,0,1,20,73,85,1,1,0,11,6,1
13049,46,0,6,4,20,1,0,32,72,60,1,2,3,16,4,2
13050,51,3,15,0,0,0,1,65,36,54,2,3,11,52,22,2
13051,54,0,12,4,23,1,1,56,57,41,2,4,6,28,13,2
13052,51,0,9,3,8,2,0,51,27,58,1,0,2,40,4,2
13053,28,0,7,0,0,2,0,41,61,62,1,2,5,34,4,2
13054,51,2,5,6,7,1,0,66,23,69,2,4,12,50,18,0
13055,23,0,2,5,13,2,1,11,80,76,1,0,3,8,8,1
13056,38,2,7,3,3,0,1,64,36,57,2,3,9,54,25,2
13057,36,0,7,3,18,2,0,30,63,70,1,2,3,20,2,1
13058,26,0,3,7,10,1,0,73,7,29,2,4,10,48,9,0
13059,26,2,5,2,6,0,1,76,17,59,2,3,7,66,12,2
13060,29,0,7,5,15,1,0,79,26,80,2,5,8,71,22,0
13061,37,0,8,2,6,1,1,84,28,71,2,4,11,48,18,2
13062,55,0,16,3,18,1,0,48,54,36,2,5,13,25,19,2
13063,60,2,13,1,5,1,1,60,54,69,2,5,6,31,20,2
13064,59,0,11,2,9,1,1,17,78,91,1,2,0,12,8,1
13065,22,2,1,5,13,0,1,39,56,60,1,0,5,37,3,2
13066,22,0,1,3,3,0,2,46,43,48,1,2,3,24,5,1
13067,49,2,16,6,17,1,2,39,82,51,1,1,5,32,7,1
13068,26,0,5,2,11,0,0,78,39,66,2,4,5,44,29,2
13069,34,1,11,6,19,1,0,38,70,77,1,2,3,29,2,2
13070,51,0,0,4,4,1,0,86,32,69,2,3,13,65,12,0
13071,32,0,8,4,23,1,1,81,30,87,2,4,10,38,22,0
13072,41,2,13,5,13,1,0,24,74,73,1,1,1,21,1,1
13073,55,2,10,7,21,2,1,16,73,72,1,2,4,8,0,1
13074,56,0,11,0,16,1,1,33,66,25,1,2,0,16,1,1
13075,30,0,9,0,22,2,1,21,81,74,1,1,1,18,6,1
13076,46,0,0,5,14,2,1,60,45,60,2,4,13,56,17,0
13077,57,2,12,7,12,1,2,58,44,83,2,3,5,52,21,1
13078,21,2,0,5,13,2,1,37,65,32,2,5,13,27,5,2
13079,60,2,12,2,11,2,1,57,41,75,2,5,9,34,17,1
13080,31,2,3,3,8,1,0,78,35,93,2,3,10,40,20,2
13081,22,0,1,2,6,2,2,81,19,27,2,2,8,62,24,0
13082,41,1,14,0,16,2,1,21,87,68,1,0,3,19,3,1
13083,31,2,7,7,12,1,2,36,65,20,1,2,5,29,4,1
13084,52,0,6,5,14,2,1,46,56,86,1,2,2,33,3,2
13085,53,0,14,7,10,1,1,24,58,78,1,1,5,21,9,1
13086,54,0,10,6,7,1,1,16,88,28,1,0,3,15,8,1
13087,48,1,16,6,19,1,0,71,27,81,2,3,8,43,21,0
13088,55,2,5,7,10,2,1,69,24,29,2,5,7,40,11,2
13089,37,2,6,0,16,0,1,22,81,83,1,1,4,15,5,1
13091,41,2,16,5,14,1,2,44,75,90,1,0,3,20,5,1
13092,49,0,10,4,23,2,1,85,24,69,2,4,13,46,12,0
13093,49,2,14,4,23,1,0,90,13,64,2,2,7,51,15,0
13095,59,0,14,4,20,2,1,70,38,38,2,3,6,58,15,0
13096,32,3,11,3,3,2,2,29,87,72,1,1,3,19,8,1
13097,46,0,6,7,10,1,1,32,67,25,1,0,0,28,8,2
13098,59,0,14,6,7,2,0,23,83,54,1,2,5,12,7,2
13099,33,3,6,1,5,1,0,65,36,66,1,1,2,63,4,0
13100,53,2,4,1,2,1,1,75,42,62,2,2,6,43,18,2
13101,33,1,12,1,5,2,2,72,36,54,2,5,10,62,27,2
13102,52,1,16,2,9,1,0,86,15,29,2,5,12,55,19,0
13103,25,0,4,2,9,1,0,51,43,36,1,2,1,50,8,2
13105,39,0,9,5,15,1,0,50,39,42,1,0,4,31,2,0
13106,28,0,7,3,3,2,2,74,17,74,2,3,14,60,13,2
13107,59,2,17,2,11,1,0,85,14,80,0,8,24,53,20,2
13108,28,0,7,2,9,0,0,10,90,86,1,2,1,6,3,1
13109,60,0,7,2,11,0,2,77,21,81,2,3,13,55,18,2
13110,58,0,10,4,20,0,1,48,41,59,2,5,11,37,8,2
13111,31,2,10,4,4,1,0,51,59,21,2,2,6,38,14,2
13112,32,1,9,3,18,1,0,35,55,29,1,0,3,30,9,2
13113,27,0,6,2,11,1,1,39,64,98,1,2,4,34,9,1
13114,44,2,9,4,4,2,2,32,74,24,1,1,5,21,2,1
13115,37,1,10,3,18,0,0,58,31,24,2,2,12,35,7,0
13116,50,2,14,7,21,1,0,91,0,89,0,5,21,62,21,0
13117,51,2,4,5,13,1,1,48,66,60,1,2,2,40,9,2
13118,21,1,0,4,20,1,0,38,54,55,1,1,0,34,1,0
13119,37,0,1,5,15,0,1,94,5,50,2,5,10,54,5,0
13120,47,0,10,4,4,1,0,24,87,39,1,0,3,18,1,2
13122,49,0,10,5,14,2,0,26,78,31,1,0,3,18,1,2
13124,29,2,7,4,23,0,0,76,10,45,2,5,6,54,22,0
13125,28,0,7,0,22,1,2,31,92,75,1,1,3,24,9,1
13126,56,0,8,1,2,2,1,28,79,23,1,0,2,19,2,1
13127,49,0,3,3,3,1,0,29,81,75,1,1,5,27,8,1
13128,44,0,6,6,17,1,2,11,100,68,1,2,5,7,5,1
13129,60,0,6,1,5,0,1,40,57,48,1,0,2,30,3,2
13130,36,0,10,1,5,2,0,36,62,85,1,1,3,20,5,2
13131,28,0,7,4,4,1,0,69,36,77,2,4,8,66,26,0
13132,36,0,9,3,8,0,1,89,0,62,0,6,21,59,37,0
13133,51,2,1,5,15,2,1,58,31,69,2,2,13,46,17,0
13134,52,0,3,7,10,2,0,50,52,48,1,1,5,44,6,0
13135,22,1,1,7,12,2,1,59,43,27,2,3,5,28,19,0
13136,27,0,6,6,7,0,1,64,30,45,2,5,9,52,20,0
13137,41,2,6,5,13,1,1,81,19,69,2,5,11,44,15,0
13138,56,0,5,4,23,1,0,19,77,70,1,0,3,13,5,1
13139,51,2,9,6,7,0,1,65,43,24,2,3,6,36,16,2
13140,25,0,4,3,18,1,2,53,41,47,2,4,12,26,18,1
13141,57,1,4,3,8,2,1,80,5,52,2,5,13,51,5,0
13142,54,2,20,4,23,2,0,33,49,80,1,0,0,31,2,1
13143,48,3,7,1,1,0,0,13,100,25,1,2,2,8,6,1
13144,47,1,5,6,7,1,1,16,84,29,1,2,4,8,4,1
13145,56,0,7,7,12,2,0,24,74,44,1,1,5,22,6,2
13146,25,2,4,1,1,1,2,65,29,24,2,4,8,57,12,2
13147,46,0,15,1,2,0,0,29,72,40,1,0,5,25,7,2
13148,59,1,15,3,8,1,1,49,54,87,1,1,2,48,2,2
13149,54,2,11,0,16,2,0,63,46,88,2,4,6,47,12,2
13151,33,0,6,1,1,1,0,51,40,24,2,3,14,32,8,0
13152,31,0,10,7,12,1,1,43,60,33,1,1,2,36,3,2
13153,23,2,2,1,2,1,0,33,63,43,1,1,3,30,8,2
13154,38,0,10,2,11,2,2,47,46,98,2,3,8,45,7,1
13155,26,2,0,4,20,2,1,54,44,92,1,2,0,50,8,2
13156,21,2,0,7,21,0,1,28,67,63,1,2,3,17,1,1
13158,55,2,7,3,3,2,0,88,15,26,0,6,24,64,25,0
13159,51,3,14,2,11,1,1,53,35,70,2,2,12,31,26,1
13160,60,0,0,4,20,1,2,19,86,57,1,0,4,8,0,1
13162,58,0,12,6,19,2,1,63,48,94,2,4,13,33,13,2
13165,30,0,9,5,13,0,1,71,17,90,2,3,13,39,12,0
13166,57,0,9,4,20,1,0,15,76,40,1,2,2,13,7,1
13167,41,0,13,6,7,1,0,10,97,66,1,1,2,5,8,1
13168,55,0,4,0,22,0,0,80,1,68,2,3,6,43,28,0
13169,54,0,11,7,21,0,1,67,38,83,2,3,12,54,9,2
13171,50,3,11,7,12,1,2,19,79,48,1,2,0,17,1,1
13172,35,0,0,6,19,2,1,28,74,90,1,2,3,27,3,2
13173,30,0,9,0,0,0,0,22,82,58,1,1,4,16,9,1
13174,51,2,7,4,20,1,0,86,23,90,2,3,13,65,11,0
13175,53,0,19,4,23,2,1,91,8,22,2,3,7,81,12,0
13176,28,1,2,6,7,2,1,88,17,87,2,5,10,80,27,0
13177,40,0,6,1,1,1,1,19,78,32,1,2,3,11,0,1
13178,37,1,13,6,19,1,2,64,36,85,1,2,5,58,5,2
13179,42,0,4,0,0,1,0,80,31,91,2,5,5,53,22,2
13180,43,2,0,0,16,1,1,89,0,49,2,3,10,78,14,0
13181,43,1,7,3,8,1,0,72,40,20,2,5,6,44,14,0
13182,55,2,8,0,0,1,1,20,82,36,1,2,3,13,1,1
13183,27,2,6,3,3,0,1,25,100,23,1,0,1,11,1,1
13184,49,1,5,2,6,2,0,20,77,54,1,0,2,16,5,1
13185,49,2,8,1,2,1,1,35,47,54,1,1,5,33,2,2
13186,33,1,9,4,4,2,0,32,69,57,1,0,3,31,7,2
13187,49,1,10,6,7,0,0,22,80,51,1,1,5,12,1,2
13188,45,0,3,5,13,2,1,25,66,79,1,2,2,11,5,1
13189,36,0,4,5,15,2,1,59,23,22,2,5,12,35,8,0
13190,39,1,1,3,3,0,0,26,58,92,1,2,3,25,4,2
13191,31,0,10,0,16,1,1,14,98,38,1,1,5,9,7,1
13192,52,2,15,6,19,2,1,22,80,90,1,0,4,12,7,1
13193,60,2,8,1,5,2,1,52,48,58,2,4,10,36,27,2
13194,43,2,6,1,5,0,1,20,92,41,1,2,5,16,0,1
13196,55,1,4,1,1,0,0,11,87,72,1,0,3,6,7,1
13197,39,0,9,6,7,1,0,16,75,33,1,2,4,13,6,2
13198,23,1,2,0,22,1,2,62,27,80,1,1,3,34,5,2
13199,21,2,0,6,17,0,0,62,37,94,2,4,14,57,19,0
13200,49,0,16,4,20,1,1,17,66,90,1,1,2,11,6,1
13201,39,0,16,0,16,1,1,78,31,66,2,4,7,45,8,2
13202,37,1,12,7,12,1,0,36,91,38,1,2,5,21,4,2
13203,51,2,15,1,2,1,1,78,0,42,2,3,13,66,16,0
13204,43,2,4,3,8,2,0,45,42,86,2,5,10,21,9,1
13205,22,1,1,4,23,2,1,32,83,72,1,0,2,19,9,2
13206,30,0,9,4,4,1,0,75,23,38,2,4,9,72,22,0
13207,37,1,10,3,18,0,1,68,37,24,2,2,12,48,28,0
13208,54,0,3,6,7,2,0,47,35,73,1,2,3,30,8,2
13209,49,1,5,5,13,1,2,29,74,46,1,0,3,18,1,1
13210,51,0,13,5,15,0,2,60,37,73,2,3,10,44,15,2
13211,58,0,7,7,12,1,1,27,67,39,1,1,0,14,7,1
13212,40,0,10,5,15,1,0,35,60,36,1,1,2,19,8,2
13213,28,2,6,7,21,2,0,21,76,50,1,0,5,14,6,1
13214,29,2,8,5,14,0,0,25,69,63,1,0,0,16,0,2
13215,39,2,9,6,17,1,1,42,43,49,1,2,3,24,1,2
13216,47,0,7,7,21,2,0,61,39,73,2,3,13,28,8,2
13217,45,1,6,3,18,2,2,38,76,51,1,2,2,17,6,1
13218,40,0,16,7,10,0,0,85,0,51,2,2,11,60,28,0
13219,47,1,1,2,6,0,0,90,1,66,2,3,10,68,23,0
13220,39,0,15,0,0,1,2,80,21,79,2,4,12,59,12,2
13221,60,0,8,6,17,1,1,34,65,73,1,2,3,16,5,1
13222,39,0,11,6,19,2,2,69,28,73,2,5,8,31,11,2
13223,47,2,11,0,16,1,1,69,31,23,2,2,11,39,5,2
13224,54,2,13,4,23,2,1,33,59,64,1,1,1,18,1,1
13225,37,2,9,4,4,1,2,59,33,36,2,3,14,52,11,2
13226,50,2,5,2,6,1,0,26,75,75,1,2,2,23,2,1
13227,57,0,0,2,6,1,2,77,41,45,2,5,5,74,20,2
13228,30,0,9,4,20,2,2,14,83,34,1,0,0,12,7,1
13229,55,2,10,1,2,1,1,43,48,89,1,1,0,21,0,1
13230,51,0,10,7,12,1,2,14,91,60,1,1,5,7,8,1
13231,36,0,7,6,7,0,0,34,41,45,2,3,12,21,9,2
13232,25,3,4,3,18,2,1,66,39,87,2,2,11,51,28,2
13233,54,0,1,1,5,1,0,37,44,22,1,0,3,33,3,0
13234,29,0,8,0,16,1,0,33,56,70,1,2,0,16,4,1
13235,31,1,8,5,13,0,1,47,42,32,1,2,0,22,1,0
13237,41,2,17,6,19,1,0,54,56,83,2,2,10,41,26,2
13238,60,1,9,5,14,2,1,14,92,30,1,1,1,12,4,1
13239,24,2,3,7,12,2,1,29,81,80,1,2,5,19,4,1
13240,31,2,5,0,22,0,1,75,15,90,2,5,6,44,15,2
13242,36,0,8,5,13,1,2,57,46,35,1,1,1,40,2,2
13243,59,3,10,6,7,0,2,38,61,82,1,1,0,19,9,1
13244,26,0,5,7,21,2,2,50,41,50,1,2,1,31,5,1
13245,51,2,11,3,3,0,0,75,20,29,2,5,14,47,12,0
13246,59,2,6,6,17,0,0,26,65,29,1,1,5,21,1,2
13247,48,0,6,5,15,1,0,24,65,92,1,1,4,13,7,2
13248,39,0,6,4,4,1,0,29,81,79,1,1,1,15,0,1
13249,30,0,7,5,15,1,1,84,0,40,2,3,5,81,17,0
13250,46,0,4,2,6,0,0,66,32,28,2,3,5,53,14,0
13251,29,0,8,1,5,2,0,70,31,28,2,4,14,46,12,0
13252,35,0,14,0,16,1,1,61,22,77,2,5,11,31,29,2
13253,55,0,6,5,13,1,1,86,16,48,2,2,12,64,7,0
13254,53,0,14,1,2,1,0,67,39,23,2,2,9,32,20,0
13255,23,0,2,4,23,0,0,53,40,77,1,1,3,47,7,0
13256,38,0,13,1,5,2,2,13,92,81,1,1,0,12,1,1
13257,41,2,8,1,5,1,1,14,92,21,1,2,3,10,5,1
13258,52,0,11,3,3,1,0,29,67,76,1,1,2,27,7,1
13259,49,1,8,3,18,0,2,50,54,70,2,3,8,47,8,1
13260,57,0,2,2,11,1,1,84,8,90,2,2,9,56,21,0
13261,32,0,11,1,5,2,0,62,24,81,1,1,3,45,6,0
13262,42,1,8,1,2,1,0,39,50,80,1,0,2,31,3,2
13263,52,0,16,5,14,1,2,47,46,76,2,3,14,39,6,1
13264,21,0,0,6,17,2,2,17,91,48,1,2,2,15,2,1
13265,37,0,13,5,13,2,0,75,37,59,2,5,8,49,25,0
13266,34,0,8,4,23,0,0,48,57,49,1,0,3,41,3,0
13267,38,0,8,3,8,2,1,34,53,52,1,0,0,30,6,1
13268,34,1,13,5,13,2,0,54,36,58,1,1,4,37,0,0
13269,25,0,4,6,7,1,1,87,16,66,2,4,11,69,16,0
13270,41,0,0,4,23,0,0,56,53,39,1,1,2,48,1,0
13271,34,1,6,5,14,1,0,46,57,76,1,1,4,36,3,0
13272,22,2,1,2,6,0,0,33,61,87,1,0,3,30,2,1
13273,47,0,4,2,6,2,1,24,87,60,1,1,1,10,4,1
13274,43,0,11,7,21,0,0,12,90,26,1,0,5,6,6,1
13275,48,3,10,6,19,2,0,59,37,87,1,1,1,46,8,2
13276,25,0,4,3,18,1,0,76,37,80,2,3,8,70,15,0
13277,21,0,0,7,12,1,1,59,51,47,2,3,14,34,22,2
13278,45,0,7,0,16,0,2,34,48,73,1,0,4,33,2,1
13279,45,2,11,3,8,1,1,24,75,48,1,1,0,16,4,1
13280,26,0,5,7,12,2,1,20,70,35,1,2,3,19,7,1
13281,35,0,13,2,11,1,0,15,75,75,1,2,4,14,5,1
13282,22,1,1,6,17,1,0,82,17,77,0,6,16,80,40,0
13284,53,2,7,4,20,1,0,85,12,39,2,2,10,82,14,0
13285,23,2,1,7,21,1,1,80,6,67,2,4,11,72,5,0
13286,32,0,4,7,21,0,0,93,0,57,2,5,5,86,29,0
13287,45,0,5,1,1,2,0,65,35,44,2,2,5,39,7,0
13288,31,2,6,2,9,2,0,60,36,63,2,2,5,29,25,2
13289,41,0,4,7,10,2,1,35,78,92,1,2,1,26,8,1
13290,25,0,4,5,14,1,0,85,28,39,2,2,9,43,14,0
13291,51,0,7,3,18,1,0,52,37,73,1,1,5,50,0,2
13292,31,0,9,2,11,1,1,45,61,71,1,0,1,29,1,1
13293,23,0,2,6,17,0,0,28,65,87,1,0,2,13,6,2
13294,36,2,7,3,18,1,1,45,51,65,1,2,2,26,0,1
13295,48,2,7,6,7,1,0,73,21,62,2,2,13,61,19,0
13296,53,1,3,4,23,0,0,53,54,93,1,2,4,41,0,0
13297,34,0,9,6,17,1,2,49,66,54,1,1,4,23,3,1
13298,21,2,0,4,23,1,1,81,3,51,0,8,17,44,40,0
13300,29,2,8,4,23,2,0,89,7,22,0,8,24,83,47,0
13301,41,0,13,1,5,2,2,40,46,41,1,0,5,29,8,1
13302,44,0,3,2,6,1,1,28,74,22,1,0,4,22,0,1
13303,48,1,2,5,15,1,0,87,18,62,2,3,14,74,7,0
13304,53,0,11,7,10,2,1,48,40,57,1,0,3,26,9,2
13305,44,0,3,5,15,1,0,46,54,53,2,2,8,40,16,0
13307,47,0,14,2,11,2,1,64,47,83,0,7,24,53,30,2
13309,45,0,11,1,5,1,1,74,19,71,2,3,10,33,6,0
13310,32,2,7,5,15,0,2,65,38,80,2,2,8,56,19,2
13311,60,2,9,0,0,1,0,31,84,94,1,1,0,19,2,1
13312,32,2,5,5,14,2,1,52,36,54,2,4,10,49,27,2
13313,42,0,13,7,10,2,0,22,83,29,1,0,1,21,0,2
13314,45,2,5,1,2,2,0,60,42,62,2,2,8,40,20,2
13315,42,0,4,7,10,2,1,39,69,75,1,2,4,24,3,1
13316,43,2,12,4,20,2,0,34,77,52,1,0,5,22,6,2
13317,42,0,10,7,10,2,1,16,79,70,1,1,2,13,7,1
13318,39,1,10,1,2,0,1,94,7,29,2,5,14,45,15,0
13319,47,2,3,0,16,2,1,61,54,51,1,1,0,60,3,2
13321,50,0,21,0,0,1,0,91,26,35,2,5,11,50,25,0
13322,55,2,0,2,6,2,2,59,31,56,2,2,13,30,16,1
13323,43,2,15,2,9,1,0,83,0,79,2,3,13,76,27,0
13324,28,0,4,4,23,1,0,78,24,48,2,2,9,44,14,0
13325,21,0,0,5,14,0,1,43,62,47,1,1,1,41,5,0
13326,55,2,4,5,13,2,0,62,35,63,2,2,13,51,15,0
13327,36,2,7,3,18,0,0,38,62,21,1,1,2,37,4,2
13328,24,2,3,6,7,0,0,53,64,33,2,3,11,28,15,2
13329,48,0,3,0,22,1,1,57,34,75,2,4,12,25,14,1
13330,24,2,3,2,6,2,1,14,74,57,1,0,0,13,8,1
13331,57,0,10,0,0,2,0,69,39,27,1,0,3,35,8,2
13332,52,2,11,1,2,1,0,66,37,28,2,5,7,34,6,0
13333,39,0,14,6,17,1,0,21,84,36,1,0,5,15,3,2
13334,24,0,3,5,13,1,0,19,71,29,1,2,1,18,0,2
13335,55,1,11,5,13,1,0,81,16,29,2,2,14,57,13,0
13336,24,1,3,7,21,2,0,79,29,54,2,5,6,44,24,0
13337,21,1,0,2,11,0,1,91,7,71,2,4,8,82,28,0
13338,26,0,5,6,7,0,0,35,69,21,2,2,13,32,5,2
13339,22,0,0,3,3,1,1,35,74,31,1,1,2,32,0,2
13340,34,1,13,4,20,1,0,32,78,45,1,2,2,17,1,2
13341,55,0,15,6,19,0,1,89,23,83,2,5,14,43,29,0
13342,39,0,13,5,15,0,0,47,52,71,1,0,3,41,0,0
13343,45,0,8,5,15,2,1,36,94,81,1,1,1,23,0,1
13344,58,0,7,1,5,0,0,71,36,35,2,2,9,69,15,0
13345,41,2,15,4,23,0,1,50,59,48,2,5,9,45,6,2
13346,30,0,9,6,19,1,0,43,55,72,1,1,1,27,9,2
13347,31,2,10,0,22,1,1,11,72,94,1,0,5,9,6,1
13348,59,2,11,1,5,1,1,40,61,56,1,2,3,32,6,1
13349,56,2,7,4,4,2,1,39,51,52,2,5,14,19,21,1
13351,58,1,10,0,22,0,0,31,75,70,1,1,1,22,8,1
13352,24,0,3,1,1,1,0,20,97,89,1,2,2,18,5,1
13353,50,0,6,3,3,1,0,28,65,39,1,2,4,14,8,1
13354,33,2,12,3,8,1,1,41,52,61,1,1,3,18,8,1
13355,59,2,1,0,0,0,0,38,68,37,1,0,1,36,3,2
13356,33,3,12,6,17,1,1,13,83,47,1,2,4,8,6,1
13358,38,0,2,7,21,1,1,70,32,79,2,5,10,66,19,0
13359,22,2,1,1,2,2,1,53,41,51,1,0,3,40,2,2
13360,41,0,12,6,19,2,0,38,63,86,1,1,4,33,8,2
13361,21,0,0,0,16,1,0,90,3,20,2,2,7,46,11,0
13362,24,2,3,3,18,2,1,66,20,33,1,2,4,56,2,0
13363,39,0,10,1,2,0,1,65,32,74,2,4,10,59,28,0
13364,52,2,7,4,20,1,0,12,88,43,1,1,1,6,2,1
13365,46,0,8,1,5,0,2,59,50,53,1,1,2,30,1,1
13366,28,0,7,6,7,1,1,77,36,25,2,2,9,42,9,0
13367,45,0,17,1,5,1,1,43,61,93,1,2,3,33,6,1
13368,44,1,11,1,1,1,0,14,97,87,1,2,1,13,1,1
13369,36,0,15,5,14,1,2,11,83,24,1,1,4,7,1,1
13370,37,0,0,7,21,1,1,11,75,68,1,0,2,9,2,1
13371,38,2,1,7,10,1,0,11,94,61,1,1,5,10,9,1
13372,27,0,6,1,1,1,0,40,76,58,1,1,3,20,9,2
13373,34,0,13,4,4,1,0,21,80,39,1,0,0,17,9,2
13374,51,0,4,1,2,1,1,84,7,67,2,3,8,56,9,0
13375,60,0,7,4,20,1,2,24,75,50,1,1,4,15,9,1
13377,29,2,8,7,12,1,0,13,70,25,1,0,1,12,6,1
13378,24,2,3,0,0,1,2,27,67,52,1,2,5,24,6,1
13379,60,1,12,5,14,1,0,32,47,59,1,2,2,29,8,0
13380,23,2,2,0,0,2,0,24,85,94,1,1,3,22,6,1
13381,47,0,5,3,3,1,0,24,71,69,1,2,2,18,7,1
13382,53,1,12,3,18,0,0,75,31,42,2,4,14,40,16,0
13383,35,1,14,7,12,1,0,86,12,83,1,1,4,58,8,0
13384,51,0,14,6,19,2,1,22,79,85,1,1,3,19,7,1
13385,58,2,9,1,5,2,0,20,80,90,1,2,5,12,1,1
13386,52,0,2,5,14,1,0,91,0,52,2,4,11,89,7,0
13387,56,2,6,6,19,1,1,92,24,86,2,5,6,43,16,0
13388,40,0,9,7,10,0,2,14,65,41,1,1,3,9,7,1
13390,35,0,9,6,19,1,1,43,46,67,2,5,14,21,18,2
13391,53,0,11,2,6,2,1,63,31,77,1,0,1,33,2,2
13392,28,0,6,7,21,2,0,64,31,59,2,4,5,37,24,0
13394,34,2,11,3,8,2,1,13,98,94,1,1,5,8,5,1
13395,44,0,0,0,22,1,1,29,76,93,1,2,0,26,0,1
13396,46,2,5,2,9,1,0,68,28,27,2,5,13,34,18,2
13397,25,3,4,1,1,1,2,26,68,91,1,2,1,15,7,1
13398,39,2,3,5,14,2,0,57,35,71,2,3,7,43,28,0
13400,25,2,4,7,21,1,0,85,13,45,2,4,9,56,23,0
13401,39,2,17,3,18,1,0,89,31,78,2,5,13,82,16,0
13402,32,3,0,0,22,1,0,67,45,73,2,4,14,33,12,2
13403,25,0,4,5,15,1,0,16,90,47,1,1,3,15,9,2
13404,21,1,0,2,11,2,0,70,45,88,2,3,5,65,12,0
13405,44,0,18,1,5,1,1,74,24,54,2,2,13,39,27,2
13406,52,0,7,7,10,0,2,87,7,37,2,2,10,84,10,0
13407,46,0,12,6,7,2,0,63,47,73,1,1,1,51,1,0
13408,43,2,10,2,11,0,0,47,56,99,1,1,3,38,1,1
13409,27,0,6,2,11,2,0,81,20,69,2,4,11,47,13,0
13410,22,0,1,5,14,1,1,36,67,25,1,1,5,20,9,2
13411,49,2,13,3,3,2,0,19,99,47,1,0,3,13,4,1
13412,55,2,4,6,7,0,0,47,56,67,1,2,0,36,1,2
13413,27,2,6,2,11,1,0,77,17,99,2,5,10,36,9,2
13414,41,0,7,2,11,0,1,35,70,70,1,2,4,23,3,1
13415,47,0,7,0,0,1,0,86,20,85,2,5,8,64,18,0
13416,48,2,14,2,6,2,1,31,57,80,1,2,3,29,2,1
13417,54,0,7,3,18,1,2,77,10,82,2,5,10,50,11,2
13418,36,1,9,3,18,1,2,60,41,64,2,3,5,42,21,2
13419,38,2,10,1,1,0,0,44,63,21,1,1,4,35,8,2
13420,59,0,2,5,13,0,2,91,0,52,0,8,25,84,42,0
13421,48,2,8,5,14,2,1,21,75,38,1,0,4,14,0,1
13422,59,2,7,6,7,1,1,70,38,61,2,3,8,35,9,2
13424,58,2,14,6,7,1,1,24,83,55,1,2,2,19,0,1
13425,36,0,15,2,9,2,1,80,17,43,2,3,7,41,10,2
13427,54,3,3,7,10,1,1,55,61,79,2,2,7,42,24,1
13428,52,0,14,6,19,2,2,66,41,93,2,2,12,51,15,2
13429,48,1,16,6,7,2,1,69,32,52,1,1,0,65,6,0
13430,23,0,2,5,15,2,1,20,85,57,1,2,2,10,2,2
13431,31,1,7,7,12,2,2,40,47,41,1,1,5,24,2,1
13432,43,0,9,5,15,1,0,53,42,88,1,1,0,36,6,0
13433,33,0,12,2,11,1,0,68,27,68,2,2,5,59,18,0
13434,21,0,0,5,14,2,2,88,7,38,0,6,23,85,41,0
13435,28,2,7,7,21,1,1,73,20,68,2,5,14,38,16,2
13436,36,3,8,5,13,1,1,28,69,26,1,2,5,25,8,1
13437,44,0,6,4,23,0,1,31,67,91,1,2,5,16,6,1
13438,34,2,6,3,18,0,0,43,86,62,1,2,0,22,4,1
13439,59,2,12,5,13,0,0,14,100,49,1,0,5,11,1,1
13440,33,0,5,7,21,0,0,71,23,29,2,3,7,33,17,0
13441,35,0,13,6,17,1,1,41,76,24,1,1,2,26,8,2
13442,55,0,8,2,6,1,0,76,19,24,2,5,11,44,22,0
13443,50,2,4,3,8,2,1,15,89,60,1,0,2,8,0,1
13444,23,2,2,0,22,1,1,32,55,92,2,3,6,26,21,1
13445,28,2,7,7,21,0,0,16,87,91,1,2,2,10,6,1
13446,34,0,10,4,4,0,1,82,0,72,2,4,6,64,20,0
13447,55,0,5,6,17,2,0,91,14,53,0,7,25,83,22,0
13448,58,2,20,0,22,2,0,46,50,89,1,1,3,21,4,1
13449,48,2,10,4,20,1,1,19,92,35,1,1,2,16,9,1
13450,44,2,13,0,0,0,1,58,39,68,1,1,5,29,0,1
13451,36,0,13,1,5,1,2,34,68,21,1,1,2,21,2,1
13452,25,2,4,2,9,1,0,54,46,80,2,2,6,36,19,1
13453,35,0,5,7,21,2,0,18,86,94,1,0,4,14,3,1
13454,35,0,11,0,16,0,1,77,32,53,2,3,11,44,27,2
13456,38,2,2,4,23,0,1,46,51,59,2,4,7,27,13,2
13457,40,1,0,2,9,2,0,59,47,84,2,4,8,48,14,0
13458,36,0,12,6,7,1,0,31,77,70,1,2,0,19,1,2
13459,23,0,2,3,8,0,2,55,37,54,2,5,8,38,9,2
13460,21,1,0,7,21,2,0,63,37,81,2,3,14,60,21,0
13461,21,2,0,5,14,2,0,78,17,20,2,5,11,66,24,0
13462,36,0,15,5,15,0,0,41,62,54,1,1,0,20,6,2
13463,41,1,5,0,22,0,2,57,33,73,1,2,2,52,7,1
13464,57,1,5,6,17,2,0,62,27,88,2,5,11,59,18,0
13465,55,1,12,0,22,2,2,61,41,86,2,3,6,51,25,1
13466,28,1,7,5,15,1,1,88,6,36,2,5,8,51,25,0
13467,42,0,14,5,15,0,1,94,0,72,0,7,21,88,21,0
13468,45,1,3,7,12,2,2,22,71,94,1,0,5,15,1,1
13469,56,0,7,0,16,0,2,18,71,27,1,2,0,16,2,1
13470,31,0,10,6,17,2,1,57,40,94,2,4,9,39,14,2
13471,26,2,5,6,7,1,1,38,67,41,1,1,5,22,1,2
13472,28,0,6,7,10,1,1,74,40,67,2,2,11,58,13,0
13473,34,0,8,0,16,2,1,26,87,73,1,2,4,21,4,1
13475,40,2,0,5,14,0,0,48,55,34,1,2,5,34,5,0
13476,25,2,4,7,21,0,0,69,2,79,2,3,10,58,13,0
13477,57,1,9,2,9,1,0,55,38,65,1,1,2,44,4,0
13478,46,0,7,1,5,2,0,23,55,22,1,2,2,19,5,2
13479,43,1,6,4,20,1,1,24,81,78,1,1,2,17,0,1
13480,53,0,15,2,6,2,0,58,57,46,1,2,2,54,8,2
13481,58,0,10,4,4,2,0,41,74,76,1,0,3,38,5,2
13482,30,0,9,7,10,1,0,77,33,42,2,2,11,42,23,0
13483,23,0,0,6,17,0,0,64,40,38,2,4,5,43,16,0
13484,59,0,11,5,14,2,0,40,65,68,1,1,5,33,7,2
13485,47,3,0,5,15,0,2,19,94,49,1,1,2,8,0,1
13486,55,1,0,0,16,0,0,78,24,53,2,2,11,74,8,0
13487,32,2,7,7,10,1,1,92,8,76,2,2,11,75,20,0
13488,27,2,5,3,3,2,0,51,49,54,1,2,3,24,1,2
13490,42,0,8,2,9,0,0,29,67,59,1,2,5,16,8,1
13491,29,2,6,4,4,1,1,20,74,86,1,1,4,18,8,1
13492,46,0,9,6,7,1,0,75,33,73,2,2,7,51,17,0
13493,56,2,10,1,5,1,1,10,94,57,1,0,0,8,4,1
13494,22,0,1,1,5,0,1,63,27,76,2,5,9,52,17,0
13495,43,0,4,6,7,2,2,14,80,28,1,2,0,13,6,1
13496,43,1,5,1,1,1,0,61,40,43,1,1,4,37,1,0
13497,59,3,11,7,12,1,0,12,87,66,1,1,1,11,3,1
13498,38,2,15,6,7,1,2,82,29,84,2,4,8,75,27,2
13499,21,2,0,4,20,1,0,48,50,52,1,0,1,21,0,2
13500,22,0,1,3,18,2,1,73,31,94,2,4,6,71,25,0
13501,37,0,9,3,3,1,0,69,26,30,2,4,14,43,17,0
13502,41,0,4,6,17,0,0,20,71,67,1,1,1,15,9,2
13503,38,0,8,2,9,1,0,20,81,20,1,0,4,16,9,1
13504,23,2,2,3,3,1,1,29,62,79,1,0,0,23,8,1
13505,40,2,7,2,11,1,0,59,39,98,2,4,7,32,8,2
13506,34,0,5,1,5,2,0,25,81,54,1,0,0,18,4,1
13507,42,0,1,7,21,1,1,62,49,65,2,5,14,42,23,2
13508,45,1,18,3,8,2,0,43,61,33,1,2,3,23,6,2
13509,36,2,4,2,9,0,0,13,93,74,1,1,3,6,7,1
13510,50,2,6,5,13,2,0,68,35,74,2,3,10,57,18,0
13511,31,0,9,6,19,0,0,58,34,67,1,2,4,37,3,0
13512,22,0,1,2,11,0,0,59,49,89,2,4,13,41,19,2
13513,50,2,4,5,15,2,0,48,59,58,1,2,0,42,8,2
13515,56,0,12,5,15,2,1,36,77,29,1,0,2,21,1,2
13516,51,3,10,7,10,1,2,44,57,93,1,2,5,28,6,1
13517,53,0,11,0,16,2,0,81,15,68,2,2,7,52,17,0
13518,33,1,5,5,14,0,0,86,21,62,2,4,5,48,11,0
13519,23,3,2,2,9,1,1,48,39,79,1,2,2,39,2,1
13520,23,2,2,5,15,0,1,27,73,41,1,2,0,23,0,2
13521,22,1,0,7,10,0,1,19,85,57,1,0,3,18,3,2
13522,48,2,16,6,7,0,1,12,96,79,1,2,2,7,0,1
13523,46,0,10,1,5,0,2,42,61,34,1,1,2,37,4,1
13524,41,0,17,2,6,1,0,90,3,43,0,5,15,57,21,0
13526,60,2,12,6,17,1,0,39,61,61,1,1,4,18,8,2
13528,57,2,7,1,2,1,1,86,10,72,2,5,7,52,11,0
13529,42,2,5,1,1,1,0,24,54,93,1,1,2,22,0,1
13530,34,1,13,7,12,1,2,19,73,87,1,0,2,16,2,1
13531,32,1,11,7,12,0,1,23,77,75,1,1,0,16,3,1
13532,37,0,9,5,13,2,0,55,61,83,2,3,11,28,17,2
13533,36,0,10,4,20,0,0,33,62,47,1,2,0,16,1,2
13534,57,0,14,7,21,0,0,15,86,90,1,1,3,14,2,1
13535,50,1,11,3,3,0,2,17,91,41,1,0,3,7,1,1
13536,47,0,10,6,19,0,2,73,22,73,2,2,13,34,29,2
13537,38,0,5,0,22,1,1,47,64,88,1,1,0,26,0,1
13538,22,0,1,1,1,1,0,40,56,53,1,2,0,33,1,0
13539,27,0,6,1,5,2,0,35,54,79,1,2,5,19,0,2
13540,23,0,2,1,1,1,2,50,54,57,1,1,4,37,2,2
13541,36,1,7,0,16,1,2,32,61,29,1,2,0,25,4,1
13542,54,2,4,3,18,2,1,35,68,29,1,0,1,16,7,1
13543,30,2,5,7,12,2,1,49,59,54,1,0,5,26,2,1
13544,22,0,1,6,7,2,0,14,81,42,1,2,0,6,9,2
13545,54,0,10,5,13,0,1,23,89,64,1,1,4,21,0,1
13546,21,1,0,3,18,1,1,19,73,64,1,2,3,15,1,1
13547,21,2,0,6,19,1,0,23,63,65,1,0,3,19,7,2
13548,22,0,1,6,17,1,1,22,79,40,1,1,2,16,4,2
13549,33,1,9,5,14,1,1,81,0,65,2,5,9,77,15,0
13550,40,0,0,4,4,2,0,30,54,75,1,2,2,16,0,2
13551,45,0,13,7,21,0,0,28,59,50,1,0,0,24,2,2
13552,36,2,2,6,7,1,1,89,2,69,2,2,5,73,9,0
13554,38,3,8,1,5,0,1,68,45,44,1,2,1,34,7,2
13555,26,2,5,3,8,0,1,15,84,29,1,2,5,13,0,1
13556,39,1,0,5,14,1,1,22,89,39,1,0,4,21,4,2
13557,21,0,0,3,18,1,1,49,47,91,2,3,14,25,6,2
13558,34,1,9,7,21,1,1,13,100,58,1,1,1,10,0,1
13559,50,0,8,6,19,2,1,20,77,78,1,1,5,17,9,1
13560,42,0,9,1,5,1,1,83,38,84,2,2,10,82,23,0
13561,44,0,3,1,1,1,1,82,4,88,0,5,24,62,46,0
13562,53,2,6,7,10,0,0,22,86,53,1,1,2,14,1,1
13563,21,2,0,5,13,1,0,84,25,62,2,2,7,56,22,0
13565,36,1,4,3,3,2,1,73,12,91,2,5,6,60,29,0
13566,29,2,5,2,11,1,0,82,30,99,2,5,7,48,23,2
13567,41,0,5,2,6,2,0,23,68,36,1,0,3,18,6,1
13568,50,1,13,7,21,2,1,11,80,77,1,1,1,5,2,1
13569,35,0,5,1,5,1,0,19,87,29,1,0,0,11,4,1
13570,44,1,11,3,8,2,0,67,43,62,2,2,7,32,27,0
13571,55,0,0,1,2,1,0,16,87,91,1,0,0,14,8,1
13572,56,0,9,3,18,0,1,67,42,87,2,2,8,32,16,2
13573,31,0,10,5,14,1,2,17,77,41,1,0,1,15,0,1
13574,27,1,6,1,1,0,1,74,28,56,2,3,5,58,25,0
13576,42,0,15,0,0,1,0,83,3,23,2,2,6,47,10,0
13577,28,2,2,5,14,0,0,89,31,61,2,2,5,76,5,0
13578,25,0,4,3,18,0,0,36,73,36,1,1,2,31,9,2
13579,42,0,0,0,22,2,2,54,51,96,1,0,3,38,2,1
13580,39,2,13,1,5,2,0,63,27,27,1,2,4,38,8,0
13581,24,1,3,3,8,1,2,88,3,59,2,4,11,66,20,0
13582,58,0,12,4,4,2,1,12,96,70,1,1,0,9,7,1
13583,39,0,6,1,5,2,2,11,97,63,1,2,3,10,3,1
13584,31,0,2,1,1,1,0,61,41,88,1,0,0,29,7,0
13585,47,1,3,7,10,0,0,39,59,78,1,1,5,31,7,2
13586,40,2,8,1,5,2,0,14,91,45,1,2,0,12,2,1
13587,44,1,8,4,20,2,2,82,11,65,2,4,14,38,6,0
13588,32,1,11,1,5,1,0,11,96,34,1,0,2,6,4,1
13589,45,0,3,1,1,2,0,58,30,94,1,0,4,40,1,0
13590,57,2,11,2,6,1,2,31,63,71,2,2,12,22,23,1
13591,55,1,10,1,2,2,0,20,92,94,1,0,0,18,8,1
13592,43,2,9,5,14,1,0,39,63,55,2,2,11,26,18,2
13593,36,1,4,2,9,1,1,19,83,54,1,2,4,16,0,1
13594,43,1,15,4,4,2,1,43,57,88,1,0,0,32,8,2
13595,39,2,12,3,18,2,1,80,13,68,2,5,6,66,18,0
13596,38,0,10,1,5,2,0,11,87,82,1,1,4,8,2,1
13597,33,1,12,1,1,1,2,33,59,30,1,1,2,28,7,1
13598,40,0,16,2,6,1,0,16,60,88,1,1,3,10,8,1
13599,53,2,14,4,4,1,0,59,35,54,2,3,12,47,9,0
13600,35,2,4,5,15,1,2,47,58,73,1,1,2,38,7,1
13601,47,2,5,2,9,1,0,62,41,92,2,4,12,51,7,2
13602,43,0,13,1,2,1,1,63,26,60,2,4,9,39,25,2
13603,38,0,8,6,17,0,1,60,47,55,2,5,11,54,15,0
13604,42,2,5,4,4,2,1,39,57,92,1,1,4,20,1,1
13605,23,2,2,0,0,2,1,51,52,46,2,2,12,48,9,2
13606,26,0,5,7,21,1,0,69,7,58,2,2,13,42,23,0
13607,35,3,2,7,10,0,0,78,26,90,2,5,14,48,14,0
13608,50,2,6,1,1,2,0,70,18,76,2,2,9,34,16,0
13609,27,2,6,1,1,0,1,68,44,85,1,1,0,47,7,2
13610,45,1,9,4,23,2,0,52,45,45,1,0,5,32,0,0
13611,35,0,3,1,2,1,1,77,28,82,1,2,5,65,4,0
13612,50,1,18,7,10,1,1,66,41,93,2,3,8,36,27,2
13613,43,3,6,5,14,2,2,67,41,25,2,2,7,63,9,2
13614,46,1,15,6,7,2,1,25,70,44,1,2,2,24,2,2
13615,50,2,13,2,11,0,2,87,22,95,0,8,23,65,41,1
13616,25,0,4,0,0,0,0,50,47,89,2,4,6,36,13,2
13617,55,0,0,3,18,1,1,37,72,46,1,2,0,29,2,2
13618,44,2,3,6,19,1,0,17,89,98,1,2,1,8,4,1
13619,47,0,12,0,22,1,0,20,80,65,1,2,2,13,1,1
13620,60,0,7,0,22,2,0,56,54,78,1,2,3,47,9,2
13621,33,0,2,7,12,0,1,87,15,21,2,2,14,55,20,0
13622,53,0,2,7,12,2,0,11,92,65,1,0,4,10,0,1
13623,55,0,1,2,9,2,1,24,87,92,1,2,2,20,8,1
13624,30,0,9,1,5,0,2,15,100,87,1,0,5,11,9,1
13625,25,2,3,5,15,2,1,44,66,41,1,1,3,35,5,2
13626,24,0,3,0,22,1,0,82,18,91,2,5,11,39,23,2
13627,47,0,7,0,22,1,2,12,98,94,1,0,2,7,0,1
13628,43,1,8,4,4,1,1,68,30,57,2,5,5,50,27,0
13629,58,0,17,5,14,1,0,43,64,86,2,2,6,40,17,2
13630,32,0,10,3,18,1,0,26,68,82,1,2,3,14,5,1
13631,31,3,10,0,0,1,0,67,42,71,2,2,9,38,16,2
13632,44,2,4,4,4,1,0,36,83,85,1,0,1,19,4,1
13633,50,2,11,1,2,2,2,75,24,37,2,4,6,51,28,2
13634,37,3,8,4,4,1,0,46,63,51,2,2,7,26,22,2
13635,54,2,10,5,13,1,2,78,31,42,2,2,11,76,24,0
13636,58,2,6,0,0,2,2,67,25,24,2,2,13,39,19,1
13637,29,2,6,7,12,1,0,61,18,68,2,2,12,54,15,0
13638,54,0,17,5,13,1,1,12,94,91,1,0,5,10,5,1
13639,60,2,12,6,19,1,1,36,52,98,1,1,5,22,9,1
13641,37,0,0,1,2,1,1,23,69,79,1,0,2,15,2,1
13642,58,0,12,0,0,0,0,23,75,34,1,1,2,21,7,1
13643,56,1,15,4,23,1,0,76,39,37,2,5,5,40,11,0
13644,56,0,3,7,10,0,1,34,64,48,1,0,3,20,2,1
13645,39,0,7,0,0,1,0,46,41,55,1,0,0,44,8,2
13646,53,1,11,5,14,1,1,63,24,88,1,2,2,40,5,0
13647,53,0,6,2,9,1,0,44,70,53,1,1,1,28,4,2
13648,56,0,10,1,5,0,2,40,71,21,1,0,1,20,0,1
13649,41,2,2,2,9,0,2,74,22,22,2,5,12,43,28,2
13651,38,0,10,0,0,1,1,70,24,70,1,1,3,65,0,2
13652,42,2,14,0,22,2,2,72,28,74,2,2,11,46,21,1
13653,36,1,6,5,15,0,1,55,53,25,2,2,9,37,20,0
13654,52,0,5,3,3,0,1,64,24,61,2,3,5,50,7,2
13655,35,0,8,3,8,1,0,11,87,33,1,0,1,5,3,1
13656,28,2,4,3,18,2,1,23,92,92,1,2,2,22,6,1
13659,49,0,8,6,19,0,0,85,25,82,2,2,9,63,23,0
13660,44,1,6,7,12,2,1,86,3,32,2,4,14,79,19,0
13661,58,0,7,7,10,2,2,12,66,45,1,0,0,7,0,1
13662,37,2,0,5,14,2,0,11,100,41,1,0,2,7,8,1
13663,54,0,17,4,20,0,1,54,32,86,1,2,1,32,9,2
13664,49,0,2,3,18,2,1,62,43,79,1,1,1,48,9,2
13665,38,0,4,7,21,0,0,45,36,34,1,2,3,41,9,0
13666,52,0,19,3,8,1,1,36,71,93,1,1,1,17,6,1
13667,51,0,9,5,14,2,2,93,0,71,2,3,6,50,20,0
13668,50,0,7,4,20,2,2,34,83,72,1,2,0,23,2,1
13669,47,0,8,2,11,2,1,19,94,72,1,0,4,9,8,1
13670,57,2,6,4,23,1,1,13,68,22,1,0,2,9,7,1
13671,53,2,15,2,11,1,1,59,49,80,2,2,9,32,9,1
13672,49,0,4,1,1,2,0,31,89,48,1,1,0,17,0,2
13673,32,0,11,0,16,1,0,55,50,26,2,5,11,30,27,2
13674,49,1,1,2,11,1,0,67,29,94,1,2,0,43,6,0
13675,60,0,12,6,19,1,0,89,26,83,2,5,6,49,21,0
13676,35,3,14,2,11,0,0,38,63,78,1,0,2,28,7,1
13677,58,0,13,2,6,2,0,39,59,38,1,1,3,37,1,2
13678,33,1,8,2,9,1,0,64,27,85,2,5,13,48,26,0
13679,27,2,6,3,8,0,2,60,47,70,1,1,5,30,1,1
13680,59,0,14,5,15,1,1,86,20,78,2,2,9,81,7,0
13681,34,0,0,0,22,1,1,55,62,89,1,0,0,46,9,2
13682,54,0,18,6,17,2,0,30,67,46,1,2,2,29,0,2
13683,53,1,19,5,14,2,1,12,81,53,1,0,1,6,1,1
13684,50,0,5,3,3,1,1,82,24,40,2,5,12,39,13,0
13685,37,3,14,1,1,1,1,57,41,49,2,2,6,31,6,2
13686,54,2,8,5,15,2,0,49,42,30,1,1,1,45,0,0
13687,52,2,4,1,1,1,1,54,24,31,1,2,5,49,3,2
13688,59,1,10,0,22,0,1,49,74,70,1,0,5,29,9,1
13689,41,0,13,1,1,2,1,29,78,52,1,1,1,21,3,1
13690,29,2,7,0,16,1,0,72,19,34,2,4,14,36,26,2
13692,36,0,13,6,17,2,0,42,61,90,1,2,0,21,2,2
13694,26,0,5,2,6,1,0,50,47,48,2,3,12,37,15,2
13695,33,0,7,2,11,2,1,32,51,76,1,2,5,26,6,1
13696,27,2,4,7,21,2,0,77,23,52,2,5,8,69,8,0
13697,27,2,6,1,2,1,0,26,90,78,1,1,2,17,9,1
13698,27,2,1,0,0,0,1,23,75,41,1,2,3,13,8,1
13699,58,0,9,3,8,1,1,11,98,76,1,0,3,8,8,1
13700,59,1,8,4,4,2,1,61,24,69,1,0,0,41,1,0
13701,36,2,13,6,19,1,0,10,100,95,1,1,0,7,2,1
13702,26,0,5,2,6,2,1,51,37,48,2,3,14,35,7,2
13703,31,1,10,3,18,2,1,49,53,22,1,1,2,41,6,2
13704,59,2,5,3,3,0,2,37,70,55,1,1,0,32,2,1
13705,26,0,5,1,2,1,0,63,55,29,2,4,9,48,20,0
13706,49,0,5,5,13,0,1,71,41,78,2,4,10,44,12,0
13707,21,1,0,0,22,2,1,13,92,82,1,2,3,12,9,1
13708,27,1,6,5,14,2,0,39,60,55,1,2,3,21,6,0
13709,36,0,0,0,22,1,1,75,19,87,2,2,12,57,22,0
13710,23,0,2,1,2,0,1,46,61,23,1,1,1,29,8,2
13711,51,2,2,5,15,1,1,46,60,91,1,1,5,32,8,2
13712,59,1,4,4,4,1,0,57,47,58,1,2,5,40,4,0
13713,32,2,3,7,21,1,2,19,67,41,1,1,1,15,4,1
13714,32,2,3,5,13,1,1,70,22,56,2,5,13,51,19,0
13715,36,3,12,2,6,0,1,20,81,75,1,2,5,18,2,1
13716,55,3,4,3,18,1,2,59,40,56,1,0,0,51,8,1
13717,33,2,8,1,2,1,0,94,10,33,2,2,5,81,16,0
13718,53,2,11,6,19,2,0,83,17,81,2,4,9,46,23,0
13719,39,0,12,7,10,2,0,36,63,77,1,2,0,34,0,2
13720,38,0,3,0,0,1,2,56,40,32,1,0,2,51,7,1
13721,23,2,0,3,8,1,0,33,69,40,1,2,2,27,3,2
13722,58,3,16,6,17,2,2,12,100,52,1,0,1,6,2,1
13723,44,0,9,1,2,1,0,49,49,43,1,2,4,31,5,2
13724,22,0,1,2,11,2,0,34,78,91,1,0,1,15,1,1
13725,30,0,4,6,7,1,1,37,64,80,1,2,3,31,7,2
13726,43,2,5,4,23,1,2,67,43,37,2,5,10,60,6,2
13727,44,1,8,6,7,0,1,34,68,32,1,0,1,17,0,2
13728,29,3,3,7,12,0,1,14,90,73,1,0,2,13,9,1
13729,58,1,0,3,3,1,1,12,96,39,1,0,2,7,4,1
13730,31,3,10,0,16,2,1,33,64,49,1,1,3,26,9,1
13731,23,0,2,0,0,1,2,18,81,53,1,0,4,16,9,1
13732,58,1,2,4,23,1,0,15,66,89,1,0,4,8,1,2
13733,46,2,10,5,13,1,1,32,49,83,1,2,2,30,3,2
13734,22,0,1,3,8,0,0,92,7,57,2,5,11,74,17,0
13735,54,2,12,5,14,1,1,42,57,23,1,0,0,23,9,2
13736,60,2,5,3,3,0,0,68,19,49,2,4,6,56,13,0
13737,60,2,2,7,12,1,0,30,73,62,1,2,2,13,4,1
13738,55,2,11,3,8,1,0,53,53,83,1,2,1,31,7,2
13739,38,1,0,5,15,2,1,26,81,75,1,0,4,23,2,2
13741,25,0,4,7,10,1,0,84,11,22,2,3,10,41,23,0
13742,54,1,14,7,10,2,1,31,57,60,1,0,2,18,1,2
13744,57,2,11,0,0,2,1,56,40,62,2,5,7,32,18,1
13745,45,2,14,4,20,2,0,75,11,49,2,5,9,41,20,0
13746,49,0,3,6,17,1,1,60,42,75,1,2,0,50,0,0
13747,44,2,2,5,15,1,2,68,22,20,2,2,8,30,29,2
13748,40,2,8,4,20,2,0,60,53,77,2,2,10,52,8,2
13749,29,2,8,1,5,0,0,53,55,66,1,2,4,33,8,2
13750,41,0,8,0,22,2,1,13,79,89,1,0,4,9,0,1
13751,60,0,8,4,23,2,1,70,36,65,2,4,6,42,11,0
13752,29,0,5,1,1,1,1,13,92,24,1,1,2,6,7,1
13753,27,3,6,7,12,0,0,54,38,55,1,2,5,35,5,2
13754,31,2,7,1,5,1,0,43,49,54,1,0,1,26,9,2
13755,26,0,5,3,18,1,0,87,10,23,2,4,7,72,28,0
13756,34,2,11,0,22,0,1,79,34,83,1,0,3,51,4,2
13757,26,2,5,3,8,1,2,66,38,69,2,5,12,30,17,1
13758,43,0,3,5,14,1,0,82,21,77,2,3,12,54,15,0
13759,29,0,8,4,4,2,0,80,16,67,2,3,12,54,23,0
13760,53,1,8,7,12,0,0,22,72,94,1,0,3,17,3,1
13761,33,1,3,2,6,1,1,79,36,94,2,5,8,49,19,2
13762,21,2,0,7,21,1,0,69,30,63,2,3,6,51,9,0
13763,51,0,13,5,15,2,2,65,39,59,2,5,7,61,17,2
13764,42,2,8,4,23,2,0,55,33,20,2,4,5,53,7,0
13765,39,0,10,2,9,2,0,72,26,54,2,2,13,64,16,0
13766,55,0,8,3,8,1,0,37,62,42,1,0,2,26,3,2
13767,25,0,1,5,13,1,0,50,36,20,2,4,5,45,24,0
13768,49,0,18,2,11,1,0,16,73,68,1,0,0,10,4,1
13769,42,3,0,2,9,1,0,34,51,92,1,0,4,30,0,1
13770,35,0,7,2,11,1,2,24,70,74,1,0,0,23,9,1
13771,35,0,10,5,13,1,0,36,57,61,1,1,3,31,2,2
13772,55,1,7,3,18,2,0,76,25,33,2,4,13,35,15,0
13773,39,2,10,5,14,0,0,74,2,44,2,2,10,35,10,0
13774,39,0,11,4,4,1,1,39,47,45,1,0,4,29,8,2
13775,57,2,4,2,9,0,0,45,56,24,1,0,4,25,9,2
13776,31,0,10,1,2,1,2,44,69,57,1,1,5,23,3,1
13777,40,0,5,0,0,1,0,51,57,35,1,2,3,26,6,2
13778,59,1,15,6,17,2,0,49,49,58,2,2,8,32,26,0
13779,22,0,1,1,5,2,0,65,34,33,2,5,10,32,17,0
13780,44,0,12,0,0,1,0,73,32,39,2,2,11,65,16,0
13781,46,1,11,4,23,1,0,60,45,67,2,5,10,34,17,0
13782,46,0,10,3,3,0,0,43,53,72,1,0,5,42,4,2
13783,41,0,6,2,9,0,0,59,32,59,1,0,1,27,1,2
13784,54,0,14,7,10,0,1,80,14,67,2,5,10,77,11,0
13785,27,0,6,2,9,1,1,29,76,64,1,2,4,20,1,1
13788,37,1,11,6,19,1,1,21,68,88,1,0,4,14,9,1
13789,23,2,0,6,7,1,0,31,68,40,1,2,4,25,4,2
13790,54,1,14,2,6,2,1,44,61,38,2,5,10,24,11,2
13791,41,2,7,0,16,1,1,16,85,20,1,1,1,10,5,1
13792,52,0,3,5,15,1,0,75,26,67,2,3,10,63,24,0
13793,33,0,0,2,11,1,0,78,16,70,2,3,7,39,27,0
13794,40,0,11,1,5,1,0,82,20,46,2,3,11,75,21,0
13795,52,2,10,2,6,0,1,12,95,61,1,0,1,8,4,1
13796,30,0,8,7,10,1,0,33,61,61,1,1,0,15,8,2
13797,27,1,6,3,3,1,0,66,44,29,2,2,9,51,10,0
13798,43,0,15,3,18,2,0,22,76,28,1,2,1,16,7,1
13799,41,2,4,7,21,0,2,13,81,92,1,1,5,10,1,1
13800,56,0,6,2,6,1,0,65,33,84,2,3,5,42,23,2
13801,27,2,6,1,5,1,1,30,74,60,1,0,1,21,6,1
13802,48,1,4,2,11,2,1,41,49,98,1,1,1,24,1,1
13803,55,0,10,4,23,1,0,86,22,66,0,7,18,61,43,0
13804,26,1,5,2,6,2,1,49,51,56,1,1,0,48,3,2
13805,35,0,14,2,11,2,1,69,46,87,2,2,7,55,29,2
13806,42,1,4,3,3,2,1,25,70,87,1,1,5,18,0,1
13807,41,3,9,1,5,1,0,94,0,72,2,3,5,66,22,0
13808,24,0,3,4,4,2,0,64,32,76,2,3,11,38,10,0
13809,26,1,5,2,11,2,0,63,47,89,0,5,22,61,39,2
13810,35,0,8,0,16,0,2,26,81,49,1,1,3,23,5,1
13811,43,2,0,6,7,0,0,88,1,45,2,2,7,70,29,0
13812,38,2,6,2,9,2,1,90,4,85,2,3,5,86,27,0
13813,27,1,6,7,12,0,2,27,80,85,1,2,0,23,3,1
13814,48,1,4,6,17,1,1,25,62,60,1,0,1,23,0,2
13815,25,0,0,3,3,1,1,76,17,34,2,2,10,57,11,0
13816,51,1,9,6,19,0,2,56,33,83,2,3,9,41,11,2
13817,59,2,2,0,22,2,2,61,39,94,2,2,6,28,8,1
13818,30,0,9,6,19,1,0,50,56,76,2,3,6,30,29,2
13819,55,3,13,6,7,1,0,25,65,35,1,1,1,17,8,1
13820,42,0,14,2,6,0,1,53,49,73,2,4,5,50,27,2
13821,26,0,5,3,3,2,0,47,48,27,2,3,8,39,14,2
13822,60,3,8,0,22,0,1,84,24,87,2,4,14,77,27,2
13823,58,2,2,2,11,1,2,37,54,91,1,2,4,36,1,1
13825,35,0,11,1,2,2,0,25,83,60,1,0,2,11,7,1
13826,23,0,2,3,18,1,0,34,52,62,1,1,0,25,3,2
13827,36,0,7,6,7,2,1,28,77,40,1,0,5,16,4,1
13829,24,2,3,0,16,1,2,27,70,79,1,0,0,24,2,1
13830,31,2,8,6,17,1,1,47,73,68,1,0,5,21,9,1
13831,31,1,7,4,20,1,0,24,92,48,1,2,4,12,9,2
13832,39,0,4,3,18,2,0,27,71,51,1,1,4,14,3,1
13833,33,1,9,3,8,0,0,17,70,77,1,1,0,7,2,1
13834,42,0,18,3,18,2,0,89,9,72,2,3,7,51,15,0
13835,38,0,17,0,0,1,0,77,22,63,2,4,6,66,19,0
13836,40,1,7,1,5,0,0,12,100,89,1,1,3,9,0,1
13837,53,0,0,2,11,1,1,48,49,85,1,0,0,28,1,2
13838,60,0,19,0,0,2,0,32,69,57,1,2,1,25,3,1
13839,48,2,13,5,13,1,0,18,72,47,1,2,0,13,9,1
13840,28,0,4,4,20,1,0,81,21,65,2,2,6,45,13,0
13841,43,0,10,0,0,0,1,47,46,72,2,3,10,29,12,1
13842,59,1,5,5,14,0,0,49,53,80,1,0,5,42,6,0
13843,39,0,3,4,4,2,0,56,39,53,1,1,3,45,5,0
13844,56,0,11,2,11,1,0,59,44,74,2,5,14,30,11,2
13845,55,2,11,3,3,1,1,60,15,41,1,2,2,53,5,2
13846,24,1,3,0,16,0,1,15,80,58,1,1,3,14,4,1
13847,36,0,8,6,19,1,2,63,32,97,2,4,10,37,29,2
13848,45,0,6,6,19,1,1,27,67,97,1,2,0,25,1,1
13849,35,2,11,7,12,0,0,93,3,27,2,5,14,48,8,0
13850,30,2,2,4,23,1,1,49,47,94,1,0,0,40,8,2
13851,45,0,8,1,5,1,0,36,58,82,1,2,4,34,2,2
13852,23,1,2,0,0,0,2,19,74,80,1,1,5,14,0,1
13853,37,0,4,5,15,1,1,79,21,24,2,5,12,76,28,0
13855,32,1,8,4,20,1,1,60,45,30,2,3,10,29,20,0
13856,44,0,2,1,2,1,1,25,69,55,1,2,1,13,0,2
13857,33,0,12,5,15,1,1,40,73,66,1,0,3,23,1,2
13858,56,2,3,6,7,1,2,70,25,74,2,3,12,58,9,2
13859,30,2,9,1,1,1,0,57,55,40,2,4,14,34,17,2
13860,36,0,4,4,23,2,1,82,20,80,2,4,5,52,26,0
13861,48,1,15,7,21,1,0,65,20,65,2,3,6,51,28,0
13862,39,1,4,7,21,0,1,73,20,64,2,3,11,69,14,0
13863,60,0,2,3,3,1,1,44,47,66,2,2,12,36,20,2
13864,39,1,8,2,6,0,0,57,33,23,2,3,9,47,26,0
13865,39,0,0,4,4,1,0,81,0,25,2,4,7,38,23,0
13866,30,1,9,7,10,2,0,45,51,64,1,2,2,42,8,0
13867,49,3,4,2,11,2,1,18,79,98,1,2,0,10,4,1
13868,40,2,12,2,6,2,1,24,80,28,1,1,4,17,8,1
13869,24,0,3,1,2,1,1,82,21,23,2,3,8,75,14,0
13870,34,2,13,0,0,0,2,60,29,51,2,3,14,35,13,1
13871,41,0,1,3,3,0,0,68,24,23,2,5,12,47,28,0
13872,49,0,18,1,2,0,1,22,74,40,1,0,1,11,2,1
13873,23,0,2,3,18,0,0,10,86,93,1,2,4,8,4,1
13874,41,1,7,2,11,0,1,35,71,73,1,0,3,17,1,1
13875,49,3,6,1,2,2,1,70,41,78,2,5,7,46,16,2
13876,34,2,6,1,5,0,1,78,20,71,2,5,10,49,17,0
13877,29,1,2,4,4,0,0,46,42,50,1,1,5,38,2,0
13878,52,0,9,4,20,1,1,67,39,44,2,4,8,57,25,0
13879,56,2,4,7,12,2,1,54,61,70,1,0,2,26,2,1
13880,53,0,11,4,4,1,0,26,72,56,1,1,4,17,5,2
13881,30,0,9,7,10,1,2,56,68,65,1,2,1,28,2,1
13882,26,0,5,0,22,1,1,27,80,74,1,0,2,14,9,1
13883,24,0,3,2,11,0,0,18,78,93,1,2,3,10,4,1
13884,29,2,7,6,7,2,1,11,78,38,1,0,0,6,3,1
13885,42,2,5,4,20,0,1,94,0,39,2,5,14,47,8,0
13886,32,1,11,0,16,1,1,53,46,76,2,3,5,31,8,2
13887,24,2,3,2,11,2,0,52,63,78,1,1,3,41,1,2
13888,43,2,17,2,9,1,2,56,50,92,2,4,10,37,20,1
13889,50,1,9,5,13,1,1,85,0,56,2,3,13,58,26,0
13890,32,0,11,0,0,1,0,18,80,36,1,1,4,13,7,1
13891,35,3,14,6,17,2,1,25,84,50,1,0,4,14,6,1
13892,25,2,4,1,1,0,1,84,0,93,2,5,9,67,25,0
13893,53,0,6,5,14,1,0,47,41,33,2,3,10,25,5,0
13894,58,3,12,5,14,0,0,64,32,24,2,4,8,49,13,0
13895,36,0,12,3,18,1,1,44,50,59,1,0,4,43,0,2
13896,38,0,5,3,8,1,1,79,1,90,2,4,12,72,19,0
13897,23,0,2,6,17,0,2,88,29,25,2,3,6,80,10,0
13899,22,0,0,2,11,0,0,31,74,68,1,1,1,23,5,2
13900,42,0,7,1,1,0,1,22,81,71,1,0,5,13,2,1
13901,45,1,4,2,9,1,1,31,67,75,1,2,1,22,4,1
13902,57,1,5,7,21,0,2,26,72,59,1,0,3,13,1,1
13903,44,0,5,7,21,0,1,50,55,67,1,0,2,35,4,2
13904,24,0,3,6,19,1,1,59,40,99,1,1,2,44,4,2
13905,23,2,2,4,4,1,2,29,76,26,1,2,1,16,1,1
13906,47,2,14,5,14,1,0,20,77,24,1,0,5,19,7,2
13907,37,2,7,4,4,0,2,12,85,32,1,1,4,6,3,1
13908,42,3,15,6,7,0,1,10,85,73,1,0,2,7,1,1
13909,35,2,5,4,23,1,0,33,57,70,1,1,4,28,9,2
13910,37,0,9,0,16,1,0,83,12,35,2,4,7,54,19,0
13911,37,0,9,1,5,1,2,54,48,35,2,3,10,27,24,1
13912,50,0,9,6,7,0,1,34,56,94,1,2,1,32,5,2
13913,29,0,7,2,11,1,0,48,56,97,1,2,0,39,8,2
13914,26,1,5,1,1,2,2,37,66,29,1,2,1,18,4,1
13915,36,2,12,5,13,2,2,33,84,29,1,1,3,24,8,1
13917,28,0,7,0,22,2,0,81,11,99,2,4,6,64,22,0
13918,42,0,4,7,21,2,1,53,38,65,2,3,12,52,22,2
13919,22,2,1,5,14,0,0,47,63,40,1,1,3,40,7,0
13920,59,0,6,7,21,1,1,94,6,39,2,4,13,45,5,0
13921,38,0,15,6,17,1,1,67,30,38,2,5,7,64,5,0
13922,39,2,5,1,1,1,0,65,44,92,2,2,9,39,10,2
13923,34,1,11,4,20,1,1,81,19,87,2,3,13,57,29,0
13924,57,0,1,5,15,0,1,17,80,80,1,0,2,8,3,1
13925,22,0,0,0,22,2,0,44,44,74,1,1,2,25,6,2
13926,53,0,3,6,17,1,1,21,74,45,1,2,0,15,8,1
13927,27,1,6,0,16,1,0,39,86,37,1,2,1,31,0,2
13928,37,0,6,7,21,2,1,63,36,84,1,1,5,44,3,2
13929,56,0,7,7,12,0,0,52,34,75,2,2,9,38,5,2
13930,50,0,9,4,23,1,1,68,20,35,2,5,13,31,12,0
13931,48,2,0,5,13,0,1,48,48,94,2,5,6,33,14,2
13932,38,0,9,4,4,0,0,80,0,29,2,5,12,76,12,0
13933,54,2,3,5,13,1,0,26,78,68,1,0,5,18,9,1
13934,31,0,10,7,10,0,1,17,74,70,1,0,5,16,1,1
13935,21,2,0,2,9,1,1,14,80,76,1,0,1,8,5,1
13936,22,0,1,5,13,1,1,65,35,71,2,2,10,34,18,0
13937,34,0,13,0,22,0,1,57,36,75,2,3,8,49,27,2
13938,26,0,5,3,3,2,0,74,30,34,2,4,12,57,19,0
13939,55,0,6,7,12,1,2,82,27,86,2,5,13,60,12,2
13940,22,0,1,2,9,2,2,52,49,27,2,2,12,51,11,2
13941,57,0,3,3,3,0,2,80,21,48,2,4,14,58,18,2
13942,35,1,8,2,6,0,0,24,58,64,1,2,1,14,2,1
13943,52,2,9,7,21,1,1,46,71,91,1,2,2,21,4,1
13944,36,3,9,7,12,2,0,23,62,62,1,1,4,13,2,1
13945,36,0,7,0,22,1,1,80,29,96,2,4,14,39,7,2
13946,51,2,0,2,6,0,1,46,69,77,1,0,4,35,3,1
13947,31,0,10,3,3,1,0,59,58,72,1,2,4,38,6,2
13948,57,2,10,2,9,1,2,17,62,93,1,2,2,9,9,1
13949,52,0,2,7,12,2,1,40,62,26,1,2,5,33,3,2
13950,52,2,6,4,20,1,0,60,46,47,2,4,6,52,17,0
13951,56,0,2,6,7,0,0,58,34,49,1,0,4,36,2,0
13952,40,0,12,0,16,1,1,78,30,67,2,2,13,39,7,2
13953,52,0,11,3,8,2,2,66,51,25,2,2,9,34,14,1
13954,35,0,8,4,4,1,2,10,92,53,1,2,1,5,8,1
13955,29,2,8,6,17,2,1,84,17,38,2,4,5,64,20,0
13956,49,0,5,5,14,2,1,65,44,72,2,2,8,60,9,0
13957,37,0,9,1,1,2,0,19,82,53,1,2,5,17,8,1
13958,52,1,11,1,5,1,0,70,17,52,0,6,24,32,33,0
13959,27,0,6,7,12,1,2,84,17,55,2,2,5,75,26,0
13960,29,2,8,0,22,0,0,18,89,93,1,1,5,8,1,1
13961,32,2,7,2,11,2,0,43,64,91,1,1,0,33,6,1
13962,33,0,5,6,17,2,2,74,12,73,2,2,7,43,12,2
13963,35,1,8,4,23,1,1,65,36,48,2,2,6,37,14,0
13964,59,2,1,3,3,0,1,46,51,60,1,2,5,33,5,2
13965,40,1,5,0,0,2,1,28,78,79,1,2,3,27,6,1
13966,45,2,9,4,20,0,0,65,28,42,1,2,0,35,7,0
13967,39,1,9,0,22,0,0,86,17,67,2,3,12,39,13,0
13968,27,0,6,5,13,1,0,76,33,23,2,4,11,45,24,0
13969,60,0,11,3,3,0,0,12,91,93,1,1,3,6,8,1
13970,54,2,5,3,18,0,0,57,41,74,2,3,10,39,15,2
13971,23,0,2,6,7,1,0,23,75,20,1,0,5,12,0,2
13972,31,0,2,2,11,1,0,52,39,78,1,1,4,51,2,0
13973,54,0,14,5,15,2,1,92,10,65,2,4,13,56,12,0
13974,32,1,5,2,11,0,1,18,81,99,1,0,1,13,2,1
13976,25,0,4,2,6,1,1,36,52,75,1,2,2,18,3,1
13977,49,0,0,3,8,2,0,17,84,92,1,2,0,14,2,1
13978,41,1,0,5,15,1,0,14,88,62,1,0,4,12,3,2
13979,33,2,12,1,2,1,0,64,14,85,2,5,10,31,20,2
13981,45,0,11,7,12,1,0,24,69,30,2,5,5,14,21,1
13982,60,0,3,4,20,2,0,73,34,49,2,5,8,48,8,0
13984,25,0,4,7,12,1,1,51,33,46,1,2,4,48,3,2
13985,29,0,4,6,7,1,1,92,6,44,2,2,7,59,11,0
13986,59,1,18,2,6,0,1,40,59,75,1,0,5,18,6,1
13987,47,0,13,7,10,2,0,71,12,66,2,5,10,45,18,0
13988,36,1,15,3,18,2,2,46,50,31,2,3,5,38,15,1
13990,31,2,0,2,11,0,2,44,60,95,2,3,10,38,24,1
13992,22,3,1,5,13,1,1,61,47,58,2,5,6,46,6,0
13993,53,2,20,5,14,1,0,18,87,57,1,1,2,16,5,1
13994,49,0,6,7,21,1,0,60,37,41,2,4,8,30,28,2
13995,35,2,14,6,19,1,0,28,75,76,1,2,0,22,5,1
13996,60,0,2,6,17,1,0,12,92,62,1,1,1,11,8,2
13997,49,1,8,4,4,1,0,28,74,93,1,0,1,19,3,2
13998,39,1,16,7,10,2,1,49,49,89,1,0,4,36,0,2
13999,32,2,11,2,6,1,1,28,86,66,1,2,0,13,4,1
14000,24,1,3,7,21,0,0,72,28,64,2,3,7,36,15,0
14001,59,2,5,1,2,2,1,27,65,71,1,1,1,24,3,1
14002,23,2,2,6,17,0,0,58,21,40,2,3,7,36,7,0
14003,56,2,12,3,3,1,1,15,84,78,1,2,0,14,2,1
14004,54,0,6,5,13,2,0,70,18,82,2,5,7,34,12,0
14005,35,0,4,5,15,1,1,22,68,39,1,1,2,10,5,1
14006,37,1,0,2,11,1,0,32,67,81,1,0,0,27,4,2
14008,57,2,12,5,13,1,2,38,55,93,1,2,4,28,7,1
14009,31,0,3,3,18,2,1,53,45,28,2,3,7,51,28,2
14010,32,2,11,6,19,1,1,56,38,99,1,0,5,46,8,2
14011,47,0,6,5,13,1,1,20,79,76,1,1,4,18,7,1
14012,43,0,5,0,22,1,0,19,85,96,1,0,4,13,9,1
14013,35,0,3,6,17,1,1,94,7,93,0,5,23,59,37,0
14014,59,0,6,3,8,1,1,27,73,67,1,1,2,14,8,1
14015,52,0,0,3,18,2,0,21,87,90,1,1,2,16,3,1
14016,25,1,4,1,5,1,0,31,73,47,1,2,4,30,9,2
14017,52,2,5,5,15,1,0,37,69,92,1,0,1,18,3,2
14018,52,0,11,1,5,2,2,52,46,56,1,0,1,44,3,2
14019,49,0,13,0,16,0,2,33,55,29,1,0,4,26,5,1
14020,54,2,13,3,8,0,0,29,65,94,1,1,4,19,1,1
14021,23,0,1,3,18,2,2,43,67,50,1,1,0,36,3,1
14022,58,0,11,3,3,2,0,26,87,81,1,1,4,23,6,1
14023,44,0,5,5,13,2,1,20,94,94,1,2,4,16,8,1
14024,30,2,7,1,1,1,1,51,34,23,2,3,9,32,5,2
14025,30,2,7,5,14,0,2,76,19,54,2,3,10,54,6,2
14026,22,2,1,5,14,1,0,47,72,73,1,2,4,42,6,0
14027,55,0,20,1,5,2,1,48,51,46,1,1,0,46,2,2
14028,49,0,15,7,21,2,0,40,63,26,1,1,4,26,7,2
14029,36,0,9,0,22,0,0,33,82,80,1,1,1,32,4,1
14030,52,0,5,6,17,1,1,32,69,77,1,1,2,21,1,1
14031,54,2,12,6,7,1,0,33,53,35,1,0,1,16,6,2
14032,49,1,3,1,5,2,1,62,45,87,2,2,9,48,10,0
14033,22,0,1,6,17,1,0,50,49,78,1,1,2,39,1,0
14034,53,1,3,5,15,1,0,22,87,35,1,2,0,17,3,2
14035,36,0,10,0,0,1,2,19,83,48,1,2,3,17,3,1
14036,46,2,7,3,18,2,2,17,77,39,1,1,3,14,7,1
14038,46,0,5,3,18,1,0,85,22,91,0,6,21,72,53,0
14039,28,0,0,7,12,1,0,22,88,81,1,1,1,14,4,1
14040,40,2,15,0,0,2,1,12,79,28,1,0,0,10,0,1
14041,49,2,14,5,15,2,1,83,3,38,2,2,10,80,28,0
14042,24,2,3,1,5,0,1,38,60,57,1,2,1,34,2,1
14043,43,3,10,4,4,1,1,59,59,80,1,2,5,29,0,1
14044,56,0,0,5,14,1,0,57,40,64,2,5,5,44,29,0
14045,26,2,5,1,2,0,0,24,73,50,1,0,4,21,8,1
14046,44,0,13,3,18,1,1,69,14,27,2,4,6,54,28,0
14047,58,0,9,4,4,2,2,80,16,51,0,8,24,71,30,0
14048,56,0,7,1,5,0,0,29,71,44,1,1,5,24,0,2
14049,40,1,10,6,17,2,2,18,90,47,1,0,4,16,5,1
14050,57,0,3,1,5,1,2,58,27,71,1,0,2,26,3,1
14051,55,0,13,1,1,1,2,23,91,70,1,0,3,13,7,1
14052,22,0,1,0,16,0,0,79,12,26,2,4,13,50,27,0
14053,32,2,10,7,21,2,1,10,75,47,1,0,1,8,0,1
14054,59,0,3,7,10,1,0,28,81,39,1,0,0,17,5,2
14057,59,0,4,4,23,1,1,14,95,47,1,1,0,8,8,1
14058,24,3,3,6,7,1,0,29,70,79,1,0,1,27,2,1
14059,34,0,1,6,19,1,1,21,73,90,1,1,2,14,6,1
14060,59,2,8,7,10,0,1,70,47,50,2,3,7,52,25,2
14061,23,0,2,4,20,0,0,18,82,58,1,1,1,14,8,2
14062,48,0,9,0,22,2,0,33,57,88,1,1,5,19,4,1
14063,43,2,5,0,16,1,2,94,9,34,2,2,9,87,17,2
14064,47,0,7,6,17,1,1,44,56,86,1,0,5,30,1,2
14065,28,0,7,6,17,0,0,66,16,48,2,4,8,38,17,0
14066,43,0,6,0,16,1,1,56,50,38,1,1,3,35,3,2
14067,53,3,15,1,2,1,0,90,3,66,2,2,14,85,5,0
14068,40,2,3,0,0,1,2,13,92,76,1,0,5,9,1,1
14069,37,1,8,0,0,1,2,58,13,62,2,2,8,48,5,2
14070,53,0,1,2,6,1,1,82,39,69,2,5,13,74,10,0
14071,29,0,0,0,22,1,1,36,73,98,1,0,0,32,2,1
14072,47,0,13,0,22,0,2,40,74,72,1,1,3,29,0,1
14073,34,2,11,6,7,0,0,44,45,40,1,1,0,22,3,2
14074,38,0,2,2,9,2,1,51,59,91,1,1,5,36,9,2
14075,21,2,0,2,9,2,0,21,70,67,1,2,5,11,1,1
14076,47,1,17,7,12,2,0,48,74,76,2,3,11,22,22,2
14077,27,0,6,2,11,1,0,67,28,76,2,4,14,57,21,0
14078,55,0,17,4,4,1,0,62,40,72,1,0,4,29,6,2
14079,60,0,14,4,23,0,0,27,70,65,1,1,0,26,6,2
14080,36,2,6,3,18,0,0,38,84,76,1,2,1,34,6,1
14081,45,2,5,0,16,2,1,87,15,36,2,4,5,55,18,2
14082,45,0,11,5,15,1,0,48,40,31,2,5,11,46,6,0
14083,45,0,0,7,12,1,0,10,78,91,1,2,3,9,7,1
14084,54,3,6,4,4,1,0,82,15,58,2,5,8,80,15,0
14085,34,0,13,6,19,1,0,42,56,73,1,2,3,27,7,2
14086,38,0,13,6,19,1,0,55,56,92,2,5,9,34,7,2
14087,43,0,9,2,6,1,1,77,37,57,2,4,11,75,20,0
14088,41,0,9,0,22,1,1,72,28,86,2,5,14,46,26,2
14089,22,0,1,2,9,0,1,34,71,28,1,1,3,20,1,1
14090,31,0,10,2,9,0,1,15,89,45,1,0,4,8,5,1
14091,23,1,2,7,21,0,1,49,51,74,1,2,5,33,3,2
14092,21,1,0,6,17,1,0,16,98,26,1,1,3,11,6,2
14093,57,0,11,0,22,0,0,51,34,70,2,5,13,43,11,2
14094,51,0,8,0,16,1,1,73,37,82,2,3,7,68,10,2
14095,35,0,1,3,18,1,0,14,71,62,1,2,0,9,4,1
14096,58,0,10,0,22,1,0,17,77,70,1,0,4,9,2,1
14097,33,0,10,0,0,0,1,88,13,87,2,3,6,71,17,0
14098,40,2,1,7,10,0,0,17,88,94,1,2,5,15,9,1
14099,47,0,4,6,19,2,2,93,23,87,2,3,10,87,18,0
14101,56,0,15,3,8,2,2,46,58,92,1,1,3,33,6,1
14103,29,1,3,3,8,2,0,16,75,70,1,1,5,13,7,1
14104,23,0,2,4,20,0,0,40,68,63,1,2,2,22,0,2
14105,29,0,8,2,9,1,0,19,78,77,1,1,3,14,3,1
14106,34,0,3,4,23,0,2,33,66,35,1,2,0,30,4,1
14107,29,0,8,4,4,2,2,34,80,75,1,2,2,16,2,1
14108,33,0,9,1,1,1,0,62,47,87,2,4,7,57,16,0
14109,54,1,6,5,14,1,0,79,13,57,2,3,14,45,14,0
14110,38,0,7,0,22,1,0,88,5,65,2,4,14,85,19,0
14111,42,0,7,4,4,2,0,25,76,54,1,2,4,17,2,2
14112,59,0,8,7,10,2,0,67,45,80,1,1,0,62,2,0
14113,56,0,9,3,8,0,1,85,26,80,2,5,8,75,5,0
14114,22,0,1,3,18,2,2,88,13,68,2,5,9,65,23,0
14115,37,3,3,4,20,0,0,81,18,25,2,3,11,75,7,0
14116,39,2,11,2,11,1,0,70,51,82,2,2,5,66,20,2
14117,24,0,3,3,18,1,0,24,81,39,1,0,2,19,7,1
14119,37,0,7,6,17,1,2,71,31,94,2,2,5,36,6,2
14120,21,0,0,5,15,1,0,33,68,81,1,2,3,29,4,2
14121,53,2,6,6,7,1,0,27,75,29,1,1,0,18,2,2
14122,54,1,7,3,3,0,0,14,95,69,1,0,1,11,6,1
14123,48,0,15,4,4,1,0,37,71,89,1,1,4,23,7,2
14124,54,2,4,4,23,0,0,80,23,88,2,4,13,51,25,0
14125,56,1,19,1,2,2,0,18,91,37,1,2,1,10,1,1
14126,45,3,7,7,10,0,1,21,87,40,1,0,0,14,6,1
14127,56,1,14,4,20,1,0,60,46,57,2,2,9,30,14,0
14128,57,0,6,7,21,2,0,64,30,64,2,4,14,35,19,0
14129,55,0,7,7,21,1,1,70,20,62,2,5,5,65,25,0
14130,24,0,2,7,21,2,2,52,55,37,1,1,1,49,4,2
14131,22,0,1,4,23,1,2,88,9,24,2,2,10,66,18,0
14132,31,2,10,5,14,1,0,15,97,61,1,2,5,12,3,1
14133,41,1,5,7,12,0,0,32,66,58,1,1,4,29,2,2
14134,54,2,11,6,19,1,0,15,89,88,1,1,0,11,0,1
14135,60,0,11,5,15,1,0,71,39,92,1,1,1,45,5,0
14136,56,0,5,3,18,1,0,10,91,66,1,0,4,6,2,1
14137,37,0,3,0,22,1,2,89,6,97,2,4,8,64,10,2
14138,46,2,11,2,9,0,1,31,85,32,1,1,2,24,3,1
14139,32,3,6,2,6,0,1,24,57,22,1,1,2,18,4,1
14140,34,0,2,7,12,1,1,18,78,21,1,2,4,17,2,2
14141,54,0,2,0,22,0,0,16,85,96,1,2,3,13,1,1
14142,53,0,14,4,4,1,1,63,34,47,2,5,11,50,22,0
14143,26,0,5,6,7,1,0,58,44,58,2,4,14,36,12,0
14144,21,0,0,2,11,1,1,65,35,74,2,4,10,59,24,2
14145,56,0,11,1,2,1,0,67,39,93,2,5,7,41,19,0
14146,33,0,12,1,5,2,1,33,45,75,1,0,1,25,1,2
14147,55,0,16,6,7,1,2,20,84,26,1,0,4,13,7,1
14148,32,0,8,3,3,2,0,60,36,75,2,5,13,27,21,2
14149,22,1,1,3,3,1,2,64,41,68,2,5,8,47,26,2
14150,54,3,0,5,15,0,2,14,91,94,1,0,3,10,0,1
14151,36,0,6,6,17,2,0,75,29,55,2,4,10,69,12,0
14152,53,0,9,3,18,1,2,48,45,34,1,2,5,37,8,1
14155,37,1,0,0,22,2,0,22,67,79,1,2,5,15,3,1
14156,30,2,5,1,1,1,0,17,85,79,1,1,2,7,6,1
14157,35,2,1,1,5,0,1,46,41,54,2,3,10,36,25,2
14158,52,1,7,2,9,2,1,70,46,55,2,3,14,63,21,0
14159,55,0,8,3,18,1,1,49,63,86,1,2,3,31,3,1
14160,30,2,4,3,18,1,0,35,45,68,1,2,1,19,1,1
14161,50,0,8,7,21,0,1,85,1,80,2,2,11,57,22,0
14162,37,2,3,6,7,2,2,72,1,67,2,4,11,64,29,2
14163,52,0,2,5,15,1,0,31,63,49,1,2,3,15,6,2
14164,55,0,9,0,16,1,0,47,53,38,1,0,1,34,1,2
14165,47,2,13,4,4,1,1,11,86,77,1,0,2,9,4,1
14166,36,0,12,6,19,1,0,20,62,67,1,1,2,14,1,2
14167,49,0,3,0,0,0,2,47,35,35,1,1,0,39,1,1
14168,56,0,18,6,17,1,0,32,48,79,1,2,3,18,0,2
14169,31,1,1,4,20,1,2,30,86,27,1,0,3,25,4,2
14170,38,0,9,2,11,0,0,84,32,81,2,2,6,56,14,0
14171,27,0,4,5,13,1,1,74,24,37,2,3,9,73,13,0
14172,44,0,21,7,21,1,2,76,13,83,2,3,10,68,15,2
14173,49,1,11,1,5,1,1,76,9,89,2,2,11,57,12,0
14174,52,3,11,7,10,0,0,18,79,23,1,1,1,8,0,1
14175,53,1,8,7,12,1,1,64,52,62,2,5,5,44,11,2
14176,28,0,6,7,21,2,0,69,31,60,2,3,13,59,24,0
14177,46,2,10,6,19,1,1,23,75,74,1,1,2,13,2,1
14178,33,0,10,3,18,1,1,86,29,77,0,5,18,55,36,2
14179,41,0,9,1,5,2,1,72,22,35,2,4,11,32,18,0
14180,48,2,6,2,6,1,1,18,75,67,1,2,2,17,2,1
14181,32,2,2,7,21,2,1,16,72,62,1,1,3,9,4,1
14183,56,1,14,2,9,2,1,43,47,47,1,1,1,38,3,2
14184,37,0,7,7,12,1,1,32,71,58,1,0,3,16,2,1
14185,45,1,13,0,0,2,2,22,69,49,1,2,4,19,6,1
14186,33,0,7,2,6,0,2,41,42,85,1,1,5,22,1,1
14187,54,2,12,4,4,1,0,65,48,53,2,4,10,56,25,0
14188,25,0,4,2,9,2,1,27,64,33,1,0,4,23,6,1
14189,42,0,0,3,18,2,0,37,57,49,1,1,4,31,8,2
14190,37,2,1,3,8,2,0,56,38,52,1,2,1,28,4,2
14192,51,0,12,7,12,0,0,12,81,69,1,1,3,7,0,1
14193,33,0,12,3,18,0,0,16,76,64,1,0,4,11,1,1
14194,52,2,12,5,13,1,1,49,44,75,2,3,6,39,25,2
14195,58,0,12,7,10,2,1,10,78,87,1,2,2,9,9,1
14196,28,0,7,0,22,0,0,32,52,77,1,1,4,18,3,1
14197,42,1,6,3,8,1,2,57,63,55,2,3,11,31,29,1
14198,48,2,13,0,0,2,2,78,18,90,2,2,7,75,23,2
14199,44,2,3,6,19,2,1,12,84,98,1,2,1,7,1,1
14200,36,0,15,4,20,0,0,78,13,85,2,5,7,55,29,0
14201,58,2,12,7,12,0,1,19,80,91,1,2,4,16,5,1
14202,59,0,6,6,7,1,0,62,33,20,2,4,12,54,20,0
14203,55,1,5,3,8,2,1,73,24,48,2,4,14,55,19,0
14204,29,0,8,6,19,0,1,36,51,86,1,2,2,25,7,2
14205,58,0,9,0,0,1,0,28,80,85,1,0,2,15,4,1
14206,54,3,7,6,17,0,0,57,53,70,2,4,8,30,7,2
14207,55,0,12,6,19,2,2,11,84,95,1,1,3,7,4,1
14208,29,0,8,1,1,1,0,82,12,47,2,5,6,76,26,0
14209,49,0,2,3,8,1,0,16,90,80,1,0,5,15,2,1
14210,51,0,8,3,8,1,0,74,26,41,2,3,8,61,5,0
14211,51,0,13,3,8,1,0,25,63,63,1,2,1,16,1,1
14212,43,1,0,6,19,1,1,73,26,73,2,2,13,57,19,0
14213,31,0,7,4,4,1,0,74,18,42,2,4,8,73,7,0
14214,60,3,5,1,2,0,0,37,54,29,1,2,0,31,8,2
14215,31,0,3,3,3,0,1,88,14,66,2,3,10,66,28,0
14216,37,0,12,3,18,1,2,71,40,38,2,3,7,53,25,2
14217,57,2,10,6,17,1,2,72,39,77,2,5,14,63,26,2
14218,33,2,5,5,14,2,0,26,68,20,1,1,5,25,8,2
14219,39,0,18,0,16,1,1,30,48,91,1,2,0,16,9,1
14220,31,0,5,2,6,1,1,88,30,90,2,4,6,86,11,0
14221,25,0,4,3,8,0,0,21,85,85,1,0,0,15,4,1
14222,52,2,0,6,19,0,0,82,20,96,2,4,13,76,24,0
14223,45,0,9,5,13,1,0,22,93,69,1,0,1,11,0,1
14224,28,0,7,6,7,1,1,32,59,29,1,1,2,23,8,2
14225,42,2,0,4,23,2,1,11,91,88,1,1,3,6,3,1
14226,55,0,5,7,10,0,1,32,57,46,1,0,4,16,2,1
14227,59,0,10,6,17,2,0,66,35,43,2,3,8,55,10,0
14228,27,2,5,7,10,0,1,49,58,75,2,3,10,48,9,2
14229,30,2,9,3,8,1,1,77,20,53,2,3,7,45,16,2
14230,44,0,11,1,1,2,2,85,29,84,2,3,14,78,23,2
14231,38,0,7,2,6,2,0,29,74,65,1,1,1,13,6,1
14232,52,0,2,7,12,1,0,33,60,77,1,0,1,21,4,2
14233,25,2,3,1,5,0,0,45,47,28,2,2,6,39,10,2
14234,21,2,0,5,15,0,0,17,68,66,1,0,3,14,4,2
14235,58,0,0,5,15,2,1,32,67,84,1,1,1,14,6,2
14236,59,0,3,3,3,2,1,40,69,41,2,4,10,39,25,1
14237,58,0,8,6,19,0,0,66,33,76,2,5,6,58,7,0
14238,49,1,17,1,1,1,1,88,7,29,2,4,6,74,12,0
14239,27,2,6,0,16,2,0,12,95,61,1,1,4,9,5,1
14240,58,2,12,6,7,1,0,31,50,82,1,1,3,25,3,2
14241,29,1,6,6,19,1,2,47,51,66,1,1,1,34,8,2
14242,30,0,9,7,21,0,0,44,54,72,2,5,10,37,24,2
14243,36,0,15,6,7,0,1,44,58,29,2,2,13,40,16,2
14244,49,0,3,4,4,1,0,45,43,22,1,1,0,21,6,0
14245,23,0,2,5,14,1,2,66,13,39,2,4,10,62,8,0
14246,54,1,6,1,2,1,0,12,99,21,1,2,1,8,7,1
14247,40,2,12,1,2,1,1,39,57,60,1,2,3,23,8,1
14248,42,2,17,5,14,2,1,43,43,44,1,0,4,25,8,2
14249,21,2,0,7,12,0,0,45,54,94,2,2,13,33,20,2
14250,34,0,13,6,17,0,1,26,63,82,1,0,0,11,2,1
14251,27,2,6,7,12,2,0,86,32,20,2,4,11,81,29,0
14252,56,2,9,0,16,1,0,52,53,20,1,1,1,36,9,2
14253,42,2,11,3,8,2,2,53,45,60,1,1,0,45,2,1
14254,32,0,10,1,5,1,1,67,35,75,2,3,10,36,10,2
14255,59,0,7,4,23,0,0,31,79,71,1,2,1,20,2,2
14256,29,1,8,4,4,2,0,17,66,20,1,0,4,13,5,2
14257,33,2,11,1,2,0,0,93,0,65,2,3,13,92,25,0
14258,29,1,5,4,23,2,1,32,87,88,1,0,5,16,0,1
14259,27,0,5,7,10,1,1,72,23,22,2,5,10,41,19,0
14260,51,0,11,6,17,1,1,88,7,80,2,3,13,60,6,0
14261,49,0,7,6,17,1,1,39,65,73,1,2,3,29,8,2
14262,25,2,4,0,22,1,0,79,35,88,2,4,14,37,15,2
14263,51,1,12,1,2,1,2,12,100,94,1,1,4,11,2,1
14264,27,2,6,7,12,1,2,85,23,26,2,5,11,59,23,2
14266,35,0,10,7,10,1,0,80,23,53,2,4,5,47,14,0
14267,54,3,6,2,11,0,2,35,54,74,1,0,0,25,4,1
14268,55,2,4,7,21,1,1,22,92,36,1,1,0,11,3,1
14269,45,2,17,7,21,0,0,44,58,89,1,0,4,30,9,1
14270,25,1,4,3,8,2,1,23,80,88,1,0,2,18,2,1
14271,56,0,9,6,17,2,1,36,75,75,1,0,2,22,7,1
14272,44,2,7,7,10,1,0,14,86,61,1,2,1,7,5,1
14273,25,2,4,7,21,1,1,63,35,57,2,4,14,54,26,2
14274,51,1,2,2,11,2,1,83,20,90,2,2,11,40,8,0
14275,57,1,8,3,3,1,0,92,19,86,0,7,15,90,39,0
14277,28,0,7,6,17,1,0,37,62,37,2,5,13,20,15,2
14278,47,0,10,1,1,2,0,61,36,63,2,5,8,41,10,0
14279,45,1,15,0,0,0,0,92,12,26,2,4,14,58,22,0
14280,36,2,10,4,23,1,0,76,31,91,2,5,6,67,19,0
14281,27,0,6,4,20,1,1,12,86,38,1,0,2,6,5,1
14282,54,2,13,7,21,2,1,61,46,81,2,5,6,47,29,2
14283,41,0,4,4,23,1,0,28,73,71,1,2,2,13,7,1
14284,51,2,6,5,14,2,1,76,27,37,2,5,10,44,22,0
14285,30,0,9,6,7,1,0,24,87,70,1,2,4,20,1,2
14286,49,2,10,0,16,0,1,44,48,33,1,1,2,39,0,1
14287,35,0,1,3,3,2,1,59,56,45,1,2,4,40,1,2
14288,57,0,1,3,18,1,0,49,58,49,1,1,5,48,4,0
14289,29,0,8,5,14,0,1,30,88,40,1,0,2,20,4,2
14290,30,0,9,4,20,1,1,16,82,75,1,2,1,8,0,1
14291,54,2,3,7,21,2,0,15,77,50,1,0,0,14,4,1
14292,24,1,0,4,4,2,0,15,89,67,1,2,4,8,6,2
14293,46,0,2,6,7,2,2,53,56,49,1,1,0,25,2,2
14294,57,1,11,1,1,2,0,54,42,35,1,0,5,46,6,0
14295,52,0,9,0,0,1,0,57,18,63,2,2,5,30,17,2
14296,27,1,6,0,22,0,0,81,21,91,2,4,6,60,27,0
14297,42,2,10,4,20,0,1,81,23,30,2,5,11,42,8,0
14298,41,0,8,1,5,1,1,19,81,91,1,2,4,15,6,1
14299,24,0,3,7,10,0,0,51,42,51,1,1,1,50,1,0
14300,59,0,2,3,8,1,2,30,60,93,1,0,0,14,8,1
14301,25,2,4,0,22,1,1,91,2,76,2,5,8,87,16,0
14302,57,2,12,3,8,2,1,87,9,63,2,3,14,80,10,0
14303,34,0,11,2,9,2,0,70,17,28,0,7,15,68,44,0
14304,43,2,13,5,13,2,1,63,41,74,2,2,14,43,5,2
14305,33,3,7,2,6,2,1,20,63,24,1,1,5,16,7,1
14306,50,2,0,4,4,1,1,85,17,35,2,5,9,59,16,0
14307,33,0,12,4,23,2,1,70,48,75,2,5,8,41,28,2
14308,25,0,4,4,20,1,1,48,44,34,1,2,3,22,6,2
14309,47,0,4,6,7,1,0,11,98,35,1,0,2,6,1,1
14310,43,1,6,3,18,0,0,72,23,20,2,4,13,42,27,0
14311,45,0,10,6,19,2,2,75,22,69,1,0,3,68,8,0
14312,47,2,8,1,1,1,0,53,44,85,2,3,7,32,25,2
14313,46,1,10,2,9,1,1,29,56,69,1,1,4,13,1,1
14314,37,0,9,3,18,0,1,47,67,40,1,1,0,31,3,2
14315,28,2,2,7,12,0,1,93,6,87,2,4,12,69,24,0
14316,34,0,12,3,3,0,2,73,46,66,2,3,9,41,9,1
14317,51,3,10,5,14,0,1,51,55,22,2,3,10,37,26,2
14318,31,2,6,3,3,2,0,20,82,80,1,1,1,18,8,1
14319,41,3,10,0,22,2,1,44,44,72,1,2,1,35,6,1
14320,27,2,6,2,11,1,1,34,71,74,1,1,5,16,0,1
14321,59,1,6,6,19,2,0,79,27,87,1,0,1,39,8,0
14322,23,0,2,7,12,1,1,59,30,23,1,2,5,31,5,0
14323,34,3,10,6,19,0,1,79,41,70,2,4,8,74,16,0
14324,59,2,2,3,3,1,1,29,72,83,1,1,4,22,0,1
14326,30,0,9,3,3,1,1,40,70,88,1,0,3,32,2,1
14327,37,0,15,6,19,1,0,80,1,91,2,4,11,50,12,0
14328,48,0,13,2,9,0,0,66,22,79,2,2,7,44,11,2
14329,31,0,10,2,9,1,2,34,79,53,1,1,2,23,1,1
14330,21,2,0,7,10,1,0,22,61,72,1,2,4,13,8,1
14331,31,0,10,5,13,1,0,92,10,77,2,2,12,64,8,0
14332,51,0,12,4,23,1,0,37,64,53,1,1,2,33,0,2
14333,59,1,13,6,17,2,2,43,56,62,2,2,11,30,14,1
14334,48,1,13,5,14,1,1,69,11,58,1,2,3,51,9,0
14335,27,0,6,0,0,1,1,61,29,54,2,5,14,36,9,2
14336,21,0,0,1,2,1,1,33,59,84,1,1,4,30,9,2
14337,41,2,7,5,15,2,2,79,24,67,2,3,8,38,23,2
14338,27,1,6,7,12,0,1,23,85,61,1,2,5,10,9,1
14339,45,2,20,0,0,0,1,77,19,46,2,2,14,61,20,2
14340,55,0,7,4,23,1,0,86,0,60,2,3,7,71,14,0
14341,28,0,1,3,8,1,1,39,59,50,1,1,3,21,3,2
14342,52,2,7,7,12,1,1,32,76,62,1,0,0,20,4,1
14343,27,2,6,4,20,1,0,18,90,39,1,0,1,17,0,1
14344,43,0,17,0,16,0,1,51,49,29,1,2,5,31,8,1
14345,26,1,5,5,15,1,0,49,51,45,1,0,3,38,3,0
14346,36,2,4,0,22,1,1,19,80,95,1,0,4,8,0,1
14348,33,0,12,1,5,1,0,75,18,52,2,3,10,40,27,0
14349,41,2,5,7,12,1,2,78,28,67,2,5,11,37,7,2
14350,60,0,10,7,12,1,1,15,84,49,1,1,4,6,7,1
14351,55,2,3,7,21,0,0,19,62,28,1,0,4,9,9,1
14352,48,2,6,6,7,0,0,57,52,20,1,1,0,52,2,0
14353,55,1,15,5,13,1,1,31,100,46,1,1,2,17,2,2
14355,45,0,5,6,7,2,0,17,72,38,1,0,3,10,7,2
14357,50,0,7,7,12,2,1,81,14,21,0,7,20,62,50,0
14359,46,1,8,4,20,1,0,12,98,75,1,2,5,6,0,1
14360,23,0,2,7,21,0,0,85,0,94,2,2,7,80,24,0
14361,53,3,17,5,13,0,0,10,100,39,1,1,3,7,6,1
14362,31,2,10,0,22,0,1,49,52,78,1,2,1,40,5,1
14363,53,3,6,2,11,0,2,20,76,79,1,2,3,9,7,1
14364,29,0,8,4,23,2,1,62,33,56,2,2,12,45,17,0
14365,33,0,12,0,16,1,0,32,55,64,1,2,4,28,1,1
14366,60,2,0,4,20,1,2,87,10,20,2,2,11,75,11,0
14367,47,0,9,5,14,2,0,56,64,90,2,5,6,53,9,0
14368,38,2,4,2,6,2,0,40,68,85,1,1,3,30,9,1
14369,36,0,8,7,12,1,0,79,36,56,2,5,11,69,29,0
14370,32,2,11,6,7,0,0,14,82,29,1,2,0,13,9,1
14371,49,0,5,5,15,1,1,19,73,51,1,0,1,12,7,1
14372,33,1,12,6,7,0,1,24,76,39,1,1,1,14,0,2
14373,47,0,16,7,12,1,1,26,72,63,1,1,5,18,5,1
14374,41,0,11,0,16,0,0,61,39,25,2,3,10,55,29,0
14376,26,0,5,3,8,1,1,56,33,72,1,0,0,42,0,2
14377,31,0,10,5,15,2,1,42,74,63,1,0,4,29,0,2
14378,21,0,0,3,3,1,1,43,64,59,1,1,0,21,4,2
14379,24,1,3,3,8,1,1,63,29,67,2,4,7,53,10,0
14380,29,2,6,2,6,0,1,10,92,41,1,0,4,4,4,1
14381,48,1,9,5,15,1,2,77,18,26,2,2,14,52,5,0
14382,47,0,14,4,20,2,2,16,78,59,1,1,4,10,2,1
14383,24,0,3,3,18,1,1,80,12,46,2,3,10,73,6,0
14384,50,0,15,4,20,0,2,35,63,41,1,0,0,26,5,1
14385,32,2,6,5,14,1,1,56,47,80,2,5,9,52,16,2
14386,58,0,10,6,7,0,1,40,75,26,1,0,0,20,8,2
14388,31,0,5,4,23,0,0,54,61,73,2,5,11,24,23,2
14389,25,3,4,6,7,1,1,11,100,76,1,0,0,5,8,1
14390,33,0,6,4,20,1,2,83,19,91,2,5,14,66,12,2
14391,60,0,9,0,0,0,1,22,78,20,1,0,5,10,0,1
14392,48,1,19,0,16,1,2,52,44,24,1,1,3,39,1,1
14393,40,0,3,3,18,0,1,18,96,92,1,0,5,15,9,1
14394,51,0,2,3,18,1,0,80,22,32,2,4,10,54,28,0
14395,42,0,16,7,10,0,0,14,100,69,1,0,5,12,5,1
14396,50,2,0,0,16,2,0,73,12,21,2,5,7,51,8,0
14397,51,2,11,0,22,1,1,16,91,81,1,0,5,12,6,1
14398,48,0,9,0,22,2,1,15,80,99,1,1,0,8,6,1
14399,52,0,0,2,6,2,0,36,63,34,1,0,3,16,9,2
14400,39,3,7,3,3,0,2,45,49,57,1,1,2,40,1,1
14401,39,1,9,0,22,0,1,71,37,82,2,5,14,42,11,2
14402,23,0,2,2,6,1,1,89,13,77,2,2,5,68,13,0
14403,46,0,20,1,5,1,1,17,100,58,1,1,0,9,9,1
14404,54,0,12,6,17,1,0,69,36,91,1,2,2,39,8,0
14405,24,0,0,6,19,0,0,67,27,99,2,3,5,60,16,0
14406,58,0,6,2,9,1,0,94,0,35,2,2,6,42,7,0
14407,59,2,14,5,13,0,1,35,81,44,1,2,3,26,3,1
14408,31,3,10,6,19,2,2,40,60,73,1,0,5,19,8,1
14410,52,2,9,0,22,1,1,53,35,65,1,2,1,51,5,2
14411,32,0,11,1,2,1,0,36,82,77,1,0,0,20,3,2
14412,32,0,0,1,1,2,1,33,46,92,1,2,5,20,1,2
14413,53,2,14,2,11,0,0,62,29,85,1,2,2,36,9,2
14414,32,0,11,0,16,2,1,50,49,87,1,1,4,22,6,1
14415,47,0,13,3,3,2,1,43,55,73,1,2,4,33,8,1
14416,23,0,2,2,9,1,2,83,16,46,2,5,10,64,14,0
14417,47,1,7,0,22,1,0,51,50,81,1,1,4,37,6,2
14418,21,0,0,4,23,2,2,88,11,94,2,4,8,85,23,0
14419,46,2,3,2,6,1,1,22,62,49,1,1,5,9,1,1
14420,53,0,11,7,12,1,1,29,78,85,1,1,0,16,2,1
14422,52,0,1,0,22,2,2,55,39,83,1,2,2,47,0,1
14423,44,2,3,3,8,1,0,62,42,37,2,3,7,53,24,2
14424,36,0,10,0,0,0,0,33,67,82,1,1,3,29,9,1
14425,55,2,6,6,7,1,1,74,17,32,2,5,13,41,5,0
14426,53,0,19,6,7,0,0,40,72,58,1,1,2,22,7,2
14427,21,0,0,0,0,2,1,47,37,86,1,2,4,44,0,2
14428,54,2,11,5,15,1,1,76,19,33,2,2,6,53,28,0
14429,33,1,12,1,5,1,2,93,9,71,2,4,10,66,14,0
14430,48,0,0,7,10,1,0,23,82,48,1,2,2,18,9,2
14431,33,3,12,1,2,1,1,91,0,39,0,5,24,45,20,0
14432,29,0,5,6,17,0,0,50,49,30,2,3,5,34,6,0
14433,60,2,15,1,1,1,0,62,41,40,2,4,6,31,16,2
14434,59,1,15,4,4,2,0,70,27,62,2,2,13,31,5,0
14435,31,3,8,5,15,1,0,57,47,70,2,2,14,33,17,2
14436,21,2,0,0,0,1,0,36,58,31,1,0,1,19,6,2
14438,44,3,9,4,4,1,0,61,27,85,1,2,4,49,4,2
14440,52,2,14,2,9,1,0,25,65,87,1,0,0,11,7,1
14441,36,0,12,2,6,2,0,13,85,65,1,2,0,12,1,1
14442,50,2,0,1,5,1,2,18,78,76,1,0,0,9,7,1
14443,34,0,4,4,20,1,0,88,15,33,2,3,13,52,28,0
14444,40,2,10,6,17,2,0,34,69,45,1,0,2,28,0,2
14446,34,0,7,1,1,1,1,53,70,57,2,2,12,50,19,2
14447,57,0,7,1,2,0,0,83,9,63,2,5,14,40,24,0
14448,49,0,10,0,0,2,1,90,0,42,2,3,9,65,20,0
14449,40,1,3,0,0,0,0,16,83,43,1,2,0,14,0,1
14450,56,0,9,2,9,1,2,27,82,82,1,0,5,12,0,1
14451,30,0,9,5,14,1,0,27,88,91,1,0,1,21,2,2
14452,23,0,2,2,9,1,0,81,7,49,2,2,13,45,14,0
14453,37,2,9,3,8,1,0,59,43,77,2,4,7,48,16,2
14454,57,2,8,5,13,2,2,32,68,29,1,2,5,31,9,1
14455,57,1,10,1,2,1,0,17,87,85,1,2,3,10,9,1
14456,58,1,10,4,23,0,1,82,30,60,2,4,14,69,24,0
14457,28,0,7,2,11,2,1,15,92,85,1,0,2,8,0,1
14458,52,0,17,3,3,0,0,25,72,75,1,1,3,23,7,1
14459,47,0,11,6,19,0,1,87,2,83,2,2,14,72,7,0
14460,28,0,6,7,10,1,0,43,71,67,2,5,7,29,5,2
14461,55,2,6,3,18,0,2,69,37,51,1,1,2,50,4,1
14463,60,0,5,7,12,0,1,25,67,83,1,2,4,23,5,1
14464,41,0,11,4,20,2,0,30,62,64,1,2,1,29,9,2
14465,46,1,14,5,15,1,2,59,40,93,2,4,9,51,10,2
14466,45,0,3,3,8,2,0,21,77,39,1,0,1,15,5,1
14467,34,0,9,0,16,1,2,12,94,90,1,2,4,5,9,1
14468,55,0,13,2,11,2,1,56,44,99,2,4,7,26,22,1
14469,23,1,2,7,21,2,2,13,86,74,1,2,1,11,7,1
14470,52,0,6,6,7,1,0,53,67,89,1,2,0,44,5,2
14471,56,0,7,1,1,2,1,42,51,42,2,3,10,33,7,2
14472,28,2,7,6,17,2,0,16,86,80,1,2,1,9,9,1
14473,46,3,4,6,7,0,0,93,1,21,2,5,8,45,23,0
14474,48,2,9,3,3,2,1,53,45,69,1,1,5,42,7,2
14475,38,2,4,0,22,0,1,15,100,78,1,1,2,12,7,1
14476,40,2,9,5,13,1,1,51,57,36,1,0,3,38,5,2
14477,48,1,4,2,11,2,2,11,95,84,1,0,3,9,8,1
14478,30,0,5,2,9,2,2,16,58,61,1,0,2,8,6,1
14479,58,2,4,6,17,0,0,31,70,24,1,0,1,27,0,2
14480,21,0,0,5,15,2,0,86,6,35,2,2,5,76,14,0
14481,36,2,6,3,8,1,1,26,75,83,1,0,1,13,7,1
14482,34,1,7,2,6,1,1,73,10,51,2,4,11,59,10,0
14483,34,0,7,2,6,2,0,71,44,86,2,3,6,47,29,2
14484,22,2,1,6,19,1,1,81,34,75,2,4,9,69,23,0
14485,56,0,9,6,17,1,0,25,61,70,1,1,3,19,7,2
14486,33,2,9,2,9,2,1,54,49,48,1,1,1,46,4,2
14487,26,2,5,0,0,2,2,25,71,27,1,1,3,12,5,1
14488,53,2,8,4,23,0,0,20,73,81,1,1,5,17,0,1
14489,57,0,13,4,20,2,1,92,0,93,2,2,8,64,13,0
14490,59,0,9,1,1,1,1,65,36,63,2,5,11,53,17,0
14491,40,0,17,0,0,1,0,30,89,22,1,1,3,28,5,1
14492,31,1,0,3,8,1,1,23,72,50,1,1,4,19,1,2
14493,24,0,3,5,13,0,0,27,56,37,1,2,3,26,0,2
14494,23,0,1,5,14,2,1,88,14,78,2,3,9,69,11,0
14495,58,1,3,1,2,1,1,70,38,56,1,2,2,56,6,0
14496,39,1,13,6,7,2,1,74,41,81,2,5,6,44,10,0
14497,60,2,5,5,14,2,0,71,12,60,2,3,13,66,16,0
14499,25,2,4,0,22,1,1,83,0,94,2,2,11,70,25,2
14500,54,2,15,1,1,0,0,69,29,76,2,3,13,57,28,0
14501,59,2,1,2,6,1,2,20,76,83,1,2,3,16,8,1
14502,24,0,3,4,23,2,0,59,45,30,2,2,7,45,19,0
14503,48,3,11,1,2,0,1,40,70,73,1,1,2,39,3,1
14504,23,1,2,1,5,2,2,18,73,37,1,2,0,9,2,1
14505,55,0,12,3,3,2,1,36,68,55,1,2,3,19,6,1
14506,56,1,7,2,6,1,0,54,63,54,1,0,1,27,3,2
14507,35,0,14,1,2,1,1,44,77,33,1,1,4,38,5,2
14508,26,1,5,4,4,1,1,62,57,94,1,1,3,42,7,2
14510,37,1,9,0,22,2,1,33,85,81,1,0,0,24,5,1
14511,31,2,10,4,20,2,0,10,68,72,1,0,0,6,0,1
14512,55,0,12,2,6,1,0,20,72,45,1,1,1,17,4,1
14513,22,1,1,1,5,1,0,37,64,38,1,1,4,19,9,0
14514,50,0,4,2,6,1,0,83,6,75,2,3,6,55,25,0
14515,25,0,4,1,2,1,0,27,70,56,1,0,2,18,0,2
14516,55,1,4,3,8,1,0,82,22,25,2,4,5,71,29,0
14517,45,0,3,4,20,1,2,84,22,80,2,2,8,55,8,2
14518,39,1,13,2,11,0,2,35,67,96,1,2,5,28,3,1
14519,32,2,7,1,2,1,1,46,51,33,1,1,5,33,2,2
14520,47,0,10,6,17,1,0,24,52,44,1,1,2,23,4,2
14521,30,2,5,1,5,1,0,89,7,58,2,2,13,49,9,0
14522,28,1,7,4,20,1,1,68,34,47,2,5,9,39,18,0
14523,23,0,2,4,23,2,1,65,39,70,2,2,6,30,22,0
14524,46,0,2,4,20,1,1,32,71,80,1,2,1,27,5,2
14525,50,0,6,3,3,0,1,71,36,85,2,5,9,59,20,2
14526,39,0,9,2,6,2,1,51,43,38,1,2,2,49,5,2
14527,54,0,3,4,23,2,1,58,32,63,2,3,11,36,22,2
14528,51,0,3,3,3,1,1,51,41,92,2,2,12,41,11,2
14529,34,0,9,5,15,1,0,10,92,33,1,1,5,8,9,1
14530,34,1,13,1,5,1,1,40,57,74,1,2,1,37,0,2
14531,53,2,1,6,19,0,1,25,76,85,1,2,4,18,2,1
14532,32,0,11,5,15,1,1,74,34,60,2,2,7,42,11,0
14533,33,0,6,0,22,0,1,56,49,97,2,4,8,52,21,1
14534,46,2,4,3,18,0,1,40,61,93,2,5,13,23,19,1
14535,27,1,6,3,18,1,1,65,46,24,2,4,8,31,29,2
14536,44,3,10,7,12,0,0,89,3,75,2,4,14,73,20,0
14537,44,0,5,6,7,0,0,16,88,51,1,0,2,10,1,1
14539,36,3,2,3,18,2,1,81,17,75,2,5,14,38,25,2
14540,57,1,3,5,13,1,1,63,51,68,1,2,2,44,6,0
14541,21,0,0,0,22,0,0,60,59,76,2,4,7,31,15,2
14542,32,2,7,2,6,2,0,80,25,70,2,4,10,50,19,2
14543,22,0,1,0,16,0,0,25,80,44,1,0,0,20,6,1
14545,57,1,2,7,10,1,1,58,34,89,1,2,5,34,5,0
14546,51,0,15,6,7,2,1,33,84,79,1,1,4,19,5,1
14547,45,0,3,3,3,1,1,71,27,35,2,4,13,45,29,2
14548,54,0,13,3,8,1,1,84,3,70,2,5,7,72,26,0
14549,49,0,8,6,17,1,2,73,30,74,2,2,14,33,22,2
14550,40,1,8,7,12,2,0,48,63,20,2,2,6,33,27,0
14551,59,1,6,4,4,1,0,60,32,88,1,1,0,30,4,0
14553,26,0,2,1,2,0,0,49,71,61,1,2,3,30,5,2
14554,37,1,8,2,11,2,0,60,38,92,2,5,6,44,21,2
14555,21,2,0,7,12,2,2,15,83,91,1,2,2,12,7,1
14556,31,2,9,1,1,1,2,69,11,40,2,2,8,66,17,2
14557,22,2,1,1,1,2,1,59,24,69,2,2,6,45,9,0
14558,38,0,11,2,9,2,1,24,85,53,1,2,4,12,2,1
14559,37,2,15,2,11,2,0,41,58,76,1,2,4,32,0,1
14560,44,0,15,3,3,0,2,51,57,65,2,4,14,24,13,1
14561,23,0,2,1,1,2,0,44,54,89,1,0,5,32,7,2
14562,23,0,2,6,17,1,0,45,55,48,1,1,0,32,4,0
14563,34,3,5,7,10,1,0,34,82,79,1,0,5,20,0,1
14564,25,1,4,1,2,1,0,69,16,79,2,4,7,66,29,0
14565,27,1,6,5,14,2,1,83,16,91,2,4,6,65,27,0
14566,56,0,8,2,11,1,0,16,67,65,1,2,4,13,3,1
14567,33,2,10,1,1,1,1,90,8,78,2,4,10,42,19,0
14568,59,0,12,2,9,1,2,94,0,86,2,5,5,85,6,0
14569,59,0,10,6,19,0,1,78,11,66,2,4,13,44,19,0
14570,35,0,12,3,8,1,0,40,60,57,1,2,2,35,3,2
14571,23,2,2,6,7,0,0,28,79,25,1,1,2,15,5,2
14572,52,0,11,1,2,1,0,15,84,89,1,2,1,14,8,1
14573,42,0,15,7,12,2,2,10,85,68,1,1,2,7,4,1
14575,41,0,6,7,10,0,2,83,15,35,2,3,13,56,8,0
14576,51,2,18,7,10,2,0,21,71,53,1,2,0,19,2,1
14577,45,2,10,6,7,0,0,71,43,70,2,4,11,45,12,0
14578,26,2,5,1,2,1,2,81,26,56,0,8,18,46,21,2
14579,52,1,11,4,20,0,1,65,51,28,2,5,5,30,11,0
14580,54,2,5,7,12,0,1,50,43,33,1,1,1,22,6,2
14581,31,0,10,3,3,2,0,48,41,49,1,0,5,26,1,2
14582,23,2,2,5,13,2,0,25,72,55,1,1,2,16,9,2
14583,43,2,8,4,23,0,1,23,85,26,1,2,3,20,6,1
14584,49,0,15,4,20,0,0,85,27,83,2,2,9,41,26,0
14585,23,1,2,3,18,0,2,66,14,40,2,5,10,49,14,0
14586,46,0,13,3,3,1,0,43,66,69,1,0,3,24,9,2
14587,41,2,4,2,11,1,0,88,17,92,2,4,13,67,17,0
14588,31,0,6,5,13,1,1,54,46,50,1,2,3,42,9,0
14589,38,0,12,1,1,2,0,46,56,47,1,2,2,24,6,2
14590,38,1,0,4,20,1,1,89,9,45,2,5,11,52,25,0
14591,23,2,2,4,20,2,0,41,38,60,1,1,1,30,7,2
14592,30,2,9,7,10,0,1,26,68,43,1,2,2,24,0,1
14593,59,2,11,5,13,2,1,11,97,41,1,2,1,7,9,1
14594,44,2,4,0,22,1,1,83,6,75,1,0,4,47,6,2
14595,55,0,10,0,22,0,0,25,66,92,1,2,5,20,1,1
14596,47,0,8,2,11,1,2,62,35,80,2,3,9,28,27,1
14597,24,0,0,4,20,0,0,17,91,78,1,0,0,10,9,1
14598,29,2,8,0,22,1,1,27,86,87,1,2,0,20,7,1
14599,49,2,8,1,2,1,0,47,71,52,2,5,13,45,21,2
14600,36,3,15,1,2,1,0,70,36,41,2,3,10,41,16,0
14601,57,1,0,5,13,1,2,13,86,55,1,2,0,9,7,1
14602,51,2,16,5,15,0,1,70,25,29,2,2,13,57,21,0
14603,56,1,9,5,15,1,0,93,16,45,2,4,14,43,22,0
14604,56,0,8,7,12,1,2,63,39,34,2,5,8,43,15,2
14605,51,0,10,4,20,1,1,37,55,82,1,1,4,30,7,2
14606,51,0,0,7,21,1,0,45,46,35,1,0,4,28,6,0
14607,49,2,15,0,0,0,0,62,22,78,2,2,11,54,6,2
14608,34,0,5,1,2,1,1,72,47,53,2,3,14,49,7,0
14609,55,0,13,2,9,2,1,16,83,28,1,2,5,7,7,1
14610,45,0,8,7,21,2,1,72,0,22,2,5,14,38,12,0
14611,22,0,1,1,1,1,1,82,19,54,2,2,11,52,10,0
14612,60,3,0,4,23,1,1,27,76,24,1,0,4,24,6,1
14614,41,2,4,7,10,2,0,17,84,54,1,0,1,10,8,1
14615,57,1,7,7,10,1,1,13,79,68,1,0,5,7,6,1
14616,59,2,5,0,0,0,0,81,23,76,2,2,10,76,10,0
14617,23,1,2,1,1,2,1,61,36,46,2,3,7,48,14,0
14618,47,0,13,7,21,0,2,19,76,63,1,1,2,12,3,1
14619,59,0,15,4,4,1,0,86,11,71,2,4,9,81,14,0
14620,41,0,8,6,19,1,2,65,38,98,1,2,1,46,6,2
14621,40,0,4,0,0,2,2,33,57,88,1,0,2,17,6,1
14622,40,0,1,4,20,1,1,15,80,29,1,2,2,13,7,2
14623,44,0,8,4,20,2,1,30,59,31,1,0,4,17,8,2
14624,34,0,13,6,7,2,0,66,23,80,2,2,5,61,9,0
14625,22,1,1,4,4,1,0,47,54,28,1,2,5,39,9,0
14626,33,0,6,5,14,2,0,36,62,80,1,1,1,24,4,2
14627,26,0,5,2,6,2,0,59,36,35,2,3,11,38,14,2
14628,51,0,14,2,11,1,2,44,75,88,1,0,0,42,4,1
14629,39,0,0,5,13,0,0,44,47,73,1,0,0,36,1,0
14630,28,0,7,7,10,0,0,62,42,27,2,4,14,48,21,0
14631,24,1,3,5,15,2,1,68,35,46,2,4,8,37,11,0
14632,56,2,3,7,21,2,2,30,69,83,1,2,0,21,5,1
14633,57,0,10,2,9,1,1,51,29,64,1,1,1,24,1,2
14635,58,2,12,6,19,2,0,71,20,88,2,3,6,49,5,0
14637,45,0,10,1,1,2,0,64,38,31,2,5,9,59,14,0
14638,52,2,6,4,23,2,0,48,55,71,1,2,4,39,1,2
14639,38,2,16,1,2,0,1,41,64,28,1,0,4,29,9,1
14640,23,2,0,5,14,1,1,45,60,81,1,1,2,25,7,2
14641,35,2,11,1,5,2,0,30,65,61,1,2,0,14,4,1
14642,36,0,10,2,9,1,1,26,57,65,1,2,0,25,6,1
14643,27,1,3,6,19,0,0,29,62,93,1,2,0,24,8,2
14645,24,0,3,7,10,0,1,29,68,64,1,1,4,17,2,1
14646,49,1,6,7,21,0,0,78,8,80,2,3,5,60,19,0
14647,40,2,14,4,20,1,0,53,41,29,2,3,12,50,9,0
14648,40,2,19,5,15,1,1,91,13,67,2,3,5,87,29,0
14649,35,0,6,0,0,2,0,33,60,43,1,0,1,22,1,1
14650,36,0,2,7,12,2,0,90,19,46,2,4,14,55,17,0
14651,30,0,9,4,20,2,2,94,2,38,2,4,5,51,5,0
14652,43,0,7,6,17,1,1,91,14,35,2,2,14,71,24,0
14653,59,0,14,6,19,1,1,14,91,80,1,0,3,6,3,1
14654,56,0,9,3,3,2,0,63,37,88,2,4,11,60,11,0
14655,41,1,9,6,17,2,1,73,35,59,2,5,13,35,5,0
14656,27,0,6,6,17,2,1,73,30,58,2,2,7,66,29,0
14657,33,0,8,6,7,0,0,77,28,38,2,5,9,73,28,0
14658,47,0,17,1,5,2,2,25,81,27,1,1,5,18,7,1
14659,49,2,6,2,6,2,0,34,76,49,1,2,3,33,0,1
14660,37,2,5,2,6,0,1,40,73,35,1,2,1,20,7,1
14662,32,2,10,2,9,0,1,44,66,73,1,0,5,27,4,1
14663,46,0,10,3,3,2,0,62,41,45,2,3,5,32,7,2
14664,57,0,12,0,16,1,0,33,60,25,1,0,4,15,1,1
14665,49,1,10,6,17,2,1,85,13,70,2,2,14,45,16,0
14666,45,2,9,1,1,0,2,23,72,72,1,2,5,15,0,1
14667,39,3,4,5,14,1,2,58,48,81,1,0,0,55,6,1
14668,22,1,1,7,12,1,0,66,35,21,2,4,7,43,21,0
14669,52,1,9,2,6,2,1,62,45,23,1,2,3,39,1,2
14671,26,0,5,4,20,2,1,67,44,80,2,2,7,60,23,0
14672,23,1,2,2,6,1,0,34,59,86,1,0,2,21,3,2
14673,35,1,4,2,9,1,1,18,59,73,1,1,0,15,7,1
14674,33,0,3,4,20,1,1,47,58,32,2,4,12,31,20,2
14675,51,1,14,6,19,1,2,68,16,66,2,5,13,63,26,0
14676,21,0,0,1,2,2,0,16,81,77,1,1,1,13,2,2
14677,49,0,5,1,5,2,1,21,62,47,1,2,3,14,4,1
14679,28,2,7,3,3,0,1,65,17,30,1,1,2,64,9,0
14680,37,0,3,0,16,0,2,55,57,78,1,2,1,46,1,1
14681,37,0,0,4,4,1,0,34,56,37,1,1,4,31,6,0
14682,21,2,0,5,13,2,2,59,40,20,1,1,0,27,0,2
14683,25,1,3,4,23,2,1,19,69,93,1,2,4,16,3,1
14685,56,1,19,3,3,1,0,12,94,65,1,1,0,8,1,1
14686,38,0,8,2,11,1,0,85,19,73,2,2,14,72,28,0
14688,28,1,6,1,1,2,2,24,69,21,1,0,1,13,9,1
14689,60,0,17,5,13,1,1,87,3,77,2,2,13,67,29,0
14690,57,1,10,7,21,1,1,40,63,41,2,5,11,18,7,2
14691,23,1,2,7,21,1,1,25,56,72,1,1,0,23,0,2
14692,42,0,1,1,2,1,0,66,40,33,1,0,3,30,2,0
14693,24,0,3,1,1,0,1,67,33,76,2,2,10,47,8,2
14694,30,0,9,7,10,1,0,47,63,63,1,1,3,39,3,2
14695,49,2,14,4,20,0,1,48,28,50,1,1,2,47,0,2
14696,50,0,3,0,0,1,1,90,9,74,2,3,12,78,7,0
14697,52,3,0,6,19,2,1,80,25,77,2,4,8,60,20,0
14698,35,0,11,7,10,1,0,30,57,26,1,0,4,28,6,2
14699,47,2,16,1,1,0,1,56,29,34,1,2,3,37,6,2
14700,49,2,10,4,23,1,0,25,72,72,1,0,4,23,4,1
14701,30,0,7,0,0,0,0,92,6,55,2,2,9,62,25,0
14702,26,0,5,2,6,0,1,62,39,91,2,2,5,58,17,2
14703,40,0,3,7,10,1,1,23,87,60,1,1,5,20,5,1
14704,51,2,5,7,12,1,1,77,23,93,2,3,7,41,19,2
14705,50,2,15,5,13,2,0,68,34,22,2,3,7,45,23,0
14706,26,1,0,7,10,0,2,43,71,54,1,0,5,39,1,2
14707,23,1,2,4,4,1,0,87,0,52,2,5,7,57,26,0
14708,37,0,14,1,1,1,0,76,36,84,2,3,14,69,16,0
14709,40,0,0,6,7,2,1,21,82,50,1,2,4,13,3,2
14710,31,0,8,3,3,1,1,72,24,37,2,5,14,67,21,0
14711,59,0,3,2,6,1,1,76,25,58,2,4,10,51,16,2
14712,23,1,2,3,18,1,1,41,61,85,1,0,4,35,7,2
14713,44,0,8,6,7,0,0,76,33,38,2,2,7,37,9,0
14714,43,1,11,3,3,1,0,20,69,38,1,1,0,19,7,2
14715,21,3,0,1,5,1,0,85,21,22,2,5,7,79,18,0
14716,59,0,4,4,23,1,0,69,39,45,2,4,11,48,26,0
14717,31,3,8,6,7,1,1,67,43,33,2,2,14,50,19,2
14718,36,3,0,2,11,1,0,41,57,98,1,0,3,20,5,1
14719,58,0,14,7,10,2,0,87,32,68,2,4,10,74,8,0
14720,29,1,6,6,17,1,0,27,74,38,1,0,0,12,8,2
14721,51,2,14,1,1,2,0,63,19,48,2,5,14,37,15,0
14722,59,2,3,1,5,0,0,34,65,52,1,0,5,22,7,2
14723,53,2,5,0,0,0,0,78,31,88,2,4,11,53,6,2
14724,50,2,15,3,18,0,2,57,42,94,1,1,3,56,1,1
14725,44,2,13,5,13,1,0,59,39,76,1,2,3,51,6,0
14726,39,0,13,3,18,1,1,46,50,52,1,1,3,28,8,2
14727,44,2,11,4,4,0,0,35,61,58,1,0,2,32,7,2
14728,48,0,9,2,6,1,1,22,89,45,1,2,2,21,2,1
14729,50,0,15,0,16,2,0,21,74,90,1,0,2,19,7,1
14730,53,0,6,5,15,0,0,69,35,91,2,4,12,43,10,0
14731,24,0,1,0,16,1,1,28,50,38,1,2,5,24,8,1
14732,42,0,3,6,17,1,0,25,79,52,1,2,0,13,5,2
14733,31,1,10,7,10,1,2,29,63,74,1,2,5,19,7,1
14734,41,1,8,1,1,2,1,17,87,88,1,0,3,16,0,1
14735,51,1,14,4,23,0,0,84,43,68,2,2,10,56,9,0
14737,28,3,7,2,11,1,1,87,22,90,2,3,7,68,21,2
14738,55,2,11,0,0,1,1,54,56,44,2,4,13,48,24,1
14739,32,0,3,1,5,1,1,71,31,45,2,5,6,34,25,2
14740,46,2,15,5,14,1,1,78,28,40,2,3,7,38,23,0
14741,55,0,6,2,9,0,0,24,89,61,1,0,0,19,5,1
14742,48,2,2,1,2,2,2,39,66,57,1,1,5,22,9,1
14743,49,0,6,5,15,2,2,31,66,54,1,0,0,19,4,1
14744,49,0,9,7,10,1,0,91,20,49,0,5,19,63,42,0
14745,35,1,4,1,2,2,1,51,35,45,2,2,7,50,7,0
14746,36,2,15,2,6,0,0,43,67,27,1,0,4,35,9,2
14747,51,2,9,6,17,1,1,34,70,55,1,2,0,18,0,1
14748,30,2,9,3,18,1,0,70,8,51,2,5,10,57,16,0
14749,38,2,4,7,10,1,1,73,4,87,1,1,4,66,5,0
14750,35,0,11,5,15,1,1,11,94,57,1,0,3,8,3,1
14751,40,0,5,5,14,2,1,12,75,20,1,0,2,6,5,1
14752,49,0,0,6,7,0,0,90,11,78,0,6,24,85,44,0
14753,35,0,0,5,15,1,1,60,47,59,1,0,2,37,8,0
14754,31,0,10,6,19,1,0,63,26,84,2,3,9,52,17,0
14756,47,2,9,6,19,0,2,73,1,84,2,4,8,55,21,2
14758,43,0,7,4,4,1,0,19,67,35,1,1,5,15,6,2
14759,41,2,8,7,12,1,1,83,11,66,2,4,9,51,20,0
14760,27,0,6,0,16,1,0,62,20,47,2,4,14,44,14,2
14761,43,2,5,3,8,0,1,59,34,56,2,2,6,30,7,2
14762,41,3,18,7,12,0,2,46,42,39,1,0,4,31,3,1
14763,37,2,12,5,15,1,1,64,36,56,2,2,6,31,19,2
14764,52,0,8,4,20,2,0,64,32,48,2,2,12,50,26,0
14765,39,0,11,5,13,0,2,82,21,87,2,3,9,76,7,0
14766,38,0,4,3,8,1,1,28,86,42,1,1,1,23,0,1
14767,37,0,9,2,6,0,1,55,36,89,1,2,5,45,5,2
14768,57,0,1,1,5,0,1,28,77,61,1,0,1,19,7,2
14769,52,0,10,4,4,1,1,52,53,88,2,5,13,37,26,2
14771,28,0,7,1,5,1,1,71,42,34,2,2,8,67,9,0
14772,31,0,0,7,12,0,0,58,42,35,1,0,2,46,9,0
14773,47,0,11,1,1,2,1,74,14,73,2,5,14,64,8,0
14774,50,2,9,6,19,1,1,23,80,70,1,1,3,19,3,1
14775,26,2,5,4,20,1,0,61,54,91,2,4,13,45,11,2
14777,38,1,4,3,3,2,0,51,56,72,1,2,1,34,8,2
14778,35,2,2,2,11,2,1,66,17,98,2,5,13,32,5,2
14779,25,0,4,4,4,2,0,49,41,62,2,3,11,47,24,0
14780,26,1,5,6,7,1,1,48,56,47,1,1,5,24,2,2
14781,53,0,5,5,14,1,0,14,93,92,1,1,3,12,1,1
14783,46,3,12,2,6,1,0,75,3,39,2,2,7,35,5,2
14784,52,2,11,2,6,1,1,47,66,72,1,2,1,45,3,1
14785,30,2,3,2,6,2,1,57,30,91,2,5,13,31,29,1
14786,60,1,13,5,14,2,0,74,19,25,2,2,14,56,13,0
14787,22,1,1,6,19,2,0,38,57,74,1,1,3,19,7,0
14788,28,2,7,7,12,1,0,65,25,70,2,2,10,45,18,2
14789,60,0,2,6,19,1,0,19,66,67,1,2,4,16,8,2
14790,31,1,7,6,17,2,1,44,64,29,1,1,0,43,9,0
14791,36,0,12,0,0,2,0,39,61,52,2,4,8,24,22,1
14792,25,0,4,3,18,1,2,85,25,39,2,2,11,40,11,2
14793,54,0,9,1,2,1,1,23,80,83,1,1,1,13,0,1
14794,40,2,6,5,15,1,1,12,87,71,1,1,5,7,6,1
14795,48,3,11,5,14,0,1,27,68,40,1,1,4,14,3,1
14796,27,2,6,5,13,2,1,34,50,69,1,0,3,26,8,2
14797,35,2,6,5,14,1,0,55,31,40,1,1,3,40,8,0
14798,45,0,4,3,18,1,1,10,100,84,1,2,3,4,8,1
14799,58,2,6,5,14,1,0,32,78,38,1,2,5,29,4,2
14800,31,2,10,0,22,1,2,71,47,78,2,2,14,66,12,1
14801,24,0,3,5,15,2,1,90,13,63,2,2,11,74,20,0
14802,32,0,11,7,21,2,1,21,74,24,1,2,5,17,6,1
14803,53,0,10,1,1,1,0,65,47,35,2,5,11,64,6,0
14804,43,2,4,7,12,0,1,36,61,82,1,2,5,22,0,1
14806,59,0,8,7,21,0,0,39,45,52,1,0,5,21,2,2
14807,40,1,8,3,8,1,2,12,100,69,1,0,4,5,3,1
14808,31,0,2,5,14,1,0,19,81,79,1,0,1,17,9,2
14809,58,2,13,5,15,2,0,48,67,88,1,1,1,47,8,2
14810,39,2,12,0,22,2,1,11,89,89,1,1,2,7,3,1
14811,59,2,12,1,1,2,1,63,42,83,2,5,6,35,5,2
14812,56,2,9,4,20,2,1,48,47,51,2,3,10,32,6,2
14813,51,2,14,0,0,0,0,93,15,36,2,2,8,59,13,0
14814,39,0,8,2,9,2,2,12,68,26,1,1,2,10,8,1
14815,45,0,1,0,22,1,0,44,42,82,1,1,3,32,9,2
14816,26,1,1,3,8,1,1,24,81,77,1,0,4,17,4,1
14817,37,1,5,2,9,1,0,63,41,58,2,3,14,42,16,0
14818,27,0,1,1,2,1,1,60,30,31,2,2,8,37,11,0
14819,26,2,5,1,1,1,2,53,56,43,2,4,7,52,28,1
14820,24,0,3,6,17,1,0,33,49,59,1,1,2,18,5,2
14821,39,0,8,7,21,0,1,38,54,28,1,0,5,30,3,2
14822,23,2,0,5,14,0,1,79,6,32,2,4,14,78,12,0
14823,58,2,6,2,11,1,2,30,70,86,1,1,4,19,9,1
14824,51,0,11,2,11,1,1,19,76,87,1,2,3,14,8,1
14825,53,0,9,4,23,1,0,13,91,78,1,1,3,7,3,1
14826,33,0,12,7,21,0,1,51,36,52,1,1,5,33,5,2
14827,52,2,1,7,12,0,1,78,43,84,2,3,6,36,14,2
14828,22,1,1,2,11,2,2,37,50,87,1,2,5,21,3,1
14829,27,1,6,0,22,1,0,66,41,69,1,2,4,34,6,2
14830,25,0,2,6,7,2,1,60,48,92,2,4,10,47,17,0
14831,57,2,13,7,10,0,0,52,36,50,1,2,4,50,4,0
14832,35,2,2,5,14,1,1,42,59,57,1,1,0,30,5,2
14833,22,0,1,1,2,1,2,55,42,44,2,5,9,29,16,2
14834,21,1,0,6,7,1,2,89,24,86,2,2,7,81,10,0
14835,39,2,1,3,8,0,2,20,70,34,1,0,2,12,8,1
14836,30,3,9,6,17,2,0,11,91,41,1,1,0,9,2,1
14837,26,2,5,2,9,0,1,68,42,65,2,2,10,31,16,1
14838,35,0,11,2,9,0,2,16,82,64,1,2,5,9,8,1
14839,27,3,6,3,3,0,0,73,44,83,2,4,7,41,26,2
14840,34,0,9,7,12,1,0,56,35,74,2,3,12,26,16,2
14841,49,0,9,2,6,1,0,37,54,48,2,2,9,33,14,2
14842,25,1,4,6,17,0,2,77,23,79,2,2,13,56,10,0
14843,55,0,4,7,10,1,1,56,26,45,2,5,9,41,15,2
14845,44,0,6,6,19,0,1,36,56,98,1,2,3,19,1,1
14846,38,2,9,5,14,1,1,17,79,54,1,2,5,16,7,1
14847,28,1,5,4,23,1,0,65,40,55,2,4,8,55,14,0
14848,31,0,9,1,2,1,0,22,85,75,1,1,5,14,6,1
14849,37,2,4,7,21,1,1,37,62,36,1,1,5,28,4,1
14850,26,2,5,5,13,0,1,73,21,90,2,2,11,46,17,0
14851,21,0,0,3,8,1,0,71,35,61,2,4,10,53,12,0
14852,34,3,13,7,21,0,0,84,17,82,0,7,20,82,20,0
14854,52,0,8,5,14,2,0,81,20,21,2,4,8,46,16,0
14855,24,0,3,2,9,1,1,25,58,86,1,1,1,21,5,1
14856,48,2,14,2,6,1,2,41,72,57,1,1,1,36,0,1
14857,55,0,4,0,0,1,2,27,81,49,1,0,3,17,4,1
14858,25,2,0,3,3,1,1,28,61,78,1,2,5,27,0,1
14859,36,1,8,5,14,0,0,33,67,24,1,1,0,20,4,0
14861,36,0,0,0,22,1,1,68,43,93,1,1,0,50,5,2
14862,23,0,2,0,16,0,0,53,53,73,1,2,5,52,3,2
14863,60,1,0,5,15,1,1,62,39,22,2,2,13,45,29,0
14864,22,2,1,3,18,1,0,10,100,50,1,2,1,8,9,1
14865,47,0,14,7,12,2,1,73,17,63,1,2,4,59,3,0
14866,55,1,10,7,21,0,0,77,28,59,2,5,10,76,25,0
14868,55,1,1,0,16,1,1,88,0,33,2,2,5,46,16,0
14869,43,0,8,1,5,0,1,64,47,93,2,4,6,33,10,2
14870,52,2,0,7,21,1,2,27,87,83,1,0,3,20,1,1
14871,36,1,0,3,3,0,1,18,78,33,1,1,1,15,2,2
14872,46,0,10,4,20,1,1,22,73,71,1,2,1,18,2,1
14873,43,2,17,6,19,2,2,26,67,82,1,2,2,11,4,1
14874,30,2,0,3,8,1,0,82,17,52,2,3,8,74,21,0
14875,40,2,7,0,0,2,0,84,3,70,2,5,14,56,29,0
14876,25,3,4,2,6,1,0,16,91,47,1,1,4,11,2,1
14877,44,0,15,4,20,0,2,70,23,34,2,3,6,39,9,2
14878,53,2,10,5,15,1,1,86,12,34,2,4,10,56,8,0
14880,24,1,0,7,12,0,2,56,48,94,2,2,12,46,6,2
14881,22,1,0,7,21,1,0,84,0,35,2,2,9,62,18,0
14882,23,2,2,4,4,2,0,74,32,54,2,5,12,71,23,0
14883,40,0,10,5,15,2,1,58,48,42,2,4,7,50,9,0
14884,60,2,6,3,3,2,0,41,61,90,1,0,5,24,8,1
14885,23,2,2,1,5,1,0,19,80,53,1,2,2,18,3,2
14886,46,0,12,3,3,1,2,24,66,87,1,0,1,13,2,1
14887,35,1,11,3,18,0,1,56,36,70,2,4,10,47,29,2
14888,26,0,5,5,13,0,2,34,62,65,1,2,3,23,2,1
14889,42,0,5,4,20,1,1,77,12,43,2,3,8,40,25,0
14890,47,2,12,1,1,1,1,28,66,77,1,1,3,16,5,1
14891,25,0,4,6,7,1,0,11,88,64,1,0,3,8,1,1
14892,54,0,5,5,13,0,1,80,0,91,2,3,5,78,12,0
14893,31,2,10,4,20,0,0,38,41,87,1,0,5,36,1,2
14894,36,3,11,0,0,0,0,45,63,50,1,0,3,34,4,1
14895,41,0,8,4,23,0,1,22,75,74,1,1,3,19,2,1
14896,51,3,12,7,21,2,1,27,76,27,1,2,3,12,6,1
14897,42,0,15,0,22,2,1,12,100,72,1,2,5,6,1,1
14898,43,2,6,0,22,2,1,66,42,91,2,5,14,41,28,1
14899,37,2,10,7,10,1,1,37,71,74,1,0,5,31,8,1
14900,55,1,6,1,5,1,2,82,16,88,2,2,10,79,23,0
14901,34,0,5,4,4,2,1,33,51,82,1,0,0,16,3,1
14902,39,1,1,5,15,2,2,10,89,49,1,0,4,5,8,1
14903,53,1,9,2,11,1,0,46,52,72,2,4,11,28,27,2
14904,49,0,2,5,13,1,1,43,61,47,1,0,2,19,8,2
14905,41,0,15,6,17,1,0,37,65,89,1,0,0,29,4,2
14906,28,2,2,7,12,0,2,76,24,51,2,3,12,60,13,2
14907,57,2,12,0,22,0,0,59,46,92,2,3,14,32,8,1
14908,28,2,7,5,15,2,0,68,45,89,1,0,5,54,5,0
14909,54,0,10,3,8,1,0,30,90,37,1,2,3,14,7,1
14910,57,2,7,0,0,2,0,80,15,31,2,2,5,66,18,0
14911,57,2,6,7,12,2,0,38,76,68,1,2,3,22,5,1
14912,45,2,4,6,17,1,1,50,42,94,2,2,6,46,22,2
14913,31,2,10,0,0,1,1,76,28,74,2,3,7,38,20,2
14915,59,0,14,5,14,1,0,69,25,40,2,5,11,38,22,0
14916,29,1,8,7,10,2,1,61,42,74,2,5,14,43,20,2
14917,35,2,14,4,4,1,1,71,27,80,2,2,6,64,22,0
14918,54,2,3,2,9,0,0,61,32,70,1,2,5,27,3,2
14919,26,1,5,4,20,0,1,61,38,50,2,5,12,32,26,0
14921,57,0,8,2,9,0,0,83,1,91,2,4,9,60,10,0
14922,60,2,11,3,8,0,0,66,34,91,2,3,6,48,10,2
14923,46,3,9,6,7,2,1,63,24,75,2,3,12,61,6,2
14924,26,2,5,0,16,2,0,48,50,52,1,2,4,39,3,2
14925,30,2,6,4,23,2,0,53,62,89,2,4,9,47,27,2
14926,39,0,10,2,9,1,0,21,73,21,1,2,0,17,7,1
14927,41,0,14,5,13,1,1,26,77,42,1,2,3,16,5,1
14928,31,0,1,1,2,2,0,69,31,78,2,2,6,49,20,0
14929,24,0,3,7,10,1,1,73,11,45,2,2,13,50,10,0
14930,40,0,8,5,13,1,2,44,41,49,1,1,3,28,3,2
14931,24,0,0,6,7,1,0,15,84,73,1,1,3,10,3,2
14932,51,0,5,7,12,1,0,75,15,91,1,1,3,49,2,0
14933,30,2,9,3,8,2,0,83,15,47,2,3,12,59,5,0
14934,42,2,12,7,10,2,0,33,47,26,1,1,5,32,6,2
14935,21,0,0,0,16,1,0,32,67,88,2,4,11,17,19,1
14936,59,0,11,0,22,0,1,74,31,67,2,5,10,61,18,2
14937,28,1,7,3,8,1,0,40,53,86,1,2,1,25,7,2
14939,46,3,9,1,1,0,0,23,81,41,1,0,2,13,0,1
14940,55,0,9,4,4,2,0,38,40,22,1,1,5,22,2,2
14941,52,2,12,7,12,2,1,77,31,75,0,6,16,69,25,0
14942,35,2,5,0,22,1,1,56,32,74,2,4,6,52,9,2
14943,56,0,14,6,19,1,1,32,45,94,1,1,1,19,0,1
14944,41,0,0,5,13,2,1,50,62,50,2,4,13,40,21,0
14945,31,0,10,0,22,1,1,64,35,79,1,2,2,61,5,2
14946,49,0,6,4,23,1,1,62,43,56,2,3,7,38,24,2
14947,26,0,5,0,16,1,1,19,77,20,1,2,5,13,7,1
14948,53,2,10,7,21,0,1,38,48,90,1,0,1,23,5,1
14949,41,2,12,3,18,0,0,20,74,27,1,1,4,10,0,1
14950,26,0,5,7,21,1,0,37,72,47,1,2,4,27,4,2
14951,24,1,3,7,10,0,1,57,27,53,1,0,1,49,2,0
14952,51,0,9,3,18,1,1,76,21,88,2,3,13,59,26,2
14953,40,0,8,7,10,1,1,38,65,49,1,0,5,35,3,2
14954,57,0,11,5,15,0,0,13,87,57,1,0,4,10,6,1
14955,36,0,4,5,14,0,2,72,21,45,2,2,9,40,23,2
14956,37,2,10,5,15,1,1,58,32,48,2,3,7,38,21,2
14957,23,2,2,7,12,2,0,18,82,32,1,1,2,11,5,1
14959,47,0,9,1,2,1,0,85,22,73,2,5,14,62,12,0
14960,44,2,13,1,2,2,1,84,1,85,2,2,9,51,23,0
14961,49,3,11,2,11,0,0,38,72,83,1,0,5,36,6,1
14962,55,0,11,6,17,2,0,40,72,44,1,1,1,28,2,2
14963,41,2,5,4,4,1,0,80,26,86,2,2,5,37,6,0
14964,28,0,7,7,10,2,0,62,25,48,1,0,1,30,8,0
14965,38,0,15,4,4,2,0,49,33,66,2,5,5,28,15,2
14966,51,2,12,3,3,1,2,44,49,58,2,4,8,31,16,1
14967,60,1,1,6,19,1,1,73,23,83,2,5,8,67,26,0
14969,31,0,5,5,15,1,1,46,49,56,1,2,4,28,1,2
14970,45,1,13,4,23,1,1,19,73,35,1,1,4,16,5,2
14971,38,2,8,7,10,1,0,18,85,46,1,1,0,15,8,1
14973,42,0,7,7,10,2,0,75,23,35,2,3,12,55,21,0
14974,36,0,14,7,21,1,1,33,64,44,1,2,2,25,9,1
14976,45,0,13,3,8,2,1,59,46,27,2,2,11,27,16,2
14977,26,0,5,4,23,1,1,22,66,71,1,0,1,21,8,1
14978,32,2,11,5,15,2,2,15,98,29,1,1,1,8,5,1
14979,53,0,2,0,16,1,1,58,31,93,2,5,7,55,29,2
14980,42,0,10,5,13,0,0,91,3,45,2,4,10,85,16,0
14981,37,0,0,5,13,1,2,75,12,52,2,5,13,36,14,0
14982,50,2,8,6,17,1,0,16,80,71,1,2,2,12,6,1
14983,54,0,9,0,22,1,0,33,64,82,1,0,2,30,6,1
14984,27,1,6,0,22,1,2,67,28,73,2,2,13,57,27,2
14985,34,2,5,4,4,2,2,93,11,55,2,4,12,82,8,0
14986,60,0,9,4,23,0,0,19,80,36,1,0,1,15,3,2
14987,25,0,4,3,18,2,0,60,25,71,2,2,11,36,11,2
14988,57,2,13,4,23,2,2,23,70,66,1,1,1,18,3,1
14989,25,1,4,4,23,1,0,84,12,33,2,2,14,66,19,0
14990,26,0,3,4,23,2,0,23,83,69,1,2,1,15,7,1
14991,34,0,13,3,3,2,0,36,66,31,1,2,5,32,5,2
14992,41,0,7,2,11,1,0,17,81,76,1,2,2,15,5,1
14993,47,0,2,4,23,2,0,30,73,21,1,0,5,19,8,2
14994,27,0,4,4,23,1,0,63,46,47,2,2,7,31,12,0
14995,52,0,10,1,5,0,1,53,40,26,1,0,5,33,7,2
14996,34,1,13,4,23,2,0,34,69,50,1,2,1,26,1,2
14997,29,2,7,6,17,1,1,67,35,35,2,5,10,43,24,0
14998,29,0,8,1,1,1,2,52,38,27,1,2,0,33,2,2
14999,23,1,2,0,0,0,0,12,99,41,1,1,4,6,7,1
15000,21,3,0,6,7,2,0,25,73,42,1,2,2,17,3,2
15001,22,2,1,6,19,0,1,74,16,86,2,3,6,59,12,0
15002,36,2,15,3,18,0,1,60,39,41,2,3,9,51,22,2
15004,27,0,6,5,13,1,0,77,40,94,2,3,14,48,16,0
15005,56,2,6,3,3,1,0,50,49,82,1,2,4,33,5,2
15006,30,1,4,0,0,2,1,59,36,90,1,0,1,53,5,2
15007,35,0,14,0,16,1,1,24,78,90,1,0,2,23,4,1
15008,55,1,18,2,11,0,1,29,83,80,1,2,0,27,7,1
15009,41,0,7,5,13,2,1,53,52,91,1,0,4,35,9,2
15010,44,1,0,5,15,1,0,20,79,64,1,0,2,10,7,2
15011,48,1,14,6,7,1,1,59,48,60,2,4,7,58,24,0
15012,34,0,2,0,16,2,1,68,29,82,2,3,13,39,9,2
15013,25,2,4,7,21,0,1,81,24,92,0,6,23,65,30,2
15014,34,0,12,6,17,2,1,48,70,56,1,0,2,37,9,2
15015,58,0,9,2,11,1,0,35,50,82,1,2,2,18,1,1
15016,49,1,8,2,9,1,1,49,49,37,1,2,4,32,8,2
15017,29,1,8,7,10,0,0,82,0,60,2,2,6,43,25,0
15019,35,2,10,5,15,2,1,64,30,23,1,1,5,41,8,0
15020,59,2,16,3,8,2,0,75,15,77,2,4,9,65,29,2
15021,34,2,5,1,1,2,1,32,74,94,1,2,2,27,4,1
15022,33,2,2,3,8,1,0,55,43,82,2,4,9,33,16,2
15023,21,2,0,6,17,2,1,20,58,64,1,1,2,17,9,1
15024,38,0,16,0,0,0,1,27,66,21,1,2,3,16,8,1
15026,23,0,2,7,21,1,0,65,28,45,2,3,12,56,14,0
15029,49,0,15,0,16,2,0,85,9,62,2,5,14,41,11,0
15030,32,0,4,6,7,1,0,36,60,37,1,0,0,23,9,2
15031,35,0,0,4,23,2,0,48,68,75,1,2,4,39,2,0
15032,43,0,7,7,21,2,2,77,17,46,2,5,6,36,14,2
15033,22,2,1,1,5,2,2,48,56,30,2,5,7,33,25,1
15034,47,1,11,5,15,1,0,44,52,39,1,1,2,37,9,0
15035,48,3,12,4,23,0,1,41,62,94,1,2,4,29,0,1
15036,23,2,1,1,2,2,1,33,84,69,1,2,0,23,4,1
15038,57,0,6,4,4,1,0,85,17,23,2,4,12,54,20,0
15039,59,2,13,3,3,1,1,11,88,64,1,1,3,6,4,1
15040,31,0,3,4,4,0,0,35,69,63,1,1,3,24,5,2
15041,42,0,5,7,21,2,1,89,30,44,0,8,18,74,28,0
15042,53,0,7,7,12,0,0,16,83,65,1,1,4,15,2,1
15043,30,0,5,2,6,0,2,63,29,55,2,4,10,50,19,1
15044,40,0,8,3,8,1,2,65,38,64,1,2,2,44,9,1
15045,39,2,6,0,16,2,0,54,34,81,1,0,5,50,9,2
15046,44,2,8,2,9,1,2,38,71,35,1,1,5,21,7,1
15047,21,0,0,7,21,0,0,64,45,56,1,2,2,31,4,0
15048,41,2,4,0,22,0,2,26,77,87,1,0,1,12,9,1
15049,39,0,1,1,5,1,2,15,83,54,1,2,5,7,9,1
15050,41,0,15,2,6,2,2,71,32,33,2,4,13,53,17,2
15051,26,1,4,6,7,2,0,27,94,29,1,2,0,19,3,2
15052,31,0,7,6,19,0,0,88,9,72,2,5,9,63,17,0
15053,24,0,3,2,6,1,1,31,87,69,1,1,5,30,6,1
15054,31,0,7,2,9,1,1,48,57,87,1,2,1,28,9,1
15055,48,0,12,7,21,0,2,80,10,45,2,3,10,48,26,2
15056,52,0,4,3,3,1,0,77,25,76,2,5,6,44,19,0
15057,33,2,12,5,15,0,2,82,17,43,2,4,7,55,27,2
15058,37,0,10,6,7,1,2,67,34,30,2,3,8,38,27,2
15059,31,0,6,7,10,1,0,75,33,41,2,3,13,49,10,0
15060,34,2,7,2,11,0,1,30,81,80,1,1,3,20,9,1
15061,59,2,2,5,14,1,1,15,80,61,1,2,3,13,9,1
15062,53,0,6,0,22,1,0,24,78,78,1,2,5,18,7,1
15063,58,0,16,6,19,2,0,18,70,92,1,1,0,10,5,1
15064,60,2,19,7,21,2,1,34,70,73,1,1,4,16,4,1
15065,47,0,10,3,3,1,0,58,34,94,2,2,13,55,21,2
15066,44,2,10,4,23,0,2,51,59,66,2,4,7,29,16,1
15067,29,0,2,4,20,1,2,85,16,70,2,4,8,68,24,0
15069,37,0,16,1,5,1,2,18,72,89,1,0,5,14,6,1
15070,38,0,7,4,4,1,1,32,63,26,1,0,2,26,8,2
15071,50,0,11,0,22,1,1,45,53,86,1,1,0,41,7,1
15072,54,0,3,5,15,1,1,23,62,87,1,1,3,17,8,1
15073,47,2,18,5,15,2,1,53,53,87,1,2,2,42,8,2
15074,56,0,7,2,11,1,1,66,40,87,2,3,10,49,9,2
15075,49,1,8,6,17,1,0,44,58,86,1,2,4,41,0,0
15076,59,0,9,5,15,1,0,50,58,34,2,3,6,22,26,2
15077,40,0,7,1,1,1,0,53,45,70,2,3,8,33,5,2
15078,45,2,7,2,6,1,1,86,18,61,2,2,12,40,5,2
15079,22,0,1,6,7,1,0,38,48,71,1,2,1,34,1,0
15080,40,0,10,4,4,2,0,24,86,85,1,2,3,20,6,1
15081,29,0,8,6,17,2,2,11,80,79,1,1,4,6,4,1
15082,22,1,1,1,2,2,0,39,44,75,1,0,1,29,9,0
15083,55,0,12,7,21,0,1,53,51,44,1,2,3,49,3,2
15084,27,2,6,5,15,0,0,44,69,67,1,1,5,31,3,2
15085,32,2,11,4,23,1,1,57,61,75,2,5,10,43,6,2
15086,26,2,4,1,1,1,1,86,3,32,2,2,13,42,28,0
15087,51,0,10,1,1,0,0,69,35,82,1,2,5,65,8,0
15088,33,0,11,0,22,2,0,11,70,90,1,2,0,8,0,1
15089,60,2,18,6,19,2,1,40,69,87,2,4,9,27,24,1
15090,25,0,4,2,9,0,0,52,52,77,1,0,0,46,5,2
15091,25,0,0,0,22,0,0,93,13,65,2,4,14,50,20,0
15092,56,1,10,5,15,2,2,60,35,94,2,4,12,40,21,2
15093,21,2,0,0,16,1,0,17,72,23,1,0,0,9,1,1
15094,48,1,12,1,5,1,0,38,69,78,1,0,3,18,8,2
15095,52,0,13,6,7,1,0,22,73,86,1,0,3,12,8,1
15097,27,0,0,2,6,2,1,52,67,72,1,0,1,42,3,2
15098,52,2,7,1,5,2,2,11,100,88,1,0,5,7,4,1
15099,45,2,6,0,0,0,0,85,13,74,0,8,23,65,23,0
15101,39,2,2,5,13,2,0,39,53,79,1,2,5,26,8,2
15102,47,2,5,1,1,1,0,11,79,79,1,1,4,9,8,1
15103,57,0,10,7,21,1,0,48,45,54,1,0,1,36,9,2
15104,42,2,6,0,16,1,2,83,12,40,2,4,13,45,13,2
15105,35,0,12,1,5,1,2,15,84,21,1,0,4,14,7,1
15106,40,2,9,4,23,1,0,88,9,94,2,3,8,41,15,0
15107,58,2,0,2,11,1,0,45,61,92,1,0,5,31,6,2
15108,50,0,6,6,19,0,0,69,49,97,2,3,14,64,10,0
15109,28,0,5,6,17,1,0,52,42,29,1,2,5,39,2,0
15110,33,2,0,1,2,2,0,71,41,20,1,2,4,59,7,0
15111,55,2,13,3,8,0,0,27,60,24,1,2,2,21,7,1
15112,48,0,1,3,18,1,1,69,21,64,2,2,12,64,10,0
15113,30,2,8,1,5,2,2,73,16,31,2,4,7,62,11,2
15114,38,3,14,7,10,1,1,31,70,93,1,1,3,29,7,1
15116,29,2,3,2,9,2,1,59,24,29,2,5,6,32,9,2
15117,32,0,4,2,11,1,1,93,16,90,0,5,23,46,25,2
15118,50,0,7,0,16,0,1,82,24,20,2,3,14,53,5,0
15119,31,2,4,4,4,1,0,81,20,41,2,5,8,80,21,0
15120,40,0,5,6,19,2,0,14,94,87,1,0,2,6,4,1
15123,31,0,8,0,22,0,0,43,61,88,1,0,0,41,1,2
15124,23,0,2,4,20,2,2,26,78,84,1,0,4,14,2,1
15125,56,0,4,5,14,0,1,21,80,57,1,2,4,15,5,1
15127,40,2,0,7,10,2,1,71,44,37,2,3,8,39,10,0
15128,22,0,1,6,19,1,0,44,32,94,1,2,1,25,7,0
15129,55,0,12,1,5,0,2,44,59,68,2,5,5,36,10,1
15130,57,0,10,0,0,2,1,92,7,61,2,5,9,66,12,0
15131,41,1,6,6,19,0,0,87,0,66,2,3,10,50,12,0
15132,41,1,11,1,5,2,2,82,10,88,2,5,6,64,7,0
15133,60,0,13,6,19,1,1,19,71,78,1,2,1,14,9,1
15134,22,2,1,6,19,1,1,13,92,95,1,1,2,9,1,1
15135,30,0,9,5,15,1,0,39,63,30,1,1,4,35,0,0
15136,43,0,8,3,3,1,1,30,81,24,1,2,3,15,1,1
15137,38,1,14,4,4,0,0,27,71,37,1,1,0,17,3,2
15138,28,2,7,1,2,1,0,57,42,91,1,1,0,26,3,2
15140,33,1,12,7,21,1,1,59,36,93,2,4,8,37,29,2
15141,59,1,4,5,13,2,0,23,91,83,1,0,2,12,5,2
15142,23,2,2,0,0,2,0,60,31,23,2,3,13,59,20,0
15143,45,1,4,4,23,1,1,26,62,36,1,0,4,17,1,2
15144,24,0,0,7,10,1,2,60,50,33,1,1,2,44,6,2
15145,42,2,18,5,15,2,1,58,43,43,2,4,8,56,19,2
15146,29,1,8,5,14,1,0,33,46,21,1,2,2,29,1,0
15147,48,0,15,2,6,2,0,67,29,59,2,5,12,34,19,2
15148,55,0,11,1,1,1,2,82,15,64,2,5,14,74,12,0
15149,58,2,9,7,12,1,2,43,60,34,1,2,1,38,2,1
15150,34,0,13,5,15,0,0,37,57,26,1,2,2,16,4,2
15151,30,1,1,2,11,2,1,11,71,80,1,0,2,6,4,1
15152,52,0,5,7,21,0,1,60,47,31,1,2,5,28,4,2
15153,21,2,0,1,2,0,1,49,54,94,1,0,1,48,8,2
15154,26,0,0,1,1,0,0,32,77,36,1,1,3,24,8,2
15155,55,0,10,7,10,1,0,40,48,92,1,1,0,38,9,2
15156,46,0,14,7,12,1,1,75,8,62,2,3,10,50,7,0
15157,33,2,12,7,12,2,0,64,21,72,2,2,7,51,6,0
15158,58,2,6,1,1,0,1,65,41,26,2,5,11,48,24,2
15159,37,1,7,3,8,0,0,62,47,85,2,5,8,56,8,0
15160,30,0,6,2,11,1,2,32,62,80,1,0,1,29,6,1
15161,45,0,7,5,14,0,1,77,24,32,2,2,10,51,10,0
15163,29,3,8,2,9,2,1,50,46,69,2,4,9,33,14,1
15164,24,1,3,2,11,0,1,61,23,79,1,0,1,33,7,2
15165,48,1,19,1,2,0,0,23,65,66,1,0,2,10,6,1
15166,42,0,14,4,23,1,0,78,24,29,2,5,11,38,25,0
15167,55,1,14,7,10,1,1,34,65,57,1,0,1,19,2,2
15169,47,0,9,7,10,2,1,47,48,69,1,1,4,28,5,2
15170,58,0,13,3,8,2,1,46,58,36,1,0,1,20,5,1
15171,30,0,7,6,7,1,1,64,41,31,2,2,12,41,14,0
15172,35,1,14,5,15,0,0,25,76,51,1,1,1,22,0,2
15173,23,0,0,1,2,0,2,18,68,39,1,2,4,14,6,1
15174,40,2,2,3,18,1,0,65,30,38,2,2,8,61,27,0
15175,21,0,0,0,16,0,1,14,76,34,1,1,0,8,9,1
15176,47,0,13,6,19,2,2,37,65,70,2,4,12,20,21,1
15177,38,0,14,0,0,2,0,37,62,62,1,2,0,34,8,1
15178,46,0,8,2,11,1,1,40,62,83,1,0,5,27,6,1
15179,27,1,6,4,20,2,0,65,15,40,2,3,5,51,27,0
15180,36,0,9,6,19,2,2,71,32,96,2,3,13,55,28,2
15181,48,2,15,2,11,1,1,15,89,86,1,1,0,13,2,1
15182,25,0,4,3,8,0,1,30,74,47,1,2,5,25,1,1
15183,45,0,11,4,23,1,1,16,75,67,1,1,0,14,6,1
15184,22,1,1,0,16,1,0,67,50,87,2,4,7,36,26,2
15185,36,2,8,4,4,1,1,46,46,25,1,1,1,22,0,2
15186,26,2,5,2,9,1,0,27,61,80,1,0,3,17,3,1
15187,60,1,13,6,7,0,0,15,88,43,1,0,3,7,2,2
15188,57,0,11,4,20,0,0,87,13,76,2,2,9,51,23,0
15189,29,2,7,2,6,0,1,59,53,41,2,4,6,46,27,2
15190,50,0,0,0,22,2,0,22,79,95,1,2,3,18,9,1
15191,52,2,8,5,15,1,1,37,43,71,2,2,13,27,16,2
15192,28,2,7,2,6,0,1,91,14,43,0,8,25,52,36,2
15193,39,1,9,3,3,1,0,44,55,48,1,0,0,20,5,2
15194,33,0,7,3,8,1,0,28,78,61,1,0,2,20,5,1
15195,52,0,9,2,6,0,1,38,77,66,1,2,0,23,7,1
15196,27,2,6,7,10,1,0,21,78,53,1,2,4,18,5,1
15197,46,1,10,7,10,1,0,75,26,69,2,4,7,63,10,0
15198,32,2,11,5,13,2,2,26,73,35,1,2,0,25,0,1
15199,42,0,15,3,18,1,0,90,6,40,2,3,6,71,22,0
15200,55,2,10,2,9,1,2,69,38,70,2,3,5,37,14,1
15201,52,0,9,3,3,0,0,94,1,57,2,2,9,42,22,0
15202,54,2,12,0,0,0,0,88,6,79,2,5,7,46,7,0
15203,43,0,2,4,23,1,1,62,16,77,2,3,14,51,25,0
15204,44,2,9,4,23,1,0,12,80,58,1,1,1,9,9,1
15205,26,0,2,0,22,1,1,63,19,65,1,0,5,51,7,0
15206,45,0,3,3,3,2,1,58,48,90,1,0,5,46,4,2
15207,25,1,4,1,2,0,2,48,41,86,1,2,2,47,4,2
15208,58,2,5,0,0,0,1,64,56,26,2,3,10,53,8,2
15209,27,0,4,7,12,0,1,31,65,86,1,2,5,17,9,1
15210,48,2,8,5,14,1,0,36,82,80,1,0,1,27,7,2
15211,45,0,3,3,18,1,1,73,21,85,2,3,12,51,20,2
15212,55,2,10,7,21,1,0,10,91,21,1,0,3,8,0,1
15213,51,0,0,0,0,0,0,49,54,20,2,5,10,26,29,2
15214,22,0,1,2,11,1,1,19,89,71,1,2,0,17,3,1
15215,50,0,2,4,4,1,0,22,83,31,1,2,4,13,3,2
15216,35,3,9,4,4,2,0,78,11,89,2,5,7,38,9,0
15217,33,2,12,7,21,1,1,35,55,63,1,0,2,23,7,1
15218,26,1,5,7,12,2,0,60,37,77,2,2,12,56,10,0
15219,56,0,2,6,19,1,1,85,13,72,2,4,5,56,24,0
15220,41,3,15,6,17,1,0,52,46,89,1,0,3,36,2,2
15221,22,2,1,3,3,0,1,35,46,94,1,1,2,20,5,1
15222,25,0,4,2,11,0,0,11,100,82,1,0,3,9,1,1
15223,52,1,4,3,18,2,0,94,10,85,2,2,5,89,21,0
15224,25,1,4,1,2,2,2,30,77,44,1,1,0,24,0,1
15225,49,0,13,6,7,1,0,14,99,88,1,0,3,9,0,1
15226,59,2,12,7,10,1,0,94,0,22,2,4,5,51,20,0
15227,38,2,8,5,15,1,0,48,52,51,1,1,0,29,2,2
15228,55,2,14,5,13,1,0,21,80,52,1,2,3,11,4,1
15229,36,0,0,4,20,2,0,48,70,35,1,1,3,37,4,0
15230,34,0,13,3,18,1,0,63,37,73,2,4,6,49,19,2
15231,56,0,12,3,18,0,0,19,84,43,1,0,2,18,5,1
15232,60,3,11,0,22,2,1,50,45,66,2,4,8,44,18,1
15233,25,3,4,5,13,1,0,41,63,74,1,1,5,27,3,2
15234,25,0,4,0,16,0,0,39,53,86,1,0,0,21,9,1
15235,58,0,4,6,7,1,1,65,41,69,2,5,6,62,27,0
15236,39,2,18,2,6,2,0,21,84,33,1,2,4,13,3,1
15237,23,2,2,5,15,1,0,36,76,93,1,2,2,30,8,2
15238,33,0,11,1,2,1,0,26,61,23,1,2,5,24,8,2
15239,41,0,15,1,5,2,1,21,73,41,1,0,3,19,9,1
15241,54,0,13,3,3,0,2,40,71,74,1,2,0,36,4,1
15242,55,2,11,6,17,2,0,44,49,92,1,2,3,37,4,2
15243,33,0,8,4,20,0,0,17,89,64,1,0,2,16,0,1
15244,28,0,7,6,7,0,0,82,21,55,2,2,14,78,17,0
15245,50,0,9,0,22,2,1,49,50,77,1,2,5,37,2,1
15246,44,0,4,7,21,2,0,77,19,35,2,2,12,37,6,0
15247,37,1,12,6,7,2,2,83,27,50,2,2,8,61,24,0
15248,44,3,14,3,8,2,0,46,59,90,1,0,0,40,9,1
15249,44,0,10,0,16,1,0,61,44,64,2,5,11,48,18,2
15250,29,0,6,6,19,1,1,24,86,94,1,2,2,12,0,1
15251,54,0,2,7,21,1,2,81,35,37,2,5,10,77,11,0
15252,22,0,1,3,8,1,0,70,10,87,2,4,12,67,17,0
15253,36,0,4,5,13,1,0,53,57,29,1,2,5,50,6,0
15254,41,2,7,7,12,1,1,55,48,93,1,2,1,35,6,1
15255,24,2,3,7,21,0,0,91,16,50,2,4,8,85,11,0
15256,43,0,12,7,12,0,0,22,76,39,1,2,4,10,9,1
15257,27,2,6,2,6,2,0,60,37,22,2,2,13,31,6,2
15258,34,2,8,2,9,0,1,15,79,52,1,0,5,9,2,1
15259,23,0,2,2,11,1,0,52,55,73,1,0,4,24,3,2
15260,43,0,0,2,6,0,0,31,57,62,1,1,3,28,6,2
15261,60,0,7,3,18,1,0,89,9,80,2,5,13,69,8,0
15262,30,0,1,6,19,0,1,89,23,70,2,2,11,59,7,0
15263,32,0,9,6,17,2,1,79,6,46,0,5,19,77,40,0
15264,42,1,10,6,19,0,1,80,43,68,2,5,9,72,13,0
15265,28,0,7,7,12,0,1,88,16,29,2,2,6,85,24,0
15266,49,0,15,0,0,2,2,55,40,57,2,5,14,48,14,1
15267,26,0,2,5,13,1,0,43,40,27,2,2,11,40,5,0
15268,45,0,3,7,21,0,2,39,48,38,1,2,0,28,1,1
15269,22,0,1,7,12,2,0,34,41,67,1,2,3,30,9,2
15270,54,2,0,4,4,0,2,29,83,62,1,0,3,15,4,1
15271,58,1,12,3,8,1,1,49,73,92,1,2,2,44,5,2
15272,33,0,12,7,21,1,1,10,96,58,1,0,3,7,4,1
15273,55,0,2,0,16,1,0,20,62,92,1,1,4,15,7,1
15274,52,0,7,6,17,2,1,39,51,94,1,0,0,25,7,2
15275,22,0,1,5,13,1,0,21,79,45,1,1,4,17,8,2
15276,27,3,6,5,13,1,2,38,79,59,1,2,5,17,7,1
15277,36,0,7,0,16,1,0,40,61,37,1,1,4,28,1,2
15278,57,0,8,4,23,1,1,30,63,80,1,2,3,21,3,1
15279,53,0,21,2,11,0,2,64,38,79,2,3,13,50,17,1
15280,39,0,8,6,17,1,2,10,83,71,1,1,4,6,4,1
15281,24,2,1,6,19,1,1,30,74,92,1,0,3,21,6,1
15282,37,0,13,4,23,0,1,39,53,70,1,2,5,20,5,2
15283,47,2,9,0,16,1,0,23,82,92,1,0,1,10,9,1
15285,47,0,13,2,6,1,1,77,15,29,2,3,10,41,5,0
15286,35,0,10,4,23,2,0,65,48,62,2,2,14,55,17,0
15287,43,0,3,4,23,2,1,51,57,22,2,2,12,45,5,0
15289,46,0,9,1,2,2,1,24,83,82,1,1,0,17,8,1
15290,55,0,17,5,13,1,1,26,82,37,1,2,0,14,1,1
15291,41,2,16,7,12,1,1,42,47,78,2,5,8,37,12,1
15292,58,0,7,2,9,1,1,40,50,76,1,1,0,37,3,1
15293,48,0,6,4,23,0,0,51,42,27,1,0,1,39,5,0
15294,54,3,8,1,2,2,1,73,33,92,2,5,6,48,13,2
15295,39,0,10,1,2,1,0,77,14,81,0,6,25,75,47,0
15296,44,0,9,4,23,1,0,46,49,92,1,0,0,30,1,2
15297,59,2,1,5,15,0,1,60,52,22,2,2,7,48,23,0
15298,23,0,1,6,17,2,0,22,93,34,1,1,5,18,5,2
15299,58,0,1,7,21,0,1,34,55,56,1,0,2,17,1,2
15300,53,0,7,0,22,0,1,39,66,87,1,1,0,22,8,1
15301,41,2,10,0,16,1,1,46,55,42,2,4,12,23,27,1
15302,34,2,8,7,21,0,0,62,32,80,1,0,0,57,3,0
15303,34,2,6,1,2,2,1,33,78,85,1,2,0,15,4,1
15304,31,2,10,7,21,1,0,46,64,64,1,0,1,23,5,2
15305,35,2,3,7,10,1,0,83,14,64,2,5,6,58,8,0
15306,31,0,0,3,18,1,1,32,70,45,1,2,3,21,8,1
15307,60,1,3,6,17,1,1,32,60,51,1,0,3,24,5,2
15309,35,2,3,1,5,1,1,35,47,38,1,2,2,24,7,1
15310,59,1,11,6,19,2,0,43,47,85,1,2,0,25,1,2
15311,39,2,0,1,2,1,1,40,49,71,1,2,0,38,2,2
15312,38,3,13,0,16,1,0,64,38,88,2,4,10,58,7,2
15313,32,1,7,4,4,1,1,71,37,77,2,5,6,39,18,0
15314,26,0,5,2,11,0,1,36,62,78,2,4,6,17,6,1
15315,23,0,2,5,14,2,1,44,49,56,1,0,2,43,8,0
15316,36,0,7,2,6,1,0,53,51,55,1,1,5,36,6,2
15317,42,0,8,5,13,2,1,56,25,60,2,5,10,40,5,0
15318,36,3,10,6,17,1,0,50,58,35,2,2,7,42,11,2
15319,43,0,6,2,9,1,2,35,63,27,1,0,2,15,8,1
15320,51,2,11,7,21,1,0,51,48,29,1,1,0,50,8,0
15321,40,1,7,3,8,2,1,10,80,28,1,0,1,8,6,1
15322,32,0,3,5,15,2,0,44,49,88,2,3,8,43,15,2
15323,55,0,17,3,18,1,1,28,65,56,1,0,3,23,4,1
15324,38,2,6,3,3,0,0,59,28,53,1,1,4,44,8,2
15325,58,0,14,3,18,2,1,18,62,32,1,0,0,11,5,1
15326,27,0,6,6,17,1,0,58,49,73,2,4,5,32,26,2
15327,47,0,15,3,18,1,0,27,79,42,1,0,1,24,0,1
15328,56,0,9,0,22,2,1,19,84,68,1,2,2,17,4,1
15329,51,0,11,4,4,2,1,21,100,54,1,1,0,11,3,1
15330,53,0,9,6,17,0,0,56,51,40,1,0,4,36,2,0
15331,56,1,7,7,21,1,1,21,79,59,1,1,4,14,1,1
15332,42,0,13,4,20,0,0,49,43,73,2,2,12,22,21,2
15333,35,2,6,0,0,2,0,14,97,39,1,2,1,8,1,1
15334,40,0,0,5,15,1,1,19,87,93,1,2,3,14,6,1
15335,46,2,0,7,10,0,0,30,75,65,1,0,2,20,6,2
15336,26,2,1,0,22,2,0,79,9,82,2,4,11,61,21,0
15338,30,0,7,3,8,2,2,29,92,80,1,0,4,19,2,1
15339,49,1,10,7,21,0,1,57,35,47,2,3,13,42,21,0
15340,42,0,4,5,13,0,0,47,58,61,1,1,2,29,2,2
15341,38,0,14,7,12,1,1,77,7,90,1,2,5,68,9,0
15342,26,0,0,2,9,0,1,44,63,59,1,2,5,41,1,2
15343,33,0,12,2,11,0,0,47,58,91,2,3,5,36,26,1
15344,36,2,2,0,16,2,1,52,41,45,2,5,12,49,22,2
15345,29,2,8,6,17,0,1,87,1,84,2,4,7,43,15,0
15346,46,0,10,5,13,0,1,70,42,37,2,2,9,67,9,0
15347,32,0,7,1,1,1,1,52,64,32,1,1,5,24,0,2
15348,51,0,4,2,6,2,1,43,79,40,2,3,9,32,6,1
15349,54,0,11,0,0,2,0,55,57,53,1,2,3,36,8,2
15350,52,3,0,4,4,1,2,65,32,56,2,4,12,55,22,2
15351,50,0,9,2,6,1,0,26,61,46,1,2,4,22,1,1
15352,30,0,9,0,16,2,1,51,52,29,1,1,1,50,9,2
15353,50,0,10,3,18,1,1,93,7,87,2,2,12,51,13,0
15354,48,1,8,1,5,1,0,20,96,63,1,1,1,16,7,1
15355,34,0,9,0,16,1,1,45,60,55,1,0,1,26,9,1
15356,51,0,12,6,7,1,0,36,61,32,1,1,3,28,1,2
15357,33,2,11,6,19,2,0,28,74,89,1,1,4,16,7,1
15358,21,2,0,4,23,2,1,61,31,59,2,3,9,28,11,2
15359,37,0,14,0,0,2,0,26,86,32,1,2,2,13,5,1
15360,41,3,8,2,11,1,2,67,21,86,2,3,5,59,6,1
15361,58,2,5,2,9,1,0,24,88,35,1,2,5,16,3,1
15362,41,0,7,2,9,2,0,17,88,72,1,0,3,9,5,1
15363,53,0,10,5,14,1,0,80,13,25,2,3,11,60,10,0
15364,40,1,10,0,0,1,1,12,98,44,1,1,0,11,3,1
15365,54,2,12,4,4,0,0,29,76,92,1,1,1,13,3,1
15366,26,0,5,5,15,1,1,13,80,54,1,0,2,10,7,1
15367,23,0,2,7,10,2,1,89,0,67,2,4,10,42,26,0
15368,36,1,15,4,4,1,1,57,52,78,2,5,6,36,18,2
15369,36,1,0,3,3,0,0,53,45,26,2,2,13,25,15,0
15370,38,1,8,0,22,2,1,28,66,81,1,2,5,22,5,1
15371,48,2,4,1,2,0,1,33,79,86,1,1,2,28,2,1
15372,32,0,11,1,5,1,2,60,46,30,1,2,2,55,5,2
15373,54,0,18,4,23,1,0,45,67,42,2,5,11,38,8,2
15374,47,1,8,0,22,0,1,31,100,95,1,0,3,15,1,1
15375,42,0,0,2,6,1,1,37,65,25,1,0,4,17,8,2
15376,46,0,10,5,15,2,0,63,34,45,2,5,10,35,22,0
15377,58,2,6,1,5,1,1,42,69,21,2,4,13,33,5,2
15378,49,2,3,2,9,1,0,56,49,39,2,5,12,54,23,2
15379,59,2,9,6,7,2,1,93,6,83,2,4,6,87,20,0
15380,59,2,9,1,5,2,2,11,87,65,1,0,1,9,8,1
15381,33,1,2,5,13,0,1,33,76,74,1,2,1,29,9,2
15382,45,0,8,2,6,1,0,26,67,94,1,0,1,11,0,1
15383,58,0,5,6,7,0,0,90,9,79,2,2,11,47,28,0
15384,32,0,10,0,16,1,1,32,78,84,1,1,4,22,7,1
15385,37,2,8,4,23,0,0,42,46,89,1,0,1,38,9,2
15386,35,1,3,4,23,2,1,54,42,41,1,1,0,31,6,0
15387,48,2,11,7,21,2,2,23,88,45,1,2,1,16,8,1
15388,22,2,1,7,21,2,2,53,45,22,2,4,9,50,16,2
15389,49,1,3,3,3,0,2,93,13,34,0,5,22,57,21,0
15390,48,0,12,3,3,1,1,74,31,66,2,2,5,55,22,2
15391,47,2,4,0,0,1,0,75,22,30,2,3,9,65,10,0
15392,50,1,0,5,13,2,0,78,30,25,2,3,10,70,5,0
15393,56,1,10,6,7,1,0,94,3,50,2,5,6,64,5,0
15394,48,1,10,5,14,2,2,37,59,50,1,0,5,21,4,1
15395,56,3,8,7,12,0,0,37,68,41,1,1,0,22,6,1
15396,21,2,0,4,4,1,1,86,3,67,2,4,7,66,7,0
15398,33,0,7,0,0,2,1,50,57,28,1,2,2,42,0,2
15399,28,2,7,2,11,0,2,73,28,68,2,3,13,70,10,2
15400,32,2,11,3,8,2,0,55,60,38,2,3,11,42,11,2
15401,35,2,8,5,13,2,1,38,73,22,1,2,4,22,4,2
15402,59,2,12,3,3,2,2,25,83,62,1,1,4,21,3,1
15403,45,0,2,7,12,2,1,67,34,53,0,7,21,59,40,0
15404,41,0,11,6,17,1,2,32,80,70,1,0,5,18,1,1
15405,52,3,0,1,5,1,1,88,0,66,2,5,10,50,7,0
15406,55,2,7,6,17,1,1,27,70,36,1,2,5,18,5,1
15407,44,1,15,4,23,1,2,18,82,80,1,1,4,12,8,1
15409,45,0,6,3,18,0,2,26,72,77,1,2,5,12,5,1
15410,49,0,8,1,5,2,1,27,80,44,1,1,4,18,5,1
15411,23,0,2,5,15,1,0,58,16,40,2,4,13,37,29,0
15412,54,1,0,4,20,0,2,41,72,90,1,0,2,27,7,1
15413,48,0,12,5,13,2,1,40,65,33,1,1,0,39,2,2
15414,45,2,19,5,14,1,1,48,23,37,1,1,5,36,0,2
15415,21,0,0,1,2,0,0,39,53,21,1,1,1,18,7,0
15416,26,2,5,5,13,1,2,33,75,90,1,1,0,22,8,1
15417,32,2,9,4,20,1,2,91,10,81,2,2,10,87,23,0
15418,37,0,9,2,9,1,0,18,94,34,1,0,3,15,2,1
15419,49,0,11,0,0,0,0,86,11,54,2,5,13,45,17,0
15420,27,0,6,0,0,0,2,39,59,89,1,2,5,25,8,1
15421,26,0,5,5,14,1,1,50,38,80,1,1,0,42,4,2
15422,55,1,4,6,17,1,0,66,27,53,2,4,5,56,5,0
15423,35,1,0,5,13,2,0,10,70,35,1,0,0,6,7,2
15424,38,2,1,4,23,1,0,70,28,54,2,2,9,50,18,0
15425,43,0,9,1,5,0,1,10,83,23,1,1,5,6,9,1
15426,38,2,9,0,16,1,1,55,46,50,2,2,9,30,26,1
15427,29,1,7,0,0,1,2,70,28,69,2,3,12,36,16,1
15428,52,2,13,6,7,1,2,43,64,31,1,0,1,28,8,1
15429,48,0,6,0,22,0,1,37,53,84,2,4,11,20,20,1
15430,28,0,7,6,19,1,0,36,58,73,2,3,12,30,19,2
15431,59,0,14,0,0,2,0,61,31,24,2,4,7,56,5,0
15432,57,0,9,0,16,1,1,37,59,35,1,1,2,25,2,1
15433,28,1,6,3,8,0,1,60,30,88,2,2,12,39,18,2
15434,44,2,10,0,0,2,0,22,75,24,1,2,0,16,2,1
15436,43,1,17,0,16,2,0,22,68,34,1,0,5,13,6,1
15437,50,0,3,1,2,1,0,14,68,37,1,0,0,12,8,1
15438,38,0,7,7,21,1,0,39,57,89,1,1,0,38,8,2
15439,53,0,4,3,18,0,2,53,27,55,1,0,3,25,4,1
15440,60,1,2,5,13,1,0,72,38,84,2,5,5,60,9,0
15441,53,3,16,1,1,0,1,43,42,39,1,2,4,29,5,1
15442,51,0,8,7,10,1,1,25,78,66,1,2,4,24,3,1
15443,37,0,9,6,19,0,1,54,52,82,1,0,0,50,4,2
15444,44,2,4,5,15,2,1,39,55,42,1,2,0,33,0,2
15445,45,0,12,3,3,1,0,26,75,37,1,2,5,20,0,1
15446,52,1,2,3,3,0,0,48,43,24,1,0,2,21,0,0
15447,27,0,6,1,5,2,1,74,30,67,2,4,10,41,14,0
15448,35,3,12,7,12,2,1,46,54,38,2,4,7,42,29,1
15449,28,0,0,4,4,0,1,27,68,55,1,1,2,25,4,2
15450,48,0,19,1,5,1,1,41,43,54,1,1,2,26,0,2
15451,28,0,7,4,4,1,2,60,43,53,2,4,5,34,28,2
15452,24,1,3,4,4,1,1,16,87,46,1,2,4,14,5,1
15453,44,2,8,6,17,2,0,60,34,60,1,0,2,28,9,2
15454,57,1,6,1,2,2,2,27,80,20,1,1,1,17,0,1
15455,50,1,7,0,16,1,0,24,74,69,1,1,1,23,8,1
15456,51,2,21,0,16,1,1,18,66,49,1,2,0,12,0,1
15458,37,2,10,6,17,2,0,39,55,35,1,0,5,32,1,2
15459,23,2,2,5,15,2,1,73,20,57,2,2,6,33,8,0
15460,34,0,9,7,10,1,1,12,65,78,1,1,3,9,2,1
15461,29,0,8,1,5,2,0,68,31,84,2,3,12,35,26,0
15462,34,1,11,3,18,1,0,44,45,91,2,2,9,21,8,2
15463,36,1,8,7,10,0,1,84,10,38,2,4,12,56,12,0
15464,60,0,4,3,18,1,1,35,70,53,1,2,1,23,0,1
15465,42,2,5,4,23,1,1,53,50,26,2,2,10,28,8,2
15466,28,2,4,3,8,1,0,11,95,74,1,2,2,6,7,1
15467,41,1,20,3,18,2,0,62,30,22,2,4,14,38,27,0
15469,21,2,0,3,3,1,0,68,27,58,2,4,10,64,28,0
15470,51,0,6,4,4,1,1,47,46,23,1,0,0,23,0,2
15471,43,0,12,5,13,1,2,49,48,88,1,2,3,40,2,2
15472,48,0,11,3,3,2,1,37,44,40,1,0,4,21,9,1
15473,22,0,1,7,12,2,1,75,21,74,2,4,13,53,23,0
15474,35,2,14,2,6,0,2,43,71,91,1,2,0,24,1,1
15475,21,0,0,0,0,0,1,32,74,23,1,0,1,22,5,1
15476,48,0,0,1,5,1,0,44,55,56,1,1,5,36,4,0
15477,53,2,13,2,11,1,1,76,7,68,2,5,7,59,5,2
15478,47,1,12,0,16,2,0,37,54,80,1,1,5,23,6,2
15479,32,0,11,6,7,1,0,27,88,76,1,2,2,26,0,2
15480,48,2,12,7,21,0,0,75,25,33,2,3,9,37,7,0
15481,44,0,10,7,12,1,0,83,22,84,2,2,5,74,9,0
15482,55,1,3,6,17,1,0,75,29,29,2,2,5,73,19,0
15483,32,0,9,6,17,2,2,56,58,54,1,2,1,31,4,2
15484,22,1,1,4,20,1,1,42,51,82,1,0,0,40,1,0
15486,53,0,1,0,16,1,1,60,47,67,2,3,8,49,6,2
15488,29,0,5,4,20,1,0,47,53,75,1,0,5,35,0,2
15489,52,3,16,4,20,2,0,15,82,80,1,2,0,13,0,1
15490,50,0,0,2,6,0,1,38,82,37,1,1,1,29,0,2
15491,41,0,7,6,17,2,1,83,0,91,2,3,11,64,7,0
15492,53,0,3,1,1,1,0,85,35,29,2,2,10,60,21,0
15493,45,0,0,6,17,1,0,17,49,43,1,0,0,12,1,2
15494,43,1,5,1,1,1,0,38,76,78,1,0,0,27,6,2
15495,39,0,13,3,18,2,0,44,46,29,1,2,3,39,4,2
15496,24,2,0,5,14,1,1,26,79,72,1,0,3,11,6,1
15497,41,1,6,3,8,2,0,89,13,32,0,7,16,74,31,0
15498,25,0,4,4,23,2,2,73,26,35,2,3,7,56,20,2
15499,49,2,1,2,9,1,1,80,19,58,2,3,7,69,24,0
15500,37,0,15,5,13,2,0,28,75,81,1,0,1,15,4,2
15501,47,2,10,6,17,2,0,38,62,46,1,2,3,27,7,2
15502,38,1,8,7,12,0,1,19,81,61,1,1,0,14,6,1
15503,27,0,3,6,17,1,0,74,24,38,2,3,7,71,16,0
15504,25,2,4,4,4,1,0,81,25,93,2,3,9,61,29,0
15505,51,1,6,7,21,2,2,49,41,79,1,2,1,30,2,1
15506,28,3,7,1,2,0,0,74,29,81,2,2,13,39,24,2
15508,34,0,7,3,18,1,0,20,87,87,1,2,1,15,8,1
15509,60,0,7,3,8,2,1,72,35,53,2,3,10,35,29,2
15510,57,0,6,3,3,2,0,69,26,39,2,5,5,49,23,0
15511,39,1,0,6,17,2,0,29,60,83,1,2,5,26,3,0
15512,41,1,11,7,21,1,0,68,36,46,2,3,9,63,17,0
15513,49,1,2,2,9,2,1,12,76,29,1,1,2,6,2,1
15514,48,0,14,3,8,2,0,36,75,39,1,2,2,32,4,2
15515,49,0,16,2,9,1,0,63,24,39,1,0,0,57,6,0
15516,24,0,3,2,6,1,0,56,75,47,1,2,2,32,5,2
15517,25,0,4,7,10,1,2,27,83,42,1,1,0,17,0,1
15518,53,1,11,4,4,0,1,10,82,67,1,2,4,7,3,1
15519,30,0,6,5,13,0,0,11,75,64,1,2,3,8,8,1
15520,24,3,3,1,1,1,0,10,95,58,1,0,1,9,3,1
15521,25,0,4,7,21,0,0,25,72,36,1,2,2,23,7,2
15522,22,0,1,1,1,0,1,17,72,84,1,1,2,13,7,1
15523,60,0,4,2,6,1,0,29,58,50,1,2,2,21,3,1
15524,44,0,7,2,11,2,0,27,73,85,1,1,1,12,9,1
15525,25,0,4,2,11,0,0,64,34,85,2,4,11,45,13,2
15526,58,2,5,5,13,2,1,50,38,43,1,0,4,44,6,2
15527,52,0,10,2,9,1,2,62,23,29,2,4,12,38,11,2
15528,27,0,2,2,9,1,1,59,38,61,0,5,19,47,21,2
15529,24,2,3,1,1,1,0,30,67,67,1,0,0,21,6,1
15531,52,1,12,2,9,1,0,86,18,92,2,4,9,47,23,0
15532,45,0,11,5,15,1,0,68,10,73,2,3,6,60,26,0
15533,48,3,10,0,0,1,2,13,75,48,1,0,1,11,8,1
15534,52,1,10,5,13,1,1,66,18,44,2,3,7,62,9,0
15535,32,0,10,5,15,0,1,56,37,83,2,5,7,50,7,0
15536,36,2,7,0,16,2,0,82,5,65,2,5,7,47,9,0
15537,47,0,13,6,19,1,0,68,23,81,2,2,12,42,13,0
15538,37,0,9,0,16,2,1,89,0,81,0,5,18,41,38,2
15539,34,0,4,0,0,0,1,78,36,38,2,4,5,70,21,0
15540,36,1,4,5,14,2,0,51,39,41,2,2,11,27,5,0
15542,47,2,12,1,2,2,1,75,34,85,1,1,2,50,0,2
15543,21,3,0,0,22,2,2,47,43,92,1,0,3,25,2,1
15544,39,0,12,6,17,0,2,57,25,89,1,2,1,55,9,2
15545,43,0,7,4,20,1,2,41,78,87,1,1,3,21,9,1
15546,37,2,7,3,8,0,1,32,79,49,1,0,5,31,1,1
15547,27,0,6,0,22,1,0,15,75,86,1,1,0,10,7,1
15548,55,0,13,3,18,2,1,70,29,88,2,3,9,57,12,2
15549,23,2,2,1,2,2,0,18,76,69,1,0,5,16,7,1
15550,23,1,2,6,17,1,0,84,15,85,2,4,14,59,18,0
15551,26,0,5,7,12,1,2,35,77,33,1,1,4,21,5,1
15552,43,2,8,5,14,2,1,20,92,39,1,1,3,17,3,1
15553,37,0,8,5,15,1,1,32,64,67,1,0,1,23,8,2
15554,48,0,10,1,5,0,0,54,38,89,1,1,3,33,0,2
15555,41,2,12,7,12,2,1,31,70,86,1,0,4,25,9,1
15556,23,0,2,2,11,1,0,44,53,79,1,1,4,36,3,2
15557,22,1,1,3,18,1,0,20,84,58,1,1,2,11,6,2
15559,41,3,17,6,19,1,0,71,12,65,2,5,13,68,14,0
15560,43,1,7,6,17,2,0,37,54,74,1,1,4,24,1,2
15561,47,2,6,5,14,1,1,45,42,51,1,0,5,38,4,2
15562,47,2,17,1,1,1,0,24,94,49,1,0,1,17,3,1
15563,21,0,0,2,9,2,0,20,62,83,1,2,0,16,0,1
15564,38,2,10,2,6,1,0,56,33,60,2,5,7,47,13,2
15565,41,2,0,6,17,0,0,58,27,49,2,5,12,41,21,0
15566,45,2,6,3,18,2,0,80,16,76,2,2,6,36,9,2
15568,35,1,14,4,23,1,1,81,27,70,2,2,10,79,7,0
15569,30,0,7,5,15,2,2,31,64,26,1,0,5,24,3,1
15570,60,2,7,4,20,0,1,63,40,35,1,2,1,49,3,0
15571,22,2,1,3,3,2,1,19,80,83,1,1,5,18,0,1
15572,59,1,5,4,23,2,2,93,0,72,0,6,18,72,44,0
15573,52,0,13,1,2,2,1,16,90,45,1,0,0,11,4,1
15574,30,1,9,6,17,0,1,90,6,54,2,4,6,51,6,0
15575,56,1,11,7,10,2,0,63,20,28,2,5,14,56,13,0
15576,30,2,4,0,22,1,1,93,0,95,2,4,9,71,26,2
15577,29,0,8,4,23,1,1,25,66,66,1,2,1,12,3,1
15578,47,0,21,4,4,1,0,33,52,81,1,1,0,14,6,1
15579,51,0,8,1,2,2,0,73,10,38,2,2,9,66,9,0
15580,31,0,10,7,10,1,2,45,49,37,1,0,2,43,1,1
15581,23,1,2,1,5,0,1,86,15,50,0,7,24,76,47,0
15582,27,2,3,2,11,1,0,74,32,86,2,3,10,34,6,2
15583,52,2,9,5,13,2,0,72,8,59,2,5,11,56,19,0
15584,53,2,2,7,12,1,0,82,17,87,2,5,8,45,20,0
15585,48,0,4,3,8,2,1,37,63,41,1,2,5,21,3,1
15586,51,0,8,5,14,2,0,35,53,41,1,1,2,33,4,0
15587,23,2,2,7,12,1,1,58,41,94,2,4,7,45,20,2
15588,59,0,5,6,19,2,1,70,40,69,2,4,8,65,29,0
15589,52,0,11,6,7,2,2,67,21,60,2,3,13,52,16,2
15590,59,3,6,2,9,2,0,53,44,92,2,4,12,26,22,1
15592,55,0,2,0,0,1,1,71,23,49,2,2,6,59,28,0
15593,57,0,15,5,13,1,1,32,66,28,1,1,4,16,2,2
15594,22,2,1,7,21,1,0,61,36,62,1,2,3,55,6,0
15596,50,0,4,1,5,1,0,31,70,73,1,2,5,27,3,2
15597,24,0,3,3,3,2,1,16,74,74,1,0,2,11,6,1
15598,32,0,9,6,7,0,0,56,39,27,1,0,1,28,3,0
15601,59,3,12,3,8,2,0,27,71,30,1,0,2,16,0,1
15602,39,0,17,4,4,2,0,66,18,54,2,4,6,46,12,0
15603,42,2,8,3,18,0,0,50,65,37,1,2,5,36,0,2
15604,28,0,7,5,14,1,0,47,61,72,1,2,1,30,2,2
15605,45,0,9,0,16,1,1,85,17,91,2,4,9,40,12,2
15606,30,2,6,1,2,2,0,12,79,70,1,2,3,6,0,1
15607,45,0,7,4,4,0,0,51,41,24,2,2,5,49,18,0
15608,39,3,6,3,18,0,1,36,51,88,1,1,3,33,5,1
15609,30,0,9,1,2,2,0,72,39,75,2,3,10,38,28,0
15610,38,1,10,0,16,0,1,85,0,72,2,5,9,45,15,0
15611,41,0,10,1,1,1,1,13,91,47,1,0,5,12,8,1
15613,50,0,5,2,6,1,1,55,30,31,2,3,11,27,23,2
15614,43,2,5,7,21,2,1,69,23,20,2,5,14,62,17,0
15615,28,0,7,3,3,1,1,41,49,87,1,0,5,20,6,1
15616,33,1,7,5,14,0,2,80,23,45,2,5,6,59,23,0
15617,27,0,6,1,5,2,2,28,80,94,1,1,3,14,7,1
15618,39,2,12,6,19,2,1,56,40,65,2,5,12,38,20,2
15619,50,0,8,6,7,1,1,46,48,80,1,0,3,35,1,2
15620,58,0,0,7,12,0,1,59,38,58,2,3,8,28,5,2
15621,50,0,12,2,9,0,2,20,78,90,1,2,0,19,0,1
15622,53,0,4,2,9,1,0,42,51,22,2,2,12,39,26,2
15623,26,1,0,3,18,1,1,37,63,21,1,2,0,25,0,2
15624,45,1,7,2,11,2,0,23,69,90,1,1,0,17,0,1
15625,39,3,3,7,12,1,1,84,22,26,2,2,8,43,21,2
15626,56,2,5,3,8,1,0,43,45,50,1,1,2,31,9,2
15627,23,0,2,4,23,1,0,74,51,57,2,3,5,50,9,0
15628,55,2,12,5,13,2,1,53,53,87,1,0,1,41,0,2
15630,33,1,12,6,19,2,2,79,40,92,2,2,6,63,12,0
15631,27,0,6,0,16,0,0,56,48,43,2,3,12,42,7,2
15632,57,0,7,6,7,1,2,77,22,50,2,4,7,54,11,0
15633,35,1,10,5,14,0,0,93,11,52,2,2,7,47,29,0
15634,42,0,8,1,1,1,0,83,26,94,2,2,10,49,19,0
15635,26,2,5,7,21,2,1,53,61,65,2,2,5,41,10,2
15636,25,0,4,4,20,2,0,66,56,82,2,5,7,51,17,0
15637,53,0,4,0,22,1,0,93,2,84,0,7,23,84,45,0
15638,22,0,1,4,23,2,2,80,15,91,1,0,0,67,5,0
15639,31,0,9,0,0,2,0,52,36,32,1,1,1,44,2,2
15640,56,0,14,7,12,1,1,76,28,25,2,3,12,53,21,0
15641,23,0,2,6,7,2,2,22,75,91,1,0,4,20,1,1
15642,27,1,6,0,22,1,1,18,88,89,1,2,3,10,0,1
15643,42,0,9,3,18,1,2,91,6,30,2,5,13,84,10,0
15644,26,0,5,1,5,0,0,26,48,84,1,0,1,16,3,2
15645,37,0,12,3,18,0,0,88,7,30,2,3,9,80,22,0
15646,51,0,8,2,6,1,1,85,26,47,2,5,6,49,18,0
15647,25,0,4,6,19,0,0,38,68,91,1,1,3,31,8,2
15648,59,1,13,1,2,1,1,10,72,38,1,1,0,9,5,1
15649,28,0,7,0,0,0,2,83,10,39,2,3,6,53,25,2
15650,49,0,6,4,4,0,0,25,65,54,1,2,5,23,3,2
15651,23,1,2,3,18,1,0,15,95,72,1,1,1,7,2,1
15652,40,0,9,0,16,1,1,64,22,60,2,4,8,30,5,2
15653,31,0,6,4,20,0,0,33,69,68,1,2,5,28,3,2
15654,33,1,1,4,23,2,0,79,12,69,2,5,12,56,25,0
15655,53,2,16,1,5,2,0,90,7,44,2,4,10,54,14,0
15656,44,0,7,3,18,1,0,26,71,74,1,0,1,23,8,1
15657,40,0,9,3,3,1,2,13,72,22,1,0,4,6,0,1
15658,60,0,10,7,12,1,1,78,37,32,2,2,8,44,9,0
15659,34,0,4,4,20,1,0,10,98,85,1,0,4,4,0,1
15660,31,2,10,5,14,2,1,29,61,69,1,2,1,16,5,1
15661,38,1,6,2,9,2,2,43,57,51,1,1,3,27,0,1
15662,21,2,0,7,10,1,2,32,64,21,1,1,0,15,1,1
15663,47,2,6,0,22,2,0,65,24,81,2,3,5,61,14,2
15664,57,0,14,7,21,1,0,33,78,94,1,2,2,19,7,1
15665,51,0,12,6,7,2,0,13,81,78,1,1,1,11,6,1
15666,21,0,0,0,22,1,0,57,36,69,1,0,3,26,3,2
15667,29,2,0,6,17,1,0,80,32,41,0,7,16,50,45,0
15668,37,1,16,7,12,2,1,51,61,57,1,2,0,35,7,2
15669,46,0,4,5,14,1,0,22,76,53,1,0,3,19,1,2
15670,59,2,5,4,23,0,0,17,85,22,1,2,4,13,2,1
15671,58,0,12,4,23,0,1,29,73,89,1,1,0,27,1,1
15672,21,3,0,7,10,0,0,72,36,81,2,4,14,37,23,2
15673,28,0,0,3,3,2,1,21,96,36,1,1,0,10,8,1
15674,26,0,5,5,14,0,0,81,16,35,2,4,6,58,12,0
15675,45,0,0,5,15,0,0,40,58,36,1,1,3,29,6,0
15676,54,0,2,4,4,2,0,81,20,37,2,2,8,63,9,0
15677,36,0,15,6,19,1,2,46,44,77,1,0,3,43,6,2
15678,52,2,2,4,20,2,0,85,22,93,2,5,13,58,17,0
15679,57,0,10,3,18,2,1,13,69,82,1,2,5,6,9,1
15680,51,3,7,6,19,0,0,10,100,85,1,0,5,4,8,1
15681,44,0,16,5,13,1,2,74,20,80,0,8,17,44,24,2
15682,27,2,6,7,12,0,0,84,21,20,2,4,14,44,27,0
15683,25,0,4,4,23,2,0,38,57,92,1,2,4,35,7,2
15684,52,1,16,4,23,1,1,14,85,25,1,0,4,10,4,1
15685,40,0,9,0,22,0,2,62,37,88,1,2,1,28,8,1
15686,31,0,10,3,3,0,1,64,37,68,2,3,8,35,6,2
15687,44,2,14,5,13,1,2,70,36,28,2,2,7,52,18,2
15688,30,1,9,3,8,2,1,82,22,77,2,3,6,75,19,0
15689,25,0,4,5,13,2,0,68,32,26,2,3,11,45,18,0
15690,39,0,11,4,4,0,1,89,9,69,2,4,13,78,9,0
15691,57,1,20,6,19,2,2,85,17,80,2,5,12,57,11,0
15692,50,0,8,1,5,1,2,28,80,75,1,2,0,18,0,1
15693,22,2,1,7,10,1,1,82,6,61,2,3,10,81,20,0
15694,32,0,8,0,0,2,1,74,23,20,2,3,8,42,24,2
15695,41,0,13,2,9,1,0,67,19,92,2,3,14,32,16,2
15696,56,0,8,3,3,1,2,85,22,36,2,4,14,50,28,2
15697,41,2,7,0,16,1,0,53,43,87,2,4,12,26,13,1
15698,22,3,1,5,15,1,1,55,56,34,1,2,5,31,7,2
15699,51,2,6,7,10,1,1,44,64,90,1,1,4,41,5,1
15700,58,2,12,1,1,2,1,61,47,34,2,3,6,47,25,2
15701,59,0,4,3,3,1,0,58,45,35,1,2,5,33,8,2
15702,53,1,2,4,23,2,1,22,88,37,1,0,2,12,8,2
15703,54,2,12,5,15,1,1,45,51,53,1,0,2,28,9,2
15705,24,1,3,0,0,1,2,55,45,91,1,0,0,26,6,1
15706,56,2,10,0,0,0,1,87,7,51,2,5,9,74,5,0
15707,35,0,5,2,6,2,1,46,56,28,1,0,3,30,2,2
15708,23,3,2,4,20,0,2,70,23,23,2,3,8,50,20,2
15709,45,1,12,2,9,0,2,14,88,87,1,2,4,13,2,1
15711,21,0,0,0,0,2,2,74,18,36,2,3,12,64,12,2
15713,31,0,10,3,8,1,1,62,15,20,2,5,6,58,21,0
15714,49,2,10,5,13,1,1,66,20,71,2,2,8,64,23,0
15716,43,0,3,0,16,0,0,82,15,26,2,2,8,47,12,0
15717,36,2,7,7,10,0,0,69,31,51,2,5,12,67,16,0
15718,37,0,11,7,21,1,1,78,23,72,2,5,14,58,25,0
15719,33,0,1,2,6,1,0,36,64,70,1,1,0,34,4,2
15720,48,0,12,7,10,2,1,71,29,90,2,4,7,42,8,2
15721,34,1,7,6,7,1,1,30,55,29,1,0,1,16,1,2
15722,37,2,11,2,9,0,0,24,88,23,1,2,4,16,6,1
15723,22,0,1,4,20,1,1,74,28,82,2,5,14,59,11,0
15724,40,0,9,4,23,2,1,32,66,64,1,0,0,15,1,1
15725,50,0,10,4,23,0,1,61,23,45,2,5,8,37,9,0
15726,54,1,17,0,0,0,1,53,39,68,1,2,0,42,5,2
15727,48,0,19,3,8,1,0,35,71,73,1,1,1,25,8,1
15728,41,1,9,6,7,0,1,36,69,50,1,0,3,20,8,2
15729,45,1,5,7,10,0,2,35,77,68,1,0,3,28,8,1
15730,43,0,7,7,10,1,0,15,78,24,1,2,3,7,6,1
15731,57,1,19,4,23,1,1,29,76,41,1,1,3,13,8,1
15733,22,0,1,4,20,1,2,45,60,29,2,3,10,30,25,2
15734,44,1,10,1,1,1,0,89,8,44,2,3,9,73,29,0
15735,27,2,6,4,20,1,1,36,44,91,1,0,2,19,0,1
15736,57,0,4,0,22,2,0,12,99,73,1,0,2,9,1,1
15737,34,0,9,2,6,2,1,55,28,90,1,0,0,52,0,2
15738,55,0,2,7,10,2,1,26,67,53,1,1,4,15,8,1
15739,57,0,6,2,6,1,0,67,36,49,1,0,0,59,9,0
15740,24,0,3,3,3,0,1,33,78,54,1,2,0,15,4,1
15741,58,1,11,2,9,2,2,92,16,44,0,7,15,55,51,2
15742,37,0,8,6,19,0,0,75,39,80,2,4,11,51,19,0
15743,46,0,11,6,19,1,0,65,46,92,2,2,6,34,25,2
15744,26,0,0,6,19,0,1,93,0,68,0,6,20,82,43,0
15745,33,1,11,2,11,2,2,32,55,95,1,2,5,18,6,1
15746,22,3,1,6,17,0,0,33,48,70,1,1,3,21,8,2
15747,23,2,2,5,15,2,0,18,73,40,1,0,0,10,1,2
15748,49,2,4,3,3,1,0,58,38,61,1,0,0,33,6,2
15749,53,2,20,3,3,1,2,24,57,49,1,0,3,12,7,1
15750,58,0,10,5,13,1,1,82,0,36,2,3,5,72,7,0
15751,43,0,8,6,7,0,1,26,98,32,1,0,2,12,0,1
15752,25,0,4,3,3,1,2,40,61,23,1,1,1,35,2,1
15753,54,1,12,0,16,1,0,29,52,50,1,2,0,19,4,2
15754,27,0,6,2,11,1,1,90,32,89,2,5,11,43,19,2
15755,59,0,16,0,0,2,1,60,55,51,2,5,11,58,13,2
15756,28,0,3,7,21,2,1,89,21,42,2,5,9,73,18,0
15757,39,2,12,2,6,2,1,30,77,73,1,2,3,27,2,1
15758,51,2,2,5,14,0,0,13,83,91,1,2,1,12,1,1
15759,51,0,16,2,6,1,0,28,74,68,2,5,12,22,8,1
15760,35,1,13,0,22,1,1,10,85,87,1,1,0,6,5,1
15761,54,2,7,4,4,2,0,50,43,70,1,1,5,38,4,2
15762,31,1,5,3,18,1,1,37,58,79,1,0,3,19,7,1
15763,30,0,6,7,21,1,2,71,8,21,2,2,7,55,8,0
15764,25,2,3,5,13,0,2,62,57,59,1,0,1,28,7,1
15765,56,0,19,0,0,0,0,54,64,63,2,5,5,42,24,1
15766,51,0,13,4,23,0,0,79,29,31,2,4,10,57,23,0
15768,31,0,3,1,2,2,0,54,45,28,1,2,2,51,9,0
15769,44,0,10,3,3,1,2,47,49,32,1,2,0,37,8,1
15770,39,0,7,2,9,0,2,36,63,31,1,1,2,23,9,1
15771,47,0,11,0,0,2,0,56,40,58,1,1,4,30,9,2
15772,25,0,4,2,6,1,1,42,42,32,1,2,2,39,5,2
15773,31,0,9,3,3,1,1,30,65,79,1,1,2,25,8,1
15775,43,2,8,7,21,2,1,74,31,70,2,4,10,55,7,2
15776,42,0,14,2,9,0,0,81,26,23,2,4,5,77,11,0
15777,59,0,7,0,22,0,2,40,50,77,2,2,12,38,9,1
15778,59,0,11,4,4,1,2,92,6,83,2,2,14,90,8,0
15779,40,1,3,7,12,2,1,15,79,92,1,1,4,12,6,1
15780,56,3,13,4,4,2,2,47,56,91,2,5,11,21,12,1
15781,30,2,7,7,10,1,1,48,52,62,1,2,2,39,2,2
15782,29,0,8,2,11,0,0,56,39,83,2,3,8,27,17,2
15783,60,2,8,6,7,1,1,64,26,39,2,5,6,39,29,2
15784,43,2,10,2,11,0,1,43,50,65,1,0,5,36,1,1
15785,28,0,2,1,1,0,1,47,41,31,1,2,0,36,7,0
15786,25,1,4,1,5,1,2,90,21,82,2,4,14,52,27,2
15787,56,0,13,3,18,2,0,80,39,59,2,5,14,57,29,0
15788,31,0,10,0,16,0,0,71,30,23,2,4,9,39,21,0
15789,49,2,3,7,21,1,2,39,47,21,1,1,4,28,2,1
15790,39,0,7,6,7,2,0,43,72,53,1,0,0,21,6,2
15791,52,2,14,2,6,0,0,68,44,37,2,3,9,56,11,2
15792,55,1,15,4,4,0,1,50,52,81,1,0,0,24,7,2
15793,34,1,3,4,20,2,0,14,80,57,1,0,2,10,4,2
15794,29,0,8,4,20,1,2,10,89,90,1,0,3,7,9,1
15795,33,0,7,1,5,1,1,35,63,66,1,2,0,26,2,1
15796,22,0,1,2,9,1,1,70,43,27,2,2,11,68,19,0
15798,46,0,7,2,6,0,0,18,87,36,1,1,4,14,2,1
15799,57,2,16,1,5,1,0,39,61,39,1,1,0,27,4,2
15800,32,2,11,7,21,2,0,27,60,71,1,0,2,17,5,1
15801,30,0,8,5,14,1,0,15,81,31,1,1,0,11,3,2
15802,34,0,0,7,10,2,2,58,50,52,1,2,0,33,2,2
15803,49,0,11,6,19,1,0,11,100,65,1,2,0,9,5,1
15804,35,0,9,2,6,2,2,11,73,75,1,1,0,6,4,1
15805,27,2,4,3,3,0,0,19,74,51,1,1,0,18,5,1
15806,51,0,8,3,18,2,1,44,71,51,2,4,14,23,12,1
15808,52,2,5,3,18,1,0,89,0,56,2,5,12,65,24,0
15809,39,1,0,4,23,0,1,38,46,94,1,2,3,32,2,2
15810,36,2,6,0,16,2,0,68,18,74,2,5,10,57,26,2
15811,50,2,6,1,1,2,1,57,26,74,2,5,11,33,12,2
15812,60,0,9,3,18,2,2,31,84,46,1,0,2,24,7,1
15813,40,0,8,2,6,0,2,65,52,68,2,2,12,31,14,1
15815,30,0,2,4,23,0,0,76,8,27,2,2,12,61,19,0
15816,21,1,0,5,15,1,0,62,41,91,2,5,13,39,20,0
15817,27,2,6,5,14,1,0,66,44,65,2,4,8,52,11,0
15818,21,2,0,7,21,2,1,25,64,58,1,1,3,17,9,1
15819,59,1,7,4,4,2,0,79,21,59,2,3,13,62,19,0
15820,50,1,17,2,6,0,2,24,79,76,1,1,4,22,4,1
15821,21,3,0,1,1,2,0,28,81,43,1,1,5,15,0,1
15822,36,0,10,5,15,2,1,37,76,60,1,0,2,28,6,2
15823,35,3,6,7,10,2,1,89,27,41,2,4,5,84,11,0
15824,25,0,4,4,23,1,0,45,64,34,1,2,0,22,2,2
15825,53,1,11,3,18,0,0,46,44,55,2,2,8,44,12,0
15826,31,0,10,0,22,2,1,70,28,99,2,5,7,61,12,2
15828,44,2,5,4,23,2,1,22,62,66,1,0,2,14,0,1
15829,51,0,12,5,14,1,0,44,60,80,1,2,4,39,7,2
15830,48,2,12,3,18,1,0,48,63,34,2,4,14,46,9,2
15831,31,1,6,7,10,1,0,36,65,36,1,0,2,29,1,2
15832,24,0,3,4,4,0,0,79,23,36,2,3,9,42,27,0
15833,54,0,8,0,0,1,0,56,43,53,1,0,5,26,3,2
15834,56,0,10,6,19,1,1,14,87,68,1,2,2,9,3,1
15835,38,1,8,3,8,1,0,20,74,27,1,0,3,16,1,2
15836,53,2,2,0,16,0,0,36,68,46,1,2,5,16,1,1
15837,28,2,7,4,20,1,0,74,33,79,2,3,11,72,17,0
15838,39,0,7,6,7,1,1,29,60,28,1,2,1,24,2,2
15839,30,0,3,6,17,2,1,75,19,53,2,3,6,43,14,0
15840,48,0,3,3,3,2,0,81,21,33,2,4,7,66,10,0
15841,35,1,7,3,18,1,0,42,55,60,1,2,5,35,2,2
15842,21,0,0,5,15,2,0,75,49,24,2,4,8,58,6,0
15843,34,0,5,4,4,1,1,66,37,29,2,4,6,56,24,0
15844,30,0,9,2,11,2,1,80,22,77,2,3,13,70,9,0
15845,32,0,11,2,9,1,2,28,78,27,1,2,5,20,6,1
15846,41,0,17,4,20,1,1,20,93,85,1,2,3,10,6,1
15847,50,2,3,5,13,1,1,73,40,84,2,3,13,46,14,2
15848,36,0,9,0,16,1,1,23,81,89,1,1,5,15,3,1
15849,51,0,8,1,2,2,1,35,51,69,1,1,2,20,5,1
15850,24,0,3,4,20,1,2,54,54,78,1,2,4,44,4,1
15852,46,0,13,3,8,0,0,25,78,60,1,1,4,18,5,1
15853,35,2,7,1,2,2,1,83,32,60,2,4,5,46,20,2
15854,36,0,6,7,21,2,1,56,47,62,2,5,7,29,7,2
15855,31,2,10,4,4,2,1,93,0,24,2,2,13,92,20,0
15856,30,0,9,2,11,2,0,56,45,74,1,1,0,51,8,2
15857,51,2,9,2,9,1,2,50,47,40,1,0,5,38,0,1
15858,21,2,0,1,2,2,0,63,39,66,1,0,4,53,8,0
15859,33,0,11,2,11,1,1,22,88,82,1,1,0,21,1,1
15860,44,2,14,1,2,0,0,30,67,73,1,1,1,27,4,1
15861,52,1,11,2,6,2,0,33,70,67,1,2,0,22,1,2
15862,45,3,4,0,22,2,2,13,87,94,1,0,1,10,2,1
15863,24,0,3,6,19,1,2,77,32,68,2,4,5,59,29,2
15864,31,0,0,2,6,1,2,16,92,65,1,0,3,7,2,1
15865,53,3,0,4,20,2,1,60,49,79,1,2,4,54,5,2
15866,44,2,7,5,13,2,2,12,100,42,1,1,1,11,2,1
15867,26,0,4,6,17,1,0,44,63,41,1,0,2,27,8,2
15868,24,2,3,0,16,1,1,12,86,88,1,0,1,10,7,1
15869,52,2,8,2,6,1,1,73,18,22,2,3,5,38,14,2
15871,51,2,14,0,0,1,1,60,43,41,2,2,11,51,8,2
15873,56,3,20,7,10,1,1,76,13,68,2,2,11,60,6,2
15874,38,0,1,4,20,0,2,15,63,55,1,1,0,13,4,1
15875,29,0,8,5,13,2,1,79,37,91,2,3,11,68,21,0
15876,29,0,8,2,11,1,2,71,40,84,1,1,3,64,9,2
15877,47,0,0,4,23,0,1,21,91,45,1,0,4,9,5,1
15878,41,0,4,4,23,1,0,13,83,49,1,1,0,7,1,1
15879,41,1,13,1,5,1,0,91,1,59,2,4,5,90,26,0
15880,24,3,2,2,9,1,0,77,21,42,2,5,11,41,29,0
15881,44,2,3,4,20,1,0,89,35,59,2,5,13,61,8,0
15882,24,2,3,7,10,2,0,40,48,57,1,1,4,18,3,2
15883,48,1,2,7,10,1,0,84,21,85,0,5,17,73,43,0
15884,21,0,0,0,16,0,1,28,91,69,1,1,0,21,1,1
15885,44,1,3,1,2,1,1,26,76,38,1,2,0,16,3,2
15886,47,1,1,6,7,1,0,20,86,52,1,2,0,9,7,2
15887,28,0,2,1,1,1,1,58,34,82,1,1,2,57,1,0
15888,26,0,5,5,13,0,1,60,32,64,2,4,11,48,28,0
15889,41,1,14,4,4,2,2,34,76,71,1,1,2,30,4,1
15890,24,0,3,4,20,1,1,36,42,76,1,0,0,33,6,2
15892,37,2,13,4,23,1,1,17,69,51,1,1,2,8,2,1
15893,24,0,3,2,9,2,1,38,61,59,2,2,11,21,22,1
15894,21,0,0,5,14,1,1,67,33,79,2,3,12,32,8,0
15895,36,1,6,5,14,2,0,57,32,55,1,0,3,39,1,0
15896,59,0,8,0,0,1,1,27,56,68,1,0,4,23,8,1
15897,45,0,4,4,4,2,0,20,68,64,1,1,1,18,4,2
15898,33,0,6,4,20,1,1,36,70,54,1,1,1,21,9,1
15899,57,0,5,7,21,0,1,11,84,76,1,0,3,6,6,1
15900,58,0,11,4,20,0,1,61,37,30,1,0,2,42,5,0
15901,53,1,4,0,0,1,1,54,40,47,2,5,12,47,11,2
15902,51,0,10,5,14,2,2,92,19,65,2,4,5,90,27,0
15903,60,1,0,3,18,2,2,64,44,77,2,5,13,32,14,2
15904,24,1,3,3,18,0,1,12,100,81,1,1,2,8,0,1
15905,31,1,10,5,13,0,1,60,56,40,2,5,14,30,23,0
15906,56,0,2,3,8,2,1,17,75,80,1,0,1,9,4,1
15908,41,0,11,5,15,1,0,83,23,32,2,2,14,54,26,0
15909,48,0,3,7,10,1,0,48,57,77,1,0,3,33,4,2
15910,49,1,4,3,8,1,0,11,68,44,1,1,4,8,5,1
15911,23,2,2,3,8,1,0,15,68,59,1,0,2,8,4,1
15912,50,0,12,5,14,0,0,75,24,85,2,2,9,40,26,0
15913,50,0,2,1,5,1,1,24,86,84,1,1,2,20,1,1
15914,24,0,3,0,0,2,1,46,51,23,1,1,1,34,2,2
15915,29,3,7,6,17,1,0,76,9,72,2,5,11,59,12,0
15916,43,1,6,7,10,1,0,41,31,62,2,3,11,36,5,0
15917,50,3,12,5,14,0,0,22,88,29,1,0,4,19,6,1
15918,33,3,3,7,21,1,0,21,80,67,1,0,5,15,9,1
15920,26,2,5,0,0,0,2,85,0,79,2,3,10,71,25,2
15921,30,0,9,2,11,0,0,15,82,84,1,0,0,14,6,1
15922,23,2,2,6,17,2,1,35,68,90,1,0,3,17,6,1
15923,37,0,0,6,19,0,0,16,95,74,1,1,0,14,4,2
15924,55,2,11,1,2,1,0,68,44,54,2,2,9,66,8,0
15925,31,0,10,5,13,0,0,44,39,82,1,1,3,22,0,2
15926,56,2,9,3,18,2,0,37,52,24,1,1,5,36,7,2
15927,44,2,5,0,22,2,0,43,51,70,1,2,5,37,1,1
15928,58,0,11,4,20,2,0,24,66,56,1,2,3,21,3,2
15929,49,2,13,1,2,2,2,78,11,71,2,2,11,56,15,2
15930,41,2,15,1,5,1,0,27,78,60,1,1,3,25,4,1
15931,34,1,13,2,11,2,0,57,49,98,2,5,12,56,13,2
15932,32,2,11,7,21,0,1,37,61,34,1,2,2,21,9,1
15933,21,1,0,1,5,1,1,35,75,46,1,0,1,29,2,2
15934,30,0,9,4,23,0,0,58,42,60,1,0,1,56,5,0
15935,57,0,9,7,12,0,1,12,81,83,1,1,3,5,8,1
15936,54,1,10,3,18,1,1,53,58,64,1,1,3,24,4,2
15937,38,0,16,1,2,2,0,71,17,48,2,5,10,36,21,0
15938,48,0,11,5,14,1,0,11,81,65,1,1,5,5,3,1
15939,51,1,11,6,19,1,1,74,27,86,2,2,11,67,22,0
15940,53,0,8,0,16,1,1,31,81,85,1,2,0,30,5,1
15941,54,2,3,5,15,2,1,89,5,77,2,3,11,87,6,0
15942,26,0,5,5,14,2,0,88,4,58,2,2,8,49,6,0
15943,46,1,19,2,6,2,0,78,16,23,2,3,14,51,22,0
15944,21,3,0,6,7,2,0,87,0,82,2,4,13,74,28,0
15945,28,0,0,0,16,0,1,25,55,43,1,1,4,12,0,1
15946,29,2,5,7,12,1,2,14,88,81,1,1,1,11,1,1
15947,44,2,3,7,12,0,2,68,24,34,2,5,5,40,15,2
15948,34,1,1,4,23,0,0,71,20,74,2,4,13,44,23,0
15949,24,2,3,1,5,1,1,61,55,74,1,0,3,28,7,2
15951,54,2,4,3,18,1,0,53,33,94,2,5,10,50,24,2
15952,47,1,15,2,9,1,1,10,83,70,1,1,4,6,0,1
15953,38,0,7,2,6,1,2,77,23,41,2,4,8,51,11,2
15955,59,2,6,6,17,0,0,69,24,93,1,2,1,42,0,0
15956,30,2,9,0,22,0,0,53,38,82,2,5,10,32,16,1
15957,59,3,7,3,8,2,2,34,85,82,1,0,0,17,3,1
15958,34,0,12,6,19,1,1,55,39,89,2,2,7,50,13,2
15959,38,2,7,3,8,1,0,60,41,74,2,2,11,46,26,2
15960,23,2,2,3,8,1,2,57,32,55,2,5,5,50,8,2
15961,24,0,3,3,3,2,1,72,21,37,2,5,14,58,15,0
15962,30,2,4,5,15,2,1,27,92,22,1,0,2,15,5,1
15963,60,0,0,7,10,1,2,53,44,40,1,2,1,50,7,2
15964,60,2,9,5,15,2,1,62,40,42,1,2,5,34,8,2
15965,41,1,11,2,9,2,1,58,53,31,1,2,3,42,3,2
15966,49,0,0,4,20,1,0,20,69,46,1,2,1,18,5,2
15968,47,2,13,5,13,0,0,64,56,86,0,6,17,42,35,2
15969,33,0,12,3,8,0,0,37,76,93,1,0,3,35,1,1
15970,48,2,9,5,14,2,1,38,61,35,1,0,5,18,1,2
15971,57,0,6,6,19,1,0,23,84,86,1,0,5,19,1,1
15972,58,2,1,7,12,1,2,23,72,21,1,2,3,19,7,1
15973,33,0,12,4,4,2,0,40,73,70,1,2,1,27,7,2
15974,38,2,7,2,6,0,0,88,43,29,2,3,14,57,27,0
15975,46,3,17,3,8,1,0,67,21,49,2,5,14,40,9,2
15976,47,0,10,7,21,1,0,17,76,49,1,0,2,8,5,1
15977,35,3,10,0,0,2,0,74,21,30,2,2,6,35,15,2
15978,33,2,12,6,7,1,1,47,48,30,1,1,5,28,5,2
15979,24,0,3,6,17,1,1,18,87,61,1,0,0,8,0,1
15980,24,0,3,6,7,1,2,50,52,40,1,0,4,43,6,2
15981,31,0,9,7,12,1,1,41,64,32,1,2,0,22,6,2
15982,54,0,13,3,3,2,1,33,70,36,1,2,1,26,8,1
15984,53,2,11,2,6,1,0,13,60,67,1,2,0,10,4,1
15985,38,0,9,0,22,2,0,22,89,96,1,1,2,11,2,1
15986,38,0,2,4,4,1,0,88,23,35,2,3,9,50,12,0
15987,48,2,11,6,17,2,0,34,76,87,1,0,2,33,7,2
15988,21,2,0,4,20,1,0,84,14,79,2,5,5,69,18,0
15989,43,1,12,6,7,2,1,37,62,77,1,1,4,28,4,2
15990,46,0,9,1,1,2,1,44,48,79,1,0,2,30,2,2
15991,58,2,5,6,19,1,0,47,49,83,1,0,2,25,6,2
15992,54,0,5,4,20,1,1,56,37,71,2,5,8,53,27,2
15993,38,0,12,5,15,2,0,86,13,58,2,2,8,54,6,0
15994,37,0,9,6,7,1,2,22,87,30,1,1,5,15,4,1
15995,35,0,7,6,19,1,1,11,96,66,1,2,1,7,7,1
15996,46,1,11,2,11,1,1,90,26,90,2,2,5,43,9,0
15997,25,1,4,7,21,2,0,28,83,82,1,1,1,15,7,1
15999,44,0,8,2,9,0,1,55,38,28,2,5,14,30,9,2
16000,42,3,4,4,23,1,1,28,65,66,1,0,5,25,5,1
16001,40,0,5,3,8,2,2,70,29,69,2,3,12,41,22,1
16003,57,1,7,4,20,2,0,73,39,34,2,4,11,36,7,0
16004,54,2,11,3,18,0,0,56,47,66,1,0,2,49,2,2
16005,59,0,3,6,17,1,0,76,43,71,2,4,8,41,20,0
16006,58,2,5,3,3,2,1,62,49,39,2,3,13,35,15,2
16007,40,0,9,1,5,0,1,77,2,60,2,3,5,39,10,0
16010,45,0,4,0,22,1,1,81,11,66,2,4,6,72,12,0
16011,40,1,10,3,3,1,0,54,43,87,1,1,4,38,0,2
16012,28,1,7,1,5,0,0,56,47,54,2,3,8,32,10,0
16013,54,2,4,0,0,2,0,92,0,74,0,7,20,84,52,0
16014,21,0,0,4,20,2,0,72,19,57,2,2,12,47,8,0
16015,37,0,11,5,13,1,2,43,56,52,2,3,5,42,16,2
16017,38,2,12,2,11,0,2,86,9,82,2,2,14,67,29,2
16018,31,1,3,5,15,1,2,16,62,48,1,2,0,10,6,1
16019,34,0,9,7,21,1,1,54,37,25,1,2,5,47,9,0
16020,51,0,9,1,1,2,1,57,45,49,2,2,13,30,17,2
16021,29,2,5,2,9,2,0,36,64,43,1,2,0,28,8,1
16023,48,2,12,2,9,1,1,34,75,60,1,2,1,33,3,1
16024,43,0,4,6,7,1,2,33,61,49,1,1,2,18,4,1
16025,28,2,7,3,3,1,0,70,33,36,2,4,8,65,8,0
16026,54,1,5,1,2,2,1,76,18,65,2,2,14,68,12,0
16027,34,0,9,1,1,1,1,75,12,32,2,5,5,71,18,0
16028,44,3,1,0,22,1,2,10,86,96,1,1,2,5,0,1
16029,58,0,11,0,16,2,0,52,61,59,1,1,5,44,4,2
16030,25,1,4,6,7,1,0,62,50,61,2,3,12,61,12,0
16031,60,2,11,5,13,0,1,69,26,41,2,3,13,51,7,0
16032,32,3,9,5,14,1,1,38,54,90,1,1,5,21,5,1
16033,54,0,8,4,20,1,0,25,74,89,1,2,1,16,4,1
16034,29,2,8,0,16,0,0,77,16,44,2,5,5,69,12,0
16035,23,1,2,4,23,1,0,34,37,92,1,1,4,31,8,0
16036,60,3,2,0,0,1,1,80,47,70,2,2,14,36,14,2
16037,23,0,2,1,5,0,0,42,58,20,2,4,10,38,25,0
16038,24,1,3,7,10,2,0,64,41,51,2,3,5,37,19,0
16039,26,0,5,2,6,0,0,55,36,86,1,1,2,53,9,2
16040,57,2,6,2,9,2,0,38,71,54,1,1,4,34,2,1
16041,52,0,9,7,10,1,0,88,12,35,2,2,9,63,16,0
16042,25,0,4,3,3,1,2,90,0,79,2,4,11,56,7,2
16043,34,1,13,1,2,1,0,28,81,86,1,0,4,14,7,2
16044,29,0,1,7,10,0,0,25,94,76,1,0,5,21,4,2
16045,58,2,11,1,2,2,2,74,34,76,2,2,7,69,16,2
16046,21,2,0,0,16,0,1,60,68,81,2,3,12,42,20,1
16047,52,0,15,7,10,0,0,50,48,39,1,1,2,47,6,0
16048,35,1,11,0,22,2,0,10,88,81,1,1,1,4,2,1
16049,29,0,7,3,18,1,1,17,77,77,1,1,3,15,4,1
16050,47,0,6,4,23,2,2,50,55,41,2,5,10,40,13,2
16051,25,1,4,1,5,1,0,10,91,73,1,1,0,7,0,1
16052,47,0,10,3,3,1,0,39,42,75,1,2,5,33,1,2
16053,23,0,2,2,11,2,0,46,56,72,2,5,9,25,20,2
16054,30,0,9,0,16,1,2,63,50,27,1,0,0,50,5,1
16055,25,1,4,7,12,1,0,86,13,72,2,4,5,60,16,0
16056,60,0,10,0,16,1,0,47,57,63,2,4,11,38,8,2
16057,45,1,1,7,12,1,2,24,91,72,1,1,1,14,6,1
16058,34,2,5,4,23,2,0,76,23,89,2,5,10,36,19,0
16059,28,0,7,1,5,1,0,26,67,43,1,2,5,17,0,2
16060,26,0,5,6,7,0,0,11,92,32,1,0,0,5,8,1
16061,55,2,7,6,7,0,0,50,61,23,1,0,2,48,3,0
16062,55,1,8,7,10,0,1,20,80,41,1,0,0,18,5,1
16063,30,0,8,3,8,1,2,55,54,33,2,2,10,31,12,1
16064,37,0,3,3,18,2,1,39,49,88,1,0,5,29,4,1
16065,44,0,0,3,18,1,1,10,88,60,1,2,3,7,6,1
16066,50,2,4,5,15,2,2,43,62,73,2,2,13,38,17,1
16067,24,2,3,1,1,1,1,70,38,41,2,5,13,60,11,0
16068,32,2,7,6,7,0,0,58,37,71,2,5,13,30,7,2
16069,55,0,8,2,9,0,1,35,52,78,1,0,1,16,2,1
16071,51,2,4,6,19,2,1,37,63,88,2,4,6,21,16,1
16072,34,0,0,5,15,1,1,37,57,35,1,1,5,35,2,0
16073,23,0,2,1,5,1,0,74,26,93,2,3,6,69,27,0
16074,26,0,4,6,7,1,0,11,92,33,1,0,3,7,1,1
16075,32,0,7,1,5,1,0,73,8,64,2,4,9,62,16,0
16076,22,0,1,4,4,1,0,76,22,29,0,6,19,40,28,0
16077,22,3,1,0,22,1,1,10,97,72,1,2,4,8,9,1
16078,56,0,14,0,0,1,0,83,1,42,2,5,10,71,10,0
16079,28,1,7,3,3,2,1,36,57,80,2,3,7,16,14,1
16080,52,1,19,3,8,1,0,11,100,65,1,2,2,7,5,1
16081,56,0,14,7,21,1,1,17,74,63,1,0,5,14,9,1
16082,23,0,2,7,12,2,0,72,38,61,0,7,18,42,30,0
16083,39,0,4,2,9,2,0,33,60,57,2,3,13,19,20,1
16084,29,0,8,4,20,2,0,38,79,26,1,0,3,28,1,2
16085,26,1,5,3,18,0,2,54,47,24,2,4,11,49,14,2
16086,48,3,0,4,20,2,0,31,51,47,1,1,4,29,4,2
16088,24,0,3,3,8,2,2,73,33,87,2,4,11,46,14,1
16089,50,0,1,1,2,0,2,57,42,63,2,5,7,26,28,2
16090,41,0,13,5,15,2,0,63,32,38,2,4,8,57,20,0
16091,59,1,13,2,6,1,1,58,44,38,1,2,1,38,0,2
16092,35,2,13,6,17,2,0,37,63,93,1,1,3,29,4,2
16093,60,0,17,6,17,0,0,35,66,28,1,1,4,22,1,2
16094,46,0,7,7,21,2,0,16,79,64,1,2,1,13,3,1
16095,39,0,11,3,3,1,1,65,32,88,2,3,12,55,28,2
16096,55,2,12,6,7,2,0,24,81,84,1,1,0,12,3,1
16097,52,0,9,3,8,1,0,90,0,21,2,2,7,65,24,0
16098,48,1,7,6,19,1,1,37,58,99,1,0,3,30,1,2
16099,50,0,8,7,12,0,0,91,1,36,2,3,6,52,28,0
16100,45,2,10,4,4,1,1,43,45,82,1,1,3,27,3,1
16101,41,2,13,0,22,0,1,51,43,94,1,0,3,30,0,1
16102,39,0,3,5,15,1,0,76,32,85,2,4,7,59,24,0
16103,48,1,0,5,13,0,0,53,54,73,2,4,11,39,20,0
16104,32,1,8,6,17,1,0,52,47,64,1,1,0,23,3,0
16105,25,0,0,4,20,1,2,85,12,27,2,4,5,58,5,0
16106,48,0,6,5,15,0,0,61,57,72,2,3,11,41,21,0
16107,41,2,13,4,23,1,1,44,61,70,1,2,5,26,9,1
16108,53,2,7,3,3,0,2,58,23,55,2,2,13,39,5,1
16109,56,0,1,7,12,1,0,78,0,36,2,3,13,65,27,0
16110,54,1,9,7,21,2,0,57,51,32,1,0,2,40,8,0
16112,41,2,13,0,0,0,1,72,36,30,2,2,14,51,6,2
16113,29,2,8,1,1,1,2,54,34,90,1,2,2,47,0,1
16114,22,2,1,7,21,2,2,24,79,75,1,2,4,14,6,1
16115,48,2,14,0,0,1,1,49,48,24,1,2,4,26,8,1
16116,38,3,10,3,3,0,0,57,35,93,2,5,5,35,17,2
16117,39,0,1,0,0,0,2,56,51,86,1,0,5,28,0,1
16118,56,0,11,6,17,1,1,47,57,86,1,1,2,45,1,2
16119,41,1,8,6,19,0,2,55,49,87,1,2,1,30,5,2
16120,26,2,5,3,8,2,1,85,18,55,2,5,6,61,8,0
16121,60,3,11,4,20,0,0,27,59,93,1,2,5,25,1,1
16122,39,0,9,2,11,2,0,14,83,68,1,1,2,12,3,1
16123,45,2,11,3,18,0,1,50,44,38,1,2,4,47,8,2
16124,35,2,14,0,16,1,2,24,92,90,1,2,1,12,3,1
16125,42,0,14,0,0,1,0,58,29,86,1,1,3,40,9,2
16126,46,0,5,0,22,0,0,12,100,84,1,2,2,10,3,1
16127,60,0,1,6,17,0,1,13,84,64,1,2,1,8,3,1
16128,43,2,9,4,23,2,0,88,9,70,2,2,5,80,19,0
16129,37,0,16,6,19,1,0,69,25,87,2,2,7,56,27,0
16130,23,0,2,6,19,1,0,19,92,80,1,2,2,16,8,2
16131,21,2,0,7,21,2,1,29,85,90,1,0,1,18,1,1
16132,47,2,15,4,20,2,1,12,100,69,1,0,4,6,2,1
16133,52,1,9,2,9,0,0,39,55,43,1,2,4,30,1,2
16134,32,3,8,1,5,0,1,26,85,50,1,1,0,23,9,1
16135,55,1,13,5,13,2,0,90,24,79,0,5,22,54,29,0
16136,22,3,1,4,4,2,1,58,33,92,2,5,6,44,15,2
16137,36,0,8,2,11,2,1,59,36,97,2,4,6,27,10,1
16138,56,0,7,1,1,1,1,87,18,36,0,5,25,82,23,0
16139,21,0,0,5,13,1,0,44,50,94,1,0,5,42,6,0
16140,47,0,10,3,18,2,2,17,79,34,1,1,4,11,2,1
16141,42,0,13,0,0,2,1,45,42,76,1,1,3,38,3,1
16142,26,0,0,0,0,0,0,90,10,84,0,5,20,74,39,0
16143,23,0,2,3,8,0,0,69,48,78,2,2,8,54,12,0
16144,50,0,2,3,3,2,0,33,68,77,1,2,2,32,4,2
16145,38,0,11,5,13,1,2,70,19,91,2,2,11,58,16,2
16146,24,0,3,3,8,1,1,91,17,66,2,5,9,52,19,0
16147,47,0,14,3,8,2,0,76,33,32,2,5,5,56,10,0
16148,43,2,5,6,7,1,1,55,46,73,1,1,3,48,1,2
16149,56,1,18,4,23,1,0,24,86,30,1,0,2,11,5,2
16150,37,0,14,4,20,1,2,60,34,79,1,0,2,31,5,2
16151,59,0,9,4,20,0,1,57,35,55,2,4,7,46,9,0
16152,21,2,0,5,15,1,0,54,45,88,1,2,4,39,3,0
16153,60,3,16,1,5,1,0,67,31,58,1,0,2,43,2,2
16155,35,0,11,6,17,2,1,57,46,90,2,3,12,45,23,2
16156,56,0,4,6,7,1,0,13,74,36,1,0,4,10,6,2
16157,29,2,8,6,7,1,1,86,25,34,2,4,9,54,20,0
16158,40,0,7,3,18,2,0,38,56,78,1,2,3,28,9,2
16159,58,0,6,3,8,1,1,50,51,34,2,5,14,23,19,2
16161,57,1,2,6,17,0,0,51,48,85,1,1,3,45,2,0
16162,29,0,8,2,6,1,0,47,48,78,1,2,3,22,3,2
16163,43,0,5,5,13,2,0,64,23,54,2,4,7,59,7,0
16164,29,2,3,6,19,1,0,46,66,70,1,1,5,26,7,2
16165,31,3,4,4,4,2,0,30,59,36,1,1,3,19,3,2
16166,31,2,10,5,14,1,2,54,50,63,1,1,1,53,9,2
16167,23,0,2,4,4,1,2,67,38,44,2,4,14,56,11,0
16168,41,1,7,7,21,1,0,94,2,76,2,4,8,54,9,0
16169,22,0,0,5,15,1,1,65,29,89,2,2,9,61,17,0
16170,23,2,2,7,10,2,1,48,46,48,2,4,6,31,17,2
16171,42,3,15,4,4,1,0,91,14,32,0,6,17,86,23,0
16172,40,0,17,6,17,1,0,50,53,40,1,1,1,25,9,2
16173,44,0,8,1,2,0,0,55,43,51,1,1,1,39,9,0
16174,40,2,19,7,10,1,1,73,9,56,1,2,2,53,2,2
16175,24,0,3,2,9,1,1,88,28,35,0,7,15,42,42,2
16176,21,0,0,2,9,2,1,28,71,60,1,2,1,17,3,1
16177,36,2,15,0,16,1,1,94,0,32,0,5,17,71,39,0
16178,39,0,17,7,10,1,0,24,86,23,1,1,3,13,8,1
16180,45,2,9,2,11,1,0,60,48,92,1,0,4,48,3,2
16181,37,0,5,3,18,2,0,59,36,89,2,2,12,37,22,2
16182,28,2,7,6,17,0,1,27,65,90,1,2,1,13,8,1
16183,35,2,14,3,3,0,1,94,8,62,0,8,16,76,21,0
16184,25,2,4,7,12,1,0,45,52,31,1,2,4,31,5,2
16185,54,2,5,4,23,0,1,80,30,58,2,3,10,42,23,2
16186,51,2,0,1,1,0,2,73,24,20,2,5,11,71,10,0
16187,58,0,7,0,22,1,1,79,0,98,2,3,6,63,20,2
16188,27,0,6,0,16,0,0,27,85,68,1,0,2,22,7,1
16189,46,0,0,3,3,1,0,20,85,23,1,1,1,16,4,2
16190,51,0,15,1,2,1,2,34,65,70,1,2,4,29,4,1
16191,38,1,15,2,6,1,0,53,29,84,2,2,6,46,19,2
16192,59,0,11,3,3,1,0,79,25,68,2,2,12,60,10,0
16193,57,2,17,1,5,1,1,44,60,34,1,2,3,43,3,2
16194,44,0,1,7,21,1,1,55,52,79,2,2,10,33,23,2
16195,43,1,12,3,8,1,0,92,27,83,2,4,12,76,21,0
16196,51,2,17,1,1,1,1,71,25,59,2,5,11,36,13,2
16197,28,0,1,6,7,1,0,48,48,59,1,0,5,39,3,0
16199,56,1,0,5,15,2,1,38,67,46,1,2,4,30,1,0
16200,47,2,14,4,4,2,0,82,28,58,0,8,21,55,48,0
16201,36,2,6,3,8,0,1,93,4,24,2,3,11,86,7,0
16202,34,3,4,7,10,0,1,70,24,26,2,2,12,47,21,2
16203,54,0,16,7,10,1,0,35,63,32,1,2,4,25,2,2
16204,51,3,0,0,22,2,0,47,36,94,1,2,5,21,6,1
16205,30,0,9,4,23,0,0,72,24,78,2,3,9,46,29,0
16206,32,0,10,0,16,0,0,62,28,77,2,3,5,58,5,2
16207,41,0,7,5,15,1,0,88,6,94,2,3,14,63,9,0
16208,49,0,11,5,14,1,0,42,57,52,1,2,5,33,3,0
16209,30,0,4,3,18,2,1,68,30,33,2,5,12,35,19,2
16210,43,2,15,2,9,1,0,53,59,40,2,5,12,34,19,2
16211,48,2,17,2,9,2,1,70,29,93,2,4,10,52,18,1
16212,23,1,2,7,10,1,0,35,54,79,1,0,3,23,0,2
16213,29,1,1,1,1,2,1,25,72,65,1,1,0,18,5,2
16214,33,2,10,4,20,0,1,58,26,32,2,4,9,32,7,2
16215,54,0,5,4,20,2,1,59,42,52,1,0,1,47,3,0
16216,51,0,6,5,15,2,1,69,34,91,1,0,2,67,6,0
16217,28,0,5,3,18,2,1,66,39,37,1,0,4,39,7,2
16218,25,2,4,1,1,2,1,74,18,20,0,6,20,66,50,0
16219,58,1,8,3,8,2,1,39,72,45,1,2,1,27,8,2
16220,41,0,15,2,9,2,1,82,22,24,2,2,13,39,5,0
16222,55,0,8,1,5,1,0,28,63,42,1,1,1,13,3,2
16223,48,2,6,1,2,0,2,22,85,68,1,2,3,20,5,1
16224,28,3,7,6,7,1,1,13,88,47,1,0,0,10,8,1
16225,59,0,4,7,10,1,0,21,75,52,1,1,0,11,7,1
16226,36,0,5,7,10,1,1,60,30,57,1,0,4,47,2,2
16227,52,1,1,3,3,2,2,54,44,59,1,0,5,45,6,2
16228,26,0,5,4,20,2,1,33,70,93,1,0,3,15,7,1
16229,30,0,0,1,1,1,1,20,77,50,1,1,1,11,3,1
16230,21,1,0,2,6,0,0,78,13,86,2,5,9,77,24,0
16231,54,1,10,0,0,2,0,27,89,72,1,1,4,16,6,1
16232,31,0,9,2,9,0,0,29,75,59,1,1,0,27,4,1
16233,21,3,0,4,23,2,2,50,63,88,2,3,8,36,25,1
16234,51,1,4,6,17,0,2,13,97,63,1,2,3,11,3,1
16235,32,1,8,1,1,2,0,28,68,28,1,0,5,23,2,2
16236,51,1,1,6,17,1,0,62,40,79,1,0,2,44,1,0
16237,21,0,0,1,5,1,2,74,61,90,2,2,14,69,7,2
16238,57,0,1,1,1,2,0,68,34,63,2,5,9,40,25,0
16239,56,2,8,1,2,1,2,60,25,36,2,5,8,58,24,2
16240,56,2,12,1,1,0,1,50,45,29,2,3,13,44,7,2
16241,23,2,2,1,5,1,0,18,65,83,1,0,0,15,3,1
16242,46,2,14,3,3,0,1,89,18,24,2,5,10,68,29,0
16243,24,2,3,1,2,2,0,12,79,56,1,2,0,7,4,1
16244,25,0,4,6,19,1,2,11,99,68,1,0,2,5,1,1
16245,39,0,13,0,16,2,1,90,0,39,2,2,12,69,12,0
16246,45,0,8,1,5,2,1,47,60,22,1,1,4,35,0,2
16247,30,2,6,3,3,2,1,26,63,20,1,0,0,21,1,1
16248,22,1,1,5,15,2,1,14,80,20,1,2,2,10,1,2
16249,36,0,6,3,8,1,0,76,22,67,2,2,13,50,25,0
16250,46,1,2,0,0,2,0,25,63,21,1,1,2,24,6,2
16251,60,0,16,3,8,2,0,42,50,25,1,2,2,22,4,2
16252,50,2,9,5,14,2,0,10,100,83,1,2,5,8,4,1
16253,36,2,9,7,21,1,0,64,35,38,2,2,6,51,6,0
16254,34,1,1,1,5,1,1,24,71,84,1,1,1,21,4,2
16255,49,2,2,4,4,1,1,43,57,64,1,0,5,19,0,2
16256,51,1,11,6,19,2,2,76,40,65,2,2,9,40,12,2
16257,60,0,10,3,18,2,0,62,20,23,1,2,3,49,9,0
16258,22,0,1,1,5,2,2,75,32,55,2,2,14,45,24,2
16259,23,2,2,0,0,1,0,19,70,62,1,2,3,10,5,1
16260,25,1,4,5,15,2,2,42,53,44,1,2,1,21,4,2
16261,39,3,4,4,20,1,2,94,9,87,2,2,7,55,22,2
16262,45,1,11,2,9,1,1,30,75,73,1,1,2,20,8,1
16263,32,1,2,0,16,0,0,30,74,87,1,2,1,21,4,2
16264,32,1,0,4,4,0,1,22,68,44,1,2,0,17,3,2
16265,24,0,3,5,14,0,2,94,5,94,0,7,21,74,24,0
16266,34,1,11,4,4,0,0,65,55,44,1,2,5,60,8,0
16267,42,3,5,5,14,1,0,54,49,70,1,0,0,35,3,2
16268,36,2,10,6,19,1,1,21,75,99,1,2,5,12,7,1
16269,33,0,12,4,23,1,1,61,33,85,1,1,0,35,1,2
16270,37,0,8,5,13,2,1,74,12,29,2,2,11,47,14,0
16271,26,2,2,4,20,0,1,52,60,71,1,0,1,35,8,2
16273,49,0,11,1,2,0,1,47,30,56,2,4,9,32,16,2
16274,38,0,14,6,17,1,1,39,50,33,1,0,5,22,3,2
16275,43,1,2,5,14,0,0,57,63,66,2,5,14,38,9,0
16276,33,1,9,2,6,1,0,34,68,92,1,2,1,26,1,1
16277,43,3,4,7,21,1,2,33,66,82,1,0,1,30,0,1
16278,46,0,7,1,1,0,0,53,44,28,1,1,4,36,3,0
16279,55,1,20,7,10,1,1,54,43,59,1,1,0,40,7,2
16280,35,0,13,6,19,1,0,45,42,92,1,0,3,24,5,2
16281,31,3,10,7,21,2,1,77,26,91,2,3,12,52,10,2
16282,51,2,8,0,22,1,1,41,61,69,1,0,4,26,0,1
16283,48,0,19,1,2,2,1,81,30,39,2,2,14,61,13,0
16284,36,2,13,3,3,0,0,31,69,74,1,2,2,19,2,1
16285,36,0,8,4,23,1,0,43,68,43,1,1,3,28,6,2
16286,42,2,14,6,19,1,1,24,74,87,1,0,0,18,6,1
16287,22,0,1,3,18,1,0,60,39,82,2,4,7,32,21,2
16288,58,0,10,3,8,1,0,49,44,60,1,1,0,27,3,2
16289,52,0,17,7,12,2,0,45,61,54,2,4,5,32,13,2
16290,36,1,0,0,0,2,0,17,72,48,1,2,0,15,4,2
16291,32,2,9,7,10,2,1,12,79,26,1,1,3,8,9,1
16292,31,1,10,2,9,2,2,17,94,79,1,2,3,11,2,1
16293,53,1,8,6,17,0,1,71,35,24,2,2,5,58,17,0
16294,48,0,2,3,3,1,1,34,65,60,1,0,4,22,8,1
16295,39,0,12,5,14,2,1,27,65,39,1,1,0,25,6,2
16296,27,2,6,3,3,1,1,10,77,61,1,2,2,9,0,1
16297,39,2,7,4,23,0,1,60,42,42,2,4,6,48,7,2
16298,50,3,10,7,21,1,1,64,45,92,2,4,13,35,27,1
16299,37,0,14,5,13,0,1,70,40,64,2,4,13,31,16,0
16300,45,2,8,7,12,0,0,82,18,93,2,2,8,52,16,0
16301,60,1,4,5,13,1,0,47,56,77,1,0,2,40,6,0
16302,43,0,9,5,13,0,2,80,26,41,2,3,12,56,13,0
16303,31,2,9,1,5,1,0,33,77,54,1,1,5,17,2,1
16304,56,0,12,3,8,2,0,79,20,31,2,4,14,54,23,0
16305,30,0,3,6,17,0,2,38,38,75,1,1,3,33,0,1
16306,25,0,4,1,1,1,0,53,48,28,2,2,10,48,8,0
16307,44,2,10,3,3,0,2,65,45,67,2,4,5,29,27,1
16308,21,1,0,4,20,2,0,49,74,65,1,2,0,23,4,0
16309,37,0,4,1,5,0,2,40,58,56,1,2,5,25,3,1
16310,29,0,8,4,20,1,1,49,65,24,1,2,2,23,1,2
16311,60,0,11,4,23,1,1,11,82,68,1,0,5,5,6,1
16312,23,2,2,5,13,2,0,84,1,53,2,5,11,67,24,0
16314,43,0,14,3,3,0,1,64,48,66,2,4,7,52,12,2
16315,35,2,14,1,1,2,2,68,28,30,2,5,7,45,26,2
16316,53,0,12,1,5,1,1,40,78,64,1,1,2,32,8,1
16317,35,0,11,1,2,2,0,34,56,79,1,1,5,29,6,2
16318,25,2,4,7,10,0,1,15,100,81,1,1,5,12,8,1
16319,36,3,5,3,3,1,1,86,12,48,2,2,8,57,8,0
16320,55,2,8,3,18,0,2,80,6,35,2,2,14,59,23,2
16321,23,0,2,1,5,2,1,25,85,56,1,2,4,24,1,2
16322,49,0,0,5,15,1,0,94,0,24,2,3,7,57,17,0
16323,49,2,11,1,5,1,0,49,45,67,1,2,4,33,0,2
16324,44,2,14,0,16,1,0,15,83,82,1,2,5,10,8,1
16325,43,0,11,7,21,0,1,77,27,92,2,2,11,49,25,2
16326,49,0,3,5,14,1,0,10,100,61,1,0,3,7,4,1
16327,24,3,3,6,19,1,2,60,20,67,2,2,7,44,26,1
16328,57,2,12,5,13,2,0,40,53,39,1,1,4,32,0,2
16329,22,0,1,7,12,2,0,36,59,33,1,2,5,35,7,0
16330,38,0,4,0,0,0,0,92,14,47,2,2,7,84,22,0
16331,23,0,0,2,11,1,1,56,24,71,2,4,12,54,16,2
16332,43,2,6,1,5,1,1,56,44,62,1,1,3,30,2,2
16333,26,0,3,3,18,1,0,86,28,51,2,5,14,79,7,0
16334,47,0,1,6,17,2,0,84,22,54,2,2,6,53,23,0
16335,23,1,2,6,19,2,0,24,72,71,1,1,2,20,0,2
16336,53,0,6,3,3,2,0,33,68,36,1,2,3,27,1,2
16337,52,0,6,2,9,2,1,30,73,94,1,1,0,14,8,1
16339,60,0,13,6,7,1,0,24,64,26,1,2,4,16,0,2
16340,42,0,8,7,12,0,1,15,100,33,1,2,1,13,7,1
16341,52,3,16,1,2,1,1,57,30,32,2,4,12,37,15,2
16342,57,0,9,4,4,1,2,86,20,27,2,5,6,49,7,0
16343,50,1,9,4,20,1,0,63,34,90,2,4,5,45,25,0
16344,52,1,3,1,5,1,0,85,11,58,2,4,13,65,20,0
16345,33,1,12,6,7,2,1,23,85,41,1,2,4,14,8,2
16346,24,1,3,5,15,1,0,70,43,86,2,2,13,54,12,0
16347,56,0,3,2,9,2,2,68,27,39,2,2,10,48,29,2
16348,29,1,8,4,4,0,1,79,28,74,2,2,13,60,15,0
16349,58,0,10,2,11,2,0,36,58,89,2,3,14,32,16,1
16350,42,0,8,0,16,1,2,17,100,80,1,0,4,13,5,1
16351,37,2,10,7,21,1,0,26,67,89,1,2,1,12,6,1
16352,30,0,9,6,7,1,0,78,16,79,2,2,14,60,14,0
16353,24,2,2,2,9,1,1,16,100,73,1,2,5,15,1,1
16354,42,0,9,7,12,1,2,65,26,46,2,5,8,61,9,2
16355,52,1,7,4,4,0,1,69,31,41,1,1,3,48,4,0
16356,53,2,4,1,5,2,1,51,41,67,1,2,0,24,3,2
16357,40,0,13,1,1,1,0,38,45,83,1,0,1,19,1,2
16358,34,0,3,5,13,1,1,79,31,59,2,3,13,69,8,0
16360,34,1,6,4,4,1,1,17,98,64,1,1,3,14,8,1
16361,53,0,6,7,21,2,1,19,86,79,1,0,1,16,0,1
16363,31,1,8,3,3,0,0,10,100,64,1,0,0,6,3,1
16364,45,1,14,0,16,2,2,35,61,91,1,2,1,25,8,1
16365,56,2,16,1,5,0,1,12,78,57,1,2,0,7,9,1
16366,28,0,7,6,17,0,2,75,18,32,2,3,13,41,20,2
16367,57,0,8,4,4,0,0,10,77,90,1,2,2,7,4,1
16368,27,0,6,2,11,0,0,62,35,88,2,4,12,27,29,2
16369,33,0,2,1,5,1,0,34,64,91,1,0,3,21,2,2
16370,21,0,0,2,9,2,2,15,77,52,1,0,5,9,5,1
16371,57,2,6,3,3,2,1,39,69,69,1,1,2,23,7,1
16372,24,0,3,6,17,2,0,14,83,64,1,0,4,13,0,1
16373,24,2,3,5,15,0,0,46,61,54,1,0,5,33,2,2
16374,59,3,7,5,15,1,0,29,73,88,1,1,0,22,2,1
16375,57,0,15,6,7,1,1,39,40,27,2,2,9,32,5,2
16376,34,1,13,4,20,2,0,22,86,43,1,1,4,19,6,2
16377,31,0,6,1,5,1,0,86,6,70,0,8,16,50,42,0
16379,21,0,0,4,20,1,0,46,56,45,1,2,1,43,4,0
16381,50,1,5,6,17,2,0,91,21,35,2,5,12,44,18,0
16382,46,2,10,2,9,0,0,75,26,91,2,4,10,52,7,2
16383,35,2,1,1,2,2,1,33,89,37,1,1,2,27,2,2
16384,50,2,20,7,21,0,2,39,62,33,1,2,4,20,2,1
16385,35,1,11,2,9,1,1,50,34,57,2,2,13,47,21,2
16386,41,0,0,0,22,0,1,24,78,85,1,0,5,22,2,1
16387,48,0,5,3,3,0,1,91,4,30,2,5,11,74,21,0
16388,43,1,10,3,8,0,1,61,47,29,2,3,8,31,5,2
16389,49,0,6,2,9,2,1,13,83,70,1,0,3,6,8,1
16390,21,2,0,3,18,1,1,54,39,29,1,0,4,46,2,2
16392,37,0,4,1,1,1,0,73,20,26,2,4,10,43,19,0
16393,55,0,15,3,18,2,0,49,66,71,1,2,0,39,1,2
16394,54,3,0,0,0,2,2,58,60,45,2,3,12,40,5,1
16395,31,2,1,1,5,2,0,17,81,59,1,1,0,11,3,1
16397,43,2,7,4,20,0,2,13,87,86,1,0,4,9,5,1
16398,51,0,7,5,15,2,1,42,41,85,1,2,2,34,5,2
16399,42,0,13,1,1,2,0,18,72,47,1,0,5,17,6,1
16400,43,0,7,1,1,2,1,68,32,56,2,5,13,36,25,2
16401,35,0,14,3,18,1,0,59,49,33,1,0,0,58,0,0
16402,59,0,7,2,6,1,2,76,25,28,2,3,5,69,23,2
16403,50,3,13,6,7,2,1,21,80,76,1,2,3,11,8,1
16404,53,2,8,5,13,1,1,93,12,68,2,3,6,92,28,0
16405,28,0,7,7,12,1,1,28,74,56,1,2,2,14,0,1
16406,50,0,8,3,8,1,0,15,81,62,1,0,3,14,1,1
16407,58,0,5,7,21,1,2,86,15,29,0,6,23,80,43,0
16408,50,0,8,2,11,2,1,49,48,70,1,1,4,28,6,1
16409,41,0,10,6,19,0,0,81,8,81,2,3,6,58,16,0
16410,21,2,0,3,3,1,0,94,16,37,0,6,16,78,34,0
16411,56,2,13,5,13,0,2,23,44,53,1,2,3,18,4,1
16412,56,2,0,1,5,2,0,29,59,56,1,0,5,19,0,2
16413,47,2,10,4,4,2,2,54,46,77,1,0,4,52,2,1
16414,51,2,15,6,7,1,0,64,15,32,2,3,8,34,6,0
16415,59,0,7,7,21,0,0,64,36,45,2,2,14,55,18,0
16416,54,1,11,0,16,1,1,11,79,30,1,2,2,6,8,1
16417,38,0,7,7,10,0,0,59,24,24,1,1,1,51,4,0
16418,25,1,4,2,11,0,2,93,6,78,0,6,24,60,24,2
16419,24,2,3,1,2,0,1,55,36,39,1,2,1,28,1,2
16420,26,0,5,2,11,1,0,26,71,99,1,1,1,19,4,1
16421,27,0,6,3,3,1,0,57,22,35,2,4,14,33,22,0
16422,42,0,14,6,19,2,0,25,62,99,1,1,4,21,9,2
16423,60,0,13,7,21,1,0,66,17,85,2,2,14,53,26,0
16424,46,0,7,1,5,2,0,73,36,20,2,2,11,65,23,0
16425,45,2,9,7,10,0,0,28,69,31,1,0,1,23,2,2
16426,27,2,6,6,19,1,1,79,24,89,2,4,11,70,20,0
16427,23,0,2,2,11,0,2,37,48,67,1,0,5,21,2,1
16428,26,1,5,7,21,0,2,85,15,55,2,5,8,55,24,0
16429,21,0,0,1,2,1,1,68,27,65,0,5,15,34,29,0
16430,56,1,8,7,12,2,0,29,62,84,1,0,2,25,8,2
16432,22,2,1,6,17,2,0,92,3,25,2,3,13,55,11,0
16433,40,0,15,1,5,1,2,49,59,37,1,1,4,27,1,1
16434,28,0,6,4,23,2,1,20,89,42,1,0,3,16,8,1
16435,46,0,15,5,14,1,1,44,59,66,2,4,6,39,12,2
16436,48,0,11,6,19,1,0,80,21,85,2,2,14,68,7,0
16437,54,0,2,6,7,0,0,74,29,40,2,5,11,42,19,0
16438,32,0,6,1,2,1,1,62,50,63,2,5,11,38,25,2
16439,28,0,7,6,7,2,0,63,45,54,2,5,13,53,18,0
16440,50,2,9,2,9,1,0,44,53,23,1,2,2,21,6,2
16441,55,0,16,2,6,1,1,86,19,36,2,5,7,58,8,0
16442,33,0,12,2,6,1,0,38,52,65,1,0,0,35,9,2
16443,27,2,2,7,21,1,0,58,50,22,1,0,2,54,2,0
16444,48,2,3,1,1,2,0,35,57,51,1,0,5,31,1,2
16445,46,0,10,7,12,0,0,68,25,80,2,5,6,40,14,0
16446,49,0,6,6,17,2,1,67,31,25,2,4,7,36,8,0
16447,39,2,18,5,13,0,1,61,47,94,2,4,5,41,26,2
16448,46,0,6,0,22,1,2,51,54,87,1,0,5,39,0,1
16449,59,0,10,2,9,2,1,11,79,74,1,1,4,8,1,1
16450,42,1,21,2,6,1,2,21,83,68,1,2,2,20,5,1
16451,34,0,6,7,21,0,0,65,34,27,2,4,10,47,10,0
16452,52,0,9,5,15,2,1,37,49,63,1,2,3,31,3,2
16453,31,0,10,5,14,1,0,18,99,32,1,2,0,9,1,2
16454,38,0,12,7,12,0,1,54,48,85,2,4,12,37,13,2
16455,34,2,8,7,12,0,1,85,11,28,2,5,9,50,25,0
16456,56,0,13,1,1,1,1,36,54,82,1,2,4,26,0,1
16457,59,2,11,1,5,1,2,18,77,50,1,0,4,17,7,1
16458,38,0,6,6,19,1,2,64,35,67,2,3,10,55,5,2
16459,36,2,9,3,3,2,2,46,61,54,1,0,3,23,7,1
16460,39,3,10,5,14,2,2,71,37,35,2,3,11,48,17,2
16461,32,2,10,3,3,1,0,40,66,87,1,0,4,19,0,1
16462,25,0,4,4,23,2,0,33,71,55,1,0,4,28,4,2
16463,56,0,14,1,5,1,1,62,46,35,1,2,5,43,6,0
16464,21,0,0,0,16,1,1,38,45,72,1,1,5,34,7,2
16465,58,2,12,0,16,2,0,41,57,25,1,1,5,36,2,2
16466,30,0,9,3,8,0,2,79,32,58,0,8,17,69,30,2
16467,48,0,13,7,12,2,0,52,52,85,2,3,13,33,10,2
16468,47,0,6,2,9,0,0,51,32,54,1,1,1,30,4,2
16469,53,0,8,4,4,1,0,18,87,34,1,1,1,9,1,1
16470,46,1,4,3,18,2,1,51,54,34,2,2,11,43,12,2
16471,27,1,4,0,16,1,0,34,67,30,1,1,5,19,5,2
16472,43,0,6,1,2,1,2,70,33,57,2,5,10,31,6,2
16473,44,1,13,2,11,2,0,66,27,93,2,3,7,39,7,2
16474,54,0,10,5,15,2,0,51,58,92,1,2,4,29,0,2
16475,49,0,7,6,17,0,2,72,14,28,2,2,12,46,14,0
16476,44,1,6,2,11,1,0,75,25,82,2,4,6,38,8,0
16477,37,0,14,7,10,1,0,93,13,51,2,3,14,55,15,0
16478,38,2,17,7,21,0,1,17,82,71,1,2,3,12,0,1
16479,47,0,7,3,18,0,1,38,68,77,1,2,3,30,7,1
16480,33,0,12,2,11,1,0,16,91,86,1,2,1,8,0,1
16481,22,1,1,0,16,1,0,16,75,81,1,2,1,14,0,1
16482,29,2,8,5,14,0,0,63,13,26,2,4,8,31,20,0
16483,44,0,12,3,18,1,0,79,10,62,2,4,7,74,23,0
16484,46,1,8,0,0,2,2,37,50,92,1,0,5,30,7,1
16485,33,0,4,4,23,1,1,29,72,70,1,0,1,16,0,1
16486,48,1,3,6,7,2,1,24,83,68,1,2,3,21,8,1
16487,29,0,8,4,4,2,1,61,36,42,2,3,11,30,12,2
16488,27,1,6,6,7,1,1,47,58,26,1,2,0,22,7,2
16489,57,1,15,0,0,2,2,86,17,40,1,0,1,82,4,0
16491,22,0,1,1,2,1,1,49,37,77,2,5,9,38,11,2
16492,29,2,8,2,9,1,1,90,0,44,2,4,13,60,19,0
16493,56,1,2,4,23,0,1,70,22,61,2,4,7,64,17,0
16494,53,0,9,1,1,1,1,86,20,92,2,4,14,50,22,0
16495,37,0,7,1,5,0,1,29,83,31,1,0,4,27,0,1
16496,43,0,5,6,17,1,2,69,48,55,2,5,9,39,25,2
16497,32,0,11,4,20,1,2,80,26,79,2,4,9,45,22,2
16498,51,2,0,6,7,0,1,55,40,73,2,2,11,26,10,2
16499,24,1,3,7,10,2,1,15,93,48,1,1,0,11,0,1
16500,46,0,5,0,0,0,1,68,27,73,2,4,9,58,10,2
16501,32,3,11,4,23,0,1,26,69,61,1,2,0,18,2,1
16502,29,2,8,1,1,0,0,49,50,23,1,2,2,23,3,2
16503,41,0,11,2,9,1,0,80,1,79,2,5,5,74,5,0
16504,57,2,11,5,13,2,0,15,86,76,1,0,1,12,1,1
16505,42,1,0,2,11,2,0,38,63,80,1,1,3,24,2,2
16506,21,1,0,6,19,1,1,35,66,74,2,4,9,17,17,2
16507,52,0,14,3,8,0,2,86,18,34,2,5,11,40,22,2
16508,55,0,5,3,3,1,2,77,22,45,2,4,8,71,28,2
16509,28,2,3,7,10,1,0,45,63,45,1,0,1,40,3,2
16510,59,1,15,3,8,0,1,15,78,54,1,1,0,7,5,1
16511,27,2,6,2,6,2,1,70,24,51,2,4,9,56,15,2
16512,51,0,13,2,6,1,1,71,36,77,1,1,2,64,4,2
16513,30,0,9,5,13,2,1,48,49,48,2,4,5,39,13,2
16514,23,1,2,2,6,2,1,42,62,40,2,5,11,35,6,2
16515,35,0,12,4,20,2,0,36,68,35,1,2,5,33,5,2
16516,49,0,1,2,11,1,1,20,75,79,1,2,2,11,2,1
16517,36,0,2,3,3,2,1,32,81,26,1,2,2,15,2,1
16518,59,0,10,6,19,0,2,54,49,68,2,4,10,49,23,2
16519,21,0,0,2,6,2,1,58,41,81,2,5,7,36,29,2
16520,22,1,1,4,20,1,1,36,62,29,1,2,4,20,9,2
16521,37,2,2,7,21,0,1,27,82,39,1,0,5,22,0,1
16522,36,2,14,5,13,2,0,70,24,29,2,3,9,64,28,0
16524,30,1,9,2,11,2,1,72,29,95,2,2,6,61,19,2
16525,37,0,10,4,20,1,1,44,69,63,1,2,1,30,4,2
16526,22,0,1,3,18,1,0,61,17,50,1,1,0,46,6,0
16527,24,0,3,4,20,2,2,53,38,25,1,2,5,44,9,2
16528,35,0,14,5,14,2,2,93,0,77,2,2,5,83,7,0
16529,36,2,11,4,23,1,1,28,64,68,1,2,5,13,0,1
16530,21,2,0,1,5,1,1,66,28,61,1,1,2,64,8,0
16532,25,0,1,7,10,0,0,57,37,23,1,0,2,38,8,0
16533,52,2,13,7,21,1,0,43,65,63,1,2,2,26,5,2
16534,58,0,10,1,1,0,1,35,88,73,1,1,5,29,6,1
16535,46,1,13,0,0,2,1,59,37,38,1,2,3,34,2,2
16536,45,0,6,0,22,0,1,33,82,89,1,1,1,29,5,1
16537,51,0,5,3,18,0,2,32,71,81,1,2,1,18,2,1
16538,43,1,11,0,22,0,1,38,66,80,1,2,1,35,5,1
16539,48,3,13,3,8,1,0,57,49,40,1,1,0,46,3,2
16540,58,0,8,1,2,1,1,50,63,57,2,2,5,48,9,2
16541,36,2,12,5,13,0,1,46,49,51,1,2,2,33,0,2
16542,52,1,3,5,13,1,1,55,41,76,2,5,12,28,23,2
16543,55,2,5,2,11,1,1,54,32,66,1,0,3,28,2,1
16544,34,1,6,7,10,2,1,30,64,26,1,2,1,15,4,2
16545,22,0,0,6,7,1,0,72,17,47,2,3,5,49,10,0
16546,49,0,11,3,18,0,1,29,60,94,1,2,2,16,2,1
16547,29,0,6,6,17,1,0,37,68,91,1,0,3,18,5,2
16548,54,0,11,3,3,2,2,54,25,38,2,3,12,24,6,1
16549,23,2,2,2,11,1,1,71,29,98,1,2,0,69,8,2
16550,35,0,5,6,17,1,0,32,65,85,1,0,2,15,2,2
16551,41,1,0,3,18,2,1,29,74,26,1,2,2,17,4,2
16552,60,2,2,6,19,1,1,23,74,94,1,2,3,20,0,1
16553,60,0,6,6,7,1,2,24,56,38,1,0,4,11,5,1
16554,33,2,6,5,13,0,0,57,55,59,1,2,2,46,5,0
16555,40,1,6,2,6,2,1,24,75,61,1,0,0,15,8,1
16556,29,1,7,5,14,0,0,52,39,80,2,5,5,34,6,0
16557,40,0,16,4,23,1,1,40,68,23,1,2,3,28,9,2
16558,49,0,13,6,7,1,0,71,22,71,2,4,8,63,5,0
16559,21,0,0,1,5,2,0,39,64,71,1,2,2,18,8,2
16560,38,0,7,2,6,0,2,14,89,91,1,1,5,7,3,1
16561,60,2,8,3,8,0,0,78,37,56,2,5,10,70,6,0
16562,48,0,10,1,5,0,1,44,50,65,1,1,2,21,8,2
16563,41,1,15,7,10,1,1,11,84,27,1,1,1,8,8,1
16564,41,1,5,1,5,2,1,59,47,64,1,2,3,51,2,0
16565,49,0,10,7,12,0,0,69,60,93,2,2,9,50,12,2
16567,26,2,4,4,4,2,0,55,62,62,1,1,4,51,0,2
16568,59,0,8,5,14,2,1,10,95,70,1,1,4,8,9,1
16569,38,0,12,6,19,1,2,27,64,81,1,2,5,22,2,1
16570,38,1,11,3,3,1,0,47,72,67,1,1,3,40,8,2
16571,24,0,3,0,0,1,0,46,44,80,1,2,5,45,6,2
16572,30,2,9,5,14,1,1,70,39,27,2,3,5,35,20,0
16573,60,0,10,3,3,1,2,33,70,46,1,2,3,19,5,1
16574,33,0,10,1,5,1,0,31,61,71,2,2,6,15,9,2
16575,29,2,3,7,21,2,1,48,73,41,2,5,12,24,19,1
16576,43,0,8,4,20,1,0,58,43,65,1,2,2,57,2,0
16577,32,0,11,3,8,1,1,41,58,25,1,1,5,32,3,2
16578,41,0,0,5,15,2,0,74,12,68,2,3,13,61,8,0
16579,30,1,2,0,16,2,0,49,55,33,1,1,3,44,8,0
16580,29,2,6,3,18,2,1,70,23,53,2,3,6,44,8,2
16581,24,0,3,0,16,1,1,51,58,22,2,5,10,25,20,1
16582,23,2,2,1,5,1,0,79,15,25,2,3,12,64,23,0
16583,51,0,2,7,21,2,2,18,67,23,1,1,4,17,4,1
16584,52,2,1,2,6,1,2,74,35,31,2,5,7,61,29,2
16585,30,3,7,7,12,1,0,45,48,34,1,0,0,33,8,2
16586,26,3,5,2,6,0,1,72,10,51,2,4,11,58,24,2
16587,40,2,8,3,8,0,0,61,39,32,2,5,5,47,6,2
16588,21,0,0,2,9,0,1,53,45,93,2,3,14,42,17,2
16589,35,2,12,1,1,1,1,93,14,25,2,5,6,81,7,0
16590,27,1,6,0,22,0,0,16,84,68,1,0,3,7,9,1
16591,59,0,12,0,22,2,0,17,71,87,1,2,4,13,1,1
16592,27,3,6,7,12,1,1,23,61,57,1,2,2,15,6,1
16593,57,3,17,7,10,1,1,23,66,46,1,1,5,16,2,1
16594,60,0,3,6,19,2,0,47,44,82,2,2,11,43,7,0
16596,45,0,11,0,0,1,0,73,27,45,2,5,14,49,17,0
16597,51,0,7,2,6,2,0,51,40,30,2,2,11,23,6,2
16598,58,0,6,6,7,1,1,70,29,82,2,4,12,69,27,0
16599,56,1,3,2,11,1,0,64,51,93,2,2,12,62,29,2
16600,41,2,5,3,3,1,1,16,83,74,1,0,5,8,8,1
16601,53,0,15,6,17,1,1,19,78,57,1,2,3,10,5,1
16602,41,0,12,4,4,1,2,79,30,43,2,4,14,59,5,0
16603,29,2,0,5,14,1,0,69,35,86,2,3,9,46,20,0
16604,35,0,0,0,0,0,1,89,17,61,2,5,14,53,27,0
16605,49,0,13,3,8,2,0,47,51,39,1,1,1,28,1,2
16606,41,2,20,5,15,0,0,15,100,27,1,1,4,7,7,1
16607,34,1,13,7,10,1,0,37,54,69,1,1,1,31,3,2
16608,26,1,5,0,16,1,1,16,100,28,1,0,2,14,7,1
16609,28,0,7,6,7,0,0,59,33,93,1,2,4,55,8,0
16610,38,2,14,0,22,0,1,43,25,73,1,1,4,22,3,1
16611,22,0,1,1,1,1,0,16,90,36,1,0,4,9,8,2
16612,33,1,8,1,5,0,0,61,39,51,1,1,5,54,4,0
16613,58,2,6,2,9,1,1,23,67,69,1,0,5,22,0,1
16614,53,3,9,0,16,1,0,40,49,30,1,2,2,20,4,1
16615,50,0,20,7,10,2,0,12,79,70,1,2,4,9,8,1
16616,45,2,21,4,23,1,0,26,61,27,1,2,3,17,5,1
16617,39,1,7,2,9,1,0,29,74,37,1,2,5,17,7,2
16618,23,0,2,3,18,2,0,63,37,55,1,0,2,46,2,0
16619,53,0,15,1,5,2,2,91,10,78,2,4,6,74,21,0
16620,30,0,9,5,13,2,2,62,58,42,1,1,2,28,2,2
16621,44,2,5,3,18,2,1,65,38,56,2,3,10,55,16,2
16622,29,0,4,3,3,2,0,35,57,41,1,2,5,25,4,2
16623,60,0,5,0,16,2,0,92,0,49,0,5,24,85,46,0
16624,55,0,3,3,8,1,1,22,72,83,1,2,3,20,2,1
16625,29,2,2,4,20,0,0,34,61,40,1,2,3,27,8,2
16626,38,0,12,7,10,0,1,31,63,84,1,0,2,19,2,1
16627,35,0,12,5,14,1,1,51,41,59,2,3,7,39,15,2
16628,22,0,1,2,6,1,1,43,61,66,1,2,4,37,0,2
16629,22,2,1,6,17,1,0,25,82,48,1,1,0,16,0,2
16631,41,3,3,5,13,1,1,71,36,34,2,3,11,44,5,0
16632,57,2,1,0,16,0,0,46,37,94,2,3,12,45,14,2
16633,48,1,14,2,11,0,1,87,12,72,2,3,5,63,8,0
16634,56,3,5,0,16,0,1,83,15,27,2,5,10,63,8,2
16635,60,0,6,0,16,0,1,60,59,80,2,3,9,30,18,1
16636,28,2,7,7,21,1,2,35,71,55,2,4,9,22,12,1
16637,53,2,8,0,0,1,1,18,82,42,1,0,3,16,2,1
16638,40,0,10,4,4,1,1,11,89,84,1,1,2,9,7,1
16639,26,0,3,1,1,0,1,55,56,80,1,2,0,25,1,2
16640,31,2,4,6,17,1,1,51,40,81,1,0,0,47,1,2
16641,48,0,6,6,19,1,1,26,73,98,1,1,1,15,6,1
16642,48,1,3,5,15,0,0,16,78,39,1,1,0,8,0,2
16643,35,3,4,4,23,0,1,36,61,37,1,2,5,33,9,1
16644,50,0,7,2,9,2,2,23,77,73,1,1,1,20,4,1
16645,55,2,9,5,15,2,1,59,47,36,2,5,7,45,23,2
16646,58,2,0,1,1,1,0,87,0,34,2,2,8,63,19,0
16647,29,0,8,7,10,2,1,17,73,30,1,1,1,8,5,1
16648,23,0,2,0,16,2,0,79,14,76,2,5,13,58,15,0
16649,35,0,0,4,20,1,0,69,26,85,2,2,14,59,21,0
16650,31,2,6,1,5,1,1,20,74,20,1,1,5,12,7,1
16651,39,2,13,2,11,0,1,37,68,77,1,1,0,31,4,1
16652,49,0,15,1,1,1,0,20,79,65,1,1,1,18,7,1
16653,52,0,0,6,17,1,0,59,46,78,2,4,7,41,11,0
16654,23,2,2,7,10,1,0,73,36,80,2,4,9,44,15,0
16655,53,2,7,3,8,0,0,51,46,62,1,2,1,23,6,2
16656,23,0,2,6,17,2,1,11,93,35,1,2,1,7,3,1
16657,28,2,5,4,23,1,1,68,51,74,2,4,6,46,27,2
16658,22,1,1,1,1,2,1,45,51,86,1,0,1,22,3,2
16659,36,0,11,6,19,0,1,21,82,73,1,2,4,15,8,1
16660,45,0,12,4,23,2,0,46,67,34,1,1,2,35,1,2
16661,48,0,7,7,10,2,1,24,78,74,1,2,5,18,8,1
16662,53,2,11,1,2,1,1,13,83,22,1,0,0,10,7,1
16663,22,0,1,6,7,0,2,75,26,66,2,2,6,37,20,2
16664,39,0,18,4,4,1,2,38,54,85,1,2,3,30,8,1
16666,46,0,14,1,2,1,1,52,38,37,1,0,4,23,4,2
16667,53,0,8,0,16,1,1,15,98,80,1,2,1,7,3,1
16668,30,0,9,7,10,2,0,32,57,35,1,1,1,31,1,2
16669,50,0,14,6,19,2,0,58,54,70,2,3,6,33,18,2
16670,45,0,15,4,4,0,2,15,81,71,1,0,5,9,7,1
16671,60,3,9,0,22,1,0,36,68,65,2,2,10,28,6,1
16672,40,0,9,0,16,0,0,17,96,23,1,1,3,12,4,1
16673,22,1,1,7,12,0,1,72,36,91,2,4,9,58,8,0
16674,44,1,17,1,2,0,1,44,59,65,1,1,0,26,4,2
16675,28,2,7,5,14,0,1,34,54,70,2,4,10,26,5,2
16676,22,1,1,4,23,2,0,41,79,86,1,0,1,36,9,0
16677,51,2,12,6,19,2,0,10,90,84,1,1,1,8,5,1
16678,33,1,11,3,8,0,0,73,14,91,2,5,9,41,18,0
16679,22,0,0,3,3,1,1,49,55,42,2,3,13,43,28,2
16680,28,2,7,6,17,1,0,10,76,26,1,1,4,4,0,1
16681,50,0,12,5,13,2,0,62,29,85,2,4,7,55,10,0
16682,44,1,10,5,15,1,1,76,33,86,2,4,8,74,23,0
16683,35,0,14,0,0,2,2,45,63,34,1,2,0,31,5,1
16684,29,0,8,5,15,0,0,65,27,85,2,5,14,31,8,0
16685,60,0,1,5,14,1,1,36,58,74,1,2,2,30,5,2
16686,42,2,5,3,3,0,0,63,41,28,1,2,2,40,6,2
16687,30,0,1,7,12,1,0,49,48,85,1,2,2,47,6,0
16688,56,0,0,2,6,0,0,73,20,41,0,5,25,62,51,0
16689,56,0,7,7,10,0,2,12,85,59,1,1,0,10,3,1
16690,24,0,3,7,12,2,0,83,0,24,2,5,5,59,23,0
16691,44,2,6,0,0,0,1,80,23,72,2,2,13,37,21,2
16692,36,2,2,6,17,2,1,68,35,76,1,2,2,43,9,0
16694,38,1,5,1,2,2,1,44,65,59,1,2,4,35,8,2
16695,56,0,12,7,10,1,1,36,60,37,1,1,2,32,0,2
16696,52,2,6,5,14,2,0,46,57,72,1,0,3,23,9,2
16697,26,0,2,0,16,1,1,25,88,55,1,2,4,21,6,1
16698,43,0,6,6,7,0,2,30,85,70,1,0,3,16,4,1
16699,27,0,6,0,16,1,0,43,46,88,1,2,4,41,5,2
16700,32,2,7,3,3,1,0,19,71,76,1,1,1,10,8,1
16701,22,2,1,7,21,1,0,72,14,45,2,2,7,35,28,0
16702,37,0,6,0,0,0,1,46,55,36,1,1,3,32,3,1
16703,53,3,5,6,7,1,0,23,87,76,1,2,2,12,3,1
16704,34,0,12,4,23,1,1,46,58,24,2,4,13,43,19,2
16705,39,0,2,7,12,0,1,79,38,50,2,4,13,69,13,0
16706,39,1,17,1,5,0,1,19,71,33,1,0,4,18,8,1
16707,29,1,8,4,4,2,1,20,83,53,1,2,0,14,6,1
16708,39,2,9,5,14,2,0,42,63,20,1,2,3,25,6,2
16709,38,0,10,5,13,1,0,57,35,45,2,3,12,50,14,0
16710,45,1,14,3,3,0,0,70,41,59,1,0,0,60,4,0
16711,23,2,2,6,19,2,2,35,73,78,1,1,1,26,0,1
16712,24,2,0,4,4,1,1,36,63,67,1,2,4,19,0,2
16713,33,0,0,1,2,1,0,49,41,48,1,0,0,25,6,0
16714,43,0,3,4,23,1,0,35,66,52,1,1,4,25,0,2
16715,37,0,8,7,10,2,0,19,78,30,1,1,3,14,8,1
16716,49,1,2,6,17,1,0,18,63,90,1,2,5,17,9,2
16717,39,0,7,3,8,2,1,33,69,86,1,1,3,26,4,1
16718,26,1,4,3,3,1,0,73,22,54,2,4,7,70,14,0
16719,32,0,11,6,17,2,0,29,72,44,1,2,2,27,7,2
16720,30,1,9,2,11,0,0,82,10,87,2,3,5,57,17,0
16721,54,2,14,6,19,0,0,71,35,74,2,2,7,48,22,0
16722,41,2,15,0,0,2,0,75,25,33,2,5,8,58,28,0
16723,23,1,2,3,18,1,2,70,12,77,1,0,5,53,9,0
16724,59,1,1,6,17,0,0,32,65,21,1,1,2,16,9,0
16725,44,0,3,0,22,1,0,64,50,91,2,3,6,60,17,2
16726,36,0,15,0,16,1,0,93,0,32,0,8,16,57,39,0
16727,46,1,8,3,8,1,0,12,72,93,1,1,4,10,1,1
16728,51,0,13,2,11,2,0,74,34,79,2,3,13,72,5,0
16729,43,0,7,1,1,0,2,67,24,90,2,5,8,37,5,2
16730,40,0,8,7,21,2,1,57,36,25,2,3,6,42,8,0
16731,50,1,7,6,19,1,1,71,31,81,2,3,12,53,23,0
16732,39,0,11,4,20,1,0,12,91,29,1,0,4,8,4,1
16733,32,1,11,0,16,1,1,15,74,23,1,1,4,8,6,1
16734,24,2,0,0,22,0,0,59,36,74,2,2,5,42,17,2
16735,40,1,7,5,13,2,1,92,10,48,2,5,7,67,20,0
16736,55,0,13,4,20,1,0,90,26,21,0,7,20,86,40,0
16737,37,0,5,5,13,0,0,88,6,36,2,3,8,70,9,0
16738,46,0,15,3,18,2,0,91,19,40,2,3,10,60,17,0
16739,42,2,3,2,11,2,0,33,58,79,2,4,5,18,7,1
16740,58,0,7,6,17,1,1,37,77,66,1,0,5,25,4,2
16741,27,1,6,4,23,2,1,49,43,60,2,5,11,45,11,0
16742,24,0,3,1,5,0,2,24,70,60,1,2,1,19,7,1
16743,48,0,11,7,12,2,2,89,2,93,0,7,23,59,43,2
16744,29,0,8,0,22,2,0,28,71,72,1,2,5,13,2,1
16745,59,0,19,6,7,0,2,11,93,59,1,1,2,6,1,1
16746,57,0,15,0,0,2,0,41,50,25,1,2,1,27,2,2
16747,44,2,11,0,0,1,1,32,71,79,1,1,4,29,1,1
16748,48,0,9,4,20,1,0,40,71,35,1,0,0,26,5,2
16749,28,2,7,2,11,1,1,87,21,66,2,3,12,77,13,0
16750,49,0,14,3,3,2,1,66,7,70,2,4,12,43,9,2
16751,31,0,0,1,5,2,1,17,73,76,1,2,5,15,0,1
16752,55,2,7,5,14,2,1,17,67,54,1,0,3,10,8,1
16753,48,0,10,6,17,0,0,41,49,22,1,0,4,33,1,0
16754,39,1,15,5,15,2,1,78,29,31,2,4,9,50,19,0
16755,37,2,4,0,16,0,1,33,76,87,1,1,0,22,0,1
16756,21,1,0,5,15,1,1,18,88,59,1,1,1,15,0,2
16757,22,2,1,7,10,0,1,62,30,93,2,3,12,43,13,2
16758,41,2,12,2,11,1,1,52,41,71,1,0,3,37,0,1
16759,40,3,13,6,7,1,0,10,100,63,1,1,2,8,7,1
16760,25,0,4,1,2,0,1,53,46,65,2,2,9,24,14,2
16761,24,1,3,2,9,1,1,19,71,84,1,2,2,9,0,1
16762,56,1,6,3,3,0,1,58,48,93,2,5,11,57,21,2
16763,40,1,5,0,22,1,1,20,83,71,1,0,1,15,1,1
16765,29,1,4,7,10,0,2,13,91,37,1,2,1,9,6,1
16767,34,0,6,2,6,1,1,27,62,48,1,2,4,18,8,1
16768,31,1,8,6,7,1,2,21,75,31,1,0,1,10,7,1
16769,34,0,13,3,3,2,1,51,63,25,1,0,3,45,8,2
16770,56,0,8,7,21,0,0,72,23,39,2,5,13,55,14,0
16771,56,3,15,5,15,2,0,34,58,92,1,1,0,16,8,1
16772,42,1,12,0,22,0,0,33,57,84,1,1,0,24,5,1
16773,30,2,4,3,3,2,0,73,17,73,2,5,7,60,13,0
16774,50,0,12,0,0,1,0,67,35,68,1,2,4,59,7,0
16775,30,2,1,0,0,2,1,17,70,46,1,0,4,15,0,1
16776,37,0,8,0,22,1,1,75,46,98,2,3,10,65,17,2
16777,48,2,5,2,9,2,2,80,13,46,2,5,6,38,15,1
16778,48,0,0,6,7,1,0,44,45,46,1,2,0,25,9,0
16779,29,2,8,0,0,1,0,10,78,79,1,2,2,9,8,1
16780,29,1,8,3,3,0,0,60,51,81,2,3,7,45,15,2
16781,35,0,9,4,23,0,1,58,35,76,1,2,5,52,7,0
16782,43,1,12,5,14,1,2,13,88,46,1,1,5,12,5,1
16783,36,0,7,6,7,0,0,71,34,61,1,1,3,34,1,0
16784,39,0,10,2,9,2,0,59,30,60,2,4,14,43,19,2
16785,32,0,2,7,10,0,1,60,52,69,2,3,12,45,6,0
16786,41,0,1,3,3,1,2,76,13,51,2,3,14,41,27,2
16787,27,2,5,7,10,1,1,81,8,62,2,3,12,53,6,0
16788,45,2,15,3,8,2,1,42,50,48,1,1,2,40,4,1
16789,37,0,16,2,6,1,2,23,77,93,1,1,4,15,9,1
16790,28,1,0,6,17,1,1,47,72,43,2,2,11,21,28,2
16791,43,0,1,7,12,2,0,44,48,74,1,1,4,41,6,0
16792,30,1,9,2,9,2,0,43,52,36,1,1,3,37,0,2
16793,51,0,10,3,18,1,1,89,0,45,2,5,12,68,5,0
16794,50,2,5,2,11,1,0,41,71,79,1,1,2,24,8,1
16795,21,0,0,3,8,1,1,40,56,67,1,1,2,23,9,2
16796,34,1,5,4,23,2,0,13,90,91,1,0,4,6,3,1
16797,54,0,0,0,16,1,2,54,49,21,1,2,1,49,7,2
16798,22,2,1,3,3,1,0,53,56,21,2,2,10,31,19,2
16799,36,1,1,1,5,0,1,25,57,87,1,1,0,18,6,2
16800,42,2,11,3,3,2,1,76,31,67,2,5,10,72,22,2
16801,49,1,7,4,20,0,1,34,50,83,1,1,5,33,4,2
16802,27,1,6,1,5,1,1,21,63,65,1,2,3,17,0,1
16803,47,0,0,1,1,0,1,50,41,89,1,1,1,30,0,2
16804,27,1,6,3,18,2,2,14,84,28,1,1,4,11,8,1
16805,54,2,10,6,7,0,0,87,12,42,0,8,16,52,29,0
16806,59,2,18,6,17,0,0,64,49,20,1,2,5,62,6,0
16807,53,2,15,5,13,2,1,46,73,56,1,1,5,42,6,2
16808,43,0,16,3,3,1,2,63,30,91,2,3,8,56,17,1
16809,52,0,11,7,12,2,0,44,47,32,1,1,1,39,6,0
16810,25,0,3,4,20,1,1,68,24,37,2,5,11,41,20,0
16811,55,1,5,1,5,2,0,74,39,32,2,2,13,40,28,0
16812,27,0,6,2,6,2,1,84,9,83,2,3,10,51,27,2
16813,56,0,10,1,2,1,1,23,70,65,1,2,4,20,3,1
16814,58,0,11,6,7,0,1,67,45,84,2,4,12,52,13,0
16815,60,0,8,6,7,1,0,11,79,63,1,1,1,6,3,1
16816,49,0,10,6,7,2,1,23,63,88,1,1,0,13,8,1
16817,44,0,4,1,2,1,1,47,39,94,1,0,5,46,8,2
16818,28,0,7,2,6,1,2,33,70,73,1,0,0,30,9,1
16819,56,2,12,7,12,1,1,23,78,85,1,0,0,16,3,1
16820,54,0,11,2,11,0,0,56,16,96,2,5,14,42,28,2
16821,44,0,11,3,3,0,1,36,69,69,1,1,1,34,3,1
16822,45,0,14,6,19,2,1,89,11,76,2,2,8,63,9,0
16823,60,1,18,4,20,1,1,59,28,47,1,1,1,38,5,0
16824,51,3,2,2,11,2,1,53,52,69,1,1,5,41,5,1
16825,39,3,14,7,10,0,1,76,26,47,2,3,6,70,14,0
16826,31,0,9,3,8,2,0,10,97,54,1,2,3,9,1,1
16827,54,2,12,2,11,0,2,67,24,80,1,2,4,55,7,1
16828,34,0,8,6,7,1,1,30,70,83,1,1,3,28,1,1
16829,57,0,15,4,23,1,1,58,31,86,1,2,1,29,7,2
16830,60,2,2,5,14,1,1,87,5,27,0,7,23,42,43,0
16831,38,1,8,4,20,1,1,64,41,87,2,5,10,55,8,0
16832,56,2,6,0,0,1,1,86,19,38,2,4,6,62,15,0
16833,28,0,7,0,0,2,1,74,21,43,2,5,10,41,14,2
16834,30,0,9,4,20,0,1,28,74,44,1,2,1,25,6,1
16835,24,0,3,2,11,2,0,81,0,77,2,4,11,58,20,0
16836,42,0,5,7,10,2,0,47,46,20,1,2,1,26,1,2
16838,43,0,4,3,18,0,0,79,11,88,2,2,6,39,22,0
16839,43,1,11,2,9,2,2,65,39,44,2,5,8,55,14,2
16840,36,2,2,3,3,2,0,40,59,23,2,5,13,30,12,2
16841,48,1,7,5,15,1,1,54,33,69,1,1,3,25,4,0
16842,52,2,5,7,21,2,0,59,32,26,2,2,8,30,25,2
16843,44,0,9,0,22,0,0,89,2,93,2,5,7,83,26,0
16844,35,0,13,5,15,2,2,54,52,50,1,1,2,32,9,2
16845,40,2,6,7,10,2,1,59,60,39,2,3,7,54,23,2
16846,47,0,13,7,12,0,1,25,77,29,1,1,4,12,4,1
16847,53,0,9,3,8,1,1,86,20,61,2,4,11,64,14,0
16849,30,0,4,4,20,0,1,84,20,86,2,5,10,77,21,0
16850,52,2,9,5,15,1,1,56,48,24,1,0,2,51,5,0
16851,32,0,11,2,9,2,1,49,52,37,1,1,5,36,7,2
16852,51,3,4,4,20,1,0,37,65,51,1,2,4,21,2,2
16853,24,0,3,4,4,0,0,93,5,26,2,3,5,77,19,0
16854,25,0,4,4,4,1,1,21,84,24,1,0,3,13,5,1
16855,38,1,8,5,15,1,1,80,18,68,2,3,7,50,16,0
16856,54,2,5,4,4,2,1,89,24,64,2,5,14,75,27,0
16857,46,2,13,5,14,0,0,72,36,22,2,3,6,40,15,0
16858,34,0,8,4,20,1,1,73,21,37,2,2,14,36,14,0
16859,22,2,1,5,15,1,1,59,35,74,1,1,2,47,0,0
16860,35,0,8,0,0,0,0,70,39,40,2,4,12,55,29,0
16861,39,0,18,4,23,2,1,78,15,37,2,5,14,46,7,0
16862,55,0,1,3,3,1,0,47,62,29,1,2,5,28,6,2
16863,25,0,4,1,1,1,2,37,70,23,1,1,3,17,9,1
16864,47,0,13,4,20,0,1,68,32,60,2,5,5,41,12,0
16865,60,2,18,5,14,2,1,82,34,45,1,1,0,77,7,0
16866,54,0,3,7,12,0,1,23,71,88,1,2,0,18,8,1
16867,35,0,13,3,8,0,0,53,41,42,1,0,4,28,6,2
16868,30,0,9,2,6,0,0,53,38,39,2,5,13,35,15,2
16869,43,0,8,2,9,2,0,32,61,59,1,0,3,30,8,1
16870,60,2,9,1,2,0,0,18,100,32,1,2,2,16,1,1
16871,47,0,10,7,21,2,0,42,53,94,1,0,0,26,4,2
16874,27,0,6,0,22,2,1,61,37,82,1,0,5,55,7,2
16875,26,0,5,4,20,2,2,57,40,35,1,0,4,31,9,2
16876,40,2,6,7,10,1,1,83,7,23,2,5,9,82,26,0
16877,53,3,3,0,0,1,0,69,40,53,2,2,7,34,9,2
16878,34,0,5,7,12,2,0,17,87,64,1,1,1,12,2,1
16879,60,0,0,3,18,2,0,12,100,87,1,2,2,10,1,1
16880,42,2,11,1,2,1,2,63,38,31,1,2,5,56,2,2
16881,26,1,5,7,21,1,0,71,29,50,2,5,10,53,11,0
16882,55,0,13,5,15,1,1,44,59,84,1,2,5,22,9,2
16883,37,0,13,0,16,0,0,79,13,35,2,3,10,74,13,0
16884,58,2,4,1,1,1,1,22,81,46,1,0,1,21,7,1
16885,42,0,2,4,4,0,0,69,21,24,2,3,8,32,15,0
16887,38,2,1,2,9,0,1,34,59,38,1,1,2,32,8,1
16888,22,2,1,2,6,2,1,24,67,46,1,0,4,18,1,1
16889,31,2,10,0,22,1,1,86,26,77,2,2,8,78,10,2
16890,44,1,4,0,16,1,1,86,14,44,2,2,10,85,6,0
16891,46,2,19,5,14,1,1,26,93,87,1,1,0,24,8,1
16892,26,1,2,7,10,0,0,40,51,42,1,0,2,21,4,0
16893,53,0,8,1,2,0,2,92,2,23,2,4,8,46,20,0
16895,36,0,10,5,13,0,2,78,32,32,2,2,8,53,21,0
16896,49,3,0,3,8,1,2,11,87,22,1,2,2,7,2,1
16897,55,2,10,4,20,2,1,19,77,49,1,0,5,10,8,1
16898,59,0,10,1,5,2,0,71,40,91,2,5,11,64,10,0
16899,31,0,0,3,8,0,1,90,22,36,2,5,12,57,5,0
16900,27,2,6,7,21,1,1,89,11,21,2,2,8,67,20,0
16901,53,2,11,1,5,0,2,20,98,89,1,1,3,17,1,1
16902,59,0,13,2,11,2,0,72,37,87,2,5,9,50,11,2
16904,44,1,9,1,2,1,0,16,85,35,1,1,2,15,8,2
16905,23,2,2,3,3,1,0,91,9,51,2,2,14,45,21,0
16906,38,0,6,5,14,2,0,53,44,88,2,2,9,30,25,2
16907,53,3,8,5,14,2,0,52,41,58,2,4,8,40,14,2
16908,32,0,11,6,17,0,0,60,32,42,2,5,14,50,28,0
16909,25,2,4,0,16,1,0,82,4,92,2,2,9,46,18,2
16910,38,0,4,4,4,1,1,17,94,85,1,0,4,9,0,1
16911,23,2,0,7,21,1,1,64,19,53,1,0,1,59,2,0
16912,55,3,13,2,6,0,1,16,80,83,1,2,0,13,5,1
16913,57,0,14,5,15,2,1,73,20,78,2,3,7,71,22,0
16914,52,0,8,1,2,0,0,38,45,71,1,0,1,31,1,2
16915,50,2,10,3,3,0,2,94,15,47,2,2,8,57,19,2
16916,36,0,9,1,1,1,2,33,60,93,1,1,4,14,4,1
16918,30,0,9,3,18,1,1,21,84,71,1,0,5,11,3,1
16919,50,3,8,4,20,1,1,76,11,69,2,4,10,48,6,0
16920,33,1,1,1,5,2,0,62,23,80,2,2,11,40,14,0
16921,52,0,14,0,22,1,2,26,69,80,1,2,5,21,7,1
16922,52,1,8,2,11,2,1,57,31,76,2,4,7,44,14,2
16923,37,0,12,0,22,1,1,43,59,75,1,1,3,22,4,1
16924,42,2,11,2,9,2,2,90,0,20,2,5,11,42,13,2
16925,31,0,10,5,13,1,1,16,89,70,1,0,5,15,1,1
16926,23,0,2,4,20,2,1,43,55,46,2,4,10,23,28,2
16927,31,2,10,6,7,1,1,82,35,88,2,4,8,64,26,0
16928,48,0,10,2,11,2,0,80,14,65,2,4,12,36,29,0
16929,57,0,6,1,1,0,0,57,61,33,1,1,5,45,8,0
16930,27,0,6,2,6,1,1,85,29,45,2,4,5,51,6,0
16931,48,2,13,4,23,0,1,63,30,83,2,3,14,36,17,2
16932,47,2,7,4,23,2,1,20,88,37,1,2,3,18,5,1
16933,40,2,11,4,4,1,1,34,90,43,2,3,10,22,21,1
16936,38,2,17,7,21,0,1,81,29,37,2,3,13,45,29,2
16937,39,3,11,4,4,1,1,41,57,64,1,1,5,38,7,1
16938,26,0,5,5,15,0,2,11,100,36,1,1,3,5,5,1
16939,45,2,11,2,9,1,1,49,53,34,2,5,12,28,10,1
16940,38,0,2,2,9,1,1,62,50,43,2,2,9,38,29,2
16941,27,0,6,5,13,1,1,33,76,58,1,1,5,29,8,2
16942,48,0,10,2,11,1,1,86,10,78,2,3,13,53,12,0
16943,53,0,10,5,14,0,1,38,56,40,1,2,1,27,7,2
16944,28,2,7,7,21,2,1,91,13,32,2,2,8,64,18,0
16945,58,0,7,1,5,2,1,69,29,92,2,3,7,59,11,0
16946,21,1,0,6,17,2,0,24,79,78,1,0,0,11,7,2
16948,44,1,7,0,22,1,0,44,55,94,1,2,4,37,1,2
16949,23,0,2,6,19,1,0,52,41,73,1,2,5,29,9,0
16950,23,0,2,4,4,1,1,80,21,90,2,2,13,73,7,0
16951,49,2,13,6,17,1,0,92,16,27,2,4,10,72,8,0
16952,42,2,0,7,21,1,0,79,35,27,2,5,13,38,24,0
16953,37,0,13,4,23,2,0,24,74,25,1,2,0,22,4,2
16954,22,2,1,1,2,0,2,46,59,23,1,2,4,23,3,1
16955,22,0,1,7,10,2,2,92,11,62,2,2,10,91,10,0
16956,21,0,0,0,0,1,1,64,28,57,2,3,13,41,9,2
16957,53,0,4,4,20,0,1,16,78,49,1,1,3,11,4,1
16958,30,0,9,4,23,2,1,26,68,42,1,1,1,18,9,1
16960,41,2,6,5,13,2,2,45,59,50,1,1,2,40,6,1
16962,58,1,10,1,5,2,1,80,20,39,2,4,6,70,21,0
16963,50,2,5,5,13,1,1,92,11,83,2,5,5,58,17,0
16964,21,0,0,3,8,0,0,47,50,40,1,0,4,41,7,0
16965,55,2,9,3,18,2,0,18,75,22,1,2,4,14,5,1
16966,45,0,20,0,16,0,0,66,48,35,1,0,5,32,6,2
16967,44,1,14,7,10,1,2,53,56,27,1,2,5,45,5,2
16968,22,0,1,5,13,1,2,19,68,82,1,1,0,18,4,1
16969,22,2,1,3,8,1,0,35,55,87,1,0,5,16,7,1
16970,33,2,0,0,0,1,0,37,68,47,1,2,4,34,5,2
16971,55,2,14,5,15,2,0,68,29,85,2,3,5,65,18,0
16972,49,0,9,0,22,0,0,17,92,84,1,0,3,13,2,1
16973,47,2,4,7,10,1,0,33,59,31,1,1,4,21,4,2
16974,31,0,2,2,9,1,1,49,52,90,2,4,8,47,13,2
16975,60,0,5,0,22,0,0,78,39,88,2,4,12,74,7,0
16976,26,1,5,0,22,2,0,26,68,81,1,2,4,16,7,1
16977,30,0,9,4,4,1,1,24,75,50,1,2,1,19,6,1
16979,52,0,4,1,1,2,1,80,19,31,2,5,12,45,29,0
16980,44,0,3,3,8,1,1,38,68,82,1,0,0,22,3,1
16981,47,0,9,0,16,2,2,59,35,94,2,4,5,50,11,1
16982,45,0,5,1,2,0,2,73,26,71,2,3,8,42,14,2
16983,38,2,7,5,15,0,0,53,49,49,1,1,2,37,6,0
16984,27,1,0,7,12,2,1,43,68,20,1,2,3,25,8,2
16985,45,0,0,0,16,0,1,25,79,36,1,1,2,16,3,1
16986,32,0,5,6,19,0,0,48,37,96,1,1,4,30,5,2
16987,40,1,12,1,1,2,0,48,57,61,1,1,5,36,1,0
16989,32,0,11,7,10,1,0,73,27,66,2,2,10,42,15,0
16990,51,0,14,6,19,0,1,51,53,99,1,0,3,23,8,2
16991,48,0,7,4,4,1,1,56,47,86,1,2,4,28,8,2
16992,28,1,7,6,7,1,0,34,70,91,1,1,0,24,8,2
16993,27,2,6,5,13,1,0,58,45,57,2,5,7,54,28,0
16994,50,3,17,3,18,2,0,18,70,86,1,1,0,11,7,1
16995,41,0,5,2,11,2,0,34,63,70,1,0,2,16,5,1
16996,36,2,8,7,21,0,0,28,47,84,1,0,5,27,7,1
16997,30,0,9,2,9,0,0,23,89,32,1,0,5,10,9,1
16998,25,0,0,4,4,1,0,70,0,90,1,2,4,37,1,0
16999,59,2,11,2,11,1,2,25,75,98,1,0,4,21,4,1
17000,33,1,10,0,0,2,0,39,55,78,1,2,3,37,3,2
17001,51,0,6,5,13,1,0,13,93,42,1,2,2,8,4,1
17002,34,2,9,2,6,2,1,77,4,64,2,5,12,47,13,2
17003,51,2,14,4,4,2,0,82,14,30,2,3,13,65,29,0
17004,29,1,5,1,2,1,1,17,78,53,1,1,4,14,0,1
17005,44,0,6,2,11,2,1,15,94,67,1,0,5,7,8,1
17006,23,2,2,5,15,1,1,84,0,93,2,2,12,82,12,0
17007,26,1,5,5,13,1,0,15,94,26,1,1,3,14,1,2
17008,51,0,6,5,15,2,0,77,35,75,2,3,7,56,20,0
17009,21,0,0,5,15,2,2,42,55,42,1,2,2,21,0,2
17010,48,2,12,3,3,2,0,15,91,71,1,1,4,12,0,1
17011,42,0,10,2,6,2,1,75,29,45,2,3,11,41,17,2
17012,54,0,3,6,17,2,2,90,12,25,2,4,6,65,5,0
17013,27,0,6,1,5,2,0,63,32,28,2,5,12,32,28,0
17014,36,3,10,5,13,1,1,89,17,25,0,7,17,76,40,0
17015,52,0,8,4,20,1,0,24,51,57,1,1,3,14,2,2
17016,25,0,0,1,5,2,0,68,42,51,2,5,8,59,23,0
17017,54,2,12,7,10,1,0,76,33,61,2,2,14,49,14,0
17019,53,0,14,4,23,1,0,55,43,86,2,2,11,41,6,0
17020,37,0,12,3,3,2,2,39,61,90,1,0,1,37,3,1
17021,23,0,2,0,22,1,0,37,79,91,1,0,4,22,1,1
17022,38,3,17,2,9,2,1,11,86,33,1,1,4,8,4,1
17023,24,3,1,4,23,2,0,39,65,59,1,2,4,31,0,2
17024,45,0,6,4,4,0,1,34,75,20,1,1,5,25,6,2
17025,37,0,9,4,23,0,0,89,11,55,2,3,5,61,19,0
17026,29,2,0,0,0,1,0,12,84,93,1,0,2,8,5,1
17027,41,1,8,5,15,2,0,15,88,57,1,2,5,14,8,2
17028,24,0,3,5,15,1,0,58,23,60,2,5,11,34,6,0
17029,43,0,3,5,14,1,2,46,35,57,2,3,8,39,19,2
17030,44,0,15,6,17,0,1,21,82,36,1,1,1,16,1,1
17031,48,0,8,3,18,1,1,57,33,57,2,4,11,38,11,2
17032,21,0,0,2,6,0,0,27,65,33,1,1,1,17,1,2
17033,27,2,6,6,17,0,1,81,12,69,2,5,6,68,25,0
17034,30,0,9,3,8,0,1,56,60,27,1,2,0,33,7,2
17035,46,1,2,0,16,2,0,17,85,34,1,1,4,16,9,2
17036,27,3,6,7,10,2,1,76,30,32,2,4,8,50,16,2
17037,40,2,12,4,23,1,0,67,37,42,2,3,13,37,29,0
17038,59,0,3,1,2,1,0,65,41,72,2,5,13,58,7,0
17039,43,0,2,6,17,0,2,87,2,78,2,2,10,60,18,0
17040,57,0,3,7,10,1,2,71,32,26,2,3,13,64,25,2
17041,57,1,9,3,18,1,2,30,77,33,1,1,0,13,3,1
17042,50,0,11,2,9,2,0,82,11,42,2,3,5,51,26,0
17043,33,0,9,5,15,2,0,61,38,23,1,0,2,60,4,0
17044,25,2,0,4,4,1,0,32,77,55,1,0,4,20,1,2
17045,52,0,13,6,17,2,2,39,59,50,1,2,3,22,4,1
17046,23,2,2,0,0,1,0,73,19,36,2,3,9,64,26,0
17047,25,2,4,1,1,2,1,69,16,25,2,4,10,42,5,0
17048,26,3,1,0,0,2,0,77,12,53,2,4,6,36,12,0
17049,44,0,15,7,10,2,1,94,28,48,2,2,13,57,26,0
17050,24,2,3,2,6,0,1,42,58,28,1,1,0,41,6,1
17051,39,2,14,6,19,0,0,76,14,84,2,5,9,52,7,0
17052,39,0,5,4,20,2,1,38,58,42,1,0,4,28,3,2
17053,21,0,0,7,21,2,0,88,18,78,2,2,11,46,28,0
17054,44,2,12,5,13,2,1,22,63,21,1,2,4,10,7,1
17055,56,0,10,3,3,1,0,66,32,29,1,0,5,30,5,0
17056,57,2,7,6,19,2,1,75,39,92,2,3,13,60,24,2
17057,48,0,15,7,10,0,0,21,83,80,1,0,1,15,0,1
17058,50,2,4,2,6,2,0,16,77,53,1,2,2,15,8,1
17059,53,2,4,2,9,0,2,37,71,48,1,0,3,23,8,1
17060,53,2,4,5,14,1,2,26,75,29,1,0,3,22,1,1
17061,47,2,21,6,19,2,1,80,14,77,2,3,9,78,24,0
17062,52,0,12,6,17,0,2,59,50,67,2,2,12,29,26,1
17063,46,0,1,2,6,1,1,75,22,81,2,5,11,63,7,0
17064,41,2,8,4,20,1,0,62,40,82,2,3,7,45,13,2
17065,23,1,2,7,12,0,0,63,32,52,2,4,14,49,6,0
17066,30,2,0,2,9,1,1,82,22,46,2,5,14,48,26,0
17067,22,0,1,5,15,2,0,12,84,60,1,1,2,5,2,2
17068,29,1,8,0,0,0,2,55,32,41,2,5,9,33,25,1
17069,21,0,0,6,19,0,2,44,61,84,1,0,4,21,9,1
17070,21,1,0,1,1,2,1,29,69,36,1,2,1,22,9,2
17071,59,2,4,1,1,1,2,76,18,68,2,3,5,62,12,2
17072,46,0,4,3,3,2,1,82,17,92,2,4,14,47,22,2
17073,41,1,10,2,6,1,0,69,21,63,2,3,6,49,26,0
17075,39,2,6,3,3,2,1,48,54,53,1,1,5,31,6,1
17076,35,2,7,7,10,0,1,56,57,53,2,4,11,45,17,2
17077,34,2,13,0,16,2,1,41,69,31,1,1,0,34,6,1
17078,53,1,10,5,15,1,0,65,53,92,2,5,12,42,19,0
17079,22,0,1,0,16,1,2,39,49,62,1,1,0,34,0,1
17080,31,0,4,7,21,2,0,30,53,39,1,0,3,22,3,2
17081,56,0,8,6,17,0,1,15,84,79,1,1,2,13,8,1
17082,45,0,1,7,21,0,0,41,57,62,1,0,4,33,6,2
17083,27,2,0,5,14,2,1,66,61,91,2,2,7,48,16,2
17084,24,1,3,3,18,1,2,33,69,62,1,0,0,27,7,1
17085,41,0,14,2,9,1,2,80,28,88,2,3,14,59,25,2
17086,37,3,4,2,11,2,0,50,32,78,1,2,5,48,6,2
17087,53,0,8,2,6,0,1,91,0,65,0,5,23,75,23,0
17088,39,2,12,7,21,1,0,11,75,34,1,2,4,6,5,1
17089,60,2,10,3,3,2,0,37,63,26,1,1,0,35,3,2
17090,23,0,2,5,15,0,0,17,91,56,1,0,5,16,9,2
17091,39,0,15,5,14,1,1,86,16,59,0,8,25,44,36,0
17092,25,1,4,2,6,0,0,17,72,30,1,0,2,9,1,1
17093,43,0,14,5,15,0,1,59,35,37,2,5,12,54,23,0
17094,21,2,0,3,3,1,0,30,82,23,1,1,1,25,5,2
17095,33,0,8,2,11,1,0,73,24,87,2,2,5,68,21,0
17096,34,0,10,6,19,2,1,32,79,86,1,2,4,21,7,1
17097,56,0,8,6,7,0,0,23,64,20,1,2,2,15,8,2
17099,32,1,6,4,20,2,0,62,40,46,1,1,5,48,4,0
17100,26,2,5,2,11,0,0,59,61,93,2,4,14,51,18,2
17101,28,1,7,2,11,1,0,64,19,98,2,2,6,41,22,2
17102,45,0,14,6,17,1,1,30,63,72,1,1,2,19,5,1
17103,55,1,10,7,12,2,0,13,88,56,1,2,1,7,2,1
17104,49,1,1,7,21,1,2,78,25,71,2,4,7,52,18,0
17105,60,2,1,2,9,1,0,20,100,70,1,1,0,12,3,1
17106,40,1,10,4,4,2,1,59,33,38,2,2,9,30,9,0
17107,59,1,1,7,10,2,2,67,35,20,2,5,12,54,29,0
17108,56,0,14,7,12,0,0,82,3,51,2,2,5,73,19,0
17109,39,0,5,0,22,0,0,46,57,79,2,2,11,32,26,1
17110,22,1,1,4,20,2,2,37,70,89,1,1,5,36,0,2
17111,43,3,7,4,4,2,1,88,12,50,2,3,6,86,21,0
17112,38,2,15,7,10,1,0,12,88,32,1,1,3,9,8,1
17113,26,2,5,6,19,2,1,53,58,89,2,5,10,52,6,2
17115,48,2,8,4,23,0,0,65,45,32,2,4,11,47,9,0
17116,57,0,7,6,17,0,2,13,83,53,1,0,1,11,5,1
17118,36,0,10,3,3,2,0,37,61,53,1,1,3,35,7,2
17119,51,2,0,2,6,0,2,22,87,46,1,2,2,14,4,1
17121,55,0,2,5,13,1,0,16,90,32,1,0,0,8,7,2
17122,27,1,6,0,16,1,2,58,62,53,2,3,7,51,7,1
17123,21,1,0,0,0,0,0,76,20,22,2,4,14,42,25,0
17124,56,0,8,6,17,0,0,66,51,29,2,5,8,44,9,0
17125,26,2,5,7,10,0,1,35,65,68,1,2,1,32,9,1
17126,54,1,13,6,7,2,2,30,83,32,1,0,1,19,8,1
17127,44,3,12,2,9,1,0,14,96,74,1,2,4,13,2,1
17128,27,1,6,4,4,2,0,18,89,64,1,2,2,13,7,2
17129,28,0,7,3,18,2,2,42,62,58,1,1,0,34,1,1
17130,48,0,3,5,15,1,1,83,16,33,2,4,14,69,13,0
17131,40,0,14,6,17,1,1,67,21,79,1,2,3,38,7,0
17132,38,0,7,0,16,1,0,50,41,45,1,2,0,49,9,2
17133,24,0,3,4,20,1,0,61,35,76,2,2,7,39,17,0
17134,46,2,17,3,18,2,1,50,52,89,1,0,4,44,4,1
17135,34,0,13,4,20,2,1,64,16,90,2,4,14,54,5,0
17136,30,1,9,2,11,0,0,55,52,91,2,5,6,46,28,2
17137,60,2,14,0,0,1,1,29,64,35,1,2,2,28,2,1
17138,35,1,1,3,3,0,0,74,33,22,2,2,14,70,22,0
17139,27,3,4,2,9,2,1,18,63,82,1,0,5,11,7,1
17140,51,2,19,3,8,0,0,62,39,74,2,4,9,60,15,2
17141,25,2,4,2,9,2,1,21,87,42,1,0,0,10,7,1
17142,23,2,2,0,0,1,2,66,48,72,2,5,14,65,11,1
17143,58,2,8,5,15,1,0,77,20,64,0,6,18,47,30,0
17144,39,0,10,6,7,1,0,60,44,58,2,2,8,32,20,0
17145,30,0,9,4,23,1,1,47,61,84,1,2,0,46,6,2
17146,54,2,5,3,3,0,2,15,69,56,1,0,2,10,1,1
17148,33,0,5,7,21,2,1,66,37,70,2,3,14,47,29,2
17150,59,0,7,7,12,1,1,16,62,75,1,2,4,11,1,1
17151,46,2,21,5,15,0,0,82,2,72,2,2,9,62,24,0
17152,27,2,6,4,20,1,1,65,41,87,2,5,5,36,28,2
17153,45,0,5,7,21,0,1,34,78,70,1,2,0,26,2,1
17154,41,2,0,7,12,1,0,40,69,72,1,2,4,31,2,2
17155,57,0,5,3,3,2,1,25,78,76,1,0,4,17,0,1
17156,33,0,10,5,13,0,2,10,91,61,1,2,1,4,5,1
17157,34,0,6,5,13,0,2,14,87,34,1,2,5,10,4,1
17158,58,0,3,7,21,1,1,43,60,76,2,4,14,39,14,2
17159,26,2,1,6,19,0,1,49,64,74,2,5,12,34,11,2
17160,51,0,8,2,6,0,0,45,47,71,1,2,1,39,4,2
17161,42,0,13,2,6,1,0,21,77,84,1,2,5,14,2,1
17162,44,0,14,1,2,0,0,31,81,40,1,2,1,14,8,2
17163,33,0,4,2,9,1,0,86,5,26,2,3,7,83,19,0
17164,38,1,12,0,0,2,1,40,79,85,1,1,4,22,2,1
17165,21,2,0,4,4,0,0,74,26,33,2,3,13,54,17,0
17166,39,2,15,4,20,2,1,88,16,27,2,5,6,61,15,0
17167,21,1,0,3,8,1,1,55,53,76,1,2,4,45,4,0
17168,32,0,7,7,10,1,1,79,22,65,2,2,12,61,19,0
17169,38,0,5,6,7,0,0,62,35,58,2,4,10,55,27,0
17170,55,0,4,5,15,1,0,15,99,89,1,2,0,6,9,1
17171,21,0,0,5,14,0,1,71,44,21,2,3,5,65,6,0
17172,24,0,3,7,21,1,0,91,9,90,2,5,13,89,18,0
17173,52,1,12,3,3,0,1,55,44,39,1,2,5,29,6,2
17174,34,1,2,7,10,1,0,83,33,54,2,5,11,74,9,0
17175,32,2,11,0,22,1,0,11,82,78,1,0,0,5,7,1
17176,42,2,0,3,18,2,1,18,100,72,1,2,0,10,0,1
17177,53,2,9,2,6,2,2,78,37,20,2,2,11,52,15,2
17178,60,2,7,3,18,2,0,57,51,32,2,4,7,42,14,2
17179,52,0,10,6,7,1,1,83,21,82,2,3,5,76,28,0
17180,44,0,12,3,8,0,1,86,21,56,2,5,14,79,23,0
17181,43,2,8,1,1,2,0,50,51,83,1,1,0,34,8,2
17182,32,2,3,4,20,1,0,83,19,90,2,3,10,69,19,0
17183,50,0,3,7,10,1,1,24,81,20,1,1,4,15,6,1
17184,23,2,2,6,19,1,1,60,57,85,2,2,6,37,25,2
17185,40,0,7,0,0,1,1,61,29,24,2,2,11,30,25,2
17186,39,1,18,3,3,1,0,62,34,62,2,4,7,46,24,0
17187,39,3,6,1,1,2,1,39,60,62,2,2,8,31,16,1
17188,40,1,0,3,18,1,1,27,71,71,1,2,1,21,7,2
17189,41,0,11,0,22,0,0,41,48,79,1,0,3,32,2,2
17190,41,1,18,6,17,0,0,54,49,20,1,0,5,34,6,0
17191,35,2,11,5,14,1,0,37,82,22,1,2,1,34,8,2
17192,54,2,11,0,0,0,1,26,61,58,1,1,0,21,3,1
17193,45,0,10,4,20,1,0,35,67,68,1,0,5,29,5,2
17194,27,2,6,2,6,2,1,46,49,54,1,0,0,27,3,1
17195,21,0,0,4,23,2,0,18,94,57,1,2,3,9,8,2
17196,25,2,4,2,6,2,2,93,0,89,2,2,11,59,9,2
17197,36,2,6,4,20,2,1,31,87,68,1,2,4,27,1,1
17198,34,1,13,0,0,1,1,22,79,89,1,0,2,16,9,1
17199,46,3,8,0,16,2,2,61,26,54,1,0,1,49,5,1
17200,41,2,13,7,12,0,2,43,57,92,1,0,4,33,8,1
17201,52,1,1,0,0,2,1,62,23,45,2,3,7,55,12,0
17202,41,0,5,5,15,1,0,56,49,49,1,0,1,34,2,0
17203,23,2,2,4,23,0,2,20,82,77,1,2,2,14,2,1
17204,40,2,7,0,16,1,2,92,23,64,2,5,7,44,18,1
17205,28,2,2,0,0,2,2,64,25,27,1,0,2,30,9,1
17206,46,0,10,3,3,1,1,20,94,23,1,2,1,16,4,1
17207,24,0,3,0,16,1,1,14,89,29,1,0,1,10,0,1
17208,26,0,4,6,7,2,1,48,66,29,1,0,0,28,7,2
17209,41,3,0,7,10,2,0,28,71,61,1,1,2,21,5,1
17210,52,0,2,1,5,0,2,94,2,37,2,3,9,53,29,0
17211,59,0,2,1,5,2,0,39,57,55,1,2,2,33,8,0
17212,34,0,13,0,0,1,0,76,21,78,2,5,12,47,10,0
17213,52,1,17,1,2,1,1,52,64,44,2,5,8,48,22,2
17214,30,0,9,6,7,2,0,57,42,54,2,5,12,30,6,0
17215,46,3,0,0,22,2,0,66,47,87,2,2,8,50,19,2
17216,35,0,3,0,22,2,1,58,45,67,1,2,2,33,7,1
17217,25,0,4,0,22,1,0,26,85,91,1,1,4,24,4,1
17218,58,2,11,3,3,0,1,58,37,62,1,0,1,54,9,2
17219,48,0,11,2,11,2,1,22,77,65,1,1,5,19,4,1
17220,57,0,4,7,12,0,0,36,72,35,1,2,2,23,3,2
17221,28,3,7,0,22,0,0,55,54,99,2,3,12,43,24,1
17222,30,2,8,1,2,1,0,25,77,94,1,1,3,16,2,1
17223,55,3,12,2,11,1,1,56,41,82,2,3,13,38,14,1
17224,33,3,5,5,15,1,1,49,55,56,1,0,5,33,2,2
17225,25,1,4,4,23,1,1,23,87,81,1,2,0,14,9,1
17226,27,2,6,5,15,0,1,51,62,51,1,0,5,28,7,2
17227,38,3,15,2,11,2,1,65,47,88,2,4,14,44,16,1
17228,28,1,7,6,19,1,0,25,77,96,1,1,4,18,3,2
17229,38,2,16,2,9,1,0,76,20,62,2,2,6,73,18,0
17230,22,1,1,7,12,2,0,26,56,53,1,2,2,22,6,2
17231,47,2,1,5,15,1,1,13,88,93,1,0,1,12,9,1
17232,53,2,7,6,19,2,0,87,16,92,2,5,14,72,15,0
17233,34,0,7,2,9,1,2,32,95,45,1,1,0,27,0,1
17234,42,0,16,3,18,2,0,71,22,49,2,2,13,42,27,2
17235,46,2,0,0,16,1,2,39,61,52,1,2,1,21,7,1
17236,55,1,16,6,19,0,1,87,0,67,2,5,10,82,13,0
17237,47,2,12,1,1,1,2,93,0,68,0,6,25,56,46,2
17238,37,2,3,5,15,1,0,84,31,89,2,5,12,67,8,0
17239,23,0,2,3,8,1,0,12,76,23,1,2,2,6,4,1
17240,22,2,1,2,6,2,0,44,54,41,1,2,2,41,2,2
17241,60,0,14,6,17,0,1,64,27,41,2,4,12,49,12,0
17242,26,0,5,6,17,1,1,30,69,39,1,2,0,21,6,2
17243,47,1,16,3,8,2,1,14,82,48,1,0,5,8,9,1
17244,25,0,4,5,14,1,0,26,67,92,1,0,5,19,5,2
17245,53,0,9,2,6,1,1,29,72,86,1,1,4,25,6,1
17246,53,1,10,1,2,0,0,11,77,68,1,0,4,7,3,1
17247,44,0,16,3,3,2,1,27,73,47,1,2,5,12,1,1
17248,49,0,7,2,9,1,1,83,20,20,2,4,11,79,12,0
17249,45,1,0,4,4,2,0,41,44,63,2,5,10,28,18,0
17250,33,0,6,0,16,0,1,72,36,93,1,2,4,66,6,2
17251,60,2,9,3,8,1,2,70,36,84,2,3,5,37,29,1
17253,38,2,6,4,4,0,0,65,32,55,2,4,13,51,6,0
17254,30,2,9,5,14,2,1,16,73,37,1,2,2,8,0,1
17255,23,2,2,2,6,1,0,74,46,43,2,4,6,62,27,0
17256,33,1,7,6,19,2,2,91,0,84,2,2,12,80,7,0
17257,25,2,4,0,0,2,1,55,37,30,2,3,5,29,16,1
17258,43,2,10,7,10,2,2,17,76,88,1,0,0,10,9,1
17259,49,0,12,1,2,2,1,45,53,56,2,3,6,24,24,2
17260,58,2,15,1,1,1,1,61,55,45,2,5,13,50,16,2
17261,55,2,14,6,17,2,0,16,65,84,1,0,0,12,2,1
17262,38,1,9,6,17,1,0,16,75,28,1,1,2,12,3,2
17263,52,0,13,0,0,2,1,58,38,48,2,5,5,48,7,2
17264,35,1,4,1,1,2,1,28,77,50,1,0,2,16,8,1
17265,22,2,1,6,7,0,0,38,58,86,1,1,2,21,9,2
17266,60,0,14,7,12,1,1,24,78,27,1,0,5,18,0,1
17267,58,0,6,2,9,0,0,65,29,82,2,2,12,35,6,2
17268,43,0,11,7,12,1,1,35,61,38,1,1,0,24,8,2
17269,21,2,0,7,10,2,2,41,59,68,1,0,3,19,7,1
17270,57,0,0,2,9,0,0,41,30,55,1,1,2,33,6,2
17271,21,0,0,6,17,0,0,80,28,73,2,4,6,51,7,0
17272,28,0,7,2,11,1,1,10,86,66,1,2,0,5,0,1
17273,34,0,8,1,1,1,0,89,17,94,2,4,10,56,24,0
17274,39,1,15,3,18,0,2,15,90,45,1,2,3,14,1,1
17275,56,0,4,1,2,1,1,43,72,27,2,2,7,32,7,2
17276,23,0,2,6,7,1,1,73,40,23,2,3,5,57,11,0
17277,22,0,1,1,1,0,0,66,45,66,2,4,5,61,6,0
17278,31,2,0,3,18,1,1,79,14,74,2,5,12,63,21,0
17279,46,0,13,5,13,0,0,31,69,26,1,2,5,22,5,2
17280,30,0,9,5,13,1,0,72,33,92,2,2,6,52,11,0
17281,31,0,2,3,18,2,0,16,74,38,1,1,0,9,8,1
17282,41,0,5,3,8,1,0,65,12,24,2,3,5,38,26,0
17283,51,2,10,1,2,1,0,69,17,82,2,5,10,36,25,2
17284,34,0,13,7,12,1,1,72,24,93,1,1,2,63,8,0
17285,28,0,5,7,21,1,0,39,46,60,1,1,3,23,5,2
17286,57,0,6,0,22,1,2,42,58,80,1,1,3,34,2,1
17287,37,0,4,6,19,2,2,18,86,74,1,1,4,16,1,1
17288,42,0,11,1,2,2,0,75,3,27,2,5,12,52,28,0
17289,51,2,0,3,8,0,0,84,20,42,2,4,14,62,9,0
17290,32,2,3,2,11,0,0,90,8,73,0,7,19,61,27,0
17291,40,2,0,6,19,2,0,32,54,83,1,0,0,21,8,2
17292,58,1,10,0,0,2,1,69,11,69,2,2,14,58,19,0
17293,45,0,9,6,19,1,2,62,41,96,1,2,0,56,3,2
17294,37,2,3,4,20,1,0,72,31,64,2,5,11,40,22,0
17295,33,0,10,6,17,2,0,77,30,30,2,3,6,65,23,0
17296,25,2,4,7,21,0,2,85,6,83,2,5,6,72,6,2
17297,54,0,19,3,3,2,1,74,16,66,2,3,8,59,20,2
17299,56,2,4,1,1,1,0,45,82,48,1,0,3,34,9,2
17300,31,0,7,6,7,2,0,29,88,33,1,2,5,14,2,2
17301,33,2,10,1,2,1,2,34,64,77,1,0,0,25,3,1
17302,45,0,9,1,2,0,1,66,39,29,2,4,14,64,20,0
17303,45,1,5,4,23,2,0,86,13,20,2,4,9,84,9,0
17304,45,1,11,3,3,0,1,42,51,67,1,0,2,37,4,2
17306,24,1,3,6,7,2,1,64,40,37,2,3,8,61,23,0
17307,39,0,4,6,19,1,2,26,53,65,1,2,1,16,1,1
17308,31,3,6,3,18,1,0,18,71,46,1,0,0,17,9,1
17309,22,0,1,5,15,1,1,56,46,76,1,1,4,46,9,0
17311,35,2,14,3,3,1,0,72,16,79,2,2,13,69,14,0
17312,45,0,10,1,5,2,0,17,87,74,1,1,5,8,0,1
17313,44,1,4,4,23,2,0,32,79,94,1,0,1,31,5,2
17314,30,3,9,0,22,1,1,41,66,65,1,1,3,27,6,1
17315,49,1,15,4,23,0,2,71,50,73,2,3,5,59,12,2
17316,57,1,17,0,16,1,1,16,94,23,1,1,4,13,3,1
17317,41,0,5,2,9,0,0,40,47,41,1,2,0,23,6,2
17318,43,0,13,4,20,0,1,14,77,46,1,2,1,9,6,1
17319,28,2,7,6,19,0,1,21,69,98,1,2,4,10,8,1
17320,47,0,9,7,12,2,1,60,34,27,2,3,10,44,9,0
17321,43,0,8,6,19,0,2,78,1,96,2,4,8,72,9,0
17322,35,0,14,7,10,2,1,36,40,53,1,2,2,31,2,2
17323,21,2,0,6,7,2,1,20,78,51,1,1,1,13,9,1
17324,29,1,3,4,4,2,1,14,91,86,1,2,4,11,0,1
17325,29,0,8,1,1,2,2,77,16,85,2,2,6,68,7,2
17326,44,2,11,3,3,0,0,63,27,20,2,4,9,59,23,0
17327,25,2,4,4,20,2,1,29,79,39,1,1,0,20,8,1
17328,28,0,7,6,7,2,1,63,37,29,2,3,12,41,26,0
17329,41,2,4,7,10,1,0,13,100,37,1,0,0,11,2,1
17330,45,0,13,3,3,0,0,31,74,69,1,1,3,26,5,1
17331,34,2,10,7,21,2,2,47,48,55,1,1,2,29,2,1
17332,28,0,4,3,18,2,2,15,90,78,1,1,0,6,8,1
17333,43,0,15,0,16,2,1,30,66,20,1,1,3,20,9,1
17334,21,0,0,5,15,1,2,25,69,68,1,2,3,11,4,1
17335,29,3,8,7,21,0,0,43,54,63,2,4,5,34,24,2
17336,53,3,12,6,7,2,0,28,59,37,1,0,5,26,2,2
17337,51,2,3,2,11,2,1,53,38,87,1,1,0,40,9,1
17338,54,0,17,6,7,1,1,91,6,23,2,3,9,68,27,0
17339,36,0,11,4,20,0,1,35,48,47,1,0,3,32,5,2
17340,55,1,0,3,3,0,1,79,34,84,2,5,7,55,7,0
17341,57,0,4,1,2,1,0,79,30,84,2,5,14,72,5,0
17342,24,2,3,0,16,2,1,63,40,53,2,5,12,53,6,2
17343,24,0,3,3,18,2,1,57,41,24,2,4,7,56,9,0
17344,48,2,14,4,20,2,0,64,44,66,2,5,12,48,16,0
17345,28,1,7,5,13,1,0,38,56,94,1,2,1,25,4,2
17346,36,2,5,3,8,0,1,80,8,56,2,5,12,52,15,0
17347,45,0,5,7,10,1,0,70,33,28,0,5,17,33,43,0
17348,42,3,21,6,19,0,2,17,80,75,1,1,2,9,7,1
17349,30,0,6,6,17,1,1,18,60,21,1,1,5,11,1,2
17350,52,0,12,6,19,2,2,93,6,98,2,4,8,87,28,0
17351,53,1,1,7,21,1,1,67,35,39,2,5,9,50,5,0
17352,29,2,8,4,23,2,0,34,71,61,1,1,0,20,6,1
17354,53,2,6,6,7,2,1,42,61,69,1,2,1,23,9,1
17355,55,3,10,2,11,1,1,22,52,66,1,1,0,15,7,1
17356,38,1,3,4,23,1,0,25,81,68,1,0,2,11,4,2
17358,52,0,0,4,20,1,1,75,9,76,2,5,10,65,18,0
17359,37,0,12,2,6,1,1,57,41,25,2,4,8,49,24,2
17361,59,0,14,2,6,1,0,23,61,79,1,1,1,19,3,1
17362,29,0,8,0,16,1,0,69,24,69,2,2,5,43,18,2
17363,55,2,7,0,16,2,0,85,27,79,2,5,6,67,27,0
17364,36,2,11,5,15,0,2,81,36,46,2,4,13,60,21,2
17365,32,1,7,0,22,2,2,37,56,92,1,0,2,25,6,1
17366,58,2,7,6,7,1,0,16,81,42,1,2,2,13,4,1
17367,57,3,10,1,2,0,1,78,12,55,2,4,9,55,13,0
17368,49,0,9,7,10,0,1,77,27,87,2,5,6,55,6,0
17369,54,0,15,6,17,0,1,12,79,64,1,1,0,7,8,1
17370,53,0,13,2,11,1,0,46,63,80,1,0,4,23,7,1
17371,42,2,4,7,21,1,0,36,59,84,1,1,5,35,0,2
17372,42,2,3,6,7,2,0,56,55,87,2,2,11,34,12,2
17373,35,0,1,4,20,1,0,56,50,79,2,5,8,46,27,0
17374,51,0,14,7,12,0,1,30,59,28,1,1,2,28,1,2
17375,52,2,4,6,19,2,1,13,99,71,1,2,2,8,3,1
17376,47,0,1,6,7,1,0,21,72,39,1,2,0,19,4,2
17377,25,2,0,3,18,0,1,33,70,91,1,0,2,23,9,1
17378,32,0,11,5,13,0,1,75,51,74,2,5,12,66,25,0
17379,59,0,8,6,17,1,2,47,54,29,2,3,12,26,8,1
17380,36,0,7,5,15,0,0,82,35,86,2,3,9,58,15,0
17381,31,0,0,0,16,1,0,16,66,44,1,1,4,7,9,1
17382,31,0,6,5,15,0,2,43,52,30,1,0,4,24,3,2
17383,37,0,13,7,21,2,0,57,50,20,1,0,3,45,8,0
17384,49,1,5,7,12,1,0,33,67,83,1,1,1,15,0,2
17385,44,1,16,4,4,0,1,37,50,46,1,1,4,25,0,2
17386,42,1,11,5,14,1,1,93,11,56,2,4,7,47,25,0
17387,49,0,0,7,10,1,0,19,76,56,1,2,1,8,1,2
17388,52,0,1,4,20,0,0,65,30,44,2,4,6,53,5,0
17389,54,0,7,2,11,0,0,64,27,98,1,1,5,63,3,0
17390,41,2,12,7,10,1,0,16,95,24,1,0,0,15,6,1
17391,56,2,7,1,5,1,2,86,27,35,2,3,7,48,21,2
17392,40,1,7,0,0,1,2,84,20,36,2,5,7,75,8,0
17393,30,3,6,2,6,0,1,15,91,79,1,1,0,14,6,1
17395,55,1,6,7,10,1,1,29,58,86,1,2,0,20,4,1
17396,52,1,9,1,5,0,1,71,36,50,2,5,8,45,26,0
17397,37,1,10,0,16,1,1,56,75,85,1,2,5,44,4,2
17398,34,0,6,5,14,2,0,31,73,46,1,2,0,16,3,2
17399,36,1,10,1,1,2,0,20,71,78,1,1,0,18,2,2
17400,21,0,0,5,15,0,2,44,46,55,1,2,0,28,0,2
17401,46,2,10,1,5,1,0,47,53,86,1,2,2,28,0,2
17402,22,1,1,4,20,1,1,32,72,45,1,2,0,28,1,2
17403,53,0,6,1,2,0,1,14,78,34,1,0,0,9,9,1
17404,33,0,7,5,13,0,2,24,74,65,1,1,5,22,6,1
17406,39,0,11,7,10,1,0,89,15,28,2,3,9,59,8,0
17407,58,0,12,1,5,0,1,49,38,57,1,0,3,30,5,2
17408,27,1,6,7,10,2,0,10,89,66,1,2,0,6,6,1
17409,28,0,4,1,5,2,1,53,64,58,1,0,2,34,2,2
17410,51,0,15,7,10,2,1,47,45,83,1,2,1,36,9,2
17411,31,0,10,6,17,1,2,55,46,65,1,2,2,52,6,2
17412,57,0,7,1,1,1,0,73,41,89,2,2,8,64,10,0
17413,40,0,8,2,9,1,2,63,61,46,2,3,9,33,8,1
17414,40,0,13,3,3,2,0,83,17,79,2,5,7,77,13,0
17415,54,0,10,0,0,1,0,37,60,73,1,0,5,29,2,1
17416,52,0,5,5,15,1,2,90,4,72,2,2,5,78,18,0
17417,39,0,7,0,0,1,1,36,57,78,1,1,3,30,0,1
17418,39,2,11,2,6,0,2,21,67,41,1,1,0,11,5,1
17419,53,0,5,7,12,1,1,92,14,53,2,3,8,54,5,0
17420,51,1,12,6,17,0,0,37,83,46,1,2,5,20,0,2
17421,31,0,10,5,14,0,1,17,80,46,1,0,1,8,6,1
17422,22,0,1,4,23,1,0,38,59,64,1,1,1,29,1,0
17423,23,0,2,1,5,0,1,18,93,46,1,1,4,13,6,1
17424,51,0,12,3,18,1,1,77,25,87,2,2,13,59,24,2
17425,39,0,9,5,13,1,2,51,43,79,1,1,1,49,8,2
17426,27,0,6,5,13,1,0,24,66,85,1,2,5,12,9,2
17427,28,0,6,0,0,1,2,51,31,64,2,5,7,46,6,1
17428,47,0,7,0,16,2,0,24,76,28,1,1,5,16,4,1
17429,35,0,11,0,16,0,2,53,55,40,2,2,10,31,21,1
17430,22,0,1,7,21,1,0,57,44,61,2,3,13,47,20,0
17432,42,0,11,6,19,1,0,48,66,99,2,5,13,39,20,2
17433,38,0,6,1,1,0,2,87,7,39,2,2,6,72,25,0
17434,54,2,10,7,12,2,0,85,11,43,2,2,7,61,22,0
17435,22,0,1,2,11,1,0,93,6,97,0,7,20,83,26,0
17436,37,2,12,4,20,1,0,66,29,21,2,4,7,52,8,0
17437,57,0,5,6,7,2,0,64,48,44,2,5,12,60,14,0
17438,30,0,8,7,12,1,0,48,45,54,1,1,4,36,9,2
17439,45,1,8,4,23,2,1,72,38,66,2,4,7,68,26,0
17440,34,0,10,2,6,1,1,26,55,54,1,2,5,19,0,1
17441,33,0,4,1,2,2,1,61,32,82,2,3,12,55,9,0
17442,40,0,14,4,4,1,1,11,91,62,1,1,1,8,2,1
17443,26,1,3,6,17,0,0,47,41,35,2,2,8,35,14,0
17444,25,0,4,6,7,2,1,34,52,48,1,0,2,27,1,2
17445,29,2,8,0,16,2,0,36,52,28,1,1,3,22,9,1
17446,23,1,2,3,8,1,0,58,51,83,1,2,0,54,1,0
17447,36,2,4,0,16,0,2,64,28,69,2,5,6,30,22,1
17448,40,0,1,4,20,1,1,82,10,83,2,5,13,73,26,0
17449,58,0,14,6,17,2,2,76,20,83,2,5,13,50,23,2
17450,47,0,1,3,8,2,0,65,47,24,1,1,0,52,2,0
17451,41,2,11,1,5,2,0,80,41,71,2,2,12,75,29,0
17452,53,1,17,0,22,0,2,84,27,75,2,2,7,78,18,2
17453,41,1,8,1,1,1,1,64,39,57,2,3,6,42,13,0
17454,48,0,15,6,17,2,2,74,40,42,2,5,13,51,7,2
17455,54,0,7,5,14,1,0,47,56,86,1,1,4,24,2,2
17456,49,0,2,6,17,2,0,27,69,48,1,1,0,13,7,2
17457,52,1,12,5,13,2,0,58,37,74,2,5,13,40,16,0
17458,59,1,10,5,14,0,0,42,62,68,1,2,4,39,8,0
17459,28,0,6,4,23,1,1,83,13,20,2,3,6,47,23,0
17460,58,1,7,3,18,0,1,38,59,39,1,0,0,30,9,2
17461,59,0,13,7,10,1,1,63,31,82,1,0,5,36,1,2
17462,53,2,12,4,4,0,0,14,65,36,1,1,5,10,0,1
17463,47,3,5,0,16,0,1,63,24,52,2,4,8,42,5,2
17464,29,0,8,0,16,2,1,52,40,71,1,1,0,37,7,1
17465,55,1,14,1,5,2,2,57,28,47,1,2,1,50,4,2
17466,50,0,8,2,6,1,1,21,68,29,1,2,5,18,7,1
17467,49,3,3,0,0,2,2,58,30,52,2,2,13,54,22,1
17468,42,0,2,5,13,1,0,65,16,75,2,5,6,40,24,0
17469,34,0,2,7,21,0,0,63,40,58,2,5,11,47,15,0
17470,52,0,14,0,0,0,2,29,68,65,1,0,5,27,9,1
17471,30,0,4,2,11,2,1,13,82,74,1,1,2,9,7,1
17472,29,3,3,4,4,1,0,65,18,44,1,1,0,46,2,0
17473,25,0,4,0,0,0,0,39,35,83,2,2,11,21,27,1
17474,48,1,20,2,9,1,0,48,50,92,1,1,5,25,8,1
17475,30,0,9,0,22,1,1,68,33,86,2,2,8,40,9,2
17476,56,0,15,3,18,1,1,17,72,51,1,0,0,9,6,1
17477,28,0,5,1,5,1,2,61,45,45,2,3,13,29,10,2
17478,28,2,7,1,2,2,0,94,5,85,2,3,8,69,14,0
17479,40,1,2,4,20,0,2,57,51,47,1,0,1,28,6,2
17480,54,2,5,5,15,0,1,24,68,36,1,2,3,17,6,1
17481,40,3,12,4,4,1,1,73,26,63,2,4,9,70,20,0
17484,60,1,4,2,11,0,1,32,63,85,1,1,3,25,4,1
17485,38,0,12,0,16,1,1,47,54,27,1,0,3,31,2,2
17486,25,1,4,1,5,1,2,73,40,83,2,2,13,60,10,2
17487,45,0,11,6,7,1,1,35,64,37,1,0,2,19,3,2
17488,45,2,12,6,19,1,1,25,81,89,1,1,2,18,8,1
17489,40,0,17,7,21,2,0,52,41,38,2,3,11,44,5,2
17490,38,3,12,4,4,2,0,16,81,52,1,1,3,13,1,1
17491,39,0,5,1,2,1,1,65,49,22,2,2,5,63,13,0
17492,59,0,9,3,18,0,0,50,54,46,2,5,5,37,20,2
17493,59,2,6,1,5,0,0,56,48,42,1,1,5,45,1,0
17494,54,0,9,3,3,2,2,78,18,72,2,4,9,43,17,2
17495,25,2,4,1,1,0,0,58,50,56,1,0,5,43,5,2
17496,30,3,4,5,13,1,2,79,40,86,2,5,10,38,23,1
17497,47,1,15,0,0,0,1,48,56,32,1,0,0,34,7,2
17498,29,0,5,7,10,2,1,68,51,26,2,5,12,38,9,2
17499,56,2,3,6,19,0,0,29,79,94,1,0,4,17,9,1
17500,37,0,0,5,13,1,2,35,79,31,1,1,5,24,4,2
17501,39,2,10,5,13,2,0,63,30,77,2,3,6,33,23,0
17502,26,0,5,5,14,1,1,85,22,76,2,2,5,49,25,0
17503,46,0,12,5,14,1,0,34,41,32,1,2,2,29,9,0
17504,44,1,11,6,17,2,0,32,75,89,1,1,5,26,8,2
17505,47,0,4,0,22,1,0,45,44,75,2,5,8,21,5,1
17506,37,2,10,6,7,2,2,85,17,38,2,2,10,46,13,2
17507,59,2,8,6,17,1,0,15,85,93,1,2,3,11,8,1
17508,40,1,8,2,6,2,1,41,54,43,1,0,1,32,4,2
17509,58,0,9,4,4,0,0,86,12,31,2,4,10,63,17,0
17510,34,0,3,0,0,1,1,12,81,90,1,1,2,9,5,1
17511,54,1,14,4,4,1,0,74,36,75,2,2,14,57,29,0
17512,32,0,11,1,2,2,0,72,26,76,2,2,12,36,6,0
17513,37,0,7,6,19,1,0,39,70,91,1,2,4,36,5,2
17514,29,2,2,2,9,0,0,12,66,82,1,2,3,10,0,1
17515,44,0,11,0,0,1,1,86,16,61,2,2,5,66,29,0
17516,51,3,5,5,13,1,1,38,50,49,1,1,3,28,2,2
17517,58,0,8,4,4,1,1,43,63,56,1,1,3,37,5,2
17518,48,1,13,4,20,0,0,52,56,22,2,2,12,24,26,0
17519,42,2,12,1,5,2,1,52,59,83,2,4,5,28,26,1
17520,56,1,0,2,6,0,1,63,30,84,2,5,12,45,7,0
17521,28,0,0,1,2,1,0,46,34,60,1,1,5,38,0,0
17522,33,2,5,4,20,0,0,16,86,70,1,1,5,10,0,1
17523,28,1,7,5,14,2,0,66,15,77,2,2,11,39,19,0
17525,54,1,6,1,1,1,2,12,83,63,1,2,1,6,4,1
17526,27,2,4,7,10,1,2,40,74,30,1,2,0,28,0,1
17527,22,2,1,1,5,2,1,34,67,39,1,1,3,18,0,2
17528,54,2,17,7,21,0,0,18,80,66,1,0,2,14,9,1
17529,30,3,3,5,15,1,1,55,51,25,1,0,1,42,0,2
17530,26,0,5,1,1,2,0,52,49,28,1,1,5,25,5,0
17531,28,1,7,6,19,0,1,86,8,84,2,3,9,52,10,0
17532,34,1,10,4,23,2,1,63,19,43,2,5,7,31,17,0
17533,34,0,10,5,14,2,0,63,33,47,1,0,2,58,6,0
17534,39,0,6,5,15,0,1,75,18,40,2,5,10,63,24,0
17535,50,1,9,6,7,2,1,86,17,24,2,2,7,38,19,0
17536,50,0,13,0,16,1,1,10,90,40,1,2,4,6,1,1
17537,44,3,9,2,11,2,1,43,51,99,1,1,3,28,9,1
17538,40,0,8,4,4,1,0,56,40,41,1,2,2,30,8,0
17539,29,1,8,4,23,1,0,30,72,58,1,2,5,21,9,2
17540,26,0,5,4,23,1,1,54,50,59,1,0,3,27,6,2
17541,53,0,15,3,18,2,2,45,52,26,1,0,3,29,3,1
17542,35,0,3,4,4,1,0,78,19,43,1,1,1,45,6,0
17543,50,1,8,1,2,1,1,39,49,80,1,2,3,32,4,2
17544,37,0,13,2,9,2,1,23,72,62,1,1,4,16,4,1
17545,44,2,8,6,19,0,0,55,57,94,2,2,8,28,12,2
17546,28,2,7,0,22,2,0,24,75,95,1,1,3,17,3,1
17547,27,2,6,2,11,0,0,33,72,85,1,1,5,26,0,1
17548,58,0,12,3,8,2,2,12,100,22,1,0,4,6,4,1
17549,50,2,12,2,11,1,0,14,94,67,1,2,4,7,3,1
17550,49,1,11,7,21,2,0,62,62,20,2,5,14,40,29,0
17551,24,1,3,3,8,1,2,47,59,48,2,4,14,44,5,1
17552,35,0,1,7,12,1,2,91,1,66,2,3,14,61,11,0
17553,48,2,12,7,21,1,1,71,39,53,2,3,12,40,29,2
17554,31,1,9,3,18,1,1,79,43,86,2,5,5,54,20,0
17555,55,0,14,7,21,1,0,53,39,54,1,0,0,41,7,0
17556,56,0,4,6,7,1,2,22,85,79,1,1,0,15,1,1
17557,30,2,5,6,7,1,2,39,54,29,1,0,0,29,3,1
17558,39,0,8,0,0,2,0,70,28,80,2,5,7,59,27,2
17559,34,2,8,1,5,1,1,29,71,59,1,2,3,21,1,1
17560,40,0,12,5,15,0,0,10,99,39,1,0,0,7,2,1
17561,58,1,1,2,11,0,0,25,100,88,1,2,0,13,7,1
17563,23,0,2,6,7,0,0,21,71,22,1,2,0,20,6,2
17564,21,0,0,4,20,1,0,20,83,49,1,0,2,17,9,2
17565,56,2,3,3,3,2,0,47,60,43,1,1,3,36,4,2
17566,50,0,6,3,18,2,0,17,89,86,1,2,1,9,7,1
17567,59,2,14,4,4,1,2,65,55,77,1,1,5,51,9,1
17568,47,0,6,3,8,1,2,37,56,35,1,1,3,20,6,1
17569,58,0,13,7,12,1,2,76,24,73,2,4,11,72,15,2
17570,48,1,5,7,12,2,0,94,16,29,2,4,10,66,8,0
17572,40,1,13,3,3,2,2,70,19,40,1,1,1,51,4,2
17573,48,3,8,3,8,1,1,15,75,54,1,2,3,10,5,1
17574,53,1,0,6,17,2,0,78,5,52,2,2,5,62,29,0
17575,21,2,0,5,13,1,1,74,36,84,2,4,12,58,6,0
17576,52,1,3,2,6,2,1,86,0,71,2,4,9,81,25,0
17577,55,0,2,7,21,1,2,16,76,58,1,2,0,14,8,1
17578,53,0,12,5,13,0,1,54,50,65,1,0,1,24,8,2
17579,44,0,6,4,23,1,0,30,62,67,1,1,4,15,4,2
17580,54,0,7,2,6,0,1,17,87,40,1,2,1,13,2,1
17581,24,0,3,7,21,2,2,34,60,35,1,1,4,16,7,1
17582,57,0,10,3,3,2,2,13,81,90,1,2,3,11,3,1
17583,55,0,7,5,13,2,1,14,74,64,1,2,5,9,5,1
17584,36,1,9,5,15,1,0,86,20,54,2,5,5,70,10,0
17586,60,2,13,4,20,0,1,19,75,68,1,2,4,15,3,1
17587,55,0,16,7,21,1,0,34,75,48,2,4,8,25,9,1
17588,54,0,7,7,21,1,1,94,20,93,0,5,25,83,37,0
17589,43,0,16,5,14,2,2,90,21,62,2,3,13,53,5,2
17590,50,2,11,2,6,0,0,50,57,21,1,2,2,38,5,2
17592,50,2,8,5,15,2,2,72,31,93,2,5,6,41,20,2
17593,56,0,6,4,4,2,1,58,47,59,2,4,10,45,5,2
17594,56,0,14,0,22,1,1,24,85,71,1,2,3,17,9,1
17595,39,3,1,3,18,0,1,15,87,44,1,0,4,7,5,1
17596,39,0,16,5,15,1,0,72,15,42,2,2,14,69,28,0
17597,29,2,3,2,11,1,2,38,48,67,1,1,5,31,8,1
17598,31,2,10,3,18,1,1,56,47,68,1,2,2,54,8,2
17599,42,0,8,7,10,0,0,44,58,26,2,2,14,28,8,2
17600,23,2,2,7,12,2,1,82,0,79,2,5,13,42,9,0
17601,23,2,2,6,19,1,0,77,24,83,2,4,12,37,18,0
17602,31,0,0,6,19,1,0,25,89,94,1,2,2,23,9,2
17603,47,0,10,7,12,1,1,79,18,57,2,2,6,66,25,0
17604,27,0,4,5,15,1,0,12,81,90,1,0,3,7,3,1
17605,47,0,8,2,9,1,0,31,59,28,1,1,2,25,4,2
17606,47,0,3,4,20,0,1,76,1,69,2,5,12,35,15,0
17607,41,0,14,6,19,0,0,71,19,94,1,0,2,57,8,0
17608,44,3,13,3,3,0,0,76,36,82,2,5,6,57,16,2
17609,48,0,14,5,14,1,1,42,72,85,1,1,5,27,6,2
17610,34,2,13,7,10,2,1,69,26,26,2,4,8,33,22,2
17611,53,1,13,0,22,1,0,76,22,98,2,2,9,37,14,2
17614,37,1,8,2,9,2,2,66,31,86,2,2,6,45,25,1
17615,27,2,6,4,23,1,0,74,18,77,2,3,6,65,24,0
17616,39,2,2,4,23,0,2,46,40,31,1,2,5,24,0,2
17617,58,1,17,1,1,0,2,27,66,94,2,4,11,20,13,1
17618,22,0,1,0,16,2,1,55,46,41,1,0,1,46,5,2
17619,21,2,0,6,17,0,2,60,28,38,2,2,6,48,6,2
17621,45,0,9,0,22,1,2,72,35,94,2,4,13,38,9,1
17622,42,0,6,7,12,2,0,52,21,31,1,0,3,31,8,0
17623,24,0,3,7,12,2,0,61,40,30,2,3,9,32,5,0
17624,34,1,5,6,19,0,0,30,65,99,1,1,2,29,2,2
17625,33,2,6,2,9,1,2,53,49,33,1,0,5,50,3,1
17626,49,0,5,7,10,0,2,64,48,29,2,3,10,61,29,2
17627,48,0,8,6,17,1,0,64,23,61,2,5,11,61,8,0
17628,22,0,1,2,11,0,1,27,66,69,1,1,5,19,2,1
17629,33,2,9,0,16,2,1,18,94,26,1,1,2,11,5,1
17631,25,1,4,6,17,0,0,29,75,63,1,0,1,23,0,2
17632,35,2,11,2,11,2,1,44,35,72,2,3,13,21,23,1
17633,55,0,2,4,4,0,0,77,9,75,2,2,8,52,5,0
17634,23,2,2,2,11,0,0,36,75,71,1,1,4,27,4,1
17635,50,0,9,0,16,2,0,81,9,69,2,5,8,43,17,0
17636,60,3,7,6,19,2,0,80,15,99,2,3,7,49,17,0
17637,45,0,2,3,18,0,1,20,90,85,1,0,4,12,4,1
17638,53,0,5,6,7,2,0,81,41,82,2,4,10,71,13,0
17639,51,0,12,4,4,1,2,48,50,70,1,1,2,33,2,1
17640,44,3,16,3,18,2,1,39,60,60,1,2,4,24,9,1
17641,30,0,0,5,14,2,1,80,15,26,2,4,13,55,12,0
17642,32,1,8,6,17,1,1,21,68,22,1,0,0,18,9,2
17644,52,3,14,4,20,0,2,34,76,72,1,0,5,27,4,1
17645,43,1,10,5,14,2,2,74,11,27,2,2,10,53,15,0
17646,56,2,6,6,19,0,0,86,5,71,2,4,9,77,21,0
17647,22,0,1,6,7,1,0,74,6,88,2,2,6,58,12,0
17648,33,2,0,1,2,1,2,83,13,28,2,3,14,62,13,0
17649,23,0,2,6,7,2,0,65,44,68,2,2,12,33,5,0
17650,40,0,11,5,15,1,0,56,40,79,2,2,10,30,20,0
17651,23,2,2,7,12,1,2,60,41,83,2,4,13,41,17,1
17652,41,2,12,1,1,1,1,59,51,70,2,2,9,36,6,2
17653,33,3,12,0,16,1,1,32,62,46,1,1,5,20,0,1
17654,26,0,5,4,4,2,2,14,76,85,1,1,4,9,3,1
17655,29,1,7,3,3,2,0,47,41,46,1,1,4,38,5,0
17656,23,2,2,4,20,1,1,38,54,24,1,1,0,22,8,2
17657,54,2,9,4,20,1,1,77,13,82,2,4,7,45,11,0
17658,60,1,8,0,16,1,0,50,51,21,1,1,5,41,0,0
17659,35,0,5,1,5,0,2,65,19,53,2,5,10,44,27,2
17661,58,0,4,7,12,1,1,34,62,26,1,1,2,33,1,2
17662,42,0,7,3,8,1,1,91,11,55,0,5,23,42,34,0
17663,50,2,0,7,21,2,1,28,66,94,1,1,0,20,4,1
17664,54,2,0,0,16,1,0,81,15,80,2,4,14,66,27,0
17666,59,0,15,5,13,1,0,34,74,82,1,2,3,24,0,2
17667,31,0,6,2,11,1,0,50,44,77,2,5,5,29,9,2
17668,24,2,3,0,0,0,0,86,8,21,2,2,13,53,29,0
17669,49,0,9,6,17,1,0,43,66,70,1,2,4,35,2,2
17670,50,1,9,2,9,1,1,47,56,55,2,4,13,22,14,1
17671,28,0,7,5,14,0,1,69,37,38,1,0,0,67,5,0
17672,36,1,0,0,22,0,0,52,26,98,1,2,0,28,2,2
17673,35,0,12,2,6,2,0,22,64,46,1,0,2,10,0,1
17674,47,0,3,4,20,1,1,39,50,20,1,1,2,19,7,2
17675,57,2,13,7,12,1,2,11,86,75,1,2,4,10,7,1
17676,60,2,6,0,16,1,1,93,0,94,2,3,13,82,9,0
17677,25,2,0,6,17,2,0,11,85,21,1,0,0,6,5,2
17678,34,0,12,2,6,0,0,55,44,76,1,0,0,53,2,2
17679,33,0,2,6,7,2,0,72,22,32,0,6,24,44,51,0
17680,41,2,3,3,18,2,0,88,8,23,2,5,13,52,17,0
17681,47,0,20,4,4,1,1,44,50,50,1,0,3,31,7,2
17682,28,0,7,4,4,1,1,27,81,40,2,3,10,17,13,1
17683,60,0,9,6,7,1,0,48,49,40,1,2,1,44,0,0
17684,37,2,16,6,19,1,2,62,51,91,2,2,11,34,20,1
17685,44,1,0,0,22,0,1,30,66,94,1,1,3,14,3,1
17686,28,0,4,6,19,1,0,32,71,84,1,0,4,25,7,2
17687,27,0,1,1,2,2,0,79,16,59,2,4,5,67,17,0
17688,49,0,18,0,16,1,1,72,26,94,1,2,4,60,4,2
17689,32,2,6,7,21,2,0,94,3,75,2,4,12,62,24,0
17690,40,2,6,0,22,0,1,20,77,99,1,1,5,9,7,1
17691,24,0,3,3,18,1,0,42,55,71,1,1,3,32,3,2
17692,24,2,3,0,22,0,1,44,33,77,1,1,2,20,1,1
17693,40,2,2,7,21,1,1,50,59,75,1,0,4,28,6,2
17694,52,0,13,7,12,0,1,90,11,67,2,4,10,56,10,0
17695,39,1,12,7,12,1,1,67,34,84,2,5,9,30,26,2
17696,60,0,5,3,3,2,2,72,40,60,2,2,14,50,12,2
17697,21,0,0,4,20,1,2,38,51,66,1,0,5,27,4,1
17698,29,2,3,5,15,2,1,52,36,31,2,2,14,24,26,2
17700,52,2,6,1,5,1,0,25,75,33,1,2,2,13,1,1
17701,41,3,0,7,10,0,1,89,13,46,2,2,7,76,15,0
17703,32,2,9,0,16,2,0,80,23,76,2,3,14,47,11,2
17704,34,2,5,1,2,1,0,37,60,92,1,2,1,31,3,2
17705,41,2,4,3,18,2,0,22,89,61,1,1,0,15,6,1
17706,24,3,3,0,22,1,1,26,83,84,1,2,3,12,5,1
17707,39,1,4,5,14,1,0,35,64,84,1,0,4,18,0,2
17708,22,2,1,4,23,1,0,44,42,42,1,0,0,40,6,0
17709,28,1,7,2,11,0,1,31,73,96,1,1,5,28,3,1
17710,28,0,7,1,5,1,0,42,69,71,1,0,5,29,9,2
17711,33,2,5,0,16,2,0,51,38,51,1,0,3,25,9,2
17713,26,0,5,4,23,2,2,69,20,88,2,4,7,59,22,2
17715,49,1,13,7,10,0,1,48,36,64,1,0,4,47,2,0
17716,27,2,6,5,13,1,0,28,68,28,1,1,0,24,5,2
17717,48,0,12,0,16,1,0,83,20,46,2,3,7,66,5,0
17718,30,0,9,5,14,2,0,72,24,73,2,2,11,61,5,0
17719,57,0,15,6,7,0,2,38,57,78,1,2,1,18,8,1
17720,58,0,0,0,0,1,0,79,27,92,2,4,11,78,13,0
17721,50,0,10,5,15,0,1,80,13,46,2,5,8,39,12,0
17722,43,1,7,0,0,1,0,38,54,40,1,2,0,21,8,2
17723,43,3,4,0,22,1,2,38,67,96,1,2,4,34,1,1
17724,25,3,0,1,5,2,1,60,39,33,1,2,3,50,9,0
17725,42,1,5,3,8,1,0,83,28,78,2,4,10,73,9,0
17726,30,2,5,4,20,2,0,77,35,66,2,4,7,70,29,0
17727,51,0,3,3,18,0,2,90,0,85,2,2,7,52,12,2
17728,29,0,8,2,6,2,0,79,11,47,2,2,7,52,14,0
17729,24,1,3,1,1,1,1,21,65,56,1,0,2,14,6,1
17730,21,2,0,2,6,2,0,76,5,55,2,5,10,45,10,0
17731,58,0,14,4,20,0,1,45,62,68,2,3,12,31,18,2
17732,29,1,8,7,12,1,2,13,63,75,1,0,2,9,7,1
17733,35,2,2,7,10,2,1,25,80,81,1,2,4,17,1,1
17734,48,2,10,2,9,1,0,21,64,63,1,1,2,18,8,1
17735,39,2,14,7,12,2,1,40,69,43,1,2,2,39,8,1
17736,28,0,7,4,20,1,2,69,42,76,2,3,5,51,6,2
17737,34,0,0,2,11,1,0,66,31,79,2,5,14,32,15,2
17738,24,0,3,6,17,0,2,14,83,45,1,2,1,13,6,1
17739,55,0,8,4,23,0,0,84,27,33,2,5,7,59,5,0
17740,34,2,4,6,7,1,1,15,78,67,1,1,4,8,5,1
17741,37,0,11,1,5,1,0,37,72,94,1,0,3,26,2,2
17742,56,0,16,7,10,2,0,76,28,61,2,2,9,58,9,0
17743,31,2,10,1,2,2,1,20,85,84,1,2,1,17,5,1
17744,57,0,5,1,1,1,2,92,7,70,2,3,14,75,29,0
17745,33,2,10,3,3,1,0,79,24,85,2,5,10,50,27,2
17746,27,0,6,7,21,0,1,50,45,45,1,2,2,32,4,2
17747,22,0,1,3,8,2,0,30,68,63,1,0,0,26,2,2
17748,55,1,14,4,20,1,1,76,27,78,2,3,6,35,18,0
17749,27,0,2,2,9,2,0,93,11,26,2,2,8,82,13,0
17750,26,0,5,5,15,1,0,19,64,44,1,0,1,16,6,2
17751,46,2,11,4,4,0,2,33,70,76,1,1,3,21,5,1
17752,27,2,3,6,7,1,0,43,65,22,1,1,5,42,6,2
17753,42,0,10,4,4,2,2,35,76,27,1,2,4,26,8,1
17754,50,0,5,0,16,1,0,83,26,54,2,5,14,78,6,0
17755,23,0,2,0,16,0,1,21,74,66,1,0,4,16,6,1
17756,51,1,9,5,14,1,0,79,20,22,2,5,14,41,16,0
17758,51,1,10,3,8,2,0,66,49,37,1,0,0,39,2,0
17759,23,2,2,3,8,1,1,60,46,66,2,4,13,31,7,2
17760,55,2,9,6,17,1,0,90,7,34,2,2,10,72,23,0
17761,47,0,8,1,5,0,0,33,57,45,1,0,3,19,9,2
17762,56,0,10,5,13,1,0,48,30,81,1,1,5,43,8,0
17763,34,0,9,0,16,1,0,38,65,50,1,1,5,31,5,1
17764,33,0,12,1,1,1,0,20,67,23,1,0,5,17,1,2
17765,49,2,6,5,15,0,0,81,16,36,2,5,12,77,11,0
17766,47,0,6,4,20,1,1,20,80,72,1,0,0,9,9,1
17767,37,0,16,5,15,1,0,42,47,66,1,0,3,20,1,2
17768,60,2,4,7,12,0,0,46,68,29,2,4,13,24,11,2
17769,51,0,4,5,15,1,0,11,100,24,1,2,1,7,5,1
17770,51,0,5,4,20,2,0,13,90,43,1,2,1,6,0,1
17771,49,0,14,6,7,1,2,25,77,74,1,0,0,23,9,1
17772,47,0,9,4,4,1,0,26,94,78,1,0,1,15,8,1
17773,23,1,2,3,8,1,0,73,22,23,2,2,11,53,21,0
17774,43,1,6,0,22,2,1,53,36,97,2,5,12,38,25,2
17775,48,2,10,3,8,1,1,51,63,65,1,2,3,32,3,1
17776,44,3,12,0,0,1,1,57,48,86,2,3,14,37,23,1
17777,52,0,5,7,21,2,2,39,60,89,1,2,5,24,3,1
17778,37,0,13,1,2,1,2,44,61,24,1,1,3,27,4,1
17779,28,0,7,6,17,1,2,54,52,82,1,1,2,51,5,2
17780,31,1,4,5,13,0,1,71,27,35,2,5,6,42,5,0
17781,22,1,0,4,23,2,0,12,65,57,1,2,4,7,3,2
17782,59,2,5,1,2,2,0,30,69,85,1,0,4,14,9,1
17783,50,0,0,6,17,1,0,54,51,50,1,0,3,46,4,0
17784,43,0,8,5,14,0,0,56,46,89,1,0,3,52,0,0
17785,32,0,4,5,15,1,0,59,53,78,2,4,5,55,26,0
17786,26,2,0,3,8,2,2,56,38,30,1,0,0,32,9,1
17787,25,0,4,7,12,0,1,24,62,88,2,3,5,22,19,1
17788,58,0,10,0,16,2,2,82,27,60,2,5,6,75,16,2
17789,29,1,1,6,7,1,0,14,84,87,1,0,0,7,4,2
17790,39,1,7,3,3,0,0,92,20,73,2,5,12,63,7,0
17791,60,2,5,2,6,0,1,48,40,86,1,1,5,26,3,1
17792,50,0,11,0,22,1,0,44,54,94,1,0,0,38,2,2
17793,50,0,15,2,11,2,2,80,7,88,2,4,13,38,23,1
17794,47,0,10,3,8,0,0,34,75,47,2,4,13,17,6,1
17795,39,0,0,7,21,1,0,37,62,68,1,0,5,25,0,2
17796,49,2,7,7,12,1,2,19,82,29,1,2,2,17,1,1
17797,49,2,8,2,9,1,0,14,86,56,1,2,2,8,5,1
17798,46,2,0,6,17,0,1,50,50,25,1,2,5,38,3,0
17799,21,2,0,6,17,2,1,30,72,72,1,2,5,26,9,2
17801,60,2,13,7,12,1,0,72,41,88,2,4,8,62,10,0
17802,53,2,14,0,22,2,1,33,51,69,1,2,2,21,7,1
17803,49,2,4,1,1,0,1,12,92,24,1,1,4,9,3,1
17804,24,0,3,1,2,2,0,83,20,51,2,4,11,55,27,0
17805,24,1,3,0,0,1,0,28,62,37,1,2,2,13,2,1
17806,51,0,4,3,18,1,1,32,66,53,1,1,2,22,7,1
17807,50,1,10,4,20,0,0,83,6,33,2,2,12,47,26,0
17808,21,0,0,3,8,1,0,65,9,42,2,2,5,46,16,0
17809,21,0,0,3,18,0,0,51,42,28,1,1,1,30,7,0
17810,59,2,12,0,0,2,1,84,24,69,2,4,12,70,22,2
17811,58,2,9,7,12,1,0,14,83,89,1,1,4,6,8,1
17812,41,1,3,5,15,2,0,91,11,37,2,3,8,87,20,0
17813,35,0,11,7,10,2,1,24,81,31,1,1,1,15,1,1
17814,26,0,5,5,13,0,1,23,77,79,1,2,3,13,0,1
17815,22,0,1,3,18,1,0,40,53,93,1,0,4,18,1,2
17816,35,0,5,4,23,1,2,27,84,75,1,2,5,17,9,1
17817,43,2,4,5,15,0,0,70,32,40,2,4,13,67,21,0
17818,25,1,4,5,15,1,1,50,44,54,1,0,0,37,3,0
17819,23,0,2,7,12,2,1,61,49,21,1,0,4,60,4,0
17820,58,0,5,1,2,2,0,26,72,49,1,1,5,23,3,2
17821,51,0,6,1,5,1,0,38,44,24,1,0,0,21,1,2
17822,32,0,1,1,1,2,0,63,29,93,1,1,3,61,3,0
17823,45,0,8,2,11,1,0,72,27,79,2,4,13,54,14,0
17825,33,2,6,6,7,1,0,39,71,77,1,0,4,21,3,2
17826,27,1,6,7,12,0,1,19,81,64,1,0,5,14,2,1
17827,31,0,9,0,0,1,0,51,58,48,2,5,14,35,10,2
17828,33,0,7,7,12,0,0,65,45,71,2,3,14,60,15,0
17829,54,2,19,1,2,1,0,68,40,34,2,5,6,65,20,0
17830,51,0,3,3,18,2,0,68,41,35,2,4,5,41,12,0
17831,29,2,6,5,14,0,1,13,80,43,1,2,5,8,8,1
17832,37,2,9,0,16,1,1,78,24,45,2,4,12,55,16,2
17833,51,1,13,6,19,2,1,67,30,87,1,1,2,38,5,0
17834,37,0,2,6,17,2,2,53,56,62,1,1,5,46,9,2
17835,40,2,10,2,6,2,0,73,48,70,2,5,7,40,23,2
17836,38,0,3,7,12,2,0,36,59,41,1,0,2,28,4,2
17837,23,3,2,7,10,0,0,13,83,29,1,1,1,7,6,1
17838,47,2,1,1,1,2,2,19,87,84,1,0,5,9,9,1
17841,57,0,10,2,6,1,0,38,75,63,1,1,2,28,6,1
17842,26,2,5,0,0,1,0,55,43,51,1,0,1,53,9,2
17843,43,1,11,6,7,0,1,79,36,49,2,2,11,42,26,0
17844,22,1,1,3,18,2,0,19,78,22,1,0,0,12,6,2
17845,28,0,0,3,18,1,0,23,75,30,1,1,1,10,4,2
17846,28,1,3,2,9,2,0,68,44,76,2,4,5,53,24,0
17847,30,2,7,0,0,1,1,50,43,57,2,5,14,42,10,1
17848,48,0,5,1,2,1,0,30,78,51,1,2,1,28,6,2
17849,53,0,12,1,5,1,1,59,30,28,2,3,12,41,15,0
17850,43,0,12,3,3,1,0,25,80,76,1,2,2,19,1,1
17851,48,0,7,1,2,0,1,73,20,89,2,2,12,61,24,0
17852,42,0,14,5,13,2,1,37,66,80,1,1,5,20,1,2
17853,21,0,0,1,1,0,0,69,26,21,2,3,11,67,27,0
17854,34,0,6,7,12,1,0,62,47,85,2,4,12,39,15,2
17855,21,2,0,0,22,0,1,30,77,78,1,2,0,29,2,1
17856,58,0,17,0,0,2,0,83,21,74,0,5,23,56,20,2
17857,25,0,4,1,2,2,2,70,25,41,2,5,7,48,19,2
17858,60,0,10,1,2,0,1,37,70,43,1,0,5,32,8,2
17859,52,2,13,6,7,0,0,16,85,66,1,0,2,9,3,1
17860,29,0,8,7,12,0,1,93,7,33,2,2,12,43,11,0
17861,47,3,14,4,20,1,1,75,13,31,2,4,6,70,15,0
17862,57,0,6,7,12,0,1,61,46,66,2,4,5,58,18,2
17863,25,0,4,4,20,0,1,85,6,50,2,4,13,55,28,0
17864,47,1,10,4,20,1,1,90,13,87,2,2,11,52,12,0
17865,36,1,7,3,8,0,1,20,90,81,1,1,3,14,3,1
17866,57,0,8,5,13,1,1,30,77,94,1,0,3,26,8,1
17867,24,2,3,2,6,1,1,31,75,50,1,0,0,30,7,1
17868,55,2,5,6,7,1,0,11,86,86,1,1,1,6,8,1
17869,28,0,7,2,6,1,0,77,34,62,2,4,6,60,17,0
17870,49,2,4,0,22,2,2,93,0,68,0,5,21,78,30,2
17871,40,3,2,4,4,1,1,61,48,46,2,5,6,36,24,2
17872,42,1,0,1,2,2,0,18,74,61,1,0,3,15,7,2
17874,38,1,13,2,6,1,0,25,75,23,1,2,5,14,7,1
17875,56,0,14,6,19,1,0,75,44,67,2,2,5,54,20,0
17876,31,2,10,2,11,1,1,64,34,77,2,2,7,58,26,2
17877,26,1,5,6,17,2,1,46,53,36,2,3,5,30,5,2
17878,36,3,11,0,22,0,0,21,81,76,1,2,5,14,3,1
17879,25,0,4,2,11,0,0,32,72,74,1,0,2,23,8,1
17880,60,2,18,5,14,1,0,38,71,83,1,2,2,29,8,1
17881,59,2,15,3,18,1,0,49,58,67,1,2,3,27,4,2
17882,58,0,8,4,4,1,1,48,41,30,2,4,10,26,15,2
17883,26,1,5,1,5,1,0,25,72,35,1,1,5,16,5,2
17884,37,0,16,4,23,0,0,14,71,79,1,2,2,10,8,1
17885,31,1,5,0,0,0,1,14,92,62,1,2,0,7,7,1
17886,56,2,2,2,6,0,0,52,42,70,1,2,2,39,5,2
17887,37,0,16,4,23,0,1,57,40,65,1,1,5,46,2,2
17888,49,0,10,3,3,2,0,10,83,56,1,2,4,4,5,1
17889,35,2,9,7,10,0,0,30,74,60,1,1,5,14,0,1
17890,54,2,11,1,2,1,0,88,3,24,2,4,13,61,27,0
17892,35,1,6,2,6,0,1,45,48,35,1,1,5,40,8,2
17893,46,2,11,3,8,0,0,73,25,32,2,5,10,41,13,0
17894,54,0,14,6,19,1,1,46,59,80,1,1,3,41,2,2
17896,54,0,6,0,22,2,0,88,12,87,2,5,13,78,16,0
17897,27,0,6,7,21,1,1,49,50,73,1,0,3,43,4,2
17898,42,2,5,4,4,1,0,62,36,89,2,3,10,53,5,0
17899,26,0,5,1,1,1,2,46,56,78,1,2,3,26,8,1
17900,31,0,10,1,1,2,2,34,66,52,1,0,2,22,1,1
17901,49,0,0,7,10,1,0,41,46,68,1,1,4,29,1,2
17902,43,2,16,1,2,1,2,67,51,90,1,1,1,33,0,1
17903,53,0,14,1,1,0,0,25,94,53,1,2,3,15,0,1
17904,30,1,8,2,6,1,1,92,0,21,2,5,13,72,23,0
17906,43,2,7,6,19,1,1,71,32,69,2,2,10,53,6,0
17907,26,0,4,3,18,2,0,39,74,49,1,2,3,30,0,2
17908,52,1,5,0,0,0,0,73,15,91,2,4,6,60,8,0
17909,40,1,8,4,4,1,2,77,25,49,0,5,23,66,22,0
17910,47,0,13,2,11,1,0,75,38,65,2,2,7,38,28,2
17911,40,1,10,7,10,1,0,31,77,78,1,2,0,15,4,2
17912,21,2,0,6,19,1,1,73,24,99,2,2,5,50,16,0
17913,37,0,4,5,13,1,1,84,21,82,2,4,12,55,20,0
17914,32,0,3,0,16,2,0,47,52,81,2,4,6,29,6,1
17915,57,0,10,7,12,1,0,88,3,76,2,2,8,78,7,0
17916,22,1,1,1,1,2,1,72,42,28,2,2,9,36,15,0
17917,22,0,1,7,12,1,0,71,16,50,2,3,6,48,6,0
17918,44,2,6,1,2,1,0,53,48,81,1,1,2,31,0,2
17919,42,1,20,7,12,1,1,50,44,61,1,0,5,28,5,2
17920,32,0,6,3,3,1,2,58,22,37,2,2,11,57,14,2
17921,50,0,10,0,22,1,1,14,92,87,1,1,2,9,3,1
17922,33,0,12,0,22,1,1,17,86,87,1,1,1,14,3,1
17924,23,3,2,2,11,0,2,73,27,78,2,5,13,43,21,1
17925,46,1,10,6,17,0,0,36,68,44,2,5,9,18,12,2
17926,46,0,12,3,8,0,0,14,83,35,1,0,3,11,3,1
17927,56,0,10,1,5,2,2,61,40,56,2,3,5,57,10,2
17928,50,1,7,5,14,2,1,50,54,86,1,1,2,23,3,2
17929,39,0,10,3,3,0,0,25,89,29,1,0,4,16,5,1
17930,44,0,9,5,13,1,0,24,71,91,1,0,1,19,0,2
17931,25,0,4,7,10,1,1,13,100,56,1,0,0,6,0,1
17932,58,2,1,1,2,1,1,39,51,58,1,0,2,28,2,2
17933,21,1,0,4,20,1,2,21,89,64,1,2,2,19,4,1
17934,39,3,5,5,14,2,0,33,69,51,1,1,1,31,8,2
17935,22,0,1,6,17,1,1,89,14,79,0,5,15,63,53,0
17936,25,0,4,7,12,2,0,48,46,76,1,0,1,34,7,2
17937,41,0,6,0,0,1,0,27,78,20,1,2,1,20,7,1
17938,57,2,7,5,13,0,2,81,31,78,2,5,12,39,27,2
17939,21,0,0,0,22,0,0,33,51,70,1,2,5,27,2,2
17940,39,0,0,7,10,1,0,52,62,92,2,4,5,38,27,2
17941,58,0,9,0,16,1,0,45,38,91,1,0,1,37,8,2
17942,38,1,11,3,3,0,1,24,76,77,1,2,3,13,6,1
17943,32,0,11,2,6,2,2,33,72,41,1,0,0,21,3,1
17945,36,2,13,0,0,2,0,54,52,61,2,4,12,35,16,1
17946,34,0,8,7,12,1,0,46,61,52,1,1,5,22,7,2
17947,38,0,15,6,7,1,1,69,14,61,2,3,8,55,23,0
17948,38,0,13,0,16,2,0,49,52,40,1,0,0,34,0,2
17949,46,2,7,3,3,0,1,40,53,66,1,1,3,31,4,1
17950,28,2,7,5,14,2,2,76,30,76,2,4,13,38,20,2
17952,57,0,9,5,14,2,0,40,61,80,2,5,13,34,16,2
17953,36,0,14,3,3,1,1,45,48,49,1,2,3,21,7,1
17954,57,0,0,0,0,1,1,12,92,77,1,0,4,9,7,1
17955,34,0,6,4,23,2,1,78,20,56,2,5,10,57,17,0
17956,27,0,6,2,9,1,2,52,45,56,1,1,0,46,4,1
17957,58,0,19,6,7,1,1,21,88,76,1,1,2,13,0,1
17958,50,2,20,5,15,0,0,54,49,55,2,3,9,34,14,2
17959,52,1,14,7,21,0,0,54,52,32,1,0,0,44,9,0
17960,55,0,16,1,2,2,1,29,81,24,1,2,5,15,6,1
17961,30,0,9,0,22,2,1,18,89,65,1,2,0,17,7,1
17963,37,1,6,7,21,0,1,18,81,93,1,2,2,13,5,1
17964,44,2,12,4,20,0,0,33,74,29,1,0,0,22,2,2
17965,26,2,5,7,10,1,0,89,7,71,2,2,7,81,9,0
17966,56,2,10,4,23,1,1,71,31,63,2,3,6,47,23,2
17967,32,0,4,7,12,1,0,43,52,32,1,0,5,37,3,2
17968,30,1,9,0,16,2,0,45,56,34,1,0,4,41,4,2
17969,58,0,11,3,18,1,0,28,72,89,1,0,3,13,4,1
17970,55,2,5,7,10,0,1,55,42,51,2,5,8,26,6,2
17971,34,0,4,4,23,0,0,72,37,69,2,5,14,40,16,0
17972,26,2,5,1,1,1,0,54,43,92,2,5,9,45,5,2
17973,48,1,3,7,21,2,0,70,19,34,2,2,6,43,24,0
17975,22,1,1,7,21,0,1,54,33,64,1,0,1,41,3,0
17976,48,2,10,3,18,0,2,81,26,57,1,2,3,52,7,2
17977,38,0,6,5,13,2,2,77,28,60,2,5,12,43,25,2
17978,27,2,6,2,9,1,1,82,12,57,2,2,14,41,12,2
17980,51,0,5,7,21,0,2,77,24,66,2,2,10,61,27,2
17981,37,0,15,3,18,1,0,19,79,38,1,1,4,11,4,1
17982,37,0,14,7,21,2,1,44,44,85,1,1,2,41,0,2
17983,43,2,4,7,10,1,1,24,68,56,1,0,2,12,0,1
17984,57,2,0,4,4,0,0,52,37,48,1,2,1,44,2,0
17985,34,3,13,4,4,1,0,62,33,47,1,0,3,49,8,0
17986,27,1,6,5,14,2,2,74,25,90,2,2,10,49,23,2
17987,49,2,8,2,11,2,0,82,38,92,2,4,12,71,17,0
17988,35,0,14,0,0,1,0,10,85,38,1,1,2,9,2,1
17989,56,2,6,2,11,2,0,86,15,97,2,5,5,65,25,0
17990,35,0,14,1,2,2,0,80,37,94,2,3,8,43,21,0
17992,59,0,10,2,9,1,1,59,54,39,1,2,1,38,1,2
17993,22,0,1,2,11,1,0,58,39,98,2,5,14,57,13,0
17994,52,1,14,0,22,1,1,30,60,95,1,1,2,28,9,1
17995,57,2,15,0,16,2,2,11,79,90,1,2,4,7,3,1
17996,57,0,9,7,10,0,0,23,74,21,1,2,5,12,4,2
17997,22,2,1,3,8,1,0,64,41,69,2,2,13,59,15,0
17998,56,2,14,0,16,1,1,55,47,86,1,1,0,24,4,1
17999,34,2,11,5,13,2,0,93,9,62,2,5,11,64,25,0
18000,22,3,1,7,10,0,1,89,25,36,2,2,12,79,12,0
18001,46,0,0,4,20,1,0,78,0,51,0,8,25,59,41,0
18002,41,3,8,1,5,1,0,74,7,53,1,0,5,52,7,0
18003,23,0,2,3,3,1,1,88,22,53,2,5,10,69,10,0
18004,54,2,0,2,11,0,2,48,59,65,2,5,5,30,28,1
18005,47,1,0,0,16,1,0,75,34,27,2,4,7,43,10,0
18006,43,2,5,6,17,1,1,58,36,38,2,3,9,26,28,2
18007,52,0,9,6,19,2,1,90,18,79,2,5,7,53,20,0
18008,28,0,4,6,7,1,0,93,0,72,2,2,8,64,12,0
18009,33,2,5,1,2,0,2,19,79,48,1,0,0,15,6,1
18010,49,0,5,5,15,2,1,88,3,49,2,5,11,60,10,0
18011,43,0,10,7,10,2,0,18,94,69,1,0,5,11,9,1
18012,25,0,4,0,16,2,1,41,57,49,1,0,5,40,8,1
18013,30,1,3,6,17,0,0,40,57,60,2,2,8,21,17,2
18014,48,0,3,2,11,0,1,46,55,71,2,2,14,44,10,1
18015,59,2,10,2,11,1,0,89,8,82,2,5,12,54,25,0
18016,37,2,9,1,1,0,2,32,82,94,1,0,0,20,8,1
18017,32,0,0,1,1,1,0,81,9,82,2,5,8,59,26,0
18018,32,0,11,5,15,0,2,71,27,62,2,4,14,57,18,2
18019,45,1,15,6,7,2,1,57,33,23,1,1,0,54,0,0
18020,34,0,4,1,5,0,2,25,71,47,1,2,4,17,6,1
18021,31,0,10,1,5,1,1,10,94,30,1,1,3,5,8,1
18022,36,2,0,3,8,2,0,70,37,73,2,3,7,46,15,0
18023,53,0,2,4,4,0,0,38,58,59,1,0,1,24,6,2
18024,48,0,5,6,17,1,0,47,54,80,2,5,13,30,11,2
18025,45,0,12,6,7,1,2,13,93,73,1,0,3,11,4,1
18026,35,0,12,4,23,1,1,72,18,74,2,2,13,70,29,0
18027,38,1,16,2,6,0,1,31,75,78,1,2,0,19,2,1
18028,52,0,9,5,14,1,0,49,54,20,1,2,4,30,1,0
18029,36,0,8,2,11,0,0,57,49,69,2,5,8,35,16,2
18030,53,3,8,1,5,2,1,42,64,22,1,1,5,35,5,2
18032,53,2,18,1,1,2,1,28,64,47,1,1,1,13,0,1
18033,29,0,4,4,4,1,2,88,21,41,2,5,12,86,5,0
18034,57,0,9,1,2,0,1,81,8,34,2,2,5,63,5,0
18035,35,0,2,1,2,1,0,47,63,41,2,3,6,29,6,0
18036,37,3,5,3,18,1,0,79,21,82,2,2,14,50,29,2
18037,52,0,0,7,10,2,0,27,65,54,1,0,4,19,0,2
18038,34,2,9,5,14,2,1,16,69,64,1,0,1,10,2,1
18039,59,1,2,7,21,1,2,12,95,84,1,1,5,8,3,1
18040,32,1,11,4,4,1,0,54,33,31,2,4,5,40,16,0
18041,31,2,10,7,10,2,0,22,75,64,1,1,1,13,6,1
18042,53,2,6,0,0,0,1,83,28,37,2,2,8,82,22,0
18043,45,0,6,4,23,1,2,68,12,85,2,4,12,65,15,2
18044,52,0,15,5,15,1,1,21,87,93,1,2,4,11,2,1
18045,30,0,9,2,9,0,0,94,19,25,0,5,19,60,34,0
18046,40,0,2,6,7,0,0,65,46,45,2,2,9,59,7,0
18047,48,1,8,5,13,2,0,33,62,30,1,0,4,26,7,0
18048,24,0,3,2,11,0,1,94,25,83,2,2,9,80,16,0
18049,44,0,6,4,4,1,0,58,43,24,2,4,6,37,17,0
18050,21,3,0,2,9,1,0,42,33,40,2,5,13,19,6,2
18051,46,0,3,5,15,0,1,76,25,89,2,4,7,64,29,0
18052,23,0,2,2,11,1,1,86,10,95,2,2,13,48,9,0
18053,22,0,1,0,22,1,1,54,30,69,1,1,4,39,5,2
18054,51,0,4,0,22,1,1,64,24,89,2,4,12,53,5,2
18055,41,2,0,1,5,1,1,16,75,53,1,0,3,8,5,1
18056,56,1,12,2,6,2,2,26,56,71,1,1,1,21,2,1
18057,26,0,5,3,3,2,0,22,88,23,1,0,4,18,6,1
18058,49,2,8,3,18,0,0,85,5,35,2,3,7,80,23,0
18059,24,2,3,5,15,2,0,52,57,45,2,3,12,32,18,2
18060,37,0,16,0,22,1,1,82,1,78,2,3,5,54,26,2
18061,48,0,0,2,6,1,2,52,49,76,2,3,13,37,27,1
18063,38,0,5,3,3,1,1,53,48,27,1,1,5,40,1,2
18064,33,2,12,4,23,1,0,28,73,65,1,1,1,14,8,1
18065,21,2,0,4,23,2,1,12,100,54,1,0,2,11,1,1
18066,44,0,10,7,21,2,1,61,49,69,2,2,14,37,6,2
18067,36,2,15,3,8,0,2,26,71,43,1,1,2,20,3,1
18068,30,1,2,2,6,0,1,75,22,90,2,2,11,49,20,0
18069,52,0,5,4,23,2,2,83,2,93,2,4,12,58,10,2
18070,48,2,6,0,16,2,0,78,21,79,2,5,10,73,27,0
18071,30,0,4,4,20,0,0,15,97,49,1,1,5,7,0,1
18072,58,2,10,2,11,0,0,70,51,77,2,5,13,43,11,2
18073,46,1,7,4,23,0,1,12,95,27,1,2,1,7,5,1
18074,43,3,12,6,19,2,0,64,42,99,2,4,10,51,23,2
18075,48,2,15,6,7,1,1,72,10,41,1,0,2,38,2,0
18076,55,1,5,7,12,0,1,82,25,69,2,4,10,50,22,0
18077,51,0,15,0,16,2,1,56,53,33,1,0,1,25,0,2
18078,37,0,16,6,19,0,1,19,77,86,1,0,1,15,2,1
18079,39,0,9,0,16,2,1,44,74,43,1,2,4,20,6,1
18080,24,1,3,2,9,2,0,13,74,30,1,1,3,6,6,1
18081,26,0,5,2,11,0,0,85,16,82,0,8,17,51,23,0
18082,55,2,9,3,3,0,1,66,33,88,2,5,7,47,15,2
18083,28,0,7,5,13,1,0,35,79,88,1,2,2,18,3,2
18084,43,0,5,1,5,1,1,36,72,23,1,1,3,33,5,2
18085,60,0,10,5,14,0,1,93,0,84,2,5,8,49,15,0
18086,53,1,12,3,8,1,1,48,30,64,2,5,14,29,5,2
18087,22,2,1,1,1,1,1,20,75,85,1,1,3,12,1,1
18088,58,0,3,7,10,2,1,72,23,38,2,5,7,58,11,0
18089,46,2,9,5,15,0,1,12,81,93,1,2,1,6,5,1
18090,36,0,15,0,22,1,0,48,39,97,1,2,4,47,5,2
18091,30,1,7,7,21,1,0,12,80,67,1,1,2,11,3,1
18092,56,0,19,0,16,0,0,53,46,85,2,4,9,44,25,1
18093,44,2,6,4,23,0,2,13,94,85,1,0,1,7,9,1
18094,36,1,0,5,14,1,1,36,64,64,1,1,1,25,4,2
18095,54,0,6,6,19,1,0,43,61,72,1,0,3,39,5,2
18097,43,0,3,1,2,2,1,59,50,61,2,2,5,28,22,2
18098,22,2,1,0,22,0,1,93,3,81,2,3,7,64,24,0
18099,46,0,8,6,19,1,2,83,36,81,2,2,8,61,12,2
18100,52,1,2,5,13,1,0,82,33,92,2,5,7,43,10,0
18101,52,0,11,4,20,2,0,23,84,22,1,0,0,20,5,2
18103,46,2,3,4,20,1,0,79,32,32,2,4,10,76,6,0
18104,39,2,15,1,1,2,0,19,72,68,1,1,5,16,6,1
18105,32,0,11,3,8,1,2,14,88,64,1,0,1,9,0,1
18106,51,2,2,6,7,2,0,12,75,46,1,2,5,8,0,2
18107,42,0,15,5,14,2,2,86,30,91,2,4,8,81,6,0
18108,58,2,6,5,15,2,1,51,42,28,2,3,7,34,10,2
18109,56,0,21,4,23,1,2,17,68,88,1,1,2,13,6,1
18110,60,1,4,0,16,2,1,16,100,26,1,0,5,12,8,1
18111,29,2,5,7,12,1,1,43,70,69,1,1,3,38,8,1
18112,46,0,15,1,2,2,2,81,17,48,2,4,6,67,9,0
18113,41,0,0,1,5,0,0,87,0,75,2,2,10,70,26,0
18114,37,0,7,7,10,2,0,83,3,25,2,3,5,45,29,0
18115,41,0,10,2,11,2,1,28,70,99,1,1,0,25,3,1
18116,56,1,9,0,16,1,1,90,0,79,2,3,10,50,9,0
18117,23,0,2,2,9,1,1,48,53,25,1,0,2,31,9,2
18118,59,2,12,5,14,2,0,38,68,92,1,2,1,21,1,2
18119,39,2,10,4,23,2,1,90,17,83,2,3,14,58,28,0
18120,55,0,13,6,7,2,0,53,62,46,1,1,2,32,8,0
18121,60,1,11,2,9,0,0,55,29,69,2,4,7,52,14,0
18122,60,2,11,5,13,1,2,52,68,78,1,1,1,49,6,1
18123,53,2,7,3,18,0,0,24,84,53,1,1,1,23,3,1
18124,38,0,3,6,19,2,2,18,94,78,1,0,1,16,9,1
18125,45,3,10,2,11,1,0,12,83,66,1,2,1,10,7,1
18126,44,2,5,2,11,1,2,25,82,87,1,0,5,17,6,1
18127,51,2,15,0,0,2,1,12,93,36,1,0,1,11,1,1
18128,59,0,9,3,3,0,1,22,81,21,1,0,4,16,0,1
18129,42,0,19,3,3,1,0,45,66,81,1,2,0,30,0,1
18130,45,2,5,4,20,1,1,72,51,30,2,5,14,32,9,2
18131,21,0,0,1,5,2,1,23,55,74,1,0,1,19,4,2
18132,39,0,6,6,17,1,0,25,73,51,1,0,1,19,5,2
18133,23,2,2,4,23,1,2,57,36,78,2,4,14,25,11,1
18134,27,0,6,4,23,2,0,37,77,40,1,0,2,23,2,2
18135,36,0,2,4,23,1,1,70,33,38,2,2,10,34,17,0
18138,55,0,12,7,21,1,0,38,45,55,1,0,0,24,9,2
18140,52,1,3,7,10,1,1,11,100,66,1,0,4,8,4,1
18141,26,2,5,3,8,0,1,83,14,71,2,4,6,44,12,2
18142,48,0,9,4,23,2,0,25,75,24,1,2,5,19,4,2
18144,50,2,12,2,11,1,1,35,58,79,1,2,2,25,9,1
18145,46,2,10,2,6,1,0,69,39,27,2,3,13,45,24,2
18147,30,0,2,6,7,1,2,80,8,94,2,5,12,53,28,0
18148,45,0,2,7,12,2,2,68,32,51,2,4,8,31,17,2
18149,37,2,6,2,9,2,0,83,28,26,2,4,9,40,19,0
18150,22,1,1,5,15,2,0,29,60,70,1,0,3,13,0,0
18151,58,1,10,2,9,0,1,68,30,41,1,1,4,48,0,0
18152,43,3,5,5,13,0,2,81,4,80,2,5,14,64,10,2
18153,43,2,7,6,7,0,0,55,48,39,2,3,10,50,16,0
18154,42,2,10,6,19,1,0,23,64,95,1,1,4,20,4,1
18155,47,2,12,3,3,1,0,64,38,26,1,0,5,37,1,2
18156,34,0,13,0,16,1,0,75,36,30,2,5,13,57,29,0
18157,45,0,2,7,12,1,0,56,48,72,1,0,5,27,5,0
18158,42,0,10,2,6,0,0,74,18,71,2,4,9,64,22,0
18159,42,0,9,3,3,1,0,89,4,91,2,2,6,68,26,0
18160,41,0,9,7,12,1,0,85,2,26,2,3,11,82,9,0
18161,52,2,7,7,10,1,1,51,38,82,1,2,3,50,6,2
18162,47,2,13,5,13,2,0,44,46,73,1,2,3,39,8,2
18163,23,3,2,0,22,2,0,77,12,87,1,2,2,68,8,0
18164,22,2,1,1,1,2,0,50,60,24,1,1,3,29,0,0
18165,32,0,11,6,17,2,0,79,26,68,2,5,9,53,7,0
18166,34,2,13,5,14,1,1,14,78,56,1,2,3,10,8,1
18167,40,2,1,0,16,2,0,25,79,83,1,1,3,15,4,1
18168,30,0,7,5,13,2,1,67,39,73,2,5,12,45,18,0
18169,35,1,8,1,1,1,0,36,69,26,1,2,1,32,4,0
18170,38,0,16,5,15,1,2,69,31,60,2,2,6,67,21,2
18171,38,1,14,0,22,1,1,62,42,73,2,5,8,29,5,2
18172,41,2,5,2,9,1,0,10,92,73,1,1,4,9,7,1
18173,29,2,8,2,11,1,1,22,72,99,1,1,5,14,4,1
18174,35,0,12,3,3,1,1,94,0,89,2,5,10,64,23,0
18175,49,0,0,6,17,2,1,24,56,26,1,1,0,19,8,2
18176,32,0,7,1,5,1,0,35,67,35,1,0,3,25,8,2
18177,21,0,0,3,3,1,1,32,69,94,1,0,4,15,2,1
18179,28,2,7,5,13,1,1,62,43,39,2,4,13,35,22,2
18180,43,1,8,1,1,1,1,23,76,52,1,2,2,13,6,1
18181,36,2,5,7,12,0,0,10,82,59,1,0,3,8,1,1
18182,51,2,14,0,16,1,1,73,13,53,2,3,8,55,11,2
18183,28,1,7,0,0,1,0,77,1,32,2,4,9,71,7,0
18184,39,2,15,0,16,0,0,87,23,76,1,1,2,61,2,0
18185,41,2,4,5,14,2,1,44,43,34,1,0,4,25,1,2
18186,48,0,4,1,2,1,2,89,15,85,2,5,10,53,22,2
18187,41,0,3,6,17,2,0,16,77,55,1,1,0,15,2,2
18188,37,2,8,6,19,1,0,22,82,86,1,2,0,14,6,1
18189,41,0,12,6,17,2,1,28,74,92,1,0,4,19,6,1
18190,31,0,10,6,7,1,1,29,89,41,1,2,2,13,9,1
18191,26,0,5,7,21,1,0,13,100,76,1,2,4,7,9,1
18192,38,1,5,4,20,2,1,67,40,45,2,5,14,55,15,0
18193,44,2,0,4,23,1,1,60,46,77,2,4,6,45,6,2
18194,58,1,9,4,23,1,1,10,83,59,1,0,1,6,2,1
18195,43,0,11,4,23,0,0,27,65,53,1,1,3,15,2,2
18196,44,2,0,4,23,2,2,31,74,41,1,0,3,24,2,1
18197,59,0,13,6,17,2,0,60,31,42,2,2,11,37,13,0
18198,35,2,5,7,10,1,0,69,25,90,2,2,5,68,11,0
18199,60,1,6,6,17,0,1,89,13,21,2,2,8,69,20,0
18200,43,0,1,1,5,0,1,84,20,35,2,3,12,73,6,0
18201,60,0,2,5,13,0,1,17,82,82,1,0,4,14,2,1
18203,25,2,4,0,22,2,1,59,28,83,2,4,12,47,26,1
18204,45,0,11,3,8,2,1,55,35,92,2,3,9,47,29,2
18205,31,2,0,5,14,0,1,41,48,32,1,2,0,35,7,2
18206,25,0,4,7,21,0,2,12,100,93,1,2,1,7,4,1
18208,34,2,3,6,7,2,0,47,49,66,1,1,0,21,7,2
18209,30,0,9,3,8,1,1,78,35,27,2,3,7,38,25,2
18210,37,0,4,4,23,0,0,28,87,90,1,1,1,18,0,1
18211,32,3,11,1,5,1,1,29,70,84,1,1,4,20,4,1
18212,32,1,4,3,18,1,0,32,68,75,1,2,2,15,5,2
18213,32,2,8,1,1,1,1,24,84,58,1,2,3,10,0,1
18214,47,3,10,1,1,2,1,44,43,94,1,2,3,36,4,1
18215,23,0,2,1,5,1,0,53,50,66,1,1,3,45,5,0
18216,27,2,6,5,13,1,0,81,8,78,2,5,7,46,22,0
18217,47,2,1,3,3,2,1,30,64,40,1,1,1,26,1,1
18218,21,0,0,5,14,1,1,63,29,38,2,2,14,38,24,0
18219,60,0,4,6,17,0,1,33,53,44,1,0,1,20,5,2
18220,26,0,0,5,15,1,1,58,52,31,2,2,5,53,18,0
18221,32,2,9,2,11,1,0,28,69,87,1,0,3,24,1,1
18222,24,0,3,5,13,1,2,55,46,22,1,0,3,40,6,2
18223,54,2,7,3,18,2,1,55,49,65,2,5,9,50,17,2
18224,25,0,4,3,8,1,2,74,24,83,2,3,14,55,13,2
18225,55,2,9,7,10,1,2,33,58,67,1,0,1,23,2,1
18226,49,3,6,7,21,1,0,51,59,41,2,2,10,37,10,2
18227,50,0,6,4,4,1,0,35,55,71,1,0,3,20,2,2
18228,23,2,2,3,3,1,0,30,83,39,1,1,2,15,9,1
18229,28,0,6,1,5,1,2,19,74,65,1,2,4,13,9,1
18230,21,0,0,4,20,1,0,57,37,23,2,5,7,54,8,0
18231,45,1,9,3,3,1,0,33,60,21,1,0,3,16,2,2
18232,23,2,2,4,4,1,0,85,5,89,2,3,5,64,11,0
18233,51,2,4,7,21,1,1,38,86,87,1,2,2,28,8,1
18234,25,0,4,6,17,2,0,89,9,21,2,2,13,43,24,0
18235,25,0,4,4,20,1,2,65,49,58,2,3,12,46,18,2
18236,33,2,7,3,8,1,0,26,75,58,1,1,3,21,7,1
18237,24,0,3,7,10,1,2,84,20,70,2,2,9,75,6,0
18239,60,2,9,6,17,0,1,35,78,85,1,2,1,32,7,1
18240,52,2,12,2,9,0,1,73,24,25,2,4,14,57,26,2
18241,39,0,6,5,14,1,0,54,53,42,1,2,3,30,4,0
18242,32,2,5,2,11,1,0,50,55,74,1,1,3,26,9,1
18243,31,0,7,0,16,2,1,92,0,24,2,2,13,81,7,0
18244,35,1,9,7,12,0,1,18,89,20,1,1,5,10,2,1
18245,37,1,0,4,20,0,1,75,13,54,0,7,22,69,34,0
18246,28,0,7,5,15,2,0,38,65,50,1,1,0,19,5,2
18247,28,0,4,4,20,1,1,21,79,79,1,2,4,15,2,1
18248,29,1,8,0,0,2,1,63,51,31,2,4,14,44,26,2
18249,26,3,5,4,4,1,1,47,49,59,1,0,1,22,8,1
18250,59,1,5,6,19,1,1,41,76,99,1,2,4,22,6,2
18251,40,2,13,4,23,2,1,46,65,35,1,0,2,40,8,2
18252,59,1,0,3,18,2,0,47,57,41,2,2,10,32,15,0
18253,44,0,4,1,2,1,0,53,37,57,1,2,3,51,9,0
18255,25,0,4,1,5,1,1,75,34,87,2,3,6,70,28,0
18256,52,1,6,4,20,1,0,46,56,25,1,1,5,33,7,0
18257,26,2,5,2,6,0,0,14,81,87,1,0,1,11,8,1
18258,34,0,12,7,10,1,1,31,70,80,1,0,5,21,7,1
18259,41,2,15,7,12,2,0,65,30,82,2,2,13,61,18,0
18260,35,2,5,0,0,0,0,52,37,34,2,4,12,41,10,2
18261,22,2,1,7,10,2,2,79,14,26,2,2,6,75,26,0
18262,38,0,12,3,8,1,2,81,16,80,2,3,14,51,9,2
18263,33,0,11,0,16,2,1,47,67,49,1,1,1,40,7,1
18264,25,0,4,4,20,2,1,89,10,37,2,3,7,85,15,0
18265,51,3,12,0,16,1,1,15,87,90,1,2,2,8,6,1
18266,31,0,5,7,21,1,0,49,64,75,1,1,2,23,8,2
18267,30,3,9,5,14,2,0,57,41,79,1,2,4,43,4,2
18268,57,0,3,6,17,0,1,84,6,22,2,2,11,57,21,0
18270,37,2,3,4,20,1,1,73,10,91,2,5,8,58,15,0
18271,40,0,8,2,9,1,1,73,49,63,2,2,8,41,13,2
18272,58,3,6,6,19,2,0,83,25,86,2,3,5,76,21,0
18273,52,0,13,4,23,1,1,27,78,64,1,1,2,17,4,1
18274,52,1,11,4,4,1,0,41,76,68,2,4,13,23,14,2
18275,33,0,4,7,21,2,2,88,0,28,2,2,5,67,9,0
18276,33,0,12,7,21,0,0,22,86,75,1,2,1,20,8,1
18277,25,0,4,0,16,0,0,33,59,79,1,0,0,17,7,1
18278,48,0,0,4,4,1,1,26,48,59,1,2,2,16,5,2
18279,26,1,5,7,21,0,0,10,94,93,1,0,4,9,4,1
18280,45,0,9,5,13,0,2,29,91,39,1,1,4,24,1,1
18281,23,2,2,5,15,1,0,43,38,86,1,1,1,21,8,2
18282,53,0,4,1,5,1,0,85,13,67,2,3,11,47,7,0
18283,51,0,16,0,16,2,1,32,69,42,1,2,2,25,1,1
18284,51,3,9,6,17,0,1,39,59,80,2,4,14,34,17,1
18285,32,0,8,4,23,1,0,72,30,67,2,2,5,51,27,0
18286,30,0,9,0,16,1,0,18,88,52,1,1,2,10,3,1
18287,38,0,17,3,8,0,0,40,60,67,1,1,1,24,4,1
18288,55,0,8,2,9,2,2,54,53,93,2,4,6,38,25,1
18289,45,0,14,3,3,2,0,93,2,42,2,3,13,84,5,0
18290,52,2,16,6,17,1,1,77,19,93,2,3,9,76,29,0
18291,55,0,8,4,20,2,1,20,66,53,1,0,1,19,4,1
18292,51,2,10,3,8,2,1,71,40,82,2,4,8,41,28,2
18294,31,0,5,7,21,1,0,82,29,51,2,2,13,60,25,0
18295,60,1,5,6,7,1,0,58,47,41,1,2,3,28,0,0
18296,35,2,8,5,15,2,2,67,43,37,2,3,14,63,28,2
18297,24,1,3,3,18,0,1,42,62,48,1,2,3,33,4,2
18298,58,0,3,4,23,0,2,40,66,80,1,0,2,23,2,1
18299,22,1,1,5,13,2,1,53,32,33,2,2,9,51,18,0
18300,53,0,5,3,3,2,1,75,25,41,2,2,14,68,21,0
18302,33,0,2,6,7,1,0,74,11,83,2,3,7,50,12,0
18303,59,2,0,6,19,1,2,50,57,74,1,0,2,24,0,1
18304,55,2,18,0,0,2,0,67,41,36,2,2,11,48,22,2
18305,60,2,10,6,19,0,0,62,43,67,1,0,1,35,6,2
18306,29,2,8,1,1,2,1,52,42,81,2,5,14,43,16,2
18307,55,1,14,7,12,2,0,25,71,88,1,1,3,23,0,2
18308,40,2,13,7,21,0,1,43,56,71,1,0,2,34,3,1
18310,48,1,12,5,14,0,0,53,39,72,2,4,5,43,8,0
18311,36,3,9,4,20,1,0,82,17,38,1,1,0,79,7,0
18312,26,0,5,4,20,0,0,63,43,35,1,0,2,37,6,0
18313,44,0,12,3,3,2,2,10,98,58,1,2,1,6,3,1
18314,29,2,8,1,5,0,1,23,83,63,1,2,3,17,1,1
18315,51,0,0,3,8,0,0,53,56,93,2,3,12,29,20,2
18316,22,1,1,7,10,2,1,18,96,38,1,2,2,9,5,1
18317,40,0,0,2,6,1,0,48,53,32,2,4,13,33,29,2
18318,21,1,0,5,14,1,2,20,82,40,1,1,1,10,4,1
18319,29,2,8,0,22,2,1,46,37,85,1,1,4,35,8,1
18320,34,3,10,3,8,1,2,36,65,83,1,0,2,25,6,1
18321,45,2,5,2,9,2,1,49,44,56,1,0,2,23,0,1
18322,42,0,19,0,16,0,2,84,16,79,2,4,10,53,29,1
18323,27,0,6,6,7,2,2,77,32,56,1,0,3,51,9,2
18325,37,2,9,7,10,2,0,63,38,91,1,1,0,32,3,2
18326,25,0,4,6,17,0,1,42,49,68,2,2,5,32,18,2
18327,52,1,9,7,21,1,0,59,47,83,1,0,1,37,3,0
18328,31,1,9,5,13,0,0,24,77,83,1,0,5,13,5,2
18329,54,0,7,7,21,0,1,92,0,77,2,5,11,66,20,0
18330,51,0,18,7,21,2,0,78,30,60,2,2,9,71,17,0
18331,59,0,8,3,18,1,1,60,31,50,2,4,11,36,23,2
18332,57,2,5,6,19,1,0,58,41,80,1,0,3,57,3,0
18333,21,0,0,4,20,1,0,26,70,68,1,0,1,25,6,2
18334,33,2,9,4,23,2,2,60,50,54,2,2,8,48,25,1
18335,48,3,9,1,5,2,1,23,85,72,1,2,0,21,1,1
18336,40,0,17,2,11,2,1,74,21,81,2,3,13,73,12,2
18337,33,1,10,5,14,2,2,42,42,30,1,1,0,29,9,2
18338,49,2,8,3,18,0,2,56,52,47,1,1,5,36,8,1
18339,58,0,17,3,18,1,0,73,20,26,2,3,13,67,23,0
18340,55,2,8,4,23,2,0,59,26,61,2,5,7,29,7,2
18341,28,0,7,3,3,2,0,90,9,46,0,7,19,78,28,0
18342,43,0,12,1,2,1,1,15,72,29,1,2,4,13,4,1
18343,59,2,0,0,22,2,2,20,84,99,1,0,3,17,1,1
18344,31,1,5,7,21,1,0,44,60,36,1,1,3,40,6,0
18345,44,0,12,5,13,0,0,40,52,54,1,0,2,33,0,0
18346,56,0,1,4,23,2,1,31,45,45,1,1,2,17,6,2
18347,39,0,0,4,20,1,2,32,86,82,1,1,3,26,4,1
18348,60,2,10,6,19,2,0,28,64,78,1,1,4,22,6,1
18349,56,2,0,3,3,2,1,50,52,64,2,2,7,38,6,2
18350,22,2,0,1,5,0,0,66,30,35,2,2,14,54,24,0
18351,44,0,14,5,14,2,0,84,17,86,2,4,12,44,5,0
18352,33,0,1,0,0,0,0,20,80,67,1,0,2,9,5,1
18353,40,0,9,0,0,1,2,43,63,73,1,1,1,32,1,1
18354,32,3,2,4,4,0,0,48,35,86,1,1,5,46,4,0
18355,51,1,11,6,17,2,1,32,66,90,1,1,5,16,8,2
18356,27,2,2,3,3,2,0,40,47,77,2,5,10,29,18,2
18358,21,2,0,3,18,0,1,40,46,35,1,2,4,35,7,2
18359,26,0,5,4,20,1,0,28,58,21,1,0,0,27,6,2
18360,59,1,8,7,12,1,2,50,50,75,2,3,8,33,11,1
18361,32,0,2,4,23,1,1,23,56,46,1,0,4,15,1,2
18362,39,2,17,7,21,1,0,30,79,23,1,2,1,21,2,1
18364,39,0,16,1,2,1,0,28,60,67,1,0,4,27,4,1
18365,21,0,0,1,1,1,1,11,100,26,1,0,2,7,5,1
18366,43,3,13,2,11,1,0,42,46,84,1,2,0,27,4,1
18367,59,0,9,7,10,2,1,15,84,67,1,2,2,7,5,1
18368,53,3,0,6,7,1,0,12,79,62,1,1,2,11,8,1
18369,55,2,9,1,1,1,0,10,100,27,1,0,0,5,5,1
18370,39,0,12,6,17,1,0,45,56,33,1,1,3,40,1,0
18371,25,3,4,4,23,0,0,41,74,83,1,2,2,34,2,1
18373,51,3,13,5,13,1,1,78,32,66,2,5,6,49,25,2
18374,46,2,8,1,2,2,0,20,60,30,1,0,2,19,6,2
18375,26,3,5,6,19,2,1,37,59,97,1,1,2,32,2,1
18376,32,2,10,4,23,0,2,74,21,64,2,5,8,50,15,2
18377,53,2,19,4,20,0,0,90,7,70,2,4,13,65,19,0
18378,47,2,4,0,16,2,0,56,45,44,2,3,10,35,26,2
18379,37,2,3,3,3,1,0,91,17,78,2,4,7,84,12,0
18380,58,2,10,1,1,0,0,41,83,80,1,2,1,18,1,1
18381,26,0,5,7,12,1,1,33,85,20,1,0,3,28,6,1
18382,38,0,8,0,22,1,0,56,58,68,1,0,5,25,4,2
18384,35,0,12,5,14,0,0,13,93,75,1,0,1,10,4,1
18385,28,0,7,4,20,0,1,45,64,36,1,0,0,42,6,2
18386,21,0,0,4,4,1,0,63,56,44,2,3,13,57,14,0
18387,56,2,3,6,7,1,0,50,60,24,1,1,0,24,1,2
18388,58,3,9,5,15,1,1,59,31,28,2,3,14,38,21,2
18389,59,0,11,5,13,0,2,79,21,86,2,5,10,67,16,0
18390,60,0,6,6,19,1,0,75,57,91,2,5,8,42,7,0
18391,23,1,2,6,17,1,1,30,85,91,1,2,0,18,4,2
18392,25,0,4,0,0,2,1,89,19,61,2,5,11,59,18,0
18393,34,1,2,6,17,0,2,12,86,42,1,2,4,5,2,1
18394,39,0,0,0,16,0,0,72,21,51,2,5,6,70,28,0
18395,28,0,7,5,13,2,0,83,0,58,2,2,13,52,21,0
18396,31,0,10,3,3,2,0,68,26,28,1,2,1,36,0,0
18397,31,2,10,5,13,1,0,76,30,25,2,5,10,45,17,0
18398,38,2,8,2,9,0,0,90,5,52,2,5,14,42,8,0
18399,43,0,14,2,6,1,0,20,79,73,1,2,3,18,4,1
18400,55,0,10,3,8,1,1,38,67,37,1,2,4,26,2,1
18401,43,1,12,3,18,1,2,24,64,75,1,0,0,18,4,1
18402,45,1,7,1,5,1,0,71,39,87,2,4,13,59,24,0
18403,37,2,6,6,7,2,1,66,37,60,1,1,3,41,8,2
18404,30,0,2,7,21,2,2,20,79,62,1,0,5,19,5,1
18405,36,2,13,6,7,1,1,51,47,54,1,0,1,27,1,2
18406,44,0,6,1,5,1,0,43,53,74,1,2,1,27,5,2
18407,38,0,8,4,4,1,1,82,30,50,2,4,5,62,6,0
18408,38,1,13,0,16,1,0,78,13,40,0,7,19,61,51,0
18409,22,1,1,5,15,0,1,13,91,91,1,0,0,7,5,1
18410,58,2,15,5,14,1,0,46,57,45,1,0,0,40,4,2
18411,55,2,12,0,16,1,2,21,91,34,1,1,5,10,9,1
18412,60,0,11,6,19,1,1,31,49,73,1,1,5,21,5,2
18414,22,0,1,3,3,2,0,70,38,46,2,2,5,60,29,0
18415,28,1,7,0,0,2,0,48,53,93,2,3,6,40,13,2
18416,39,0,11,3,8,0,0,37,61,35,1,0,2,34,4,2
18417,31,0,10,0,22,1,1,26,92,97,1,2,3,24,7,1
18418,49,2,8,7,12,0,1,33,82,52,2,4,12,15,14,1
18419,23,0,2,3,18,2,2,39,56,91,1,2,1,23,5,1
18420,44,1,0,0,22,2,1,81,26,88,2,4,6,66,15,0
18421,57,1,12,6,7,0,0,14,88,79,1,0,3,8,1,1
18422,47,0,3,3,18,2,1,60,37,74,1,1,0,39,5,2
18423,50,0,6,7,21,2,0,61,26,93,2,2,13,29,20,2
18424,25,2,4,6,19,2,1,16,86,93,1,1,0,14,2,1
18425,38,1,11,3,8,2,1,59,46,61,2,3,14,34,18,2
18426,29,2,8,2,11,0,0,45,60,87,1,1,2,39,8,1
18427,26,0,5,0,0,1,0,37,68,38,1,2,0,25,9,1
18428,26,1,5,0,0,0,0,77,21,67,2,3,12,51,12,0
18429,60,0,12,3,18,1,1,93,3,66,0,7,20,87,49,0
18430,37,1,11,3,3,1,0,61,35,33,1,2,4,56,4,0
18431,47,0,6,1,5,1,0,76,23,24,2,4,7,48,20,0
18432,54,0,11,5,14,0,0,31,66,24,1,2,1,14,3,2
18433,32,1,7,2,6,1,1,74,35,53,2,5,5,60,8,0
18434,53,0,5,4,20,1,0,21,79,77,1,2,4,11,0,1
18435,27,2,6,2,11,0,1,70,26,82,2,2,11,38,16,2
18436,26,1,5,1,1,1,0,89,12,72,2,2,11,76,27,0
18437,54,0,12,0,22,2,0,14,70,82,1,2,2,10,7,1
18438,41,2,10,1,2,2,0,19,94,29,1,1,1,14,6,1
18439,46,0,10,0,22,1,1,28,79,69,1,2,4,22,1,1
18440,36,0,11,3,3,1,0,64,30,73,2,2,10,36,14,2
18441,40,2,9,2,11,1,0,69,23,65,2,3,6,56,13,2
18442,25,0,3,1,2,0,2,47,58,36,2,2,8,31,21,1
18443,59,2,7,2,6,0,0,69,28,36,2,4,14,39,19,2
18445,32,0,11,7,12,1,1,67,35,81,2,2,10,54,14,2
18446,45,2,7,2,11,1,1,26,81,98,1,2,4,22,4,1
18447,35,1,12,5,13,2,1,67,33,30,2,5,9,41,27,0
18448,60,0,4,1,2,1,0,26,82,91,1,1,4,13,6,1
18449,47,0,10,3,8,0,0,69,40,64,2,5,14,57,20,0
18450,48,1,1,6,19,0,0,30,68,65,1,0,0,24,4,0
18451,28,0,7,0,0,0,2,33,84,34,1,1,3,27,8,1
18452,59,0,20,5,13,0,1,53,51,35,2,5,5,33,29,2
18453,23,0,0,4,20,1,0,38,50,47,1,0,5,35,8,0
18454,34,0,7,0,0,2,0,40,68,74,1,1,1,25,7,1
18455,32,0,11,4,4,2,0,28,76,21,1,1,4,15,8,2
18456,46,3,9,4,20,2,0,54,57,44,1,2,2,52,6,2
18457,40,1,14,2,9,1,0,17,71,64,1,0,1,14,4,1
18458,50,0,5,0,16,1,1,49,45,91,1,2,1,46,1,1
18459,22,2,1,0,22,1,2,15,77,73,1,0,3,12,0,1
18460,46,3,13,1,5,1,1,47,55,56,1,0,1,45,7,2
18461,43,3,6,1,2,0,0,35,59,37,1,0,0,32,3,2
18462,60,2,7,2,9,0,0,18,80,28,1,2,4,16,4,1
18463,28,2,7,2,6,1,0,43,48,34,1,1,0,23,4,2
18464,32,3,9,6,7,1,0,51,48,57,1,0,0,41,4,2
18465,46,0,13,2,9,1,0,60,36,41,2,5,12,43,24,2
18466,29,0,3,5,14,1,0,79,27,45,2,2,12,52,18,0
18467,31,0,6,0,22,1,2,58,42,94,2,4,6,52,8,1
18468,46,1,10,0,22,0,1,20,80,98,1,0,4,12,8,1
18469,55,3,3,0,0,2,0,74,24,84,2,5,12,56,19,2
18470,33,0,9,4,4,2,0,65,32,93,1,1,4,53,3,0
18471,47,2,8,7,12,2,1,55,43,31,2,5,8,53,13,2
18472,39,3,0,1,5,2,1,40,53,42,1,2,4,37,4,2
18473,43,0,13,0,16,2,0,20,93,78,1,2,2,15,7,1
18474,50,1,12,3,18,1,0,55,36,75,1,2,5,28,2,2
18475,25,0,4,3,8,1,2,63,36,59,2,4,9,50,29,1
18476,24,1,3,1,2,0,0,82,15,82,2,5,11,45,16,0
18477,38,1,6,7,12,0,0,14,86,28,1,1,4,9,5,2
18478,48,0,19,0,0,0,1,43,64,39,1,2,2,38,5,1
18479,25,0,4,5,13,1,0,54,62,78,1,1,2,26,3,2
18481,43,0,5,1,2,1,0,49,45,81,1,0,4,35,7,2
18482,56,2,0,0,22,1,1,62,20,93,2,3,11,39,28,2
18483,51,0,12,5,13,0,1,56,28,54,2,5,9,45,5,0
18484,45,3,9,5,13,2,0,28,70,55,1,0,5,18,3,1
18485,44,2,13,1,2,1,0,28,63,88,1,0,5,21,9,1
18486,40,1,11,0,16,0,0,86,6,68,2,2,10,39,15,0
18487,44,0,15,3,8,0,0,34,46,69,1,1,1,28,9,2
18488,52,2,16,2,6,0,0,50,47,76,1,0,5,44,9,1
18489,29,0,8,5,15,2,1,56,47,68,2,5,14,50,28,2
18492,30,0,9,6,17,1,0,23,85,67,1,1,2,12,2,1
18493,35,1,13,3,3,0,1,51,51,85,1,1,1,42,7,2
18494,27,0,2,7,12,1,0,18,80,56,1,1,4,8,0,2
18495,48,0,8,0,0,1,1,87,3,34,2,2,10,52,5,0
18496,22,0,1,0,16,0,0,16,100,23,1,2,5,13,3,1
18497,37,2,15,6,17,1,0,44,46,93,1,1,5,35,5,2
18498,54,1,15,0,16,0,1,13,100,94,1,2,2,9,5,1
18499,22,1,1,1,1,1,0,25,79,75,1,0,4,13,0,2
18500,45,0,13,2,6,2,0,87,16,68,2,4,10,58,19,0
18501,31,0,3,2,9,2,0,62,39,47,2,3,14,53,17,0
18502,50,2,11,4,23,1,0,67,29,70,2,5,14,41,23,0
18503,54,1,6,5,15,1,1,60,61,44,2,4,12,42,6,0
18504,49,2,11,4,4,2,2,27,64,36,1,2,1,25,0,1
18506,53,0,12,5,15,1,2,32,73,79,1,1,2,17,2,1
18507,48,2,5,2,9,1,0,65,38,25,2,3,10,55,15,2
18508,36,1,3,5,13,1,2,75,17,45,2,4,5,63,5,0
18509,24,2,3,1,1,2,1,11,95,94,1,2,0,7,2,1
18510,36,1,4,6,7,1,2,54,59,50,2,4,5,25,29,2
18511,28,0,0,4,20,2,1,20,86,27,1,0,1,19,6,2
18512,23,3,2,5,13,2,0,31,79,33,1,2,3,26,3,2
18513,39,0,14,6,17,1,1,92,20,54,2,3,7,87,6,0
18514,60,2,8,4,4,1,1,82,34,83,2,3,10,55,26,2
18515,49,2,0,3,18,2,1,65,47,65,2,5,10,31,24,2
18516,59,2,10,4,20,0,0,88,23,23,2,2,12,45,27,0
18517,59,1,16,5,15,0,1,36,73,82,1,2,4,19,3,1
18518,37,3,10,0,16,2,2,74,11,93,2,2,7,50,7,1
18519,39,2,14,5,13,2,0,66,47,51,1,0,1,31,6,0
18520,26,1,5,5,13,1,0,20,71,35,1,2,3,16,1,2
18521,31,0,3,7,21,0,1,15,90,80,1,2,1,14,7,1
18522,59,0,17,5,13,2,0,83,21,28,2,4,8,47,27,0
18523,58,0,12,1,5,0,0,46,56,31,1,2,5,22,5,2
18524,40,0,8,7,10,1,0,25,87,72,1,2,4,21,1,1
18525,23,1,2,6,7,1,1,16,80,89,1,2,3,9,8,1
18526,50,0,13,0,0,2,1,47,62,27,1,0,2,42,5,2
18528,46,0,9,2,9,0,0,62,33,53,2,4,13,28,22,2
18529,56,0,10,0,16,1,0,57,53,79,2,3,10,28,13,2
18531,46,1,10,3,18,0,1,59,27,51,2,3,10,54,10,0
18532,35,2,8,4,23,1,2,47,48,65,1,0,5,32,4,1
18533,32,1,8,4,23,0,0,39,64,77,1,1,1,25,1,2
18534,42,1,8,3,3,1,0,66,36,59,2,2,12,54,23,0
18536,23,3,2,2,11,2,0,54,32,85,2,3,12,27,26,2
18537,42,1,8,4,20,1,1,47,46,29,1,1,4,43,9,0
18538,30,0,9,4,23,1,0,26,91,52,1,0,0,19,3,2
18539,54,0,13,0,22,2,0,58,40,89,2,3,5,34,28,2
18540,36,0,15,1,5,2,1,45,53,76,1,2,4,41,5,2
18541,31,1,4,0,22,1,0,86,16,97,2,3,11,60,25,0
18542,21,2,0,6,17,1,0,65,24,41,1,2,0,46,6,0
18543,28,1,3,1,5,1,1,70,42,81,2,2,5,48,13,0
18544,32,0,6,3,18,2,0,89,20,87,2,3,7,53,16,0
18545,21,0,0,0,0,1,1,65,36,84,2,3,7,49,27,2
18546,35,2,7,0,0,1,1,53,39,94,1,2,4,35,0,1
18547,24,0,3,6,17,2,0,35,70,22,1,1,5,22,2,2
18548,43,0,4,0,0,2,2,57,49,86,2,2,12,29,11,1
18549,46,0,18,0,0,1,1,57,52,44,2,2,9,41,15,1
18550,35,0,7,7,10,1,2,35,53,85,1,2,1,29,4,1
18551,26,0,5,1,5,2,1,31,84,87,1,1,4,21,6,1
18552,24,1,3,6,19,1,1,78,38,88,2,3,5,44,5,0
18553,60,0,10,0,16,1,1,42,57,70,1,0,0,35,1,1
18554,49,1,21,4,4,2,1,75,18,36,2,3,8,72,25,0
18555,58,2,7,7,21,2,1,17,92,36,1,0,1,7,1,1
18556,41,0,5,3,8,1,2,79,4,84,2,4,9,49,6,2
18557,53,2,3,0,22,1,0,40,71,91,1,2,3,37,0,1
18558,59,0,5,5,13,0,2,77,7,30,2,3,7,55,18,0
18559,21,0,0,1,1,2,1,58,53,34,2,3,14,55,15,0
18560,22,1,1,7,12,2,1,42,51,94,1,1,0,20,5,2
18561,36,0,5,3,3,1,0,56,46,44,2,4,14,39,5,2
18562,34,0,13,6,19,1,2,44,57,95,1,0,3,34,1,1
18563,39,0,7,4,20,1,1,79,10,21,2,4,5,74,8,0
18564,28,0,7,0,0,0,0,56,42,50,2,3,13,53,21,2
18565,46,2,5,4,4,1,1,32,87,33,1,1,2,22,7,1
18566,48,0,9,0,22,1,1,66,40,77,2,3,9,39,16,2
18567,33,2,12,1,2,1,0,60,41,39,2,4,9,51,10,0
18568,60,1,15,4,4,2,1,23,79,37,1,1,3,15,4,2
18569,23,0,2,6,19,0,1,57,59,94,1,0,1,41,4,2
18570,25,2,4,7,12,2,1,16,94,32,1,1,1,13,4,1
18571,27,2,6,7,10,1,0,27,87,93,1,2,4,21,6,1
18572,44,0,9,6,19,2,1,17,79,83,1,1,1,16,9,1
18573,49,0,14,7,10,0,2,49,38,57,2,5,9,44,25,1
18574,21,0,0,0,16,0,0,71,41,58,2,5,7,36,18,0
18575,21,0,0,3,18,0,1,56,41,35,2,5,12,26,5,2
18576,50,0,1,3,3,2,0,87,0,56,2,4,5,53,22,0
18577,51,1,13,0,16,2,0,82,33,89,2,4,5,54,9,0
18578,28,2,4,6,7,1,0,69,19,42,0,7,21,50,25,0
18579,47,0,6,1,1,2,1,88,16,89,2,2,8,87,11,0
18580,43,1,8,1,5,2,1,10,100,85,1,2,1,5,8,1
18581,25,1,4,6,19,1,0,16,82,81,1,2,5,13,8,2
18582,46,2,5,3,18,0,0,21,74,88,1,2,5,17,3,1
18584,51,0,2,3,18,2,0,81,12,50,2,3,13,37,24,0
18585,37,0,12,6,7,2,1,32,76,53,1,2,2,30,0,2
18586,30,2,3,6,7,2,2,81,22,60,2,2,6,36,16,2
18587,46,2,8,6,7,2,0,89,18,91,2,4,8,66,17,0
18588,25,1,4,7,10,0,0,79,39,49,2,5,7,42,6,0
18590,50,2,15,3,18,2,0,64,31,84,2,2,6,61,22,2
18592,24,0,3,6,7,1,1,69,38,33,2,3,11,56,8,0
18593,24,1,3,4,4,0,0,34,80,22,1,0,0,19,9,2
18594,35,2,9,2,6,1,0,44,58,75,1,2,5,29,4,1
18595,28,2,7,1,2,1,2,72,30,65,2,5,6,37,28,1
18597,42,0,9,5,15,2,0,57,42,35,1,0,0,41,4,0
18598,26,2,5,4,4,1,2,75,13,25,2,5,11,68,9,0
18599,40,0,13,1,5,2,0,55,53,45,2,5,13,26,28,2
18600,22,3,1,4,23,2,1,43,55,65,2,3,14,24,24,2
18601,50,1,9,7,10,0,1,69,34,57,2,4,13,43,21,0
18602,38,2,6,5,14,0,0,60,40,79,1,0,3,54,7,0
18603,48,0,11,3,8,1,1,21,82,26,1,2,3,11,5,1
18604,28,0,7,6,17,0,1,29,69,30,1,2,2,23,3,2
18605,48,0,2,1,1,0,1,78,16,52,2,4,11,54,18,0
18606,38,2,2,5,14,2,0,21,68,75,1,2,5,11,9,2
18607,47,0,10,7,21,2,1,25,75,64,1,2,5,23,0,1
18608,43,0,3,5,15,2,1,42,55,59,1,2,3,31,8,2
18609,30,0,9,5,14,2,1,50,57,78,1,0,3,39,9,2
18610,24,2,3,7,21,1,0,19,94,89,1,0,0,15,9,1
18612,36,0,4,5,15,1,0,73,21,83,2,2,14,46,6,0
18613,33,2,12,6,7,1,1,42,55,65,1,2,0,32,7,2
18614,44,0,0,2,9,2,2,11,98,32,1,0,1,5,2,1
18615,55,0,7,7,21,1,1,29,63,35,1,0,2,19,5,1
18616,21,2,0,6,17,1,0,11,86,34,1,1,0,7,0,2
18617,30,0,9,0,16,2,2,48,50,83,1,1,4,44,8,1
18618,36,1,13,1,2,2,2,24,72,46,1,2,1,14,6,1
18619,46,0,1,4,23,2,2,66,25,38,2,4,5,39,6,0
18620,26,0,5,5,15,2,0,36,68,35,1,0,1,19,6,2
18621,47,1,10,2,9,2,2,53,51,47,2,3,9,37,11,1
18622,28,0,7,7,12,2,1,52,39,27,1,2,4,47,7,2
18623,30,1,8,4,4,1,1,42,69,28,1,1,2,30,3,2
18624,52,0,9,1,5,1,0,73,23,20,2,5,11,68,6,0
18625,56,1,20,5,15,1,1,91,7,51,2,3,7,70,19,0
18626,23,0,2,6,7,0,1,94,2,83,0,7,15,61,47,0
18627,50,1,18,0,22,1,0,28,66,68,1,1,5,18,8,1
18628,53,2,13,1,5,2,1,77,24,41,2,5,13,68,6,0
18629,52,0,13,0,0,2,0,32,59,83,1,1,3,27,2,1
18630,48,2,9,7,21,0,1,88,15,86,2,2,14,47,27,2
18631,25,2,4,2,11,2,0,64,49,69,2,4,12,42,10,2
18632,38,0,8,5,14,0,0,33,72,49,2,2,10,29,15,2
18633,58,3,1,2,6,0,1,63,37,43,2,3,6,62,18,2
18634,22,2,1,7,12,1,1,32,82,44,1,2,3,14,8,1
18635,37,0,6,3,8,2,1,90,10,32,2,4,9,65,28,0
18636,28,3,4,7,21,2,2,18,79,59,1,1,4,11,4,1
18637,45,0,7,7,21,2,1,54,63,26,2,4,5,51,5,2
18638,37,0,9,7,12,1,1,51,39,62,2,3,5,36,29,2
18640,51,2,7,2,11,1,0,44,62,98,2,2,9,26,13,1
18641,50,2,2,2,11,0,2,30,83,88,1,0,0,15,1,1
18642,40,2,7,2,9,0,0,74,14,83,2,2,11,55,10,2
18643,30,0,9,7,12,0,1,46,39,39,1,0,4,35,9,2
18644,38,0,11,4,20,2,1,50,40,39,2,4,5,37,9,2
18645,50,2,12,2,11,1,1,76,32,95,2,2,8,68,8,2
18646,51,0,4,6,17,2,2,62,51,82,2,5,13,41,10,2
18647,40,0,7,6,19,0,1,61,41,75,1,0,2,36,1,2
18648,42,0,16,4,4,2,2,10,82,46,1,1,3,7,7,1
18649,43,0,8,5,14,1,0,71,34,41,2,4,10,34,6,0
18651,58,2,16,1,1,0,1,49,45,26,1,2,2,48,9,2
18652,32,0,8,7,21,2,2,11,96,73,1,2,5,5,7,1
18653,45,2,9,5,13,1,1,37,65,60,2,3,13,34,15,2
18654,24,2,3,0,0,2,0,24,71,21,1,2,4,19,5,1
18655,41,0,6,6,19,0,0,35,57,80,1,2,5,26,4,2
18656,27,0,6,5,15,1,0,46,53,44,1,0,5,28,7,0
18657,46,1,5,0,16,2,0,13,76,87,1,0,2,11,4,1
18659,37,2,1,0,16,2,1,84,33,55,2,4,13,38,8,2
18660,58,0,9,4,4,1,1,26,71,73,1,2,4,24,2,1
18661,60,0,13,7,12,1,1,59,53,43,1,2,2,49,6,2
18662,22,0,1,0,0,0,0,88,22,21,2,3,7,49,22,0
18664,53,0,12,3,18,1,0,75,28,26,2,4,8,68,7,0
18665,47,2,7,0,0,2,0,15,98,80,1,1,0,13,7,1
18666,57,2,1,1,2,0,1,29,72,20,1,2,2,19,9,2
18667,50,0,8,2,9,0,0,89,12,75,2,3,10,62,24,0
18668,43,0,15,4,4,2,0,17,68,74,1,2,4,8,0,1
18669,55,1,7,7,21,1,1,40,58,36,1,0,5,18,3,2
18670,35,0,14,5,13,0,0,44,52,74,1,0,5,24,4,2
18671,54,0,5,5,14,1,2,75,22,90,0,5,18,66,53,2
18672,45,0,9,7,10,1,1,51,54,29,2,5,6,38,7,2
18673,49,2,8,2,9,0,0,49,48,29,1,2,3,42,2,2
18674,33,2,10,3,3,1,1,52,40,40,2,5,11,36,8,2
18675,35,0,8,7,10,1,2,51,37,42,1,0,4,36,4,2
18676,41,1,20,5,15,0,1,54,57,65,2,4,5,32,28,2
18677,28,0,7,0,22,0,0,16,67,85,1,2,1,11,6,1
18678,32,1,11,5,15,2,0,94,0,82,2,4,12,79,11,0
18679,43,2,19,2,11,2,1,74,24,78,2,5,14,37,14,1
18680,40,0,16,3,3,2,1,51,54,33,1,2,0,23,9,1
18681,33,0,5,2,11,2,2,62,32,79,2,4,12,34,22,1
18682,23,0,2,7,21,1,0,11,88,77,1,1,1,10,0,1
18683,31,0,5,5,15,1,0,81,0,73,2,5,11,63,14,0
18684,30,2,9,1,5,1,0,62,24,65,2,2,9,55,10,0
18685,26,2,5,2,11,0,0,29,71,83,1,0,5,15,3,1
18686,23,2,2,6,17,1,2,30,70,60,1,0,2,19,0,1
18687,31,3,3,1,2,0,1,21,74,66,1,0,3,14,4,1
18688,30,0,0,1,2,1,1,26,75,29,1,1,2,24,9,2
18689,41,3,0,0,16,1,1,48,60,70,1,1,1,30,8,1
18690,46,0,1,3,3,1,1,23,83,32,1,2,4,19,4,1
18691,49,0,5,7,21,1,1,45,58,27,1,0,5,23,3,2
18692,23,0,2,1,1,0,1,47,62,26,1,0,1,44,1,0
18693,40,0,2,6,17,0,1,41,69,44,1,0,5,21,6,2
18694,21,0,0,0,22,0,1,59,38,86,1,0,1,51,4,2
18695,52,2,2,1,2,0,2,93,2,83,2,4,10,50,6,0
18696,28,0,7,5,14,1,0,13,79,42,1,0,5,11,0,2
18697,21,0,0,2,11,2,0,10,93,94,1,0,2,5,7,1
18698,46,0,7,4,23,1,1,11,100,38,1,2,4,9,5,1
18699,32,1,11,7,12,2,0,25,82,28,1,1,5,23,5,2
18700,21,0,0,6,19,1,1,17,59,95,1,2,4,11,3,1
18701,21,2,0,4,4,1,0,84,17,44,2,2,10,73,12,0
18702,28,0,7,3,3,0,0,40,51,54,1,2,0,32,1,2
18703,44,0,10,2,11,1,1,81,6,92,2,2,11,74,7,0
18704,29,1,8,6,7,0,1,75,13,75,2,3,14,72,27,0
18705,57,0,12,1,1,0,1,89,0,20,0,5,22,81,40,0
18706,27,0,4,7,10,1,0,58,36,51,2,4,8,27,28,2
18707,34,1,13,1,2,0,0,28,82,45,1,1,4,25,1,2
18708,25,0,4,4,20,2,1,65,41,29,2,4,14,63,28,0
18709,21,0,0,3,3,1,0,45,68,81,1,2,2,31,9,2
18710,27,0,4,2,11,1,0,43,44,66,1,0,0,37,0,2
18711,31,2,2,1,2,1,0,68,38,89,2,2,11,34,13,0
18712,53,2,12,5,15,1,0,58,41,20,2,5,5,32,18,0
18713,51,0,2,4,4,1,0,70,35,88,2,3,9,53,12,0
18714,38,0,0,5,13,0,1,51,67,72,1,0,5,46,6,0
18715,38,2,6,7,21,1,0,59,51,36,1,2,4,35,1,2
18716,34,0,1,3,3,1,0,47,64,89,1,0,4,38,8,2
18717,49,0,9,2,9,2,1,87,11,71,2,5,13,80,25,0
18718,41,2,0,3,8,1,1,71,16,47,1,1,3,39,5,0
18719,38,2,6,2,9,1,1,57,31,47,2,2,10,34,7,2
18720,39,0,13,7,10,1,0,50,57,41,1,2,0,46,9,0
18721,32,1,8,1,5,0,0,75,19,38,2,2,7,49,24,0
18722,42,0,18,6,17,1,0,82,23,77,2,2,8,80,18,0
18723,24,1,3,6,19,0,0,62,36,95,2,5,7,60,29,0
18724,46,2,19,5,14,2,1,32,69,61,1,2,1,29,5,1
18725,26,2,5,4,23,0,0,24,78,55,1,1,4,20,6,1
18726,54,3,8,0,22,1,0,17,83,85,1,0,0,13,5,1
18728,53,0,13,7,10,1,0,32,61,52,1,0,0,29,5,2
18729,58,0,15,3,8,2,0,60,32,90,2,3,11,42,16,2
18730,44,0,10,2,11,1,0,84,21,74,2,3,12,68,14,0
18731,48,3,8,1,5,1,0,69,48,48,1,1,2,60,1,0
18732,53,0,8,4,23,1,2,86,7,78,2,5,13,40,5,2
18733,49,0,3,0,22,1,0,16,91,75,1,2,1,9,8,1
18734,29,0,6,4,20,1,1,70,27,66,2,2,5,53,16,0
18735,40,0,3,5,15,0,0,83,2,38,2,5,12,65,12,0
18736,27,0,6,6,19,2,0,89,31,76,2,2,5,66,20,0
18737,44,0,9,3,3,1,0,57,41,24,2,2,12,29,24,2
18738,32,1,1,6,19,1,1,32,70,73,1,2,0,27,4,2
18739,45,0,8,2,9,2,1,49,41,31,1,2,4,27,8,2
18740,50,0,4,5,14,1,0,62,44,64,2,3,11,50,19,0
18741,31,2,10,1,1,0,1,36,81,71,1,2,0,16,2,1
18742,58,0,4,7,21,1,1,56,31,77,1,0,3,35,3,2
18743,31,0,6,7,21,0,0,47,62,28,2,3,11,43,8,2
18744,38,2,17,7,10,2,0,48,52,73,2,2,8,37,13,2
18746,24,1,3,6,17,2,2,21,90,74,1,0,1,16,3,1
18748,47,0,13,0,0,0,2,89,10,52,2,2,11,65,8,2
18749,26,0,1,3,3,1,0,63,34,49,1,0,4,43,6,0
18750,54,0,14,2,9,2,1,57,58,46,2,3,6,27,16,1
18751,42,0,3,4,23,2,2,14,76,85,1,2,3,9,8,1
18752,57,0,0,0,0,1,0,30,71,38,1,0,4,25,5,2
18753,39,1,10,2,9,2,0,90,18,47,2,2,5,75,20,0
18754,34,2,7,4,20,2,1,82,15,82,2,3,5,37,5,2
18755,29,2,8,3,8,0,0,29,57,83,1,0,3,21,7,1
18756,23,0,2,6,17,1,0,61,45,73,2,4,11,39,11,0
18757,45,0,8,4,4,2,2,30,45,87,1,1,1,14,6,1
18758,54,0,12,3,18,0,0,34,72,91,1,2,4,24,3,1
18759,29,0,7,4,4,1,1,27,65,51,1,2,3,21,3,1
18760,36,2,12,0,22,0,1,61,23,89,2,5,8,30,23,1
18761,21,0,0,3,18,2,1,66,33,76,2,5,6,49,27,2
18762,33,0,12,0,16,1,1,39,53,82,1,1,5,34,1,1
18763,55,2,2,7,12,1,0,63,40,27,2,5,13,50,26,0
18764,59,2,1,4,20,0,0,76,30,56,2,3,7,55,16,0
18765,42,0,8,7,12,1,0,90,15,71,0,5,22,88,41,0
18766,25,0,4,3,3,1,1,42,56,28,1,2,0,20,2,2
18767,48,1,11,4,20,1,2,73,23,91,2,2,13,55,27,2
18768,50,2,3,1,1,2,1,59,51,21,2,5,10,42,13,2
18769,38,2,1,1,2,2,1,55,54,75,2,3,11,31,14,2
18770,60,0,14,1,5,1,0,19,83,81,1,0,0,10,9,1
18771,45,2,8,4,4,1,2,37,74,49,1,1,4,34,3,1
18772,35,3,14,6,19,1,2,34,83,65,1,1,1,20,9,1
18773,28,0,1,6,17,0,1,36,64,59,1,2,0,34,6,2
18775,23,1,2,6,7,1,1,55,37,58,1,1,2,27,1,0
18776,52,0,7,6,19,0,0,12,86,71,1,2,4,11,2,1
18777,48,1,6,0,0,1,1,94,8,80,0,7,21,92,24,0
18778,34,0,10,5,13,2,0,34,66,86,1,0,4,23,8,2
18779,60,3,13,0,22,1,1,91,9,79,2,3,9,64,7,2
18780,36,0,7,7,21,2,1,37,56,27,1,1,2,35,9,2
18781,25,0,4,4,20,2,1,26,81,64,1,1,1,24,9,1
18782,25,2,4,4,4,0,1,51,48,87,1,2,0,31,4,2
18783,40,0,3,5,14,1,1,93,3,40,2,2,8,55,10,0
18785,34,0,13,6,19,2,1,60,37,79,2,3,8,38,21,2
18786,35,1,12,2,9,2,0,23,59,68,1,2,2,12,9,1
18787,39,3,0,2,9,2,1,26,60,36,1,0,2,24,3,1
18788,31,2,6,5,15,0,0,54,44,76,1,2,5,51,3,0
18789,47,0,12,0,16,2,1,31,63,22,1,0,5,29,4,1
18790,28,1,7,0,16,1,1,37,65,50,1,2,0,34,6,1
18791,55,0,3,1,2,1,1,72,40,21,2,4,5,59,10,0
18792,23,1,2,3,18,1,0,22,90,78,1,0,0,10,2,1
18793,36,0,12,3,3,0,1,49,59,82,2,5,8,22,18,1
18794,46,0,13,1,2,2,0,39,47,40,1,2,4,37,2,2
18795,44,1,13,1,5,0,0,13,94,94,1,1,3,6,1,1
18796,50,0,4,5,13,2,2,30,49,76,1,1,3,18,2,1
18797,34,0,13,3,3,0,1,24,55,25,1,1,2,19,3,1
18798,33,1,5,1,1,1,2,65,28,35,1,0,3,50,7,2
18799,28,1,6,6,19,1,1,78,20,91,2,4,8,73,14,0
18800,31,0,10,5,15,1,2,41,48,71,1,2,1,27,7,1
18801,52,0,8,0,16,1,1,68,36,40,2,5,5,66,11,2
18802,45,0,10,6,19,1,0,80,17,93,2,5,11,76,5,0
18803,60,2,4,7,10,0,1,44,45,56,1,2,4,25,7,1
18804,45,0,9,6,19,1,1,56,36,69,2,3,7,54,19,0
18805,56,0,14,0,0,2,1,73,21,64,2,2,6,43,17,2
18806,39,2,2,0,16,1,2,91,0,78,0,7,23,75,44,2
18807,39,2,6,5,14,2,0,33,57,30,1,1,0,21,1,2
18808,35,0,11,4,4,0,0,89,14,85,2,4,7,87,15,0
18809,39,0,18,3,18,1,1,45,58,94,1,0,0,36,1,1
18811,28,0,2,7,21,0,0,34,75,58,1,1,2,33,2,2
18812,24,0,3,6,17,1,2,16,78,41,1,2,2,12,7,1
18813,21,0,0,4,20,1,1,75,26,92,2,3,8,72,20,0
18814,35,0,12,2,11,1,2,18,86,65,1,0,5,16,1,1
18815,52,2,18,4,20,0,0,81,5,58,2,2,6,60,9,0
18816,43,1,0,5,15,1,0,57,20,81,1,1,1,38,8,0
18817,22,2,1,3,18,1,2,51,59,92,1,2,0,46,3,1
18818,42,2,1,2,9,1,0,66,41,52,2,3,13,39,27,2
18819,58,2,10,2,6,1,0,76,26,72,2,2,11,60,17,0
18820,35,2,14,6,19,0,1,23,89,94,1,0,0,13,4,1
18821,48,0,8,4,20,0,1,14,91,81,1,2,2,7,1,1
18822,42,0,14,4,4,1,1,74,40,50,2,2,9,46,7,0
18823,33,0,12,0,0,2,0,32,64,44,1,0,1,24,3,1
18824,49,0,10,1,5,1,0,71,20,25,2,4,9,54,11,0
18825,25,0,4,7,12,2,1,31,66,51,1,0,1,16,1,1
18826,25,0,4,4,23,2,1,33,73,36,1,0,2,25,4,2
18827,56,1,14,3,3,0,1,46,61,30,1,2,0,32,2,2
18828,35,2,11,1,5,2,1,91,6,32,0,5,18,84,25,0
18829,45,0,5,6,7,0,0,11,81,33,1,0,5,6,9,1
18830,24,0,3,6,19,1,1,89,27,98,2,3,12,50,11,0
18831,44,0,9,1,1,0,1,26,80,45,1,1,4,18,9,1
18832,48,0,3,0,16,2,0,33,69,40,1,2,1,15,8,1
18833,25,0,4,0,16,1,1,58,45,45,2,3,12,51,7,2
18834,42,0,12,1,5,1,0,49,64,25,1,1,2,30,3,2
18835,46,0,0,6,19,0,2,28,62,70,1,0,0,18,0,1
18836,34,2,6,1,5,1,0,78,14,60,2,2,13,69,20,0
18837,39,0,15,6,17,0,2,19,82,44,1,2,5,14,7,1
18838,34,2,11,5,13,2,2,21,81,89,1,1,3,12,0,1
18839,42,3,5,4,20,1,0,14,90,61,1,2,5,7,9,1
18840,54,0,1,5,13,2,2,83,26,87,2,2,10,62,15,0
18841,43,2,11,5,14,1,0,16,75,41,1,0,5,9,1,1
18842,41,2,17,7,21,1,1,69,31,75,2,4,14,58,25,2
18843,55,0,0,5,15,1,1,74,29,87,2,5,8,42,13,0
18844,45,1,11,2,6,1,1,32,84,53,1,2,5,29,7,1
18845,29,0,7,0,16,2,0,90,7,86,2,5,8,85,22,0
18846,35,0,7,6,17,1,1,11,94,37,1,2,2,9,0,1
18847,38,1,7,4,20,1,0,19,55,81,1,0,1,18,5,2
18848,21,3,0,4,23,1,1,14,82,45,1,2,5,9,4,1
18849,39,2,17,0,22,1,0,61,28,86,2,5,10,40,22,1
18850,39,0,8,5,15,1,0,52,50,43,2,2,5,34,7,0
18851,53,0,7,2,11,2,0,71,27,68,2,4,10,65,26,0
18852,52,1,5,4,4,2,0,31,76,51,1,0,3,21,1,2
18854,58,2,11,2,6,2,1,37,42,60,1,2,0,20,6,1
18855,47,0,9,2,9,1,1,19,88,71,1,1,5,18,0,1
18856,35,1,6,1,2,1,1,27,64,42,1,1,5,15,1,2
18857,41,1,3,2,9,0,1,36,70,24,2,4,11,16,27,1
18858,34,0,9,3,18,1,1,64,53,54,2,2,5,45,8,2
18859,56,0,11,7,12,2,1,44,51,38,1,1,3,24,7,2
18860,36,2,10,1,1,2,1,15,77,92,1,0,2,11,5,1
18861,32,0,11,7,12,0,0,85,18,83,2,3,10,53,14,0
18862,53,2,7,3,8,0,0,66,30,65,2,5,9,63,7,0
18864,40,1,12,6,17,2,0,14,100,71,1,2,4,11,1,1
18866,37,2,0,1,2,1,2,39,57,84,1,0,5,28,9,1
18867,37,0,0,5,13,1,0,12,84,54,1,2,4,6,9,2
18868,55,2,6,3,8,1,0,57,48,51,1,2,2,42,8,2
18869,49,2,14,1,2,0,1,32,68,50,1,2,1,19,2,1
18870,38,1,9,4,20,0,0,52,55,58,2,4,10,40,9,0
18871,43,0,8,3,18,1,1,25,76,55,1,2,0,19,5,1
18872,26,3,0,2,9,0,0,49,58,88,1,0,3,24,1,1
18873,60,0,6,7,12,2,2,18,76,22,1,2,5,16,1,1
18874,52,3,3,2,6,2,0,81,19,30,2,4,11,67,19,0
18875,30,2,9,3,3,0,1,19,89,43,1,0,5,13,4,1
18876,59,0,7,4,23,2,1,62,20,55,2,5,7,46,27,0
18877,57,0,8,4,23,0,0,21,49,29,1,2,2,20,5,2
18878,60,0,8,3,18,0,1,40,68,39,1,0,3,29,1,1
18879,40,0,4,5,13,1,0,80,18,56,2,5,11,37,12,0
18880,29,0,8,4,20,2,0,80,7,21,2,5,8,61,9,0
18881,31,2,8,7,12,0,0,36,79,73,1,2,3,34,4,1
18882,49,0,3,2,11,0,0,38,74,65,1,2,1,30,5,1
18883,42,2,4,1,2,1,1,51,41,91,1,2,4,28,8,1
18884,32,2,10,0,0,2,1,34,74,87,1,0,3,25,8,1
18885,56,0,17,7,21,2,1,14,78,32,1,1,4,7,7,1
18886,54,0,14,7,10,1,1,69,21,87,2,3,11,39,6,2
18887,31,0,10,4,23,1,1,92,2,58,2,4,8,42,28,0
18888,35,0,11,6,7,1,1,54,32,63,1,2,4,53,6,0
18889,27,2,5,0,16,1,0,60,22,38,2,4,14,41,19,2
18890,44,0,1,0,0,2,1,40,46,23,1,2,0,22,3,2
18891,55,0,15,1,2,1,2,54,32,42,2,4,9,31,27,1
18892,56,2,10,2,11,1,2,49,54,74,2,4,12,22,29,1
18893,42,0,5,3,3,1,0,23,81,54,1,1,2,21,3,1
18894,27,0,6,1,1,1,0,43,49,65,1,0,5,21,6,2
18895,34,2,9,0,0,0,1,46,68,52,1,1,5,27,9,1
18896,35,1,0,6,7,0,1,27,56,51,1,1,1,22,0,2
18897,29,2,1,4,23,1,0,70,26,50,1,2,4,50,2,0
18899,22,0,1,3,18,0,2,41,44,94,1,2,5,20,7,1
18900,46,2,1,4,23,1,0,20,91,42,1,1,3,10,8,1
18901,31,0,9,1,5,0,0,60,48,87,2,5,6,59,12,0
18902,28,0,7,4,4,1,1,56,39,74,2,2,7,55,12,2
18903,40,0,13,5,13,0,0,46,50,55,1,0,1,44,0,0
18904,28,0,6,7,12,0,0,62,46,34,2,4,14,32,14,0
18905,55,0,11,4,20,1,0,11,93,91,1,0,1,5,2,1
18906,51,2,8,0,16,2,1,60,43,46,2,5,9,57,14,2
18907,57,1,11,1,2,1,1,55,60,32,1,1,2,45,3,0
18908,33,3,5,2,6,2,1,79,40,84,2,2,11,76,22,2
18909,34,0,13,1,5,1,0,28,58,45,1,2,4,14,6,2
18910,49,1,7,4,23,2,1,62,34,38,1,0,0,52,7,0
18911,50,2,3,4,23,0,0,83,23,84,2,4,6,51,14,0
18912,27,1,6,4,23,1,1,54,48,58,2,4,9,34,29,2
18913,54,0,9,6,17,2,0,41,68,51,1,2,4,20,5,2
18914,23,1,2,0,16,1,0,64,28,69,2,3,8,28,6,0
18915,25,0,4,5,14,1,0,70,18,81,2,3,9,68,7,0
18916,32,0,11,6,17,0,0,57,30,88,1,1,2,45,8,0
18917,22,2,1,7,12,1,1,35,79,79,1,0,0,31,3,1
18918,41,3,11,4,20,1,2,33,74,24,1,1,1,24,4,1
18919,38,0,0,2,9,2,0,26,80,23,1,0,1,14,1,2
18921,39,1,5,1,2,2,0,38,43,80,1,2,4,23,3,2
18922,41,2,10,6,19,1,1,92,0,76,2,3,6,51,25,0
18923,43,0,7,7,21,0,0,27,67,94,1,2,5,17,0,1
18924,41,0,17,7,12,2,0,30,72,49,1,0,4,14,5,1
18925,40,2,9,1,1,2,0,25,69,49,1,0,3,16,8,1
18926,29,0,5,7,21,1,1,44,50,48,1,0,5,25,9,2
18927,37,1,0,1,2,2,1,30,66,23,1,2,1,14,2,2
18928,37,2,3,1,2,2,1,74,4,42,2,3,13,55,19,0
18929,46,1,11,7,12,0,0,14,64,53,1,2,5,6,8,1
18930,53,0,7,6,19,1,1,72,29,93,2,2,14,71,23,0
18931,47,0,6,0,22,2,2,59,53,67,2,3,13,47,11,1
18932,37,1,7,3,18,1,1,83,11,25,2,2,11,48,11,0
18933,48,0,7,1,1,0,0,32,86,60,1,2,0,22,5,2
18934,21,0,0,4,4,0,1,15,76,78,1,2,5,9,0,1
18935,49,0,2,6,19,1,0,27,61,97,1,2,1,13,3,2
18936,21,0,0,0,16,0,1,21,84,30,1,1,5,20,0,1
18937,48,1,5,7,12,0,0,25,80,58,1,0,0,22,0,2
18938,40,0,0,2,6,1,0,38,60,59,1,2,4,20,4,2
18939,32,2,7,4,23,1,0,83,22,22,2,4,12,62,19,0
18940,28,0,6,6,19,1,0,37,61,91,2,3,10,30,21,2
18941,37,2,11,0,0,2,1,76,19,47,2,2,10,50,15,2
18942,56,1,3,2,9,0,2,85,27,29,2,4,9,39,16,2
18943,56,2,7,2,11,0,1,42,47,69,1,2,0,22,7,1
18944,55,0,9,2,6,2,0,50,35,94,2,4,8,42,16,2
18945,43,0,14,5,13,1,1,11,100,82,1,0,0,10,3,1
18946,33,0,0,4,23,1,2,75,31,85,2,3,5,40,27,2
18947,40,0,6,4,4,2,1,82,39,33,2,3,14,78,7,0
18948,23,0,2,1,1,0,2,68,18,30,2,4,9,52,8,0
18949,44,1,7,2,6,1,0,88,36,62,2,2,5,49,8,0
18950,58,2,18,2,9,0,1,46,51,37,1,0,5,23,4,1
18951,43,0,12,6,17,1,0,64,27,22,1,1,2,35,4,0
18952,45,1,9,0,22,2,2,92,0,69,2,3,10,79,7,0
18953,23,0,2,4,20,1,1,50,45,87,2,2,8,29,22,2
18954,40,2,12,2,11,2,0,45,49,69,1,1,5,32,7,1
18955,56,1,7,2,6,1,0,46,66,66,2,2,9,43,12,2
18956,33,0,4,6,19,2,1,17,90,67,1,2,0,8,6,1
18957,26,0,5,4,4,1,1,22,65,60,1,2,4,15,8,1
18958,51,0,11,4,4,0,2,94,7,60,2,2,11,77,16,0
18959,31,0,10,7,21,1,0,40,49,90,1,2,3,33,2,2
18960,26,0,5,3,18,2,0,13,97,32,1,2,3,8,2,1
18961,30,1,0,5,13,1,1,21,76,94,1,1,2,20,3,2
18962,39,0,13,4,23,1,1,57,10,45,2,2,11,30,23,0
18963,43,1,8,3,3,1,1,91,7,82,2,2,14,75,14,0
18964,36,2,6,0,0,0,1,27,64,31,1,1,1,17,4,1
18965,21,1,0,4,4,0,1,83,11,49,2,3,10,53,20,0
18966,40,0,13,4,4,0,0,63,50,51,1,1,2,29,2,0
18967,39,2,0,1,5,1,0,81,35,47,2,3,7,69,20,0
18968,49,1,7,5,14,2,1,36,75,93,1,2,1,21,9,2
18969,51,1,8,1,1,1,2,86,30,38,2,2,5,78,29,0
18970,30,0,9,5,14,1,0,55,59,36,1,1,0,53,1,0
18971,56,0,14,5,13,1,0,36,52,82,1,1,4,16,7,2
18972,59,0,1,0,22,0,0,60,30,80,2,4,9,45,9,0
18973,29,0,8,0,22,2,1,72,32,99,2,5,12,63,21,2
18974,33,0,12,1,1,1,0,41,46,86,2,4,12,33,13,2
18975,36,0,9,0,0,0,0,47,64,89,1,2,3,38,9,1
18976,54,0,2,0,22,1,2,46,44,87,2,4,8,25,16,1
18977,38,0,3,2,9,2,1,38,90,34,1,1,3,31,6,1
18978,46,1,16,2,11,1,2,43,46,82,2,3,11,24,26,1
18979,33,0,12,5,13,1,2,69,44,85,2,4,12,37,20,2
18980,52,2,4,3,8,0,1,25,73,52,1,1,1,22,4,1
18981,60,0,6,6,17,0,0,41,75,78,1,2,1,31,5,2
18982,53,0,12,0,0,2,0,63,46,54,1,1,5,41,3,2
18983,59,1,13,0,0,2,0,52,40,69,2,5,6,48,23,2
18984,23,0,1,2,6,0,1,92,8,48,2,3,7,83,6,0
18985,40,0,4,5,14,1,0,18,87,55,1,0,3,11,2,2
18986,43,2,15,6,7,2,0,83,20,22,2,3,12,40,28,0
18987,32,0,11,1,5,1,0,39,56,69,2,4,11,20,22,2
18988,47,2,11,7,21,2,1,26,84,92,2,5,9,13,11,1
18989,31,0,9,3,8,0,0,40,49,93,1,0,0,37,1,2
18991,46,0,3,3,3,1,1,91,9,93,2,2,8,77,17,0
18993,29,0,8,5,15,0,1,76,35,51,2,3,5,43,12,0
18994,55,2,10,1,1,2,1,63,52,80,2,3,12,61,16,2
18995,34,0,8,1,1,1,0,40,64,84,1,0,0,24,6,2
18996,24,2,3,5,14,2,2,80,15,33,2,5,10,74,25,0
18997,40,2,5,4,4,2,0,92,0,76,0,5,16,67,21,0
18998,41,0,10,4,23,0,0,42,61,68,1,2,4,32,7,2
18999,40,0,8,6,17,0,1,42,69,57,1,2,1,20,4,2
19000,36,0,15,5,13,1,0,51,50,89,2,2,6,35,26,2
19001,57,0,6,2,11,1,0,62,34,75,2,2,9,28,20,2
19002,25,0,4,3,18,0,1,84,23,22,2,5,7,81,19,0
19003,44,2,11,1,2,1,0,50,49,50,2,3,14,36,8,2
19004,45,0,5,7,12,2,2,10,88,33,1,2,1,6,3,1
19005,55,0,8,1,1,1,1,83,16,38,2,2,5,39,7,0
19006,41,1,9,2,6,2,0,57,34,56,2,4,13,48,20,0
19007,58,0,9,6,17,2,2,19,75,58,1,1,3,9,2,1
19008,46,0,15,4,23,2,1,14,79,54,1,1,3,13,3,1
19009,40,0,3,6,7,2,0,64,48,94,2,4,13,59,12,0
19011,51,2,10,1,1,2,0,66,38,53,1,1,2,31,5,2
19012,51,0,3,1,5,0,0,93,0,61,2,3,13,76,10,0
19013,27,0,6,4,20,1,0,80,8,80,2,3,14,67,23,0
19014,48,1,9,6,17,2,1,44,68,71,1,2,1,37,0,2
19015,32,0,4,4,23,2,1,93,8,82,2,5,8,48,27,0
19016,59,0,5,7,10,1,1,89,9,94,2,3,10,84,14,0
19017,21,2,0,1,5,2,0,32,70,41,1,0,2,31,9,2
19019,43,1,18,2,9,2,1,36,54,85,1,2,5,30,7,1
19020,34,1,12,2,9,1,0,56,27,29,2,3,14,45,11,0
19021,45,0,8,0,0,1,0,80,21,36,2,3,7,70,29,0
19022,54,2,7,5,15,0,1,94,4,52,2,2,7,54,24,0
19023,58,2,10,2,11,2,0,19,97,78,1,0,3,16,5,1
19024,39,0,16,2,11,2,2,91,24,99,2,2,11,82,16,2
19025,50,0,6,6,17,2,0,75,21,28,2,3,8,69,9,0
19026,33,1,11,5,15,2,0,33,65,81,1,0,5,16,0,2
19027,50,0,2,2,11,1,2,36,52,92,1,0,0,16,9,1
19028,27,2,6,6,7,0,1,27,79,22,1,0,4,15,3,1
19031,58,0,9,4,20,1,0,35,82,60,1,1,1,19,9,2
19032,56,0,9,5,14,0,0,28,63,94,1,2,2,23,6,2
19033,31,0,5,5,15,1,0,94,6,74,2,5,11,60,20,0
19034,51,0,6,7,10,1,2,78,15,55,2,4,8,53,11,2
19035,26,0,5,0,0,2,0,86,11,42,2,2,14,47,23,0
19036,27,1,4,4,4,2,1,38,42,25,1,1,0,31,4,2
19037,60,2,10,3,8,2,1,78,22,74,1,2,0,36,7,2
19038,23,0,1,3,3,0,0,33,65,56,1,2,1,29,1,2
19039,55,0,3,3,18,1,0,34,41,69,1,1,2,32,6,2
19040,39,2,9,1,1,1,0,28,59,68,1,2,1,13,6,1
19041,51,0,11,4,4,0,0,25,79,56,1,1,2,17,7,2
19042,27,0,5,0,22,1,0,10,100,94,1,2,4,5,5,1
19043,49,0,8,7,10,0,2,77,26,28,2,5,10,44,14,2
19044,34,0,5,0,22,2,0,65,34,89,2,5,5,52,25,2
19045,48,0,10,1,5,1,1,23,71,89,1,0,5,20,8,1
19046,48,2,12,1,2,1,1,31,71,75,1,2,2,23,0,1
19047,25,0,4,2,11,1,0,46,53,89,1,2,2,32,1,2
19048,33,3,12,2,11,1,2,38,51,89,1,0,4,23,5,1
19049,49,3,14,5,13,1,0,82,13,46,2,3,13,55,15,0
19050,41,0,3,1,5,0,0,69,24,68,2,2,7,44,9,0
19051,52,0,0,0,0,2,0,55,34,61,2,2,10,39,11,2
19052,24,2,3,1,5,2,1,67,47,52,2,5,13,45,22,2
19053,60,2,11,3,8,0,1,81,3,39,2,3,12,42,15,0
19054,21,0,0,0,0,1,2,73,33,42,2,5,12,59,18,2
19055,25,3,4,5,13,2,0,76,36,71,2,3,13,56,17,0
19056,45,0,9,1,2,2,1,43,44,56,2,2,6,20,24,2
19057,49,0,6,0,0,0,1,92,19,23,0,5,21,54,20,0
19058,46,0,7,1,1,1,0,76,27,60,2,2,8,49,16,0
19059,29,1,8,6,7,1,0,40,43,90,1,1,2,38,6,0
19060,23,0,2,6,17,2,1,79,12,90,1,2,2,60,0,0
19061,45,0,0,7,21,2,0,29,64,41,1,1,3,13,5,2
19062,54,0,9,3,18,1,0,76,28,22,2,2,7,49,10,0
19063,28,2,7,0,16,1,0,70,30,91,2,4,12,57,19,2
19064,54,1,8,1,5,1,0,72,26,73,2,4,10,48,15,0
19065,26,2,5,7,12,1,0,61,42,67,1,1,5,30,9,2
19066,54,2,9,0,16,2,0,18,96,83,1,0,3,13,1,1
19067,51,0,4,1,5,0,1,69,33,57,2,3,14,35,26,2
19068,34,0,5,1,2,1,1,10,100,86,1,1,2,9,5,1
19069,22,2,1,0,16,0,0,32,69,42,1,0,0,19,9,1
19070,51,1,10,4,4,2,0,67,24,26,1,0,4,56,7,0
19071,39,0,5,2,6,2,0,41,47,54,1,1,2,19,2,2
19072,28,0,7,3,8,0,1,50,41,31,2,4,9,29,19,2
19073,43,1,7,0,22,1,1,53,49,66,1,2,5,30,2,2
19074,34,1,8,5,13,2,0,60,42,22,2,5,11,53,22,0
19075,41,0,20,2,11,1,0,20,72,96,1,0,4,11,5,1
19076,28,0,1,1,2,1,1,12,90,20,1,2,3,5,1,1
19077,47,0,9,1,2,2,0,62,42,72,1,0,3,52,3,0
19078,43,0,1,1,2,1,0,16,88,69,1,2,0,12,4,1
19079,31,0,8,5,14,2,2,19,69,43,1,0,4,14,9,1
19081,45,3,7,1,5,2,1,93,14,87,2,2,12,73,12,0
19083,59,2,16,3,18,2,0,62,42,55,2,5,13,53,18,2
19084,22,0,1,6,7,1,0,27,54,84,1,2,5,22,3,2
19085,28,1,7,0,16,2,1,11,76,36,1,1,2,6,1,1
19086,21,0,0,7,12,2,1,11,89,86,1,1,5,7,3,1
19087,22,0,1,6,7,1,1,38,71,44,1,0,0,18,0,2
19088,49,3,8,1,5,1,0,34,83,42,1,2,3,16,7,1
19089,26,0,5,2,9,1,2,10,98,73,1,1,4,5,3,1
19090,26,2,5,0,22,2,0,37,69,92,1,1,5,27,6,1
19091,36,0,7,3,18,0,1,79,33,48,2,2,8,67,27,0
19092,54,0,16,2,6,0,0,58,57,71,2,2,5,57,7,2
19093,58,0,12,3,18,0,1,28,67,53,1,1,3,16,9,1
19094,44,2,10,4,23,1,0,25,91,38,1,2,0,23,9,1
19095,41,1,10,3,18,2,1,13,81,23,1,1,1,7,0,1
19096,36,0,13,3,8,1,0,61,32,73,2,5,13,41,19,2
19097,28,2,6,5,13,1,0,32,55,53,1,1,2,25,7,2
19098,29,1,8,5,15,2,0,21,96,62,1,1,3,12,6,2
19099,38,2,8,7,21,1,0,80,15,76,2,4,12,37,7,0
19100,26,1,0,0,16,2,0,83,20,84,2,5,8,72,6,0
19101,41,0,7,5,13,1,0,70,35,38,2,2,8,46,14,0
19102,37,2,6,1,2,0,1,48,59,27,1,0,2,33,1,2
19103,27,0,6,2,9,1,0,54,44,45,1,2,0,38,8,2
19104,43,0,10,2,6,1,1,25,89,60,1,2,1,20,6,1
19105,56,0,10,1,1,2,0,87,9,78,0,8,25,41,28,0
19106,43,0,0,7,21,1,1,48,49,51,1,1,3,28,6,2
19107,40,0,14,0,16,0,1,27,77,43,1,1,5,24,7,1
19108,31,3,10,1,5,0,1,33,54,75,1,2,0,20,4,1
19109,37,0,11,5,15,0,1,81,34,68,2,4,13,52,20,0
19110,51,2,7,1,5,2,0,49,41,74,2,2,14,29,7,2
19111,34,3,8,6,19,1,1,14,88,88,1,1,2,9,0,1
19112,60,0,8,1,2,0,0,85,12,53,0,8,24,39,48,0
19113,42,0,12,3,18,0,1,22,100,25,1,1,1,13,9,1
19114,46,2,1,1,1,1,0,64,65,89,2,4,14,41,25,2
19115,42,2,7,3,8,1,0,32,72,38,1,2,2,31,8,1
19116,22,3,1,0,22,1,0,18,91,71,1,1,0,8,8,1
19117,36,2,15,6,19,2,0,43,48,96,2,3,10,37,6,2
19118,55,0,0,0,0,1,1,45,50,88,1,0,1,30,9,1
19119,39,0,6,2,11,2,0,90,19,98,2,3,9,85,15,0
19120,25,2,4,5,14,2,0,45,57,54,1,0,0,33,7,2
19121,25,1,4,5,13,2,1,28,88,23,1,1,0,24,9,2
19122,56,1,9,3,8,0,2,81,20,74,2,2,7,53,5,2
19123,48,0,16,2,11,0,1,26,71,75,1,0,0,22,1,1
19124,49,0,8,5,15,1,2,19,91,63,1,2,1,18,8,1
19125,46,0,8,2,9,1,2,11,94,52,1,1,4,10,4,1
19126,35,0,4,4,20,0,2,33,77,32,1,1,5,31,0,1
19127,53,0,14,6,19,1,1,25,79,90,1,0,2,21,2,1
19128,38,0,3,3,18,2,0,76,20,61,2,4,10,75,28,0
19129,40,2,4,0,22,0,1,61,47,94,2,5,5,46,16,1
19130,23,0,2,5,14,0,0,69,27,83,2,2,11,42,23,0
19131,50,0,8,6,7,0,2,35,55,26,1,1,5,33,1,1
19132,58,0,6,7,21,0,0,31,65,66,1,0,2,24,8,2
19133,50,2,16,3,3,1,0,29,75,20,1,2,4,21,0,1
19134,28,2,7,4,23,2,0,10,74,82,1,1,1,9,2,1
19135,30,0,9,3,3,0,0,62,30,58,2,3,11,46,17,0
19136,37,0,12,2,6,0,1,50,62,21,1,1,5,29,1,2
19137,52,0,12,6,7,2,1,66,33,31,1,2,4,58,4,0
19138,56,3,12,4,4,1,1,14,100,50,1,2,3,6,5,1
19139,43,2,14,7,12,2,0,71,32,58,2,2,8,35,27,2
19140,43,0,11,7,21,1,0,10,88,81,1,0,0,7,1,1
19141,32,1,4,5,14,1,1,25,92,88,1,0,4,21,8,1
19142,52,1,11,4,23,0,0,15,89,66,1,2,2,11,6,1
19143,54,2,11,2,11,1,0,79,15,79,2,4,6,74,22,0
19144,49,2,13,3,3,2,1,40,53,24,1,2,4,36,2,2
19145,46,0,7,0,22,1,0,92,19,77,0,8,25,90,31,0
19146,26,0,5,5,13,0,1,54,43,72,1,2,1,28,1,2
19147,60,1,10,3,18,0,1,49,58,36,1,2,2,44,1,2
19149,37,0,8,3,3,0,1,29,68,39,1,0,5,25,1,1
19150,30,1,7,1,1,0,2,82,12,30,2,2,10,63,7,0
19151,42,0,8,4,20,1,0,44,67,21,1,0,2,26,6,2
19152,49,2,5,5,15,2,0,79,32,26,2,2,13,77,28,0
19153,41,0,6,2,9,0,1,53,55,59,2,4,8,33,15,1
19154,36,2,6,5,14,0,0,68,34,31,1,2,2,42,0,0
19155,55,3,5,7,21,2,1,30,100,30,1,2,4,29,6,1
19156,24,0,3,5,14,0,2,49,42,25,1,1,0,26,7,2
19157,43,0,10,7,12,1,1,31,72,87,1,0,1,17,3,1
19158,40,0,11,6,7,1,0,10,91,61,1,1,3,9,7,1
19159,44,0,7,2,9,0,0,31,69,47,1,0,1,30,0,1
19160,21,2,0,7,12,2,1,19,80,93,1,1,3,15,8,1
19161,51,2,1,6,7,1,1,23,64,45,1,0,3,18,6,2
19162,48,0,8,0,16,1,0,48,56,67,2,5,9,46,9,2
19163,50,0,10,2,11,2,1,15,95,75,1,2,0,10,1,1
19164,37,3,12,1,2,2,0,90,7,59,2,2,10,50,10,0
19165,51,2,16,2,6,1,2,32,64,46,1,0,2,20,5,1
19166,42,0,8,6,17,0,0,31,69,25,1,0,2,30,1,2
19167,40,2,9,6,7,2,1,84,2,91,2,2,5,44,23,0
19168,35,0,5,2,9,1,0,69,32,38,2,4,10,39,6,0
19169,47,0,5,7,12,0,2,84,13,60,2,5,7,76,21,0
19170,57,0,9,3,3,0,0,28,91,81,1,2,5,13,1,1
19171,36,2,8,3,3,2,1,54,37,80,2,4,8,31,12,1
19173,52,2,12,6,17,1,1,60,21,58,2,5,12,32,10,2
19174,31,3,8,4,4,1,0,26,72,50,1,0,2,18,3,1
19175,51,0,8,6,19,2,0,34,70,86,1,1,2,21,2,2
19176,47,0,10,0,16,1,1,92,8,37,2,5,8,53,29,0
19177,33,0,5,6,19,1,0,48,50,83,2,4,9,37,13,2
19178,57,0,10,1,2,2,2,31,86,83,1,0,2,29,4,1
19179,28,0,6,7,12,0,1,37,64,79,1,0,2,33,3,1
19180,51,0,7,2,6,0,0,45,60,54,1,2,1,37,0,2
19181,46,3,11,1,2,1,1,60,40,79,2,4,5,37,28,2
19182,42,1,13,6,17,2,1,46,47,40,2,3,12,27,25,2
19183,47,2,5,6,17,2,0,15,76,52,1,0,3,10,8,1
19184,44,0,6,4,4,0,2,34,65,45,2,5,14,21,24,1
19185,39,0,5,3,3,2,2,79,37,92,2,4,12,63,28,2
19186,50,0,14,3,3,2,2,61,32,38,1,1,1,50,7,2
19187,28,0,7,3,3,1,0,63,36,32,2,2,7,41,8,0
19188,58,1,0,4,23,2,1,45,54,33,1,2,5,20,4,0
19189,42,0,17,3,8,1,2,70,31,48,2,3,12,39,10,1
19190,25,1,4,5,13,2,0,84,13,35,2,3,5,57,13,0
19191,43,0,12,5,13,1,1,59,45,90,2,4,10,42,6,2
19192,44,2,12,7,10,2,1,23,71,64,1,0,4,18,3,1
19193,33,0,0,0,0,1,0,67,35,51,2,3,13,44,27,0
19194,29,0,8,7,12,2,0,40,81,51,1,1,4,20,7,2
19195,42,2,9,7,12,1,0,72,15,33,2,5,11,33,24,0
19196,25,1,4,7,10,2,1,64,32,42,2,2,12,43,5,0
19197,29,3,8,1,1,1,0,61,48,71,2,3,10,33,20,2
19198,48,1,14,3,3,2,1,38,56,65,1,0,2,26,8,2
19199,57,1,18,0,22,2,1,82,16,84,2,5,5,56,27,2
19200,25,0,4,5,13,1,0,75,24,59,2,2,14,50,9,0
19201,43,0,11,5,13,0,1,20,100,69,1,0,0,11,9,1
19202,52,2,1,0,0,1,1,71,23,49,2,4,7,38,18,2
19203,46,1,9,2,11,1,0,17,91,98,1,0,1,15,7,1
19204,50,0,11,0,16,2,1,25,75,36,1,0,3,24,1,1
19205,51,0,12,0,0,0,1,90,0,69,2,3,6,74,26,0
19206,44,0,1,1,1,2,0,94,10,51,2,4,5,82,23,0
19207,47,0,11,6,7,0,0,43,66,61,1,2,1,23,8,2
19208,25,0,4,3,8,1,1,19,86,71,1,1,3,12,9,1
19209,49,2,11,0,16,1,0,62,33,51,2,5,10,58,19,2
19210,33,2,12,1,5,0,1,35,80,43,1,1,3,22,7,1
19211,26,0,4,5,14,0,0,67,39,40,1,1,4,53,1,0
19212,38,0,15,7,10,0,1,42,66,63,1,0,0,35,2,2
19213,53,2,19,0,22,0,2,64,38,67,2,2,5,29,13,1
19214,43,0,0,1,1,1,2,22,81,48,1,0,3,10,2,1
19215,27,0,6,7,21,0,0,15,89,34,1,2,0,8,1,1
19216,47,0,7,5,15,0,0,17,94,49,1,2,0,9,3,1
19217,58,1,13,1,2,0,0,86,6,36,2,4,12,80,23,0
19218,23,0,2,6,17,2,0,49,63,56,2,4,7,37,20,0
19219,22,1,1,6,17,1,2,31,72,50,1,1,1,18,3,2
19220,42,0,14,0,16,0,0,56,39,49,1,0,1,46,8,2
19221,37,3,11,3,3,1,0,62,46,52,2,2,7,51,19,2
19222,27,0,6,3,3,2,0,15,74,88,1,0,1,10,7,1
19224,33,2,12,6,17,2,2,16,87,50,1,1,0,11,5,1
19225,45,0,13,2,11,2,0,43,55,82,2,5,10,35,5,2
19226,40,2,16,6,17,1,0,52,59,84,2,2,12,32,22,2
19227,32,3,9,2,9,0,0,67,46,84,1,0,5,32,3,1
19228,50,0,11,4,4,2,1,66,60,59,2,3,12,39,12,2
19229,56,0,9,4,20,1,1,21,56,85,1,2,2,14,6,1
19230,57,1,14,6,7,1,1,28,67,57,1,1,5,25,5,2
19231,60,0,5,2,11,2,1,66,37,76,2,3,9,48,23,2
19232,53,1,9,1,1,1,2,30,65,59,1,1,1,23,6,1
19233,43,2,11,1,5,2,1,84,5,86,2,5,6,47,25,0
19234,52,0,11,1,2,1,0,91,22,63,0,5,17,59,45,0
19235,23,2,2,6,17,1,0,63,39,40,2,5,5,29,17,0
19236,22,0,1,5,13,2,1,73,31,66,2,4,11,40,27,0
19237,44,2,0,4,4,2,2,69,40,22,2,5,8,48,24,2
19238,30,0,9,0,22,1,1,31,91,94,1,0,0,18,1,1
19239,59,1,10,1,1,2,0,45,56,56,1,2,0,29,1,0
19240,43,0,7,2,9,1,0,14,87,83,1,2,4,13,6,1
19241,51,2,3,0,16,1,1,72,39,70,2,3,5,70,6,2
19242,48,2,3,7,10,0,1,13,99,43,1,2,0,9,7,1
19243,27,2,4,4,20,1,2,18,73,28,1,1,2,14,7,1
19244,38,1,2,1,1,1,1,67,34,60,2,3,9,54,22,0
19245,23,2,2,5,13,1,0,26,72,63,1,2,2,12,9,2
19246,27,1,4,6,19,2,1,29,71,92,2,2,12,16,15,1
19247,59,2,3,1,1,0,1,72,18,61,2,2,8,47,6,0
19248,23,2,2,7,10,2,1,35,100,22,1,0,3,18,9,1
19250,40,0,13,7,12,1,1,79,32,86,2,5,10,58,9,0
19252,31,0,10,5,13,2,0,85,0,48,2,5,14,58,16,0
19253,48,0,10,3,18,2,1,39,50,49,1,0,3,30,8,2
19254,34,0,10,6,7,1,0,35,55,39,1,2,5,33,6,2
19255,50,0,5,1,2,0,2,77,22,39,2,3,5,39,26,2
19256,22,2,1,3,18,2,1,55,38,74,2,2,14,29,10,2
19257,51,2,11,7,21,0,0,23,63,87,1,2,2,10,6,1
19258,41,1,2,0,16,2,1,66,36,43,2,2,10,32,9,0
19259,21,0,0,1,2,0,1,30,77,84,1,1,0,17,0,1
19260,34,1,3,3,18,0,0,41,49,33,1,1,2,34,8,2
19261,49,0,4,2,11,0,0,14,99,67,1,1,4,12,2,1
19262,30,2,0,2,9,2,0,15,80,34,1,2,1,11,5,1
19263,55,1,7,1,2,1,1,91,11,22,2,3,6,58,20,0
19264,53,1,3,5,14,0,0,66,48,83,2,4,6,49,29,0
19266,27,2,6,3,18,1,0,45,58,25,1,1,5,44,9,2
19267,22,0,1,5,15,2,0,48,54,76,2,2,8,26,11,0
19268,24,1,3,1,5,2,1,85,26,82,2,3,13,75,10,0
19269,28,2,6,4,4,2,0,94,26,61,2,4,10,82,8,0
19270,38,0,6,4,4,1,0,61,47,88,2,2,10,57,17,0
19271,49,1,5,6,19,1,0,50,44,71,1,1,1,41,7,0
19272,40,0,0,1,5,2,1,80,32,35,2,4,10,72,6,0
19273,29,0,8,4,20,2,0,61,30,68,1,2,3,45,2,0
19274,50,0,4,6,7,0,1,94,15,43,2,3,8,72,9,0
19275,24,1,3,2,11,1,0,91,8,69,2,3,7,61,17,0
19277,52,1,9,5,13,1,0,84,17,21,0,7,23,47,49,0
19278,38,2,5,4,23,0,0,34,69,67,1,1,3,18,2,1
19280,57,0,11,6,17,1,2,21,82,37,1,2,3,14,0,1
19281,55,0,10,5,14,0,2,50,50,31,1,0,5,48,9,2
19282,53,1,10,1,1,0,1,94,0,67,2,5,6,59,8,0
19283,36,0,8,7,21,1,2,79,14,21,2,5,7,66,6,0
19284,49,2,6,1,1,2,0,71,36,90,2,3,14,34,17,2
19286,50,0,10,7,10,0,1,80,17,65,0,6,18,47,25,0
19287,42,1,18,1,1,1,1,52,56,21,1,0,1,24,1,2
19288,56,0,5,5,14,0,1,51,53,82,2,4,13,43,10,2
19289,42,0,12,6,19,0,1,67,37,73,1,1,0,59,4,0
19290,50,0,9,6,17,1,1,76,3,40,2,4,10,36,25,0
19291,34,1,9,0,0,0,0,18,76,35,1,1,1,10,1,1
19292,21,1,0,4,4,0,0,70,42,56,2,4,14,60,10,0
19293,31,0,10,5,14,2,1,24,72,56,1,1,5,21,8,1
19294,30,2,5,3,8,0,0,38,61,71,1,0,4,31,4,1
19295,59,0,2,4,20,1,0,58,39,71,2,2,7,39,28,0
19296,47,0,12,2,6,1,1,47,60,21,1,1,2,25,9,1
19297,22,0,1,6,7,0,0,81,30,62,2,4,5,68,6,0
19298,47,0,9,0,0,0,0,26,76,63,1,0,2,16,2,1
19299,36,1,12,4,20,0,0,92,7,75,2,5,8,43,9,0
19300,51,2,11,1,5,0,1,16,80,88,1,1,5,7,5,1
19301,33,0,6,7,10,2,2,29,62,84,1,2,3,28,9,1
19302,49,0,14,4,4,1,0,13,92,25,1,0,0,6,4,1
19303,24,1,3,4,23,1,1,57,49,49,1,2,4,43,3,0
19304,27,0,6,7,21,0,1,12,91,85,1,2,3,9,5,1
19305,43,0,3,4,23,1,1,41,45,26,1,0,2,38,4,2
19306,56,0,14,1,1,2,1,57,33,23,1,2,1,51,6,0
19307,53,2,11,4,23,1,1,85,13,52,2,3,13,72,23,0
19308,55,2,5,1,1,1,1,90,20,66,0,5,15,55,37,0
19309,49,0,7,6,7,1,0,52,47,80,2,4,6,31,10,2
19310,22,2,1,1,2,1,0,76,12,64,2,5,12,70,19,0
19311,45,0,14,6,7,1,1,37,52,46,1,2,0,20,5,2
19312,47,2,13,4,4,1,2,51,42,38,1,2,1,41,3,1
19313,36,0,4,2,11,1,0,12,99,66,1,1,3,6,3,1
19314,37,2,4,5,13,0,0,14,98,67,1,1,4,9,2,1
19315,38,2,0,4,20,1,1,83,9,45,2,2,14,64,29,0
19316,40,2,9,3,3,1,2,87,15,66,2,4,12,72,9,2
19318,36,0,9,5,15,0,0,11,100,25,1,1,2,8,1,1
19319,50,0,7,0,16,2,1,17,76,73,1,0,0,8,6,1
19320,37,0,9,7,12,0,1,42,69,85,1,0,0,33,3,1
19321,26,0,5,1,2,0,0,16,89,20,1,1,1,11,7,1
19322,27,2,6,4,4,1,2,73,15,23,2,3,5,48,13,2
19323,43,0,13,6,17,1,0,72,18,67,2,3,10,41,11,0
19324,25,0,4,1,2,2,1,80,19,42,2,2,10,48,24,0
19325,29,1,8,3,3,1,0,49,60,20,2,3,11,33,12,0
19326,35,2,14,7,21,1,2,29,65,38,1,1,4,20,5,1
19327,30,0,7,3,18,2,1,37,60,88,1,1,3,31,3,1
19328,26,1,5,1,5,0,0,63,40,70,2,5,10,60,15,0
19329,23,0,2,4,23,1,0,77,27,67,2,2,6,46,22,0
19330,33,2,2,0,16,1,1,43,62,86,1,1,3,35,7,1
19331,38,2,5,6,7,2,2,60,35,46,2,2,11,58,25,2
19332,57,0,5,1,2,1,2,70,20,46,2,5,8,67,24,2
19334,38,1,10,7,12,0,0,57,50,49,2,5,8,53,7,0
19335,39,2,13,2,11,0,0,34,63,96,1,1,5,28,0,1
19336,32,0,8,0,0,2,1,63,23,21,1,0,1,56,4,0
19338,54,0,6,6,19,2,2,52,54,88,2,2,6,49,8,2
19339,44,0,13,2,9,1,0,11,72,52,1,0,0,7,8,1
19340,40,0,8,1,2,1,0,44,81,56,1,0,5,24,4,2
19341,22,2,1,0,0,1,2,49,48,75,1,1,1,42,5,1
19342,42,2,12,3,3,1,0,21,85,76,1,0,1,11,4,1
19343,23,0,2,6,7,0,0,80,29,63,2,5,7,48,9,0
19344,60,0,8,0,0,1,2,67,40,54,2,4,5,47,9,1
19345,47,2,13,4,20,1,2,79,10,23,2,2,14,75,11,0
19346,37,0,11,2,11,1,1,70,37,68,2,4,14,57,7,2
19347,28,0,6,4,4,1,0,38,64,90,1,1,5,34,2,2
19348,30,1,9,1,5,1,0,56,31,36,1,2,4,52,2,0
19349,35,1,9,6,17,0,2,43,26,85,1,1,3,29,8,2
19350,28,0,5,5,14,1,1,24,69,45,1,0,2,14,7,1
19351,45,1,5,3,8,2,1,86,0,40,0,8,24,44,21,0
19352,56,0,4,0,0,2,0,12,100,24,1,2,4,5,0,1
19353,32,0,5,0,16,0,0,24,59,69,1,2,0,14,9,1
19354,58,0,10,0,22,1,2,23,69,97,1,1,0,19,3,1
19355,46,2,14,0,0,0,1,47,45,21,1,2,3,31,5,1
19356,57,0,14,5,14,1,0,84,7,59,2,5,5,82,19,0
19358,52,3,4,7,21,0,0,48,52,84,1,0,2,30,7,1
19359,42,1,9,4,4,2,1,13,91,43,1,0,1,5,7,1
19360,40,0,2,2,6,0,1,51,49,68,1,1,5,44,9,2
19361,34,0,8,2,11,2,1,51,47,74,1,2,0,45,4,2
19362,27,1,6,3,8,1,1,27,76,39,1,2,5,16,8,1
19363,43,0,15,3,3,0,0,34,89,71,1,0,4,21,1,1
19364,26,0,4,2,6,2,0,61,36,94,2,4,6,47,23,2
19365,56,1,3,3,3,0,1,83,23,29,2,5,8,69,17,0
19366,59,0,10,3,8,2,1,44,47,44,1,2,1,38,4,2
19368,51,0,2,1,1,0,0,35,58,77,1,0,1,21,5,2
19369,50,1,13,2,9,0,0,12,100,88,1,2,3,7,5,1
19370,26,2,5,7,10,0,0,83,17,26,2,3,9,51,11,0
19371,33,0,9,4,23,2,1,41,77,27,1,2,2,24,5,2
19372,43,2,9,4,4,2,1,78,13,33,2,4,8,69,24,0
19373,46,2,11,3,3,1,0,93,6,84,2,2,7,54,21,0
19374,23,0,2,1,1,0,0,89,0,84,2,3,12,68,27,0
19375,40,0,11,5,13,1,1,41,57,72,1,1,5,25,3,2
19376,47,1,14,7,21,2,2,27,71,50,1,0,0,13,7,1
19377,41,1,7,4,20,1,1,92,10,36,2,4,11,42,8,0
19378,37,2,5,7,21,2,0,16,86,80,1,1,4,15,5,1
19379,48,1,18,5,14,2,2,36,46,39,1,1,4,25,3,1
19380,52,0,0,7,10,1,2,32,75,41,1,0,1,20,2,1
19382,27,2,6,4,20,2,1,37,73,44,1,0,4,36,5,2
19383,37,0,6,5,13,1,1,78,26,47,2,5,10,74,8,0
19384,21,2,0,7,21,0,0,59,35,45,1,0,5,34,3,0
19385,60,2,6,1,1,1,1,22,72,33,1,0,2,10,1,1
19386,41,0,3,3,18,1,2,75,3,23,2,2,9,70,29,0
19387,22,2,1,4,23,1,1,12,79,65,1,0,1,8,5,1
19388,54,0,4,3,18,1,2,21,87,43,1,2,5,14,3,1
19389,58,0,0,6,19,1,1,66,39,72,2,3,12,39,18,0
19390,29,0,6,0,0,1,2,84,13,74,2,3,9,58,7,2
19392,23,2,2,5,13,1,2,33,53,71,1,0,1,19,1,1
19393,55,0,5,5,14,0,2,34,63,42,1,2,2,19,2,1
19394,43,0,7,3,3,2,0,13,85,80,1,0,4,8,3,1
19395,41,2,13,6,19,0,1,50,67,93,2,5,7,33,27,1
19396,54,0,8,5,15,1,0,48,74,91,1,0,3,40,0,2
19397,54,0,9,7,12,1,2,51,30,48,1,0,4,46,9,2
19398,43,1,10,4,4,2,1,59,41,20,1,0,3,32,4,0
19400,54,2,13,3,18,2,2,77,23,52,2,2,5,44,15,2
19401,33,2,0,3,3,2,1,52,56,90,2,5,10,25,24,1
19402,39,0,18,6,7,2,0,11,100,57,1,2,2,5,3,1
19403,47,2,3,1,5,1,1,85,8,83,2,5,8,52,16,0
19404,42,0,2,4,4,2,1,86,25,25,2,4,7,65,26,0
19405,29,2,3,2,9,1,0,50,45,40,2,5,6,48,12,2
19406,22,0,1,7,12,2,0,88,31,65,2,3,8,81,12,0
19407,60,2,3,2,9,1,0,62,38,44,1,2,2,31,3,2
19408,45,0,11,4,20,1,0,88,0,72,2,4,12,51,28,0
19409,60,2,0,5,13,2,1,52,44,24,1,0,5,27,3,0
19410,55,0,7,1,1,1,1,75,25,53,2,4,12,60,14,0
19411,57,2,10,6,19,1,1,81,11,84,2,5,8,75,20,0
19412,24,2,0,1,2,2,0,54,51,35,2,5,9,43,7,0
19413,59,0,6,7,21,0,1,33,63,92,1,2,4,19,1,1
19414,58,0,7,6,19,1,1,55,55,94,2,2,10,27,29,2
19415,39,1,7,6,19,1,1,73,26,71,2,5,7,43,22,0
19416,44,0,14,5,15,2,0,50,37,85,2,4,13,29,18,2
19417,30,0,9,7,21,2,1,76,27,83,2,4,6,53,16,0
19418,31,0,10,1,2,2,1,38,63,86,1,0,1,27,5,1
19419,27,2,6,1,1,0,0,77,37,41,2,3,6,67,8,0
19420,49,0,7,4,23,2,1,90,8,66,2,5,8,88,25,0
19421,51,0,8,1,5,1,1,78,20,31,2,4,12,41,25,0
19422,43,0,6,3,18,2,1,26,100,70,1,2,0,25,8,1
19423,27,2,4,6,17,1,1,58,44,60,2,4,5,27,28,2
19424,56,0,5,6,17,1,0,36,69,20,1,0,3,31,4,2
19425,45,0,17,5,14,0,0,70,39,73,2,2,5,35,10,0
19426,25,3,4,2,9,0,2,34,85,47,1,0,5,23,2,1
19427,55,1,0,7,12,2,2,79,16,56,2,2,11,64,15,0
19428,29,0,6,4,23,0,0,17,78,80,1,2,5,9,3,1
19429,34,1,7,3,8,2,1,69,49,34,2,3,10,35,13,2
19430,46,2,18,0,22,2,0,24,66,74,1,2,0,18,1,1
19431,47,0,4,7,10,2,0,87,4,84,2,5,10,71,25,0
19432,47,2,1,0,22,1,1,79,30,75,2,3,7,44,9,2
19433,24,3,3,2,11,1,0,38,57,68,2,2,13,28,9,1
19434,54,1,0,1,1,2,0,27,66,37,1,2,3,21,2,0
19435,38,2,11,0,0,2,0,78,22,80,2,4,5,38,19,2
19436,44,2,9,1,2,1,0,16,96,32,1,1,1,14,2,1
19437,59,1,11,1,1,2,0,51,58,28,1,2,3,27,5,0
19438,44,2,10,3,8,1,0,82,23,68,2,2,9,47,9,0
19439,24,3,3,2,11,2,1,24,70,82,1,2,0,12,0,1
19440,53,2,5,7,10,1,1,29,50,86,1,1,0,26,6,1
19441,33,1,10,4,20,1,2,31,58,78,1,1,2,22,3,1
19442,33,0,12,6,7,0,0,32,72,33,1,0,4,29,4,2
19443,24,2,3,7,12,1,1,32,64,65,1,1,5,16,5,1
19444,56,3,10,6,19,0,0,57,48,83,2,2,10,26,24,2
19445,48,1,3,3,3,1,0,83,20,74,0,6,17,73,43,0
19446,57,2,9,2,11,1,0,30,78,67,1,1,0,14,8,1
19448,24,0,3,5,15,2,0,16,91,71,1,2,2,12,2,1
19449,44,1,3,2,6,1,0,32,67,24,1,0,3,28,6,2
19450,25,2,4,7,21,0,0,79,25,72,2,4,14,35,20,0
19451,43,2,14,6,7,1,1,75,31,61,2,5,11,46,21,0
19452,49,0,12,0,22,2,0,18,95,88,1,0,3,12,3,1
19453,42,0,19,5,13,2,1,30,70,93,1,0,2,14,6,1
19454,36,0,2,2,9,0,0,19,84,59,1,0,3,9,8,1
19455,27,2,3,7,10,2,1,71,26,28,2,3,8,37,29,2
19456,50,2,11,1,5,0,0,29,64,31,1,0,5,20,5,2
19457,21,2,0,1,2,2,1,60,41,46,1,1,3,51,3,0
19458,37,0,13,0,16,2,2,54,29,80,1,0,1,50,3,1
19459,33,0,5,5,15,1,0,19,85,34,1,1,2,14,2,2
19460,41,1,2,2,9,1,0,20,79,37,1,1,2,14,2,2
19461,21,1,0,1,2,1,2,78,30,54,2,4,13,56,14,0
19462,59,2,13,5,15,1,0,51,60,58,2,2,14,25,20,2
19463,48,0,10,0,22,0,0,52,48,89,2,3,7,37,7,2
19464,38,0,7,4,23,0,0,31,81,23,1,0,0,24,2,2
19465,44,0,0,2,9,1,0,50,44,47,1,2,1,49,1,0
19466,37,2,6,2,6,1,2,83,10,42,2,2,13,52,16,2
19467,23,2,2,0,22,1,0,93,0,99,2,3,11,51,16,0
19468,23,3,2,1,5,2,0,74,44,30,2,5,13,49,16,0
19469,23,0,2,5,14,1,0,76,22,73,2,2,9,64,11,0
19470,24,2,3,2,11,1,1,78,32,89,2,5,11,77,16,2
19472,55,0,14,0,16,0,0,57,36,84,2,3,13,37,9,2
19473,47,2,5,0,16,1,1,68,23,73,2,4,12,39,11,2
19475,27,0,6,3,8,0,0,78,9,84,2,5,10,41,24,0
19476,21,2,0,6,7,2,0,51,53,59,2,2,10,46,26,0
19477,59,1,15,0,16,0,0,14,92,80,1,1,2,12,2,1
19478,52,0,9,2,6,1,2,19,81,67,1,1,3,12,6,1
19479,31,0,5,3,3,2,0,30,77,24,1,1,5,15,0,1
19480,21,0,0,3,3,2,1,36,84,77,1,0,3,32,5,1
19482,55,2,10,4,4,2,1,26,90,48,1,2,0,16,1,1
19483,47,2,7,1,2,2,0,72,19,43,2,3,10,44,7,0
19484,40,2,10,4,20,1,0,81,20,67,2,2,13,71,13,0
19485,27,0,0,0,0,2,1,10,97,75,1,2,3,4,3,1
19486,51,2,9,5,14,1,1,35,78,61,1,2,3,27,8,1
19487,36,1,10,0,22,0,0,62,30,90,2,4,10,44,28,2
19488,22,0,1,5,13,0,0,84,22,80,2,2,8,72,18,0
19489,44,0,10,4,23,2,0,66,31,82,2,4,5,61,5,0
19490,41,0,5,4,23,2,1,51,47,25,2,2,5,44,25,2
19491,28,2,4,5,15,0,1,15,79,27,1,2,0,7,8,1
19492,40,2,5,5,13,1,1,92,12,70,2,4,6,72,6,0
19493,23,2,2,7,21,2,0,60,52,49,2,3,13,43,21,0
19494,60,0,9,6,19,2,0,10,91,72,1,0,5,7,2,1
19495,60,0,7,5,15,1,1,45,69,51,1,0,2,31,9,2
19496,45,0,14,5,14,0,1,53,53,73,1,1,5,44,0,2
19497,49,1,17,3,3,0,1,55,43,40,2,3,10,26,11,2
19498,60,2,14,3,3,1,0,66,42,75,2,4,10,33,17,2
19499,54,2,15,2,9,1,1,20,63,42,1,0,5,14,6,1
19500,54,2,3,5,13,2,2,80,17,25,2,5,11,58,7,0
19501,40,0,5,7,10,0,1,22,82,42,1,2,3,16,2,1
19502,31,0,0,4,23,2,1,91,5,43,2,5,6,72,6,0
19503,33,2,10,0,22,2,0,31,55,93,1,1,2,27,2,1
19504,22,0,1,4,23,1,1,83,14,48,2,2,9,57,8,0
19505,53,1,14,6,7,1,2,13,82,80,1,0,2,12,8,1
19506,35,1,14,0,16,1,0,74,16,37,2,2,5,41,22,0
19507,24,0,3,5,13,2,0,33,67,93,1,2,5,27,2,2
19508,54,2,8,7,10,2,0,32,66,79,1,2,4,29,0,1
19509,37,0,4,1,1,2,2,74,37,71,2,4,10,46,13,2
19510,46,0,13,1,1,2,1,29,75,93,2,2,13,19,25,1
19511,39,0,12,5,14,1,0,22,64,20,1,2,2,20,6,2
19512,60,2,9,4,20,2,2,74,23,49,2,5,10,64,8,2
19513,50,0,0,0,0,1,0,29,70,31,1,2,5,18,4,2
19514,59,2,12,0,16,1,1,80,31,77,2,4,14,54,14,2
19515,33,2,12,6,7,1,1,30,64,36,1,1,1,20,8,1
19516,43,0,6,7,10,2,0,20,97,86,1,0,5,10,1,1
19517,37,1,2,1,5,1,1,70,24,42,2,4,13,67,14,0
19518,45,0,6,3,8,1,0,15,75,21,1,1,2,6,6,1
19519,59,2,7,6,19,2,1,30,57,74,1,1,0,26,9,1
19520,38,3,8,5,15,0,0,64,31,30,2,3,6,37,6,0
19521,39,0,8,3,3,0,2,12,98,60,1,2,0,8,1,1
19522,55,2,12,2,9,2,1,37,60,38,1,0,1,35,8,1
19523,24,0,3,2,9,2,2,32,61,47,1,0,3,25,6,1
19524,41,3,10,1,2,2,1,55,61,91,2,2,7,24,28,1
19525,56,1,0,4,23,0,1,83,19,45,0,6,22,72,36,0
19526,21,0,0,6,19,1,1,94,8,86,0,7,19,81,44,0
19527,41,0,5,7,10,1,1,46,59,68,1,1,1,45,5,2
19528,33,2,0,6,19,1,0,18,96,67,1,2,2,11,3,1
19529,39,0,11,0,22,1,1,21,88,89,1,1,4,13,5,1
19530,35,0,9,6,7,1,2,49,65,51,2,4,8,44,14,2
19531,56,3,2,5,14,2,0,75,28,75,2,3,9,37,24,0
19532,36,1,8,5,15,2,1,64,40,94,2,3,8,50,25,0
19533,23,1,2,2,9,1,0,26,83,93,1,1,2,15,4,1
19534,27,0,6,0,22,2,0,78,12,83,2,4,7,57,28,0
19535,58,1,9,6,17,0,0,91,0,39,2,2,5,68,16,0
19536,32,0,2,1,5,1,0,68,43,41,2,4,10,38,8,0
19538,36,0,5,7,12,2,1,79,23,85,2,4,9,76,26,0
19539,30,0,9,5,15,1,0,28,43,66,1,0,1,22,2,2
19540,32,2,5,5,13,2,2,75,24,32,2,3,8,61,13,0
19541,38,0,10,0,16,2,0,15,77,32,1,2,3,6,4,1
19542,49,2,10,0,0,2,1,45,82,72,1,1,2,28,9,1
19543,22,1,1,1,1,1,1,79,6,32,2,3,10,69,27,0
19544,37,0,9,4,4,0,0,85,10,48,2,3,11,56,28,0
19545,43,0,7,6,7,1,1,16,100,91,1,2,3,11,0,1
19546,52,3,5,1,5,2,0,46,37,84,1,0,3,31,8,2
19547,43,2,12,5,13,2,1,29,87,40,1,2,5,26,7,1
19548,30,1,9,2,9,0,0,28,69,39,1,1,2,13,2,1
19550,25,1,4,6,19,2,0,56,59,87,2,5,6,44,17,0
19551,22,0,1,2,6,0,1,26,73,72,1,2,1,23,4,1
19552,50,2,9,5,14,2,1,28,78,56,1,2,5,27,5,1
19553,54,0,12,2,11,1,0,25,83,68,1,2,3,16,2,1
19554,40,2,1,6,17,0,1,46,35,53,2,5,8,27,24,2
19555,29,0,8,2,9,1,2,76,18,45,2,4,5,35,14,2
19556,32,2,11,7,10,2,1,90,10,23,2,4,10,50,22,0
19557,50,1,9,4,23,0,1,35,73,35,1,1,1,22,5,2
19559,29,1,8,3,8,0,0,32,72,33,1,0,4,25,0,2
19560,58,0,13,5,14,2,1,14,88,45,1,1,2,8,3,1
19561,35,2,6,5,13,1,0,34,81,50,1,1,0,16,7,2
19562,29,0,8,7,21,2,0,16,96,79,1,2,3,15,5,1
19563,51,1,4,0,22,1,0,89,15,72,2,5,9,59,28,0
19564,39,2,16,1,1,0,0,21,85,35,1,1,4,9,6,1
19565,45,0,14,7,10,1,2,40,64,52,1,2,1,29,6,1
19566,38,2,5,1,1,2,0,51,57,94,1,1,0,23,4,2
19567,48,0,5,3,3,0,1,37,63,78,1,1,4,35,0,1
19568,34,0,13,3,18,2,1,40,69,75,1,0,0,37,3,1
19569,44,0,7,2,6,0,0,94,11,28,2,3,11,58,15,0
19570,36,0,0,2,11,0,0,20,69,71,1,0,4,14,3,1
19571,27,2,1,4,4,1,0,49,66,56,1,2,4,31,3,2
19572,48,0,6,5,13,2,0,64,26,57,1,0,4,28,7,0
19573,25,0,4,0,16,2,2,55,44,45,2,3,10,33,28,1
19574,53,0,5,0,22,0,0,22,78,79,1,1,4,11,3,1
19575,40,0,16,2,9,1,1,81,18,69,2,2,8,61,20,2
19577,38,2,6,4,23,0,0,13,97,53,1,2,4,12,7,1
19578,35,0,9,2,11,1,1,14,66,92,1,2,4,9,3,1
19579,54,2,10,6,17,1,1,84,9,94,2,4,8,41,20,0
19580,41,0,3,5,14,1,0,24,69,36,1,2,4,22,5,2
19581,31,0,10,6,7,2,0,92,8,32,2,2,10,57,5,0
19582,33,1,4,4,20,1,1,61,62,66,2,4,12,53,11,0
19583,24,2,3,2,6,0,2,80,30,56,2,3,13,38,16,1
19584,53,1,3,4,4,0,0,61,26,48,2,2,9,46,12,0
19585,52,2,6,6,7,1,1,17,86,74,1,0,3,10,2,1
19586,53,2,4,7,12,0,1,21,81,50,1,1,1,20,8,1
19587,29,1,0,2,11,0,1,70,30,70,2,3,7,61,21,0
19588,59,0,3,0,22,0,1,60,50,98,2,4,12,58,26,2
19589,50,2,4,3,18,1,1,11,89,21,1,2,3,9,6,1
19590,41,3,18,2,9,2,1,67,13,35,2,4,12,47,18,2
19591,24,0,3,3,3,2,2,75,10,40,1,0,0,39,7,2
19592,60,2,0,4,20,0,0,18,67,92,1,2,1,13,9,1
19593,45,1,17,1,5,2,1,10,79,61,1,1,1,7,6,1
19594,27,0,6,6,7,2,0,92,12,65,2,4,8,45,7,0
19596,25,0,4,7,12,2,0,23,64,78,1,2,1,19,7,1
19597,41,0,8,7,21,2,0,78,26,58,2,3,11,77,7,0
19598,55,0,2,6,17,2,1,28,65,59,1,0,3,13,3,2
19599,40,2,13,1,5,1,2,45,39,25,2,3,9,21,21,1
19600,52,1,4,0,0,0,1,78,24,46,2,4,12,63,26,0
19601,27,2,5,6,19,1,2,38,71,66,1,1,4,33,7,1
19602,42,2,16,3,3,2,0,69,26,44,2,4,10,56,15,2
19603,44,3,8,2,11,0,0,94,0,65,0,6,19,46,41,2
19604,37,2,16,6,19,1,1,12,86,79,1,0,5,8,6,1
19605,46,2,8,4,20,2,1,54,21,39,1,1,3,28,7,2
19607,56,0,13,0,22,1,0,53,41,78,2,2,6,49,21,2
19608,25,0,4,4,4,2,1,62,43,49,2,2,14,38,19,2
19609,60,1,6,6,19,1,0,15,83,90,1,0,4,10,2,1
19610,32,2,8,4,23,2,1,19,77,27,1,0,4,15,4,1
19611,45,3,0,6,19,1,1,22,77,81,1,0,0,17,6,1
19612,26,2,5,2,6,2,0,79,21,51,2,2,10,39,11,2
19613,25,0,4,4,20,2,1,37,55,41,1,2,4,28,7,2
19614,48,0,7,5,14,1,0,13,97,46,1,1,1,8,1,1
19615,50,2,3,5,13,1,1,43,48,65,1,1,5,21,8,2
19616,52,3,5,0,22,1,1,13,95,67,1,1,0,8,1,1
19617,26,2,5,2,6,2,1,37,74,90,1,0,2,35,0,1
19618,43,0,5,4,4,1,0,70,22,75,2,5,11,41,15,0
19619,34,0,4,0,16,1,1,82,16,32,2,2,5,58,14,0
19620,25,1,4,3,8,1,1,72,41,89,2,4,6,47,25,2
19621,47,0,10,2,9,2,0,77,19,81,2,4,12,38,11,2
19622,24,0,1,3,18,2,2,71,31,62,2,2,10,42,25,2
19623,43,2,3,3,3,0,0,63,28,74,1,1,3,61,8,0
19624,54,2,7,2,11,1,1,31,69,65,1,2,2,22,4,1
19625,30,2,9,3,8,1,1,38,71,62,1,2,3,34,9,1
19626,46,0,13,4,20,1,0,52,45,47,1,2,1,28,6,0
19627,35,2,0,2,11,0,0,66,21,82,1,2,4,59,0,0
19628,37,1,9,5,15,2,0,37,65,59,1,1,1,16,5,2
19629,49,2,2,2,11,1,1,85,9,66,2,2,7,80,5,0
19630,25,0,4,0,16,2,1,63,51,23,2,4,6,47,14,2
19631,47,0,8,7,10,2,0,30,60,30,1,1,5,23,6,2
19632,59,1,12,2,11,0,2,63,55,86,2,5,9,62,11,2
19633,29,2,0,6,19,1,1,44,49,88,1,2,2,36,6,2
19634,40,1,0,0,16,1,0,34,71,73,2,2,7,24,16,2
19635,29,2,8,4,23,2,0,20,90,45,1,0,3,14,8,1
19636,54,0,5,1,5,1,0,14,88,86,1,0,5,13,3,1
19637,47,2,1,0,0,0,1,80,6,27,2,2,14,41,12,0
19638,26,2,5,3,18,2,1,79,22,22,2,4,11,36,13,2
19639,26,2,4,2,11,1,1,38,53,96,1,1,1,24,5,1
19640,44,0,7,3,8,1,1,33,59,63,1,0,2,26,3,1
19641,31,0,8,3,3,0,1,85,0,36,2,3,8,40,24,0
19642,35,0,14,3,8,1,0,50,37,42,2,4,10,24,28,2
19643,43,0,1,5,14,2,1,71,32,51,2,3,13,44,18,0
19644,57,0,17,4,23,1,1,85,15,55,0,8,21,44,20,0
19645,34,0,12,3,18,1,1,60,45,78,2,4,6,57,5,2
19646,44,2,6,5,14,2,0,72,36,71,2,5,11,35,21,0
19647,22,0,1,6,19,1,2,83,35,99,2,4,6,55,8,0
19648,56,0,4,3,3,1,0,40,48,58,1,2,5,35,5,2
19649,58,1,13,7,21,2,1,82,20,84,2,5,11,72,28,0
19650,40,1,19,0,16,1,1,44,78,21,1,2,5,22,3,1
19651,57,0,12,4,23,0,0,12,93,92,1,1,4,9,5,1
19652,54,2,0,0,16,1,1,70,21,43,2,4,14,64,16,0
19653,36,0,12,0,22,0,0,55,61,92,2,5,12,43,12,2
19654,43,0,7,0,16,2,0,54,48,50,1,0,1,30,8,2
19655,57,0,7,1,5,0,1,12,69,82,1,1,0,6,9,1
19656,50,1,5,0,22,0,1,83,24,68,2,3,14,77,12,0
19657,51,3,4,5,13,1,0,27,61,73,1,2,5,15,5,1
19659,41,2,8,6,17,0,2,59,51,70,2,5,9,50,24,1
19660,43,0,2,7,12,2,2,15,80,68,1,2,2,14,6,1
19661,34,2,11,5,13,2,2,34,63,66,2,4,9,21,11,1
19662,35,0,11,7,10,1,1,47,47,43,1,2,4,30,3,2
19663,35,3,14,4,20,2,0,53,46,40,2,5,9,23,23,2
19664,27,0,6,7,21,1,0,36,54,90,1,1,1,33,3,2
19665,27,0,6,1,2,0,1,51,47,20,1,1,2,33,9,2
19666,35,2,1,1,5,1,1,74,30,59,2,3,5,57,20,0
19667,59,2,12,2,11,1,0,67,39,87,2,5,12,36,14,2
19668,58,1,3,5,14,2,1,77,14,44,1,0,5,41,5,0
19669,51,0,11,5,13,2,1,56,32,73,1,2,4,50,4,0
19670,49,2,8,0,22,2,2,24,52,73,1,2,4,21,4,1
19671,37,1,8,5,15,2,0,22,91,22,1,1,1,21,2,2
19672,33,0,5,2,11,1,2,26,64,89,1,2,5,24,1,1
19673,37,1,11,4,23,1,1,68,21,79,2,3,8,47,8,0
19674,22,0,1,5,13,2,2,43,43,88,1,2,4,33,9,2
19675,50,0,2,6,17,1,0,23,65,94,1,1,0,17,8,2
19676,56,1,11,6,7,1,1,24,66,59,1,0,3,11,6,2
19677,58,0,14,5,14,2,1,18,81,82,1,2,5,8,3,1
19678,27,0,6,7,12,1,0,80,14,48,2,4,5,45,22,0
19679,50,0,5,7,21,1,0,20,69,20,1,0,4,11,9,2
19680,22,1,1,5,14,2,2,80,30,65,2,5,12,49,7,0
19682,46,0,15,7,12,0,2,67,35,88,1,2,5,46,2,2
19683,25,0,4,0,16,2,0,44,50,45,1,1,4,39,8,2
19684,29,0,3,0,0,2,0,50,50,35,1,1,5,46,9,2
19685,42,0,11,5,13,1,1,79,22,80,2,3,5,66,21,0
19686,32,3,11,1,1,1,0,59,37,28,1,1,4,54,8,0
19687,22,0,1,3,3,2,0,48,42,92,1,1,4,39,0,2
19688,28,0,7,7,21,1,2,90,24,88,2,3,10,76,11,0
19689,51,1,10,2,9,1,2,79,19,58,2,3,11,39,6,2
19690,29,0,8,5,14,1,0,61,16,38,2,3,14,57,28,0
19691,37,0,9,4,4,1,1,41,50,58,1,1,3,28,6,2
19692,30,1,9,6,7,2,0,59,42,94,2,4,11,56,6,0
19693,30,2,0,4,4,2,1,45,44,87,1,2,0,39,7,2
19694,57,0,10,0,22,2,1,79,47,92,2,2,9,42,18,2
19695,54,0,5,4,23,2,0,71,27,60,1,2,4,67,3,0
19696,23,3,2,3,18,1,2,31,70,33,1,2,3,25,3,1
19697,49,3,9,2,9,2,0,68,44,45,1,2,0,38,7,2
19698,40,2,10,6,19,1,0,21,65,81,1,0,3,11,0,1
19699,21,0,0,7,12,0,0,87,43,42,2,3,8,81,13,0
19700,53,0,6,5,15,1,0,12,97,22,1,2,5,6,9,1
19701,53,1,8,2,9,2,0,47,54,35,1,2,1,40,8,2
19702,49,3,6,6,17,0,0,85,23,20,2,2,7,43,21,0
19703,54,0,3,3,3,1,1,54,46,44,1,2,3,52,7,2
19704,60,2,1,4,20,2,0,15,91,65,1,0,3,14,4,1
19705,31,2,10,5,14,0,2,70,30,81,2,2,12,65,18,2
19706,35,2,0,4,4,0,0,38,66,38,1,0,3,33,9,2
19707,47,0,13,6,17,1,0,91,0,66,2,4,12,78,29,0
19708,53,0,9,0,22,0,0,60,37,85,2,4,6,32,7,2
19710,42,0,8,7,12,0,2,66,44,66,2,3,10,54,24,2
19712,29,0,6,2,11,1,2,36,73,79,1,0,2,18,4,1
19713,28,0,7,6,7,1,1,29,79,32,1,0,3,18,1,2
19714,55,0,12,2,9,1,1,14,72,39,1,2,2,13,8,1
19715,58,0,7,6,17,1,2,74,26,70,2,5,6,59,5,2
19716,21,2,0,4,20,1,1,71,40,36,2,2,14,51,16,0
19717,27,1,4,2,9,2,0,59,37,93,2,5,6,37,8,2
19718,60,3,6,7,21,1,0,40,54,28,1,1,5,32,9,2
19719,21,3,0,2,11,1,1,48,61,72,2,5,9,31,11,1
19720,28,1,5,2,11,2,0,42,63,65,1,0,5,30,3,2
19721,47,0,0,3,18,2,2,94,16,74,2,5,14,61,17,0
19723,35,0,14,0,16,1,0,79,11,52,2,3,12,51,20,0
19724,43,1,9,1,5,0,0,74,23,37,1,2,4,37,3,0
19725,32,0,11,6,19,0,0,45,63,73,2,2,14,42,5,2
19726,30,0,9,5,14,1,1,21,79,33,1,0,4,18,0,2
19727,59,0,7,0,0,0,0,46,69,88,1,1,4,36,6,1
19728,39,0,6,7,10,0,1,82,16,44,2,4,13,68,13,0
19729,40,2,0,3,8,1,0,13,70,89,1,0,1,10,5,1
19730,25,2,4,3,3,2,1,87,2,36,2,3,6,71,7,0
19731,32,0,1,4,4,0,0,41,46,59,1,1,5,27,4,0
19732,27,2,5,6,17,2,0,66,42,51,2,5,9,44,24,0
19733,27,2,3,3,8,2,0,32,81,74,1,2,2,26,0,1
19734,32,2,9,6,19,1,1,88,5,83,2,5,5,72,26,0
19735,44,3,14,6,17,1,1,45,54,89,1,2,5,34,8,1
19736,35,2,14,1,1,1,0,66,15,39,2,4,7,54,13,0
19737,22,2,1,7,21,2,2,25,48,33,1,2,3,11,3,1
19738,50,2,10,6,19,1,1,44,59,91,1,1,3,37,2,2
19739,46,0,6,0,0,1,0,86,11,34,0,6,23,43,30,0
19740,37,2,0,5,13,1,0,65,44,57,2,2,13,42,26,0
19741,40,2,14,4,4,1,0,44,37,31,1,1,2,36,6,2
19742,56,0,17,4,20,2,1,15,99,57,1,2,4,14,7,1
19743,40,2,13,4,20,2,1,47,70,93,1,0,4,36,6,1
19744,24,2,3,7,10,1,1,82,27,43,2,2,14,58,12,0
19745,41,0,9,3,3,1,2,21,74,64,1,1,3,20,6,1
19746,26,2,5,5,15,2,0,80,11,58,2,2,14,43,22,0
19747,27,0,3,1,5,2,1,44,60,33,1,1,5,22,8,2
19748,56,1,10,6,19,1,2,44,65,95,1,1,5,30,6,1
19749,42,2,4,4,20,2,0,56,40,24,1,0,4,49,4,0
19750,48,0,7,3,3,2,1,18,85,28,1,0,3,10,4,1
19751,29,0,6,1,2,2,2,49,58,35,2,3,14,48,8,2
19753,37,3,3,5,14,0,1,51,59,26,2,4,14,30,8,2
19754,25,0,4,7,12,2,1,54,46,51,1,0,1,51,2,2
19755,26,1,1,4,20,1,1,34,69,26,1,1,2,17,6,2
19756,47,1,6,7,10,1,0,84,4,62,2,3,8,49,24,0
19757,37,0,1,4,23,2,0,64,35,22,2,5,10,52,7,0
19758,23,2,2,2,11,1,0,41,58,68,1,1,0,38,1,2
19759,42,2,5,0,0,2,0,76,18,75,2,3,5,73,8,0
19760,53,2,12,4,23,1,1,26,54,84,1,0,1,22,3,1
19761,30,2,7,3,8,2,1,60,35,64,2,2,11,57,9,2
19762,48,2,4,0,0,0,0,40,28,78,2,4,5,32,21,1
19763,22,1,1,0,16,2,1,71,17,70,2,2,6,59,23,0
19764,24,0,3,7,21,2,1,33,55,68,1,2,2,24,3,1
19765,60,0,8,1,2,0,1,54,57,66,1,0,0,32,3,2
19766,54,2,4,2,9,0,1,40,79,86,2,3,6,35,21,1
19767,35,1,3,4,23,1,0,57,37,31,2,2,6,52,14,0
19769,43,0,6,2,9,2,0,88,20,34,2,3,13,62,16,0
19770,57,0,13,0,22,1,1,21,91,92,1,1,2,17,9,1
19771,26,1,5,1,5,1,1,63,30,66,2,5,12,43,17,0
19772,53,2,9,1,2,1,0,84,16,78,2,2,10,39,29,0
19773,36,0,11,4,20,2,0,84,19,22,2,3,8,76,12,0
19774,55,2,10,7,10,2,0,20,65,38,1,0,2,18,6,1
19775,57,0,5,5,13,2,1,27,79,40,1,1,5,25,4,2
19776,55,2,0,2,11,0,2,80,9,70,2,5,12,56,26,2
19777,27,0,6,2,11,2,2,71,42,90,0,7,19,52,39,1
19778,56,1,9,6,7,1,0,87,12,58,2,3,5,43,15,0
19779,59,2,11,6,7,1,1,39,58,28,1,0,2,24,6,2
19780,45,1,3,2,11,0,1,50,58,88,2,2,6,44,8,2
19781,29,1,0,0,16,1,1,65,16,64,2,3,14,44,17,0
19782,39,0,18,3,18,0,1,51,53,57,2,2,10,46,12,2
19783,47,2,3,4,4,1,0,10,100,79,1,1,5,5,9,1
19784,40,0,19,1,1,1,1,35,66,61,1,0,3,33,5,1
19785,29,2,8,2,6,2,1,17,100,34,1,1,0,10,9,1
19786,58,3,5,3,3,2,1,69,35,91,2,5,11,32,27,1
19787,51,0,5,5,13,1,1,35,62,50,1,2,5,32,4,2
19788,27,1,6,5,15,2,0,66,20,57,2,2,10,30,11,0
19789,60,1,3,7,21,0,1,73,17,71,2,4,9,69,18,0
19790,32,1,10,4,20,1,1,20,79,67,1,2,4,16,1,1
19791,51,0,8,0,16,1,2,32,82,28,1,1,4,23,5,1
19792,45,3,8,5,14,2,1,26,68,34,1,0,2,14,4,1
19793,52,0,13,4,4,1,1,60,49,69,2,2,5,46,29,2
19794,32,0,7,7,21,1,1,19,83,81,1,2,2,10,7,1
19795,50,0,17,3,3,2,0,42,35,66,1,2,4,20,2,2
19796,55,3,7,0,0,1,1,78,23,24,2,3,11,58,19,2
19797,52,0,4,6,7,1,0,89,12,41,2,2,9,40,6,0
19798,26,2,5,1,1,1,2,16,80,25,1,1,2,15,3,1
19799,22,0,1,7,12,2,0,78,26,49,2,5,11,61,7,0
19800,46,2,11,5,15,1,1,46,62,66,1,1,4,45,4,2
19801,49,2,16,4,4,1,1,87,16,66,2,2,13,72,8,0
19802,26,2,5,7,21,1,1,57,39,78,2,5,7,31,8,2
19803,47,0,0,4,23,0,0,62,47,64,2,3,13,58,17,0
19804,46,2,10,0,0,0,1,24,71,77,1,2,0,15,7,1
19805,47,0,4,7,21,2,0,11,100,37,1,0,5,7,5,1
19806,24,0,3,7,21,0,2,63,43,45,1,1,0,50,8,2
19807,38,2,8,4,23,0,2,69,39,49,2,5,14,50,22,2
19808,21,1,0,3,8,2,1,46,55,94,1,2,3,36,8,2
19809,54,0,18,0,22,2,2,23,92,79,1,1,4,19,2,1
19810,49,2,9,3,8,0,0,62,33,36,2,2,10,55,5,0
19811,56,2,9,0,16,0,0,77,5,46,2,4,7,40,18,2
19812,26,0,5,2,6,1,2,48,52,32,1,2,2,39,7,1
19813,40,0,16,7,21,1,0,72,20,64,2,4,9,44,12,0
19814,60,2,9,0,0,1,1,22,79,73,1,2,4,9,7,1
19815,30,1,9,2,11,1,1,58,44,68,2,5,12,50,19,2
19816,60,0,1,4,23,2,1,24,89,64,1,1,2,15,1,1
19817,31,0,10,3,3,0,0,61,32,72,2,3,8,60,10,0
19818,29,2,8,4,4,1,2,17,78,23,1,1,2,10,3,1
19819,35,2,10,2,6,1,1,42,61,77,1,0,4,27,0,1
19820,24,1,3,4,20,1,1,34,71,42,1,2,1,32,3,2
19821,26,2,0,4,23,2,2,23,75,57,1,2,5,22,1,1
19822,31,2,8,5,13,0,1,74,42,82,2,4,12,56,27,0
19823,59,2,2,5,14,2,0,25,89,24,2,5,14,24,26,2
19824,54,0,4,2,11,0,0,68,36,94,2,4,12,66,6,0
19825,51,1,9,7,10,1,1,53,28,37,1,2,5,46,5,0
19826,50,2,2,0,16,0,1,29,60,80,1,1,5,26,4,1
19827,40,2,4,3,3,1,1,63,31,94,2,2,5,33,26,1
19828,35,0,3,2,6,2,1,46,67,42,1,1,3,35,3,1
19829,35,0,14,4,4,1,2,15,86,75,1,0,2,13,2,1
19830,30,2,7,6,7,2,1,69,42,62,2,3,6,50,25,2
19831,29,1,8,7,12,2,1,87,10,42,2,2,5,39,14,0
19832,52,2,5,5,14,1,0,14,80,34,1,0,3,10,9,1
19833,60,0,4,3,3,1,0,59,44,31,2,5,13,31,7,2
19834,38,2,14,4,20,1,0,32,68,22,1,0,1,25,1,2
19835,30,1,9,5,15,2,1,18,70,39,1,2,4,16,6,2
19836,23,0,1,7,10,1,1,81,24,50,2,3,5,51,6,0
19837,37,2,16,3,18,1,0,30,53,82,1,1,0,23,2,1
19838,23,1,2,2,11,1,0,62,44,87,2,4,5,31,24,2
19839,24,2,3,5,14,1,1,36,69,89,1,0,0,26,2,1
19841,32,2,9,1,2,1,0,73,26,89,2,4,14,55,5,0
19842,57,0,5,6,7,2,0,37,70,88,1,0,1,18,0,2
19843,59,2,10,6,19,2,1,58,23,95,1,1,2,37,5,2
19844,46,1,7,3,18,1,0,72,22,51,2,3,12,52,7,0
19845,53,1,1,1,1,1,0,44,55,41,1,2,1,25,0,0
19846,51,1,11,5,13,1,2,11,90,32,1,1,0,8,0,1
19847,45,0,9,3,3,0,2,70,23,36,2,4,7,45,11,2
19848,57,3,12,0,0,1,1,44,46,74,1,2,2,26,1,1
19849,36,0,6,0,0,0,1,49,52,61,2,4,14,24,25,1
19850,22,1,1,4,23,0,0,39,51,30,2,5,14,32,7,0
19851,52,2,10,0,22,1,1,60,44,98,2,2,6,59,9,1
19852,50,0,11,5,15,1,1,45,48,42,1,1,0,36,5,2
19853,44,0,7,2,6,1,0,11,76,60,1,2,5,5,7,1
19854,24,0,3,7,10,1,1,24,80,85,1,2,0,19,9,1
19855,50,0,4,0,22,2,2,93,18,74,2,2,6,84,28,2
19856,44,0,1,5,14,1,0,78,0,44,2,5,5,37,11,0
19857,34,2,9,7,12,1,1,44,43,83,1,2,3,27,0,1
19858,57,0,16,4,23,2,1,76,29,76,2,4,9,65,18,0
19859,48,0,11,0,0,0,0,67,42,24,2,2,13,46,20,0
19860,39,0,18,6,17,1,0,69,39,89,1,1,0,60,4,0
19861,51,1,6,1,5,0,0,16,73,70,1,2,1,12,6,1
19862,48,1,11,6,7,1,0,87,13,64,0,8,16,56,21,0
19863,21,0,0,4,4,1,0,92,0,59,2,5,10,59,25,0
19864,29,0,8,1,2,0,0,18,94,91,1,1,4,14,0,1
19865,60,2,0,6,17,0,1,27,59,23,1,2,2,12,1,2
19866,47,1,13,0,0,0,2,70,27,36,2,5,12,47,11,2
19867,47,0,3,7,12,1,1,55,62,59,1,2,4,42,1,2
19868,40,1,7,7,10,1,2,68,37,35,2,5,5,61,7,0
19869,44,0,14,6,7,1,1,53,47,32,2,4,13,51,28,0
19870,40,0,0,0,16,2,0,56,34,30,1,1,0,43,3,0
19871,34,2,13,7,12,1,0,29,94,90,1,1,4,25,0,1
19872,41,0,8,5,14,1,1,19,75,80,1,1,4,16,5,1
19874,22,2,1,2,9,1,0,59,32,35,1,1,5,41,5,0
19875,56,1,9,7,10,0,1,34,54,49,1,1,1,17,7,2
19876,33,2,0,1,2,2,0,13,86,93,1,2,1,10,1,1
19877,56,0,6,1,2,2,0,30,72,31,1,0,2,16,5,2
19878,53,2,12,7,10,1,2,20,88,80,1,0,3,10,4,1
19879,28,0,7,5,15,2,1,29,70,80,1,2,3,22,6,1
19880,24,2,3,5,13,0,0,17,89,69,1,1,0,9,9,1
19881,56,1,12,4,23,2,0,14,86,53,1,0,3,10,8,2
19882,44,0,0,2,6,1,0,40,53,40,1,1,5,24,9,2
19883,56,0,8,6,17,1,1,77,18,61,2,5,11,70,19,0
19884,59,2,10,5,14,2,2,75,35,82,2,2,8,60,23,2
19885,36,2,15,7,12,2,0,31,79,50,1,0,2,21,4,1
19886,26,2,5,0,22,2,0,62,37,69,2,3,7,42,13,2
19888,51,0,0,4,20,0,0,46,51,28,1,2,2,23,7,0
19889,34,0,10,7,21,0,1,15,86,38,1,2,2,7,9,1
19890,43,0,8,3,18,1,0,81,28,54,2,4,9,43,11,0
19891,38,0,7,3,18,1,0,73,38,85,2,3,8,61,26,0
19892,43,2,15,4,20,1,1,53,45,51,2,5,10,30,21,2
19893,46,2,4,3,8,1,0,62,49,80,1,0,4,59,4,2
19894,51,2,6,0,16,1,1,21,69,77,1,1,0,13,2,1
19895,45,2,0,2,11,1,1,54,32,99,2,4,5,31,14,1
19896,50,0,5,6,7,1,1,55,44,29,2,2,7,38,20,0
19897,27,0,6,4,20,1,0,53,38,62,1,2,0,46,7,0
19898,37,1,0,1,1,2,1,80,29,45,2,5,6,77,16,0
19899,27,2,6,1,5,0,1,11,94,31,1,2,3,9,3,1
19900,40,0,5,1,2,2,1,29,77,78,1,0,4,15,5,1
19902,29,0,8,5,15,0,2,55,50,28,1,2,5,46,6,2
19903,27,2,1,7,10,1,1,82,20,70,2,3,14,42,10,0
19905,57,0,1,5,15,0,1,66,16,34,2,4,8,62,17,0
19906,43,0,8,2,11,2,0,24,83,84,1,1,2,22,7,1
19907,60,1,7,3,18,1,1,51,47,75,1,1,0,32,7,2
19908,41,2,15,7,21,1,0,11,74,25,1,0,3,6,3,1
19909,60,0,9,7,21,0,1,24,82,63,1,0,5,12,3,1
19910,31,1,9,6,7,2,0,76,5,78,2,3,12,58,6,0
19911,38,3,6,6,7,1,1,81,19,42,2,2,8,61,27,0
19912,53,0,7,6,7,0,1,84,0,28,2,3,7,53,23,0
19913,51,3,9,0,22,2,2,54,60,70,2,4,8,42,29,1
19914,26,0,5,2,9,0,2,28,73,89,1,1,3,22,3,1
19915,44,2,0,6,7,2,0,10,76,57,1,0,1,7,8,1
19916,44,2,10,2,9,2,0,40,60,83,1,2,4,31,0,1
19917,58,0,7,2,9,2,2,80,26,92,1,1,4,76,7,2
19918,58,2,7,6,7,1,1,39,44,39,1,0,5,35,0,2
19919,44,0,12,1,5,2,2,72,32,51,2,3,5,54,26,2
19920,49,3,7,3,18,1,1,93,13,66,2,4,12,77,29,0
19921,49,2,13,3,8,1,0,34,63,52,1,0,5,22,8,1
19922,23,0,2,4,23,0,0,37,81,59,1,1,2,16,3,2
19923,26,2,5,0,16,1,2,58,36,69,2,5,7,49,11,1
19924,53,0,7,5,14,2,0,56,41,59,2,4,7,29,27,0
19925,24,1,3,5,14,2,0,16,85,68,1,2,5,11,7,2
19926,22,2,1,3,18,0,0,66,37,64,2,5,12,40,6,0
19927,46,0,7,5,13,0,1,89,0,83,0,5,25,83,23,0
19928,48,0,14,5,14,1,1,53,56,48,1,2,1,40,6,2
19929,54,0,1,0,22,2,1,28,76,98,1,0,2,26,6,1
19930,22,2,1,4,23,1,2,38,49,44,1,2,1,31,8,1
19931,34,0,11,0,22,0,2,87,5,82,2,4,8,86,26,2
19932,34,0,8,6,7,1,0,65,44,92,2,3,8,55,23,0
19933,55,0,13,6,19,0,1,14,83,91,1,0,0,12,8,1
19934,46,0,13,3,8,0,0,67,39,70,2,5,13,46,13,0
19935,44,3,8,4,20,0,1,44,49,68,2,4,8,41,21,1
19936,52,0,11,2,9,1,1,86,9,29,2,2,7,43,7,0
19937,35,1,5,5,14,2,2,72,28,77,2,2,12,47,15,2
19938,53,0,11,5,14,0,0,16,79,32,1,1,0,13,3,2
19939,39,0,8,1,1,1,0,29,76,91,1,0,4,22,8,1
19940,54,3,11,3,3,1,1,29,46,37,1,2,0,17,9,1
19941,53,0,5,4,20,2,0,93,0,79,0,7,25,65,51,0
19942,42,0,12,2,11,1,1,30,75,93,1,1,3,21,5,1
19943,52,0,1,0,16,2,0,56,27,30,2,5,11,48,23,0
19946,36,0,15,6,17,0,1,25,61,90,1,2,0,14,5,1
19947,22,0,1,7,21,1,0,12,70,65,1,0,1,9,3,1
19948,44,2,1,0,0,1,0,56,36,85,2,5,7,55,13,2
19949,48,0,0,4,23,1,1,37,62,27,2,3,12,28,9,2
19950,57,2,3,1,5,2,1,52,23,64,1,1,1,50,3,2
19951,32,2,11,2,9,1,0,67,48,94,2,4,9,50,10,2
19952,49,0,7,0,0,0,0,15,96,28,1,0,4,7,1,1
19953,23,2,2,6,17,1,0,34,60,81,1,1,4,28,8,2
19954,39,2,0,0,0,1,0,55,40,81,1,2,1,39,0,2
19955,22,0,1,1,5,0,0,23,95,47,1,1,5,11,2,2
19956,59,0,4,4,20,0,0,54,45,89,2,2,13,50,5,0
19957,37,1,10,2,9,2,1,75,40,87,2,4,5,35,11,2
19958,45,0,4,7,21,2,0,18,87,46,1,1,1,9,8,1
19959,36,2,1,1,5,1,0,37,77,81,1,0,3,30,9,2
19960,37,0,12,6,7,2,0,36,61,87,1,0,5,21,3,2
19961,56,2,1,6,7,2,0,14,84,91,1,2,1,10,0,1
19962,33,2,3,2,6,1,1,90,18,40,2,4,5,84,23,0
19963,50,1,9,5,14,1,0,63,47,81,2,3,5,31,21,0
19964,31,1,1,4,4,0,1,37,51,35,1,2,1,32,8,0
19965,32,2,4,3,18,0,2,30,65,48,1,2,0,24,6,1
19967,59,2,3,3,8,2,1,29,66,33,1,0,2,27,1,1
19968,43,0,14,1,1,2,1,10,100,22,1,0,2,6,0,1
19969,53,1,7,5,14,2,0,92,5,82,2,2,12,81,29,0
19970,22,1,1,6,7,2,1,66,37,75,2,2,6,52,10,0
19971,44,0,11,3,3,2,0,23,74,85,1,1,5,14,8,1
19973,34,2,4,0,16,0,1,34,59,23,1,1,0,15,9,1
19975,41,3,4,4,23,1,1,61,34,61,2,3,14,31,14,2
19976,25,0,4,6,19,2,0,94,0,98,2,2,6,82,23,0
19977,58,0,8,1,1,0,0,79,19,35,2,2,12,64,9,0
19978,57,2,10,3,18,2,0,38,50,39,1,1,0,28,4,2
19979,51,0,8,4,20,1,0,61,25,21,2,3,10,42,25,0
19980,26,0,3,1,1,2,0,90,13,45,2,3,6,85,10,0
19981,53,1,7,4,23,2,0,17,80,67,1,2,4,10,7,2
19982,34,0,1,6,7,0,1,46,64,70,2,2,13,29,27,2
19983,29,1,8,0,0,1,2,71,32,74,1,1,1,64,7,2
19984,44,3,8,4,4,1,1,70,21,75,1,0,3,54,2,2
19985,22,1,1,1,5,1,1,19,80,54,1,2,3,16,1,2
19986,28,1,4,2,11,1,0,70,26,69,2,3,6,43,25,0
19987,40,0,6,1,5,1,2,42,50,54,1,2,3,30,8,1
19988,25,0,4,2,11,1,0,74,31,85,2,4,5,53,6,0
19990,23,0,2,7,12,0,0,53,60,77,2,4,10,28,19,2
19991,54,1,3,0,16,1,1,16,100,93,1,2,1,15,0,1
19992,46,0,0,1,1,1,2,49,73,85,1,0,0,24,8,1
19993,57,0,11,3,8,1,0,71,29,38,2,2,14,55,28,0
19994,37,2,10,5,15,1,1,32,61,61,1,2,2,30,8,2
19995,56,0,10,6,17,2,0,29,62,44,1,0,4,16,0,2
19997,28,1,7,7,21,1,0,91,2,49,2,2,14,55,10,0
19998,46,0,3,5,15,1,2,76,40,89,2,3,13,66,5,2
19999,36,0,5,6,19,1,1,45,65,75,1,1,0,30,8,2
