,Job_Title,Industry,Country,Education_Level,Years_Experience,AI_Replacement_Risk,Future_Demand_Score,Remote_Work_Possibility,Average_Salary_USD,Automation_Level,Job_Growth_2030,Work_Hours_Per_Week,Company_Size,AI_Tool_Usage,Performance_Score,Upskilling_Needed,Job_Satisfaction,Hiring_Trend_2026,AWS,Azure,Cloud Computing,Communication,Cybersecurity,Data Visualization,Deep Learning,Docker,Excel,Kubernetes,Leadership,Machine Learning,Project Management,Prompt Engineering,PyTorch,Python,SQL,TensorFlow
0,5,4,4,3,-1.5121478817987346,0.25,0.78,2,1.4576958349070535,1,-0.877413729544603,-0.8709635555608108,0,0,2.08,1,3.86,1,0,0,0,1,0,0,1,0,0,0,0,0,0,0,0,1,0,0
1,11,7,8,0,1.5432330618339545,0.73,0.33,1,0.25531265383070784,1,-1.3704004908479033,-0.31073828397366837,2,2,4.54,0,4.23,1,0,1,0,1,0,0,1,0,0,0,0,0,0,0,1,1,0,1
2,10,0,1,1,1.1447051126644732,0.8,0.69,2,-0.0332470343327793,2,-1.3704004908479033,1.369937530787759,2,1,3.14,0,3.54,2,0,0,1,1,1,0,0,0,0,1,0,0,0,0,0,0,1,1
3,4,3,8,0,-0.9807772829060931,0.29,0.94,1,1.3220538269708357,2,-0.6309203488929528,1.594027639422616,0,0,3.67,0,4.37,0,0,0,0,0,0,0,0,0,1,1,1,0,0,1,0,0,0,0
4,11,0,7,3,1.0118624629413129,0.11,0.92,1,0.9394256661755105,1,-0.6925436940558654,-1.2070987185130964,2,0,3.68,0,3.99,2,0,0,0,0,1,0,0,0,0,0,1,0,0,0,0,0,1,1
5,13,1,4,1,-0.05087873484397031,0.73,0.88,1,-1.021299957194231,0,0.10855979306199759,0.1374419332960456,1,0,4.58,1,3.72,0,0,0,0,1,1,0,1,1,1,0,0,0,0,0,0,0,1,0
6,19,6,8,1,1.0118624629413129,0.46,0.95,1,1.6610866391946988,0,0.2934298285507352,0.4735770962483311,2,1,3.12,1,3.16,1,0,0,1,0,0,0,0,0,0,0,1,1,1,1,0,0,0,0
7,8,8,2,1,-1.3793052320755743,0.15,0.49,0,-0.28936745070209774,2,1.525896731808986,-1.4311888271479534,0,1,2.39,0,4.79,0,1,0,0,0,0,0,0,0,0,0,1,0,0,0,0,1,0,0
8,16,1,5,3,0.4804918640486713,0.73,0.74,1,1.6292430802381526,1,-0.7541670392187779,-0.8709635555608108,2,2,2.06,1,3.35,0,0,1,0,1,0,0,0,1,0,0,0,0,0,1,1,0,0,0
9,14,0,3,3,-0.8479346331829327,0.86,0.88,0,-1.409271481623988,1,1.1561566608315106,1.594027639422616,0,0,3.42,0,4.23,0,0,0,0,0,0,0,1,0,0,0,0,1,0,0,0,0,1,0
10,3,8,0,2,1.6760757115571148,0.43,0.57,2,-1.4882305104652198,1,-0.9390370747075155,-0.9830086098782393,0,2,2.42,1,2.11,0,0,0,1,0,0,0,0,0,1,0,0,0,0,0,1,0,0,0
11,4,0,8,3,0.3476492143255109,0.64,0.63,1,-1.674742784353562,1,1.7107667672977236,-0.31073828397366837,2,1,3.14,0,2.06,2,0,1,1,0,0,0,0,0,0,0,0,0,0,0,0,0,1,0
12,0,5,9,1,0.7461771634949921,0.25,0.25,1,0.8212037457637071,0,1.649143422134811,0.1374419332960456,2,1,4.88,1,4.41,0,1,0,1,0,1,0,0,1,0,0,0,0,0,0,1,0,0,0
13,18,8,4,1,0.08196391487919008,0.9,0.65,0,0.9949894272119331,0,0.5399232092023853,0.1374419332960456,1,2,2.61,0,1.95,2,0,0,1,0,0,0,1,0,0,0,0,0,0,0,0,0,0,1
14,18,3,1,1,0.6133345137718317,0.73,0.26,2,0.42411600972790947,0,-0.6925436940558654,-1.2070987185130964,1,1,4.64,0,2.14,2,0,1,0,0,0,0,0,1,0,0,1,0,1,0,0,0,0,0
15,3,4,6,0,-0.5822493337366119,0.14,0.89,1,-0.4930651373606394,0,-0.877413729544603,0.8097122592006165,1,1,4.06,0,3.02,2,0,1,0,0,0,0,0,1,0,0,1,0,1,0,0,1,0,0
16,19,2,7,3,0.6133345137718317,0.09,0.46,2,-1.1255135999698211,1,-1.4320238360108157,1.7060726937400446,0,1,3.64,0,3.33,0,0,0,0,1,0,0,0,0,0,0,0,1,0,0,1,0,0,0
17,3,5,6,3,0.8790198132181525,0.86,0.37,0,-0.5637563940918384,1,-0.7541670392187779,1.369937530787759,2,1,4.64,1,1.72,2,0,0,0,0,1,1,0,0,0,0,0,0,1,0,0,1,1,1
18,8,0,7,2,-0.4494066840134515,0.39,0.23,2,0.48282080208997763,1,-1.6168938714995533,0.6976672048831881,2,2,2.98,1,4.87,2,0,0,0,1,0,1,1,0,1,0,0,0,0,0,0,0,1,1
19,19,8,1,3,-0.18372138456713072,0.84,0.41,0,1.0028961612385585,2,-0.014686897263827485,0.4735770962483311,0,1,3.16,1,2.02,1,0,0,0,0,0,0,0,1,0,0,1,0,0,0,0,1,1,1
20,11,4,3,2,1.1447051126644732,0.9,0.93,1,1.2043193079716326,2,-0.13793358758965255,0.8097122592006165,1,0,2.38,0,3.66,2,1,0,0,0,0,1,0,1,0,0,0,0,0,1,0,1,1,0
21,18,5,7,3,0.21480656460235048,0.31,0.54,0,1.0000259084754684,1,0.2934298285507352,0.025396878978617116,0,1,3.98,0,3.06,1,0,0,0,0,1,0,0,0,0,0,0,0,1,0,0,1,0,1
22,12,3,1,3,0.08196391487919008,0.23,0.22,0,-0.5859241324130622,0,-0.9390370747075155,0.8097122592006165,0,2,3.48,1,1.59,1,0,0,1,0,0,0,1,0,0,0,0,1,1,0,0,0,0,1
23,1,8,6,0,-1.2464625823524138,0.21,0.96,1,0.7065019466651274,1,1.4642733866460733,-0.08664817533881138,0,0,4.96,0,4.8,2,0,0,1,0,0,0,1,0,0,0,0,0,0,0,1,0,0,0
24,19,6,7,0,-0.5822493337366119,0.46,0.79,1,1.2729706995315788,1,1.0945333156685981,-0.6468734469259538,2,2,3.01,1,1.55,0,0,1,0,0,0,1,1,0,1,1,0,0,0,0,1,0,0,0
25,7,1,4,1,1.5432330618339545,0.54,0.53,0,-0.7657933055667053,2,0.17018313822491013,-1.6552789357828104,1,2,4.26,0,3.15,1,0,1,0,0,1,1,0,1,0,0,0,1,0,1,0,0,0,0
26,15,2,7,0,0.8790198132181525,0.49,0.51,0,1.420671379453609,1,-0.13793358758965255,0.3615320419309026,0,0,2.08,0,1.54,2,1,0,0,1,0,0,1,0,0,0,0,0,0,1,0,0,0,0
27,19,1,3,1,0.3476492143255109,0.24,0.46,2,0.04952094628840234,0,0.41667651887656026,-1.5432338814653819,1,1,3.95,1,4.02,0,0,0,0,1,0,1,0,0,0,0,0,0,0,0,0,0,1,1
28,1,7,5,0,0.8790198132181525,0.48,0.29,0,-0.7131178491975433,0,1.0945333156685981,-1.3191437728305249,2,2,2.32,1,4.72,1,0,0,0,0,1,0,1,0,0,0,0,1,0,0,0,1,0,0
29,18,4,4,1,-0.18372138456713072,0.27,0.75,0,-0.31742010978286467,2,0.9096632801798605,-0.4227833382910969,2,0,3.94,1,4.4,2,0,0,0,0,0,0,0,0,1,0,1,1,1,1,0,0,0,1
30,19,3,6,3,0.21480656460235048,0.69,0.54,1,0.7244274875063125,0,0.6015465543652979,-0.7589185012433823,1,1,4.49,1,2.12,2,0,1,0,0,0,0,0,0,1,0,0,0,0,0,1,0,0,0
31,2,5,3,2,-0.5822493337366119,0.49,0.46,0,0.5626102185230469,0,-0.6309203488929528,0.2494869876134741,2,0,4.84,1,1.97,2,0,1,0,0,0,0,0,0,0,0,1,0,0,0,0,1,0,1
32,8,1,2,2,1.1447051126644732,0.45,0.21,0,-0.35218807721501205,2,0.17018313822491013,0.2494869876134741,0,2,3.28,0,2.41,2,1,0,0,0,0,0,1,1,1,1,1,0,0,0,0,0,0,0
33,13,0,2,3,-0.5822493337366119,0.22,0.29,0,0.7912375848408802,0,1.2794033511573357,0.1374419332960456,0,2,4.94,1,2.18,2,0,0,0,1,0,0,1,0,1,0,0,0,1,0,0,0,1,0
34,17,9,1,1,0.7461771634949921,0.09,0.24,1,-0.36213467641289016,2,0.17018313822491013,-0.08664817533881138,1,1,4.9,0,4.76,2,1,0,0,0,1,0,0,0,0,0,0,0,1,0,0,1,0,0
35,17,2,4,2,-1.3793052320755743,0.12,0.7,2,-1.4908841403782653,1,0.4782998640394728,1.0338023678354735,1,0,3.79,1,4.1,2,1,0,0,0,0,0,0,0,0,0,0,1,0,0,0,0,0,1
36,2,0,3,1,-0.9807772829060931,0.1,0.96,2,-1.2749833665005483,1,0.4782998640394728,-1.4311888271479534,2,1,3.23,0,2.17,0,1,1,0,0,1,0,0,1,0,0,0,0,1,0,1,0,0,0
37,10,0,0,1,0.6133345137718317,0.88,0.82,2,1.213327208152651,0,-1.1239071101962532,1.594027639422616,1,1,2.21,1,4.17,1,0,1,1,0,0,0,0,0,0,0,1,1,1,0,0,0,0,0
38,5,9,7,1,0.8790198132181525,0.68,0.94,2,0.6237520179481162,2,1.2177800059944233,-0.5348283926085253,0,2,2.08,1,4.85,1,0,1,1,0,1,0,0,0,1,1,0,0,0,0,0,0,0,0
39,13,3,0,3,-1.3793052320755743,0.47,0.71,1,-0.42827685329315396,2,-0.07631024242674002,-0.5348283926085253,1,0,2.31,1,2.32,1,0,0,0,1,0,1,0,0,0,0,0,0,0,0,0,0,1,0
40,14,8,6,3,0.08196391487919008,0.28,0.29,2,0.16806780097527252,1,0.35505317371364775,-0.4227833382910969,0,2,3.88,1,1.81,1,1,0,0,0,0,1,1,0,0,0,0,0,1,0,0,0,1,1
41,13,7,6,1,0.6133345137718317,0.08,0.7,1,-0.6121716010767914,1,-0.8157903843816905,1.2578924764703305,2,2,4.84,1,2.99,1,1,1,0,0,0,0,0,0,0,0,0,0,1,0,0,0,1,0
42,17,1,2,0,-1.3793052320755743,0.93,0.39,1,0.8641131219766949,2,-0.3844269682413027,1.594027639422616,0,2,4.46,0,3.9,1,1,0,0,1,0,0,1,1,0,0,0,0,0,0,1,0,0,0
43,2,0,4,3,-0.7150919834597723,0.74,0.5,1,-0.22185332910488523,1,-0.44605031340421525,0.921757313518045,1,0,4.74,0,2.54,1,1,1,0,1,1,1,0,1,0,0,0,0,0,0,0,0,0,0
44,1,4,6,3,-1.6449905315218951,0.92,0.46,0,-1.2696400028661166,1,-0.07631024242674002,1.369937530787759,0,1,2.22,0,2.35,1,1,0,0,1,1,0,0,0,0,0,0,0,0,0,0,0,1,0
45,0,3,1,0,1.0118624629413129,0.85,0.59,0,0.8156257073750605,2,-0.8157903843816905,0.921757313518045,2,2,4.94,1,2.77,1,0,0,0,0,0,1,0,1,1,0,1,1,0,0,0,0,0,1
46,8,6,0,0,-0.9807772829060931,0.31,0.5,2,-1.0557068865429708,1,0.7247932446911229,1.369937530787759,1,0,4.05,0,4.65,0,0,0,0,0,0,0,0,0,0,1,1,0,0,0,0,1,1,1
47,16,6,8,1,0.21480656460235048,0.65,0.91,1,0.4570968386471895,0,-0.5076736585671278,0.5856221505657596,1,0,2.75,0,1.8,2,0,1,0,1,1,0,0,0,0,1,0,0,0,0,0,0,0,0
48,15,7,9,1,0.8790198132181525,0.32,0.75,0,-1.6407510488007409,2,1.5875200769718985,1.4819825851051875,1,1,3.82,0,1.88,0,0,1,1,0,0,1,1,0,0,0,0,0,1,0,0,0,0,1
49,4,7,5,3,-0.9807772829060931,0.45,0.66,2,-1.1227155548234127,1,1.4026500414831609,0.2494869876134741,1,0,3.51,0,4.32,2,0,0,1,0,1,0,0,0,0,1,0,0,0,0,0,0,1,1
50,15,6,5,1,1.6760757115571148,0.73,0.38,1,1.4559267482983564,1,-0.6925436940558654,0.2494869876134741,2,2,3.11,0,3.34,1,0,0,1,0,0,0,1,0,0,0,1,1,1,0,0,0,1,0
51,8,4,7,2,1.0118624629413129,0.85,0.64,1,1.1424554323797482,1,-1.1855304553591657,-1.5432338814653819,2,2,4.99,1,1.39,1,1,0,1,0,0,0,1,0,0,0,0,0,1,0,0,1,0,0
52,7,3,8,3,1.0118624629413129,0.9,0.75,2,0.8117264960742588,2,0.7247932446911229,-0.19869322965623987,1,1,4.07,1,2.77,0,0,1,0,0,0,0,0,0,1,0,1,0,0,0,0,0,0,1
53,4,0,4,1,-1.5121478817987346,0.3,0.96,1,0.4072374793286063,1,-1.1855304553591657,1.145847422152902,0,1,2.21,1,3.35,0,0,0,1,0,0,0,0,1,1,0,0,0,0,1,0,1,0,0
54,3,8,8,1,-0.18372138456713072,0.94,0.63,2,-0.9188192972189969,0,-0.44605031340421525,-1.6552789357828104,2,2,2.16,0,3.1,1,0,0,0,1,1,0,0,0,0,0,0,1,0,0,1,1,0,0
55,8,3,9,2,0.21480656460235048,0.51,0.29,0,0.6396918493305597,1,-1.4936471811737284,0.025396878978617116,1,2,4.06,0,3.85,2,1,1,0,0,0,0,0,0,1,0,0,0,0,0,0,0,0,0
56,10,6,5,3,0.8790198132181525,0.11,0.42,0,1.2512723107187849,2,0.10855979306199759,0.1374419332960456,0,2,2.3,1,4.41,1,0,0,0,0,1,0,0,0,0,0,1,1,0,0,0,0,0,0
57,3,5,0,2,1.1447051126644732,0.36,0.56,1,0.22397454819093218,2,-1.1239071101962532,0.6976672048831881,1,1,2.27,1,1.37,0,0,1,0,0,0,0,1,0,0,0,0,0,0,1,1,0,0,0
58,0,7,4,2,-0.18372138456713072,0.42,0.89,2,0.25684706568518995,0,0.2934298285507352,-0.9830086098782393,2,0,3.45,1,2.4,1,1,0,0,0,1,0,0,1,0,0,1,0,0,0,0,0,1,0
59,18,6,9,2,-1.6449905315218951,0.81,0.97,2,1.197549843907741,2,1.0329099705056857,1.0338023678354735,1,2,3.05,1,4.48,1,0,0,1,1,0,0,1,0,0,0,0,0,0,1,0,0,0,1
60,13,5,3,2,1.5432330618339545,0.24,0.53,0,-0.13139523730712271,0,-1.3704004908479033,1.4819825851051875,2,1,2.47,1,3.7,2,0,0,0,1,1,0,0,0,1,0,0,1,0,0,0,1,1,0
61,3,7,4,3,0.4804918640486713,0.73,0.29,0,0.2898639984128107,2,-1.5552705263366409,-0.8709635555608108,1,0,2.16,1,2.21,0,1,1,1,0,1,0,0,0,0,0,0,0,0,1,1,0,0,0
62,17,1,6,0,0.4804918640486713,0.06,0.79,0,-0.9131509993094983,0,1.4642733866460733,-0.4227833382910969,2,2,4.59,1,2.74,2,0,0,0,1,0,0,0,0,0,0,1,0,1,0,0,0,1,0
63,15,8,5,0,1.6760757115571148,0.69,0.53,0,-1.1995444589725401,2,1.5875200769718985,0.8097122592006165,1,1,3.31,1,1.97,1,0,0,0,0,0,0,0,0,0,0,1,0,0,0,1,0,0,1
64,4,6,1,0,1.5432330618339545,0.36,0.46,1,-0.9489479252793572,2,1.1561566608315106,1.7060726937400446,0,1,2.71,1,2.02,0,0,0,0,0,1,0,0,1,1,0,0,1,0,0,1,0,0,1
65,10,3,5,2,-1.1136199326292535,0.73,0.8,1,0.37972637737295073,1,0.17018313822491013,-0.08664817533881138,0,2,4.39,1,2.41,0,1,0,0,0,0,1,1,0,0,0,0,1,0,0,0,0,0,0
66,18,3,6,3,0.21480656460235048,0.8,0.26,0,-1.3172789779717433,0,1.4026500414831609,0.921757313518045,2,2,4.73,1,2.29,2,0,1,0,0,0,1,0,0,0,1,0,0,0,0,0,1,1,0
67,4,6,8,1,-0.7150919834597723,0.86,0.47,0,1.6357056619311479,2,0.04693644789908505,0.1374419332960456,0,0,2.48,0,4.67,2,0,1,1,0,0,0,0,0,0,0,0,0,0,0,0,0,1,1
68,18,2,5,1,0.7461771634949921,0.55,0.51,0,-0.552076812093604,1,-0.32280362307839017,-0.6468734469259538,0,0,3.99,1,3.38,0,0,1,0,0,0,1,0,1,0,1,1,0,0,0,0,0,1,0
69,14,4,0,2,-1.6449905315218951,0.65,0.85,1,1.4989444359363666,2,-1.000660419870428,1.7060726937400446,2,2,4.84,0,1.77,0,0,0,0,0,0,0,0,0,0,1,1,1,0,0,1,0,0,1
70,0,5,4,0,0.8790198132181525,0.74,0.86,1,0.7470826272401364,1,-1.0622837650333405,-1.0950536641956679,0,0,4.43,1,3.88,0,0,0,1,1,0,0,0,0,0,0,0,1,1,0,0,0,0,0
71,8,7,7,0,-0.18372138456713072,0.72,0.55,0,0.7824643594140767,0,0.04693644789908505,-0.08664817533881138,1,2,3.51,0,4.87,0,0,1,0,0,1,0,1,0,1,0,0,0,1,0,0,0,0,1
72,14,4,3,1,1.5432330618339545,0.38,0.94,2,1.6219140071449794,2,0.04693644789908505,1.4819825851051875,0,1,4.49,1,4.79,0,1,0,0,1,0,0,0,0,0,0,0,0,0,0,1,0,1,0
73,9,0,9,2,-1.2464625823524138,0.39,0.51,0,-1.3584012156718637,0,-0.3844269682413027,1.145847422152902,2,1,2.11,0,3.78,0,0,0,0,1,0,0,0,1,1,0,0,0,0,1,1,1,0,0
74,14,1,1,2,-0.7150919834597723,0.8,0.63,1,1.1367690825660792,1,-1.4936471811737284,-0.8709635555608108,1,0,4.38,0,1.25,2,0,1,1,0,1,0,0,1,0,0,0,1,0,0,0,1,0,0
75,8,3,0,0,1.1447051126644732,0.31,0.2,0,-0.07498303677469248,1,0.35505317371364775,-0.4227833382910969,2,0,3.63,1,2.56,2,0,0,0,0,1,0,1,1,0,0,0,0,0,0,0,0,0,0
76,9,0,1,2,-1.1136199326292535,0.72,0.48,2,-1.4248683268271942,2,0.41667651887656026,-0.5348283926085253,0,1,4.49,0,4.92,2,0,0,0,1,0,0,0,0,1,0,0,0,0,0,0,0,0,1
77,0,5,3,3,0.6133345137718317,0.31,0.23,1,-0.8006515325197046,2,-1.5552705263366409,1.0338023678354735,0,1,2.86,1,4.46,2,0,1,0,0,1,0,0,0,0,0,0,1,0,0,0,1,0,0
78,11,2,7,3,-0.18372138456713072,0.72,0.91,0,0.08510124940821673,2,1.4642733866460733,-1.4311888271479534,0,2,2.24,1,3.18,2,0,1,1,0,0,0,0,0,1,0,0,0,0,1,1,0,0,0
79,13,9,5,3,-1.5121478817987346,0.33,0.68,0,0.27188430185911455,2,0.7247932446911229,-0.19869322965623987,1,0,4.94,1,1.3,1,0,0,0,0,0,0,0,0,0,0,1,1,1,0,0,0,0,0
80,4,0,5,2,-0.05087873484397031,0.66,0.55,0,-1.1472300406867855,1,0.6631698995282104,-1.2070987185130964,0,2,4.85,0,2.78,0,0,0,0,0,0,1,0,1,1,0,0,1,1,0,0,1,0,0
81,6,2,7,3,0.6133345137718317,0.63,0.4,2,-1.2077219715617211,2,1.3410266963202482,-0.7589185012433823,0,2,2.64,0,3.78,2,0,0,0,0,0,1,0,1,1,0,0,0,0,0,0,0,0,1
82,11,5,1,2,-0.4494066840134515,0.21,0.76,2,-1.3291390790116815,0,1.0945333156685981,1.594027639422616,0,0,2.52,0,3.04,0,0,0,1,0,1,0,1,0,0,0,0,1,0,0,0,0,0,0
83,5,2,4,1,-1.3793052320755743,0.37,0.65,1,0.4672781125992825,2,1.0945333156685981,0.921757313518045,1,0,3.23,0,4.29,0,1,0,0,0,1,0,1,0,0,0,0,0,0,0,0,1,0,0
84,10,2,8,3,0.4804918640486713,0.66,0.47,2,0.8642936410183987,1,0.35505317371364775,-1.2070987185130964,1,1,2.49,1,2.38,1,0,1,0,0,0,0,1,0,0,0,1,1,0,0,0,0,0,0
85,5,4,6,0,0.7461771634949921,0.3,0.69,0,1.1630165512298085,1,-1.0622837650333405,0.6976672048831881,0,0,4.71,0,4.37,1,0,0,0,1,0,0,0,1,0,0,1,1,0,1,0,0,0,0
86,2,3,0,1,0.3476492143255109,0.9,0.81,0,-0.4921805940562909,0,-0.5692970037300403,0.5856221505657596,1,2,2.73,0,2.19,0,0,0,0,0,0,0,0,0,0,0,0,1,0,0,0,1,1,0
87,17,5,5,2,-0.05087873484397031,0.49,0.36,2,1.1262628743389194,2,0.2934298285507352,0.2494869876134741,2,2,2.73,1,2.07,0,0,1,0,0,0,1,0,0,0,0,0,0,0,0,1,0,0,0
88,11,3,5,0,1.5432330618339545,0.83,0.53,2,-0.9888426334958919,2,0.2934298285507352,-0.08664817533881138,1,2,3.49,1,4.78,1,0,0,1,0,0,0,0,0,0,0,0,0,1,1,0,0,1,0
89,12,7,6,1,-1.2464625823524138,0.5,0.9,1,1.3515145345768922,1,-0.6925436940558654,0.921757313518045,1,2,3.1,0,1.2,1,0,1,0,0,1,0,1,0,1,0,0,0,0,1,0,1,0,0
90,18,3,1,0,-1.2464625823524138,0.5,0.8,1,-0.4208755725832991,2,1.4026500414831609,-0.5348283926085253,0,2,4.26,1,3.41,2,0,0,0,0,0,0,0,0,1,0,0,1,1,1,0,0,0,0
91,1,2,4,0,-0.3165640342902911,0.69,0.84,0,0.7130006321664634,2,-1.0622837650333405,-0.31073828397366837,0,0,4.53,0,3.03,1,0,0,0,0,1,0,0,0,0,1,0,0,0,0,0,0,1,0
92,6,3,7,2,1.0118624629413129,0.15,0.53,0,-0.2885912188227715,0,-0.8157903843816905,0.921757313518045,2,0,3.44,0,1.59,1,1,1,0,0,0,1,0,0,0,0,1,0,1,0,0,1,0,0
93,2,1,6,3,1.410390412110794,0.45,0.53,0,0.2096413362796523,1,1.0945333156685981,-1.2070987185130964,0,1,3.68,0,3.1,2,0,0,1,0,0,0,0,0,0,0,0,0,0,1,0,1,1,0
94,19,3,7,0,-0.7150919834597723,0.74,0.77,1,1.2996875177037377,0,-0.5076736585671278,-0.8709635555608108,1,2,4.11,0,2.27,2,0,1,0,0,0,0,0,1,1,0,1,0,0,0,0,0,0,0
95,16,8,3,1,-0.18372138456713072,0.79,0.95,1,-1.0514285852545913,0,-0.6925436940558654,0.921757313518045,1,1,2.61,0,4.73,1,0,1,1,0,0,0,0,0,0,0,0,0,1,1,0,0,0,1
96,8,8,1,3,-0.3165640342902911,0.65,0.62,0,1.2743065404401868,2,-1.3087771456849908,0.6976672048831881,2,1,4.89,1,2.63,2,0,0,1,0,1,0,1,1,0,0,0,0,0,0,0,1,0,0
97,8,6,9,0,0.08196391487919008,0.87,0.27,2,0.972334287478109,1,1.5875200769718985,-0.31073828397366837,1,1,4.81,0,4.51,0,1,0,0,0,1,0,0,0,0,0,1,0,1,1,0,1,0,0
98,14,9,3,0,1.6760757115571148,0.54,0.59,2,-1.1095196128748666,2,-1.0622837650333405,0.921757313518045,1,0,2.77,1,1.06,2,0,0,1,0,0,0,1,1,0,0,1,0,1,0,0,0,0,0
99,3,2,8,3,-0.3165640342902911,0.51,0.27,2,1.4224765698706467,1,-0.6925436940558654,-0.31073828397366837,2,2,4.26,0,2.21,1,0,0,0,0,0,1,0,0,0,1,0,0,0,1,1,0,0,1
100,13,1,6,2,1.2775477623876337,0.11,0.29,2,-0.2927070529736176,0,-0.5692970037300403,-0.4227833382910969,0,1,2.66,1,2.91,2,0,0,0,1,0,0,1,0,1,0,0,0,0,0,0,0,0,0
101,14,9,6,2,-1.3793052320755743,0.66,0.67,0,-1.3571556342841076,1,-1.4936471811737284,1.2578924764703305,0,0,2.61,1,1.66,1,1,0,1,0,0,0,0,0,0,0,0,0,0,1,1,0,0,1
102,7,9,4,1,0.6133345137718317,0.78,0.56,1,0.684207845014711,0,1.4642733866460733,-0.6468734469259538,0,1,3.19,1,3.98,1,1,0,1,1,0,0,1,0,0,0,0,0,0,1,0,0,1,0
103,4,9,9,2,0.08196391487919008,0.68,0.63,2,-1.4594377233134674,1,1.3410266963202482,0.5856221505657596,0,0,4.89,0,4.97,2,0,0,0,0,0,0,0,0,1,0,0,0,0,0,1,0,1,0
104,13,6,0,0,1.410390412110794,0.17,0.88,2,-1.183189433794178,1,1.2794033511573357,-1.6552789357828104,1,2,4.02,0,3.13,0,0,1,0,1,0,0,0,0,0,1,1,1,0,0,0,0,0,1
105,0,1,4,1,-0.7150919834597723,0.22,0.89,2,-1.210574172420641,1,-1.3087771456849908,0.4735770962483311,2,2,3.79,1,1.98,0,1,1,0,0,1,0,0,0,1,0,0,0,0,0,0,0,0,0
106,8,3,5,2,-0.7150919834597723,0.1,0.6,1,-0.37572776025318455,1,0.9096632801798605,0.1374419332960456,2,2,2.9,1,3.23,1,0,1,0,0,0,0,1,0,0,1,0,0,0,1,1,0,0,1
107,11,1,0,0,-0.4494066840134515,0.9,0.73,1,0.7372804432756214,1,1.2794033511573357,0.2494869876134741,1,1,4.55,0,4.43,0,1,0,0,0,0,1,0,0,0,0,0,0,0,0,1,0,1,0
108,4,9,5,1,0.6133345137718317,0.4,0.4,0,-0.1817058942299653,1,-1.4936471811737284,-0.7589185012433823,1,0,3.81,1,4.49,0,0,1,0,1,0,0,0,1,0,0,0,1,0,0,1,0,1,0
109,3,9,2,0,-0.05087873484397031,0.91,0.21,2,-0.8453480472455597,0,-0.44605031340421525,1.0338023678354735,1,2,3.4,0,2.23,2,1,0,0,0,1,0,0,0,0,0,1,0,0,1,0,0,0,0
110,0,3,2,0,-1.6449905315218951,0.87,0.49,1,0.21422651993892824,0,0.6015465543652979,0.3615320419309026,0,2,2.89,1,2.32,2,1,1,1,0,0,1,0,0,0,0,0,0,0,0,1,0,0,1
111,12,9,8,2,-0.9807772829060931,0.79,0.96,2,1.292051562239668,0,0.41667651887656026,0.025396878978617116,2,0,4.97,1,3.1,0,1,0,0,1,0,0,0,0,0,0,1,0,0,0,0,0,0,1
112,17,8,2,3,-0.18372138456713072,0.81,0.38,2,1.6018944454200303,0,0.7864165898540355,0.6976672048831881,0,2,3.98,1,1.03,1,0,0,0,0,1,0,0,0,0,0,0,0,0,0,1,1,0,0
113,13,4,1,0,-0.7150919834597723,0.5,0.75,2,0.292986977834286,0,0.35505317371364775,-0.7589185012433823,1,2,4.38,1,2.49,2,1,0,0,1,1,0,0,1,0,1,0,0,0,0,0,1,0,0
114,4,1,0,3,0.6133345137718317,0.64,0.88,1,-1.5946464855495963,1,0.7864165898540355,-1.6552789357828104,0,1,2.25,0,3.58,2,0,0,0,0,0,0,1,0,0,1,1,0,1,0,1,0,1,0
115,12,7,9,1,1.1447051126644732,0.24,0.89,1,0.9375663200459616,0,0.5399232092023853,0.6976672048831881,2,1,4.79,0,1.06,0,0,0,0,0,0,0,1,1,0,0,0,0,0,0,0,0,1,0
116,5,5,0,0,1.6760757115571148,0.56,0.65,0,0.09699745425649561,0,-1.3704004908479033,0.1374419332960456,0,2,2.16,0,1.93,0,0,0,0,0,0,0,0,1,0,0,0,1,1,0,0,0,0,1
117,9,6,0,3,-0.9807772829060931,0.76,0.56,0,-0.664973420775146,0,0.9096632801798605,-0.31073828397366837,2,0,2.89,1,3.85,0,0,0,0,0,1,0,0,1,0,0,1,0,0,0,0,1,0,1
118,16,9,5,2,-1.2464625823524138,0.34,0.28,2,-1.7199989081086988,1,-1.000660419870428,-0.19869322965623987,1,0,3.66,0,1.41,0,0,0,0,0,1,0,0,0,1,1,0,0,0,1,0,0,0,1
119,5,0,4,0,1.1447051126644732,0.06,0.53,1,-1.3437611213896874,1,-1.1855304553591657,-0.7589185012433823,1,2,3.48,1,1.67,2,0,0,0,0,0,0,0,0,0,1,1,1,0,1,1,0,0,0
120,2,9,1,0,-0.4494066840134515,0.7,0.59,2,1.1736310708819906,2,-0.3844269682413027,1.2578924764703305,0,2,4.41,0,2.76,2,1,0,1,0,1,1,0,0,0,0,0,1,1,0,0,0,0,0
121,16,9,4,0,-0.3165640342902911,0.33,0.96,1,-0.23434524679078658,2,1.525896731808986,1.145847422152902,1,2,2.34,1,3.37,1,0,0,0,0,0,0,1,0,0,0,1,0,1,1,0,0,0,0
122,4,1,7,0,1.0118624629413129,0.24,0.83,1,1.5340553895477511,1,-0.6925436940558654,0.6976672048831881,2,0,3.27,0,1.3,1,0,1,0,0,0,0,0,0,1,1,0,0,0,0,0,1,0,0
123,18,4,1,0,1.1447051126644732,0.92,0.75,0,0.7961657546793933,2,-1.0622837650333405,0.5856221505657596,0,1,3.69,0,4.87,2,0,0,0,1,0,0,0,1,0,1,0,0,0,0,1,1,0,1
124,10,0,7,2,-0.05087873484397031,0.72,0.64,1,1.5095950593968894,0,0.6015465543652979,0.8097122592006165,0,1,3.03,1,2.93,2,1,0,1,1,1,0,0,0,0,1,0,0,0,0,0,1,0,0
125,9,9,1,3,1.410390412110794,0.46,0.36,0,0.5407313106685492,2,-0.44605031340421525,-1.4311888271479534,1,1,4.43,1,1.09,2,1,1,1,0,1,1,0,0,0,0,0,1,0,0,0,0,0,0
126,1,0,0,0,-0.9807772829060931,0.55,0.46,0,0.2730937794385298,0,-0.014686897263827485,-0.31073828397366837,2,0,3.84,1,2.8,2,0,0,0,0,0,1,1,0,0,1,0,0,0,0,0,0,0,0
127,5,2,5,2,-0.8479346331829327,0.78,0.25,1,-1.263069109748099,1,-0.6925436940558654,0.6976672048831881,1,0,4.9,0,3.39,1,0,0,0,0,1,0,0,1,1,0,0,0,0,1,0,1,0,1
128,18,3,1,0,-0.3165640342902911,0.21,0.73,2,-0.33700642580772444,1,-0.5076736585671278,-1.3191437728305249,2,2,4.08,0,2.67,0,0,0,1,0,0,0,1,1,1,0,0,0,1,0,1,0,0,0
129,5,2,7,2,-1.1136199326292535,0.88,0.94,2,-0.9247944774993919,2,1.5875200769718985,-0.08664817533881138,0,1,4.6,1,2.94,0,1,0,0,1,0,1,0,0,1,0,1,0,0,0,1,0,0,0
130,13,4,4,1,1.6760757115571148,0.42,0.86,2,0.5680438416783307,2,-1.5552705263366409,-0.7589185012433823,2,0,2.87,0,3.26,2,1,0,0,0,0,0,1,1,0,1,1,0,0,1,0,0,0,0
131,1,6,2,3,-1.2464625823524138,0.54,0.8,0,1.6577831407315198,0,1.2794033511573357,-0.8709635555608108,1,1,3.35,0,4.45,0,0,0,1,1,0,0,0,0,1,0,0,0,0,0,0,0,0,0
132,7,2,4,0,1.6760757115571148,0.67,0.88,2,1.143303871875756,1,1.4642733866460733,-1.5432338814653819,0,2,3.6,1,2.29,1,0,0,1,0,0,0,1,0,1,0,0,0,1,1,0,0,0,1
133,17,2,2,0,1.2775477623876337,0.76,0.93,1,-0.43223022030646663,1,1.2794033511573357,1.2578924764703305,0,2,3.47,0,3.51,2,0,0,1,1,0,0,0,0,0,0,0,1,1,0,0,0,0,1
134,12,5,4,1,1.5432330618339545,0.68,0.89,0,0.40712916790358405,1,1.1561566608315106,-0.08664817533881138,0,0,4.09,1,4.18,2,0,0,0,1,1,0,0,0,1,1,0,1,0,0,0,0,0,1
135,10,2,4,3,1.6760757115571148,0.34,0.42,1,0.8454113492561837,0,1.2794033511573357,-1.5432338814653819,2,1,3.88,0,1.07,0,1,0,0,0,1,0,0,0,0,0,0,0,0,1,1,0,0,0
136,4,5,3,1,-0.18372138456713072,0.84,0.44,0,-0.44786316931801373,0,-1.0622837650333405,-1.5432338814653819,1,0,2.92,1,2.72,0,0,1,1,0,0,0,0,0,1,0,0,1,0,0,1,1,0,0
137,1,8,9,2,-1.2464625823524138,0.12,0.67,1,0.7135421892915746,0,-1.1855304553591657,0.025396878978617116,2,1,3.15,1,1.41,2,1,0,0,0,0,0,0,0,0,0,0,0,0,1,0,1,0,0
138,18,2,7,2,1.410390412110794,0.18,0.62,2,-1.704474270522174,0,1.2177800059944233,-1.2070987185130964,1,0,4.06,1,1.35,0,0,1,0,0,1,0,0,0,0,1,1,0,0,0,0,0,0,1
139,4,0,6,2,1.5432330618339545,0.33,0.31,0,-0.4339090473943118,1,1.649143422134811,1.369937530787759,0,2,2.62,1,3.99,2,0,0,1,0,0,0,0,0,1,0,0,0,0,1,0,0,0,1
140,4,6,9,2,-0.3165640342902911,0.15,0.59,2,1.066023670122369,2,1.7107667672977236,1.2578924764703305,0,2,3.1,1,4.05,0,1,0,0,0,0,0,1,0,0,0,0,0,0,0,0,0,0,1
141,14,7,6,3,0.08196391487919008,0.24,0.93,0,0.1387154047942384,2,-1.3704004908479033,0.5856221505657596,0,0,3.85,0,1.33,0,0,0,0,1,0,0,0,0,0,0,0,1,0,0,0,1,0,0
142,4,7,0,0,-1.5121478817987346,0.62,0.86,2,1.4783111094696249,1,-0.014686897263827485,-1.3191437728305249,1,0,3.83,0,3.66,1,0,0,0,0,1,0,0,0,0,0,1,0,1,0,0,0,0,1
143,14,6,3,0,-0.18372138456713072,0.06,0.59,2,-0.10390218725563752,0,1.3410266963202482,1.369937530787759,1,0,4.66,1,2.34,2,0,0,1,0,1,0,0,0,1,0,0,0,0,0,0,1,0,0
144,9,8,7,0,-0.18372138456713072,0.61,0.59,2,0.672546314920647,2,1.3410266963202482,-1.3191437728305249,0,0,4.17,1,3.96,0,0,0,0,1,0,0,0,1,1,0,0,1,1,0,0,0,0,0
145,13,8,6,3,-0.7150919834597723,0.47,0.5,1,-1.034351483909414,1,-0.07631024242674002,1.594027639422616,0,2,2.81,1,3.29,0,0,0,0,0,0,0,1,0,0,0,0,0,0,0,0,1,1,0
146,16,7,5,1,0.6133345137718317,0.91,0.25,1,0.4563386586720336,1,-0.2611802779154776,-0.9830086098782393,1,0,4.35,1,2.86,1,0,0,0,0,0,1,1,0,0,0,0,0,0,0,0,0,1,0
147,6,5,9,3,1.410390412110794,0.26,0.47,0,1.5370159018316931,2,-1.3087771456849908,-0.9830086098782393,0,1,3.26,1,4.89,0,0,1,0,0,1,0,1,0,0,1,0,0,0,1,0,1,0,0
148,1,4,4,1,0.4804918640486713,0.52,0.75,2,0.018128684936115563,0,1.525896731808986,-0.31073828397366837,2,0,3.7,0,3.65,0,0,1,0,0,0,0,1,0,0,0,0,1,0,0,1,0,1,0
149,11,9,3,0,-1.3793052320755743,0.77,0.75,2,-0.2006964974172026,1,1.3410266963202482,1.0338023678354735,0,1,2.47,1,2.8,2,0,1,0,1,0,0,0,0,0,0,1,0,1,0,0,0,0,0
150,16,3,9,0,-0.3165640342902911,0.29,0.29,2,-0.9987170250770885,1,1.0945333156685981,-0.8709635555608108,1,2,3.54,0,2.04,0,0,1,1,0,1,0,1,0,1,0,0,0,0,1,0,0,0,0
151,3,8,9,0,-1.1136199326292535,0.14,0.28,2,-1.0830555213610928,2,-0.2611802779154776,0.6976672048831881,0,0,2.25,0,4.67,0,0,1,0,0,0,0,1,0,0,0,0,0,0,0,0,0,0,1
152,3,8,7,1,-0.9807772829060931,0.78,0.27,0,-0.17562240252454803,2,1.525896731808986,0.921757313518045,1,2,2.09,0,1.69,0,0,1,0,0,0,0,0,0,0,0,0,1,0,1,0,0,0,0
153,8,7,7,3,0.6133345137718317,0.18,0.69,1,1.1750752232156207,1,-1.3704004908479033,-0.7589185012433823,1,1,3.26,1,3.52,1,1,1,0,1,0,0,0,0,0,1,0,0,0,0,0,0,0,0
154,14,5,0,2,-0.9807772829060931,0.54,0.58,2,0.9322049045073595,2,0.6631698995282104,-0.8709635555608108,2,2,2.18,0,3.12,1,1,0,0,0,0,0,0,0,1,0,0,0,0,0,0,0,0,1
155,8,3,0,2,-0.9807772829060931,0.27,0.62,2,-1.4799988421635275,1,0.6015465543652979,-0.5348283926085253,0,0,3.08,1,3.81,2,0,0,1,0,0,1,1,0,0,0,1,0,0,0,0,0,0,0
156,18,0,9,3,-1.6449905315218951,0.49,0.27,1,-0.6437624333749522,0,-0.9390370747075155,1.145847422152902,2,2,4.15,0,1.24,0,1,0,0,0,0,0,0,0,0,0,0,1,1,1,0,0,0,0
157,10,4,5,2,-0.3165640342902911,0.39,0.94,2,0.12746906849609313,1,1.1561566608315106,1.7060726937400446,1,0,4.88,0,1.7,1,0,0,1,0,0,0,0,1,1,0,0,0,0,0,0,0,1,0
158,10,1,4,1,-0.9807772829060931,0.67,0.3,0,-1.7360651028203349,2,1.4642733866460733,1.7060726937400446,0,1,3.92,1,4.75,0,0,0,0,0,1,1,1,0,1,0,0,0,0,0,0,0,0,1
159,11,9,9,2,-0.8479346331829327,0.62,0.96,2,1.6103968922842784,0,-1.4320238360108157,-0.4227833382910969,1,1,4.16,1,2.54,1,0,0,0,0,0,1,1,0,1,1,0,1,0,0,0,0,0,0
160,10,0,8,3,-1.3793052320755743,0.54,0.28,2,0.524466545011039,2,-1.6168938714995533,-0.5348283926085253,1,1,2.22,1,4.55,0,1,1,0,0,0,1,0,0,0,1,0,0,0,1,1,0,0,0
161,6,1,8,3,-0.9807772829060931,0.58,0.68,2,0.5398287154600303,1,-0.3844269682413027,-0.9830086098782393,2,2,4.09,0,3.64,2,0,0,0,0,0,0,0,0,0,1,1,1,0,0,0,0,0,0
162,9,8,0,1,-0.4494066840134515,0.54,0.59,0,-1.4866419428982267,0,0.6631698995282104,0.025396878978617116,2,1,2.08,1,3.55,0,0,0,1,0,0,0,0,0,0,0,0,0,1,0,0,0,1,1
163,13,5,0,2,-0.9807772829060931,0.29,0.71,1,0.08927123927157397,1,-0.6925436940558654,-0.08664817533881138,1,2,2.68,0,3.26,0,0,1,1,0,0,0,1,0,0,0,1,0,1,0,0,0,0,1
164,0,1,6,3,0.6133345137718317,0.92,0.67,0,0.8751789392331364,2,0.5399232092023853,1.4819825851051875,2,2,2.9,0,4.61,1,0,0,0,0,0,0,0,0,1,0,0,1,0,0,1,0,0,0
165,13,0,2,0,-1.5121478817987346,0.16,0.8,1,-0.926473304587237,1,0.9712866253427731,-0.19869322965623987,2,0,2.44,0,2.28,1,0,0,0,0,1,0,0,1,0,1,0,0,0,0,0,0,0,0
166,1,8,4,3,-1.2464625823524138,0.55,0.88,1,0.7146975111584789,1,-1.1239071101962532,0.3615320419309026,0,0,4.28,1,4.7,1,0,0,0,0,0,0,0,1,0,0,0,1,0,0,0,0,0,1
167,18,9,9,0,-0.5822493337366119,0.29,0.72,1,0.9623515844718902,1,0.7247932446911229,0.4735770962483311,0,0,3.21,0,4.56,2,0,0,0,0,0,0,0,0,1,0,0,0,1,0,1,0,0,0
168,16,7,7,1,-0.7150919834597723,0.39,0.47,2,-0.3104520747730989,2,1.2177800059944233,-0.08664817533881138,1,2,4.19,1,1.75,0,1,1,0,1,0,0,0,0,0,0,0,0,0,0,0,0,1,0
169,14,1,8,1,-0.9807772829060931,0.76,0.25,2,1.613249093143198,1,1.5875200769718985,-1.5432338814653819,2,1,3.37,0,3.82,2,1,0,0,1,0,0,0,1,1,0,0,0,0,0,1,1,0,0
170,18,9,8,3,0.7461771634949921,0.66,0.39,0,0.5684590354742494,2,-0.32280362307839017,-1.0950536641956679,1,0,4.49,1,2.14,2,0,1,0,0,0,0,0,1,0,0,1,0,0,0,0,0,1,1
171,7,6,9,1,0.3476492143255109,0.63,0.74,2,-0.47122233331448243,0,-1.000660419870428,0.4735770962483311,2,1,2.76,0,3.85,1,0,0,0,0,0,1,1,0,0,0,0,0,0,1,0,0,0,0
172,18,1,4,1,-1.6449905315218951,0.25,0.44,0,0.7191924352969029,0,1.5875200769718985,1.2578924764703305,1,0,3.94,0,2.19,0,0,0,0,0,1,0,1,0,1,0,0,0,0,0,1,0,0,1
173,16,0,8,0,-1.5121478817987346,0.29,0.76,0,1.3383005407241757,2,0.9096632801798605,-0.5348283926085253,0,1,4.16,0,4.99,2,0,0,0,1,1,1,0,1,0,0,1,1,0,0,0,0,0,0
174,8,6,7,2,0.4804918640486713,0.78,0.47,1,1.6312287896968942,1,1.5875200769718985,0.6976672048831881,0,1,2.88,0,1.51,2,0,1,0,0,0,0,0,0,1,1,0,0,1,0,0,0,1,1
175,11,5,3,2,0.21480656460235048,0.25,0.89,2,0.24518553559112594,2,-1.4936471811737284,1.369937530787759,0,0,3.74,1,2.89,0,0,0,0,0,0,1,1,0,0,0,1,1,0,0,0,0,0,0
176,17,0,5,3,0.7461771634949921,0.42,0.89,1,-1.0310660373504053,1,-0.44605031340421525,1.369937530787759,0,1,4.34,0,2.33,0,0,0,0,0,0,0,0,1,0,0,0,0,1,0,0,0,0,1
177,12,4,8,3,1.0118624629413129,0.74,0.33,1,-0.9948358656804572,2,-0.014686897263827485,1.7060726937400446,1,2,2.01,1,3.92,0,0,1,1,0,1,0,0,0,0,0,0,0,0,0,0,1,1,0
178,9,7,8,1,-0.05087873484397031,0.61,0.4,0,1.5373227842025894,0,-0.5076736585671278,-1.0950536641956679,2,1,2.89,0,2.82,1,1,0,0,0,0,0,0,1,0,0,1,0,0,1,0,1,0,0
179,6,0,2,0,-0.8479346331829327,0.37,0.35,0,0.16434910871617472,1,0.6015465543652979,0.1374419332960456,2,1,3.1,1,2.5,1,0,1,0,0,1,0,1,0,0,0,1,0,0,0,1,0,0,0
180,3,1,7,3,-1.2464625823524138,0.64,0.22,0,1.5194513990739156,2,0.17018313822491013,0.8097122592006165,2,1,4.09,1,2.2,1,1,0,0,0,0,0,0,1,0,1,1,0,0,0,0,0,1,0
181,18,4,3,1,1.6760757115571148,0.43,0.91,2,0.6763372147964263,2,-0.9390370747075155,0.4735770962483311,2,2,4.49,1,2.43,2,0,0,0,1,1,0,0,1,0,0,0,0,0,0,0,0,0,0
182,6,8,1,1,0.7461771634949921,0.67,0.58,0,-0.6348447927147857,2,-1.1239071101962532,1.7060726937400446,2,0,2.23,1,4.62,1,1,1,1,0,0,1,0,0,0,0,0,0,0,0,0,0,1,0
183,16,5,5,3,1.410390412110794,0.1,0.84,2,-1.5579108605628778,1,1.649143422134811,1.0338023678354735,2,1,4.56,1,2.31,2,0,1,0,1,0,0,1,0,0,0,0,0,1,0,0,0,0,0
184,15,9,0,0,-1.2464625823524138,0.41,0.96,2,-0.4582069104076401,0,1.1561566608315106,-1.5432338814653819,2,1,3.25,0,4.21,1,0,0,0,0,0,0,0,0,1,1,1,1,0,0,0,0,1,0
185,12,9,1,3,0.21480656460235048,0.84,0.77,2,-1.1262898318491474,1,-0.6925436940558654,0.5856221505657596,1,1,4.11,1,4.91,1,0,0,0,0,0,1,0,0,1,0,1,0,1,0,0,1,0,1
186,15,2,6,1,-1.6449905315218951,0.7,0.58,0,1.3962291012069177,1,0.2934298285507352,1.369937530787759,1,2,4.61,1,4.01,2,0,0,1,0,0,0,0,1,0,1,1,0,0,1,0,0,0,0
187,8,4,7,3,1.6760757115571148,0.25,0.71,0,0.1638075515910634,2,-1.3704004908479033,1.369937530787759,1,2,2.95,0,3.98,0,0,0,0,1,0,0,0,1,0,0,1,0,0,0,0,0,1,0
188,18,3,3,0,1.0118624629413129,0.55,0.2,0,-1.3144448290169939,2,-0.3844269682413027,-0.4227833382910969,2,1,4.53,0,3.24,1,0,0,0,0,0,0,0,0,0,0,0,0,0,0,1,0,1,1
189,16,6,6,2,1.2775477623876337,0.25,0.47,2,1.2540342520568526,1,-1.0622837650333405,0.025396878978617116,2,0,4.23,0,1.43,1,0,1,1,0,0,0,0,0,1,0,1,0,0,0,0,0,1,1
190,11,4,0,1,1.0118624629413129,0.46,0.82,0,1.6474032958335525,0,-1.2471538005220781,1.0338023678354735,1,2,3.98,1,4.86,0,0,0,1,0,0,0,0,1,0,0,0,0,0,1,0,0,0,1
191,10,2,8,1,-0.05087873484397031,0.88,0.82,0,-0.9060204971621991,0,0.6631698995282104,1.4819825851051875,1,0,4.64,0,4.92,1,1,0,0,0,0,0,0,0,0,1,0,0,0,0,1,0,0,0
192,18,6,3,2,1.2775477623876337,0.46,0.31,0,0.20861237774194077,0,0.7864165898540355,-0.9830086098782393,2,1,3.87,0,3.75,1,0,0,0,1,1,0,0,0,0,0,1,0,0,0,0,0,0,1
193,10,3,0,2,0.08196391487919008,0.15,0.48,2,0.5286365348743962,0,-1.3087771456849908,-1.6552789357828104,1,1,2.16,1,1.8,0,0,0,0,0,0,1,0,1,1,0,1,0,0,0,0,0,0,0
194,9,9,1,0,1.410390412110794,0.32,0.8,0,-1.5917040251698247,0,-0.19955693275256509,-0.8709635555608108,0,0,2.86,1,4.71,2,0,0,0,1,1,0,0,0,1,0,0,0,0,0,0,0,1,1
195,8,5,4,0,1.5432330618339545,0.61,0.82,0,0.35208891208810256,1,-0.5692970037300403,-0.08664817533881138,2,0,2.22,1,3.94,0,0,0,1,0,1,0,0,0,1,0,1,0,0,0,0,1,1,0
196,11,9,8,1,-1.1136199326292535,0.19,0.87,1,-1.7178687834165942,0,-1.4936471811737284,1.0338023678354735,0,0,4.53,0,2.96,1,1,0,0,1,1,0,0,0,0,0,0,1,0,0,1,0,1,0
197,5,6,0,1,-0.18372138456713072,0.11,0.6,2,0.22368571772420615,1,0.9096632801798605,-0.5348283926085253,1,2,2.88,0,4.99,1,0,0,0,1,0,0,1,0,0,1,1,1,0,0,0,0,0,0
198,8,8,5,3,1.6760757115571148,0.27,0.71,2,1.194733746857162,2,-0.6925436940558654,0.2494869876134741,0,2,2.07,0,3.06,1,0,1,1,0,0,0,0,0,1,0,0,0,0,0,0,0,0,0
199,13,6,6,1,1.0118624629413129,0.34,0.27,2,-1.2904899521829027,1,0.9096632801798605,0.5856221505657596,2,0,3.27,1,1.82,1,1,1,1,0,0,0,0,0,0,0,1,0,1,0,0,0,1,0
200,19,6,1,0,-0.5822493337366119,0.08,0.26,1,-0.9022837529989309,2,0.04693644789908505,0.5856221505657596,1,2,2.95,0,3.69,1,0,0,0,0,1,1,1,0,1,0,0,1,0,0,0,1,0,0
201,16,3,1,2,1.5432330618339545,0.37,0.6,1,-0.37301997462762787,2,-0.13793358758965255,1.2578924764703305,0,1,3.42,1,1.55,2,0,0,0,0,0,0,0,0,0,1,0,1,0,0,0,0,1,0
202,6,3,4,3,0.6133345137718317,0.84,0.31,0,-1.5468991990189473,1,-0.5076736585671278,-0.9830086098782393,0,0,4.71,0,1.85,1,0,0,0,1,1,0,0,0,1,0,0,0,1,0,0,1,0,0
203,10,8,6,3,1.0118624629413129,0.8,0.35,0,-0.8863619735206578,1,-0.5692970037300403,0.6976672048831881,2,2,2.29,0,4.81,2,0,0,0,0,0,1,1,0,0,1,0,0,1,0,0,0,0,0
204,1,5,4,2,1.2775477623876337,0.11,0.35,0,0.5546132249755696,1,0.5399232092023853,0.3615320419309026,1,2,4.88,1,1.02,0,1,0,1,0,0,0,1,0,0,0,0,0,1,0,0,0,0,0
205,1,9,5,2,0.3476492143255109,0.66,0.46,0,0.526668877319825,1,-1.000660419870428,0.5856221505657596,0,1,4.53,1,4.57,0,0,0,0,1,0,0,0,0,1,0,0,1,0,0,1,0,0,0
206,15,3,2,1,0.6133345137718317,0.62,0.84,1,0.9948991676910811,0,0.41667651887656026,0.025396878978617116,0,1,3.1,1,4.57,1,0,0,0,1,0,0,0,0,0,1,0,1,0,0,1,1,0,0
207,13,6,8,3,-0.9807772829060931,0.5,0.72,2,1.1611572051002594,0,0.5399232092023853,0.6976672048831881,2,0,4.2,0,1.16,2,0,1,0,0,1,1,0,0,0,0,0,1,0,1,0,0,0,0
208,15,9,7,1,-1.5121478817987346,0.09,0.36,0,-0.035070276653987445,2,-1.3087771456849908,0.8097122592006165,0,0,4.49,0,3.31,1,0,0,1,1,0,0,0,0,1,0,0,1,0,0,0,0,0,0
209,19,1,2,3,-0.18372138456713072,0.64,0.86,1,0.7003823511513694,2,1.4026500414831609,0.025396878978617116,0,1,3.51,1,2.76,0,0,0,0,0,0,0,0,0,1,1,0,0,1,0,0,0,0,1
210,3,0,0,2,1.410390412110794,0.19,0.32,2,1.1043117588677402,2,0.9712866253427731,0.025396878978617116,1,1,3.77,0,1.09,0,0,0,0,1,0,0,0,1,0,0,0,0,0,1,0,0,0,0
211,13,6,0,1,1.410390412110794,0.57,0.24,0,-0.5224355854458439,0,1.525896731808986,-0.6468734469259538,2,1,3.35,0,4.47,0,0,1,0,0,1,1,0,0,0,0,0,0,0,0,0,0,1,0
212,11,9,4,1,-0.7150919834597723,0.64,0.41,1,1.6824239899240852,2,-1.1855304553591657,-1.3191437728305249,2,1,3.57,0,4.31,1,0,0,0,0,1,1,0,0,0,0,0,0,1,0,1,0,0,0
213,4,9,8,1,1.5432330618339545,0.84,0.62,0,-1.1884605898119283,0,-0.014686897263827485,0.1374419332960456,1,2,4.62,0,1.92,2,1,0,0,0,0,1,0,0,0,0,0,0,0,0,0,0,1,0
214,16,3,6,3,-0.5822493337366119,0.74,0.92,2,-1.3479311112530445,1,1.0945333156685981,0.921757313518045,2,0,3.57,1,2.5,0,0,0,1,0,1,0,1,0,1,0,0,1,0,0,1,0,0,0
215,7,3,5,2,1.1447051126644732,0.64,0.4,1,0.792374854803614,1,-0.07631024242674002,0.2494869876134741,0,2,2.54,0,2.02,2,0,0,1,0,0,0,0,0,1,0,0,1,0,1,1,0,0,0
216,3,0,6,3,1.6760757115571148,0.45,0.75,1,-0.9789321381063545,0,0.7247932446911229,0.8097122592006165,0,0,2.16,0,4.86,0,1,0,1,0,1,0,0,0,1,0,0,0,0,0,0,0,0,1
217,4,3,9,3,-0.05087873484397031,0.13,0.41,0,0.01029415852617165,0,0.35505317371364775,-0.6468734469259538,0,0,2.17,1,3.56,2,1,0,0,0,1,0,0,0,0,0,0,0,0,0,1,0,0,0
218,14,0,4,0,1.1447051126644732,0.23,0.82,2,0.6714451487662539,2,-0.7541670392187779,0.5856221505657596,2,1,2.26,0,4.12,2,0,0,0,0,0,0,0,1,0,0,0,0,1,1,0,0,0,0
219,10,5,5,2,-0.7150919834597723,0.88,0.63,0,0.9012639407593321,1,0.10855979306199759,1.594027639422616,1,0,2.01,1,2.63,0,0,1,0,0,0,0,0,0,1,0,0,0,0,1,0,1,1,1
220,5,3,3,3,-0.05087873484397031,0.9,0.83,0,-0.5251253191672302,2,1.3410266963202482,-0.8709635555608108,1,2,4.04,1,2.93,2,0,0,0,0,0,0,0,1,0,0,1,0,1,0,0,0,0,0
221,14,6,9,2,-0.7150919834597723,0.77,0.53,1,-0.07364719586608454,1,-0.13793358758965255,0.6976672048831881,0,2,2.23,1,2.91,2,0,0,0,0,0,0,1,1,0,0,0,0,0,0,0,0,0,1
222,19,0,2,0,-0.7150919834597723,0.71,0.39,0,-0.5991200743616083,2,-1.1239071101962532,1.0338023678354735,2,1,4.76,0,3.46,1,0,0,0,1,0,1,1,0,0,0,0,0,0,1,0,0,0,0
223,19,9,8,2,-0.05087873484397031,0.49,0.98,2,0.9741575297993171,0,-1.1855304553591657,-1.5432338814653819,0,2,3.43,1,3.01,2,1,0,0,0,0,0,0,0,1,0,1,0,0,0,0,0,0,0
224,15,3,1,2,-0.18372138456713072,0.67,0.21,0,-0.7472539999837274,2,-1.000660419870428,0.2494869876134741,1,1,2.81,0,2.46,2,0,1,1,0,0,1,0,0,0,1,0,0,0,0,0,0,0,0
225,10,0,1,2,1.6760757115571148,0.3,0.34,2,-1.1239972400195095,0,-0.014686897263827485,1.369937530787759,1,1,2.44,1,2.89,0,0,0,0,0,0,1,0,1,1,1,0,0,0,1,1,0,0,0
226,11,9,3,2,0.6133345137718317,0.81,0.61,0,1.6652566290580562,1,-0.13793358758965255,-1.3191437728305249,0,1,2.18,0,2.91,1,1,1,0,0,1,0,0,0,0,0,0,0,0,0,1,0,0,0
227,9,8,0,1,-0.18372138456713072,0.37,0.64,0,-0.5250170077422079,0,-0.9390370747075155,0.3615320419309026,0,0,3.95,1,4.92,2,0,1,0,1,0,0,0,0,0,0,1,0,0,0,0,0,0,0
228,16,9,8,0,1.0118624629413129,0.45,0.26,1,1.1594061703957328,2,0.7864165898540355,0.4735770962483311,0,2,4.55,1,1.32,2,1,0,0,0,0,0,0,1,1,0,1,0,0,0,0,0,0,1
229,1,5,4,3,0.08196391487919008,0.29,0.71,2,-0.4609688517457079,1,1.649143422134811,-1.6552789357828104,2,0,2.7,0,4.76,1,0,0,0,0,0,0,0,0,1,1,1,0,1,0,0,0,0,0
230,5,8,9,3,0.4804918640486713,0.14,0.25,2,0.49462674741740464,1,-0.6925436940558654,0.4735770962483311,2,1,3.96,0,2.24,0,0,0,0,0,0,1,0,0,0,0,0,0,0,1,0,0,0,1
231,11,9,7,2,0.6133345137718317,0.2,0.23,1,-0.055938277874944035,1,1.0329099705056857,0.2494869876134741,2,0,3.79,0,3.09,1,0,1,0,1,1,0,0,1,0,0,0,0,0,0,1,0,0,0
232,17,7,9,1,0.4804918640486713,0.45,0.49,2,-0.5151245642568409,2,-0.5692970037300403,0.025396878978617116,0,1,4.06,0,4.79,2,1,0,0,0,0,0,1,0,1,0,0,0,0,0,0,0,1,1
233,7,6,0,3,-0.7150919834597723,0.77,0.63,2,-0.8522258227344737,0,1.2177800059944233,0.5856221505657596,1,2,2.66,1,2.69,0,1,0,1,0,0,0,0,0,0,0,0,0,1,0,1,1,0,0
234,1,3,7,2,1.2775477623876337,0.11,0.31,0,-1.222344013939727,2,-0.9390370747075155,-0.5348283926085253,2,1,2.15,1,1.74,0,1,0,1,1,0,0,0,0,0,0,0,0,1,0,1,0,0,0
235,2,5,0,2,1.6760757115571148,0.26,0.32,1,0.5911322271122437,2,0.10855979306199759,0.8097122592006165,2,2,2.24,1,1.22,2,0,1,0,1,1,0,0,0,1,0,0,0,0,0,0,1,0,0
236,6,4,2,3,1.5432330618339545,0.22,0.86,1,0.06112832066995518,1,1.2177800059944233,-1.5432338814653819,2,2,4.21,1,3.08,0,1,0,0,0,0,1,0,0,0,1,0,0,0,0,0,0,0,0
237,3,7,7,2,-0.8479346331829327,0.09,0.94,1,0.7205463281096812,1,1.7107667672977236,0.6976672048831881,2,1,2.71,0,2.3,0,1,0,0,0,0,0,0,0,1,0,1,1,1,0,0,0,0,1
238,18,2,5,1,-0.7150919834597723,0.57,0.75,2,1.5130971288059427,2,-1.3704004908479033,0.6976672048831881,0,2,4.79,1,1.24,1,0,1,1,0,0,0,1,0,0,0,0,0,0,0,0,1,0,1
239,9,9,2,1,1.2775477623876337,0.26,0.98,1,1.3060237360675404,2,1.1561566608315106,-1.2070987185130964,1,1,3.46,0,3.24,1,0,0,1,0,1,0,1,0,0,1,0,0,0,0,0,0,0,0
240,13,4,6,0,0.21480656460235048,0.3,0.86,1,0.8795294481381974,2,0.41667651887656026,-0.4227833382910969,1,1,4.33,0,3.93,0,1,0,0,0,0,1,1,1,1,0,0,0,0,1,0,0,0,0
241,12,6,8,2,-0.3165640342902911,0.79,0.35,1,1.4885826429425697,0,-0.44605031340421525,-1.3191437728305249,2,0,3.98,1,4.34,0,0,0,0,1,0,0,1,1,0,0,1,1,0,0,0,0,0,0
242,15,9,6,2,-1.5121478817987346,0.22,0.23,1,1.2923223408022237,1,0.6631698995282104,0.8097122592006165,2,1,4.79,1,3.62,0,0,0,1,0,0,0,1,0,0,0,0,0,0,1,0,0,1,0
243,14,8,1,2,-1.3793052320755743,0.69,0.85,2,-0.4866928151884961,0,-1.3087771456849908,-1.3191437728305249,0,1,3.59,1,1.77,1,1,0,0,0,0,1,0,0,1,0,0,0,0,0,1,0,1,1
244,7,4,8,0,0.6133345137718317,0.62,0.48,1,0.4261739268033325,0,-0.3844269682413027,0.6976672048831881,2,0,5.0,0,4.73,2,0,0,1,0,0,1,0,0,0,0,0,0,0,0,1,0,0,1
245,2,1,6,2,-0.18372138456713072,0.34,0.39,1,0.8374324076128766,2,-0.13793358758965255,-1.6552789357828104,0,1,4.95,1,3.07,2,1,0,0,0,0,0,0,1,1,1,0,0,0,0,1,0,0,0
246,19,6,6,0,-1.2464625823524138,0.82,0.22,2,1.5193069838405526,2,-0.32280362307839017,-1.2070987185130964,2,2,3.1,1,1.93,2,0,0,0,0,0,0,1,0,0,0,0,0,1,1,0,0,0,0
247,12,3,1,2,-1.5121478817987346,0.7,0.83,0,-0.9263649931622148,0,-0.19955693275256509,-1.4311888271479534,2,2,3.04,0,2.67,0,0,0,0,0,0,0,0,0,0,0,0,1,0,1,0,0,0,1
248,17,5,6,0,-1.1136199326292535,0.52,0.45,2,0.9287028350983062,0,1.1561566608315106,-0.31073828397366837,1,0,3.73,1,1.89,2,0,0,0,0,1,0,0,0,0,0,0,0,0,0,0,1,1,1
249,4,1,6,3,1.5432330618339545,0.72,0.63,0,-0.5021091413499986,1,1.2794033511573357,-1.2070987185130964,1,0,2.59,0,3.61,0,0,0,0,0,1,0,1,0,0,1,1,0,1,0,0,0,1,0
250,4,4,0,3,-0.18372138456713072,0.44,0.74,1,0.9812519281382757,1,-0.44605031340421525,-0.4227833382910969,0,0,2.07,0,1.68,2,0,0,0,1,0,0,1,0,0,0,0,1,0,0,0,0,0,1
251,3,8,2,0,-0.4494066840134515,0.23,0.5,2,-1.338489965371937,2,1.0329099705056857,1.145847422152902,2,2,3.35,1,2.33,1,0,1,1,0,1,0,0,1,0,0,0,0,0,0,1,0,1,0
252,6,1,4,1,-0.5822493337366119,0.48,0.78,2,-1.075690344459579,1,-0.5692970037300403,-0.9830086098782393,0,0,2.81,0,3.62,0,1,0,0,1,0,0,0,1,0,0,0,0,0,1,0,0,0,0
253,15,0,0,1,-0.3165640342902911,0.83,0.22,1,1.3285705643763421,0,0.41667651887656026,-1.4311888271479534,2,1,3.5,0,3.24,1,0,0,0,1,0,0,0,0,1,0,0,0,0,0,0,0,0,1
254,6,5,5,2,1.0118624629413129,0.35,0.51,1,-1.0016053297443488,1,0.2934298285507352,-0.7589185012433823,2,0,2.77,0,4.56,0,0,0,0,0,0,0,1,0,0,0,0,0,1,0,0,0,1,0
255,14,3,2,3,-0.7150919834597723,0.64,0.27,0,0.0641068848580675,1,-0.014686897263827485,-0.6468734469259538,0,2,3.35,1,1.83,0,0,1,0,0,1,0,1,0,0,0,1,0,0,1,0,0,0,0
256,10,2,5,1,0.6133345137718317,0.95,0.97,0,-1.0576925960017123,0,-1.2471538005220781,-1.0950536641956679,1,1,4.18,0,4.52,2,0,0,0,0,1,0,0,0,0,1,0,0,1,1,0,0,0,0
257,18,7,4,0,0.8790198132181525,0.15,0.35,2,1.1514452806565962,1,0.9712866253427731,-1.6552789357828104,1,1,4.06,0,1.54,1,0,1,1,1,0,0,0,0,0,0,0,1,1,0,0,0,0,1
258,6,7,0,0,1.410390412110794,0.2,0.38,0,0.1889538541003995,1,1.2794033511573357,-0.9830086098782393,2,1,4.78,0,4.47,2,0,1,0,0,0,1,1,0,1,0,0,1,0,0,0,0,0,1
259,11,1,4,1,0.4804918640486713,0.09,0.78,2,0.05542391895211583,2,0.10855979306199759,1.2578924764703305,2,1,3.56,0,4.94,0,0,1,0,0,0,0,1,0,0,0,0,0,0,1,1,0,0,1
260,1,2,0,2,0.8790198132181525,0.85,0.81,2,-0.39157733211477613,0,0.35505317371364775,1.4819825851051875,2,2,4.49,0,1.36,1,1,0,0,0,1,0,1,1,0,0,0,0,0,1,0,0,1,0
261,1,3,2,3,-1.3793052320755743,0.42,0.56,1,-0.8980957112314033,2,1.0329099705056857,0.5856221505657596,0,1,4.16,1,1.36,1,0,0,0,0,1,1,0,0,0,0,0,0,0,0,0,0,0,1
262,15,8,8,2,0.7461771634949921,0.6,0.33,0,0.8597626130716338,1,-1.0622837650333405,1.369937530787759,2,1,4.31,1,2.68,2,1,0,0,1,0,0,0,0,1,1,0,1,0,0,0,0,0,1
263,1,9,7,1,0.8790198132181525,0.05,0.8,1,-1.6868014563393743,1,-0.877413729544603,0.3615320419309026,0,2,3.36,0,1.32,1,1,1,1,0,0,1,0,0,0,0,0,1,1,0,0,0,0,0
264,9,8,8,1,1.1447051126644732,0.09,0.32,0,1.3468571433009346,0,-0.5076736585671278,-0.5348283926085253,2,1,2.33,1,1.65,2,0,0,0,1,0,0,1,0,0,0,0,0,0,1,0,0,0,0
265,4,1,6,1,-0.4494066840134515,0.74,0.46,1,0.048636402984053834,1,-1.2471538005220781,0.8097122592006165,1,2,3.58,1,3.78,1,1,1,0,0,0,0,0,0,1,0,0,0,0,0,0,0,1,0
266,16,1,4,2,-0.5822493337366119,0.49,0.74,0,1.600161462619674,0,0.7247932446911229,-0.4227833382910969,2,0,3.69,0,2.97,0,0,0,1,0,0,0,0,1,0,0,0,1,0,0,0,0,0,0
267,2,3,0,3,-1.5121478817987346,0.07,0.69,1,-1.1865290360656977,2,0.4782998640394728,1.145847422152902,0,1,2.03,1,3.76,2,0,0,0,0,0,0,0,0,0,0,0,0,1,1,0,1,1,0
268,11,1,4,1,-0.9807772829060931,0.74,0.29,2,-0.16740878612702617,2,1.5875200769718985,-0.5348283926085253,0,2,4.75,1,3.58,2,0,0,0,0,0,0,0,0,0,1,1,0,1,0,0,0,0,0
269,14,7,4,2,0.6133345137718317,0.78,0.93,0,-1.4794753369425866,1,-0.877413729544603,0.3615320419309026,0,2,4.4,0,1.26,0,0,1,0,0,0,0,0,0,0,1,1,0,0,0,0,0,0,1
270,13,3,1,2,1.2775477623876337,0.81,0.65,1,0.09892900800272603,0,-1.5552705263366409,-0.7589185012433823,1,1,3.49,1,2.49,2,0,0,0,1,0,0,0,1,0,0,1,0,0,0,0,1,0,1
271,4,9,6,1,1.6760757115571148,0.39,0.23,1,-0.7882137705463144,0,-1.1239071101962532,-0.9830086098782393,1,2,4.2,0,4.1,0,0,0,0,0,0,1,0,1,0,0,0,0,1,0,0,0,1,0
272,14,4,9,2,-1.5121478817987346,0.7,0.56,0,1.6326909939346947,0,1.7107667672977236,-1.4311888271479534,1,2,4.67,1,3.08,1,0,0,0,0,1,0,0,1,0,0,0,0,0,1,0,0,0,0
273,1,4,3,0,-0.9807772829060931,0.22,0.42,1,-0.23429109107827545,1,-1.678517216662466,1.7060726937400446,0,0,3.54,1,3.17,1,0,0,1,0,0,1,0,0,0,0,0,0,1,1,0,1,0,0
274,5,9,9,0,-1.6449905315218951,0.2,0.45,1,-0.1415945631633861,0,-1.4936471811737284,-1.3191437728305249,1,1,2.26,0,1.72,1,1,0,1,1,1,0,0,0,0,0,0,0,1,0,0,0,0,0
275,1,3,8,1,1.6760757115571148,0.73,0.84,0,-1.3728788428165064,2,-1.3087771456849908,-0.08664817533881138,1,0,3.93,0,2.88,0,0,0,1,0,0,0,0,0,1,1,1,0,1,0,1,0,0,0
276,1,9,9,1,0.3476492143255109,0.68,0.73,2,-0.2077367400436499,2,0.17018313822491013,-0.08664817533881138,2,2,4.3,1,3.03,2,0,0,0,1,0,0,0,0,1,0,0,1,0,0,0,0,0,1
277,8,3,2,0,0.3476492143255109,0.53,0.52,1,0.2119158762051199,1,-0.3844269682413027,-0.9830086098782393,0,0,3.29,0,3.27,2,0,0,0,0,0,0,0,0,0,0,1,1,1,0,0,0,0,0
278,3,9,8,2,-0.05087873484397031,0.58,0.57,2,0.8822011299554133,0,-1.3087771456849908,0.6976672048831881,0,2,2.98,1,1.36,0,1,0,0,0,0,1,0,0,0,0,0,1,0,0,0,0,1,0
279,1,0,2,2,-0.4494066840134515,0.53,0.51,0,0.9903139840318052,0,-0.5076736585671278,1.594027639422616,1,0,4.95,0,4.96,1,0,1,0,0,1,0,0,0,0,1,0,0,0,0,0,0,0,0
280,0,8,6,2,-1.2464625823524138,0.82,0.25,1,0.8528487337743792,1,-0.7541670392187779,-0.19869322965623987,0,0,3.18,0,3.85,2,0,0,0,0,1,0,0,1,0,0,0,0,0,0,0,0,0,1
281,7,2,3,0,-1.1136199326292535,0.55,0.87,2,-0.03961935650492262,1,0.848039935016948,-1.6552789357828104,2,0,4.65,0,4.9,0,0,0,1,0,0,1,1,0,0,0,0,1,0,1,1,0,0,0
282,18,2,7,3,0.6133345137718317,0.85,0.75,1,0.26993469620871374,2,-0.32280362307839017,-0.8709635555608108,2,2,3.81,0,4.39,0,0,1,0,0,1,0,0,0,0,0,0,0,0,0,1,0,0,0
283,12,4,8,2,0.21480656460235048,0.48,0.49,0,1.0013617493840763,1,0.35505317371364775,1.4819825851051875,0,1,2.74,1,3.74,1,0,0,0,0,0,0,0,0,1,0,0,0,1,0,1,1,1,0
284,7,5,3,2,-0.9807772829060931,0.51,0.57,2,-0.17578486966208143,0,0.6631698995282104,0.921757313518045,1,0,4.36,0,1.25,2,0,1,0,0,0,0,1,0,0,0,1,0,0,0,0,1,1,0
285,19,7,8,2,-0.5822493337366119,0.49,0.3,1,-1.3808577844598133,1,1.2177800059944233,-1.3191437728305249,0,1,4.73,1,3.64,2,0,0,0,0,1,0,0,0,0,0,0,0,1,0,0,1,1,0
286,4,2,4,0,0.3476492143255109,0.77,0.88,1,-0.12215266237188935,2,-0.7541670392187779,0.6976672048831881,1,0,3.91,1,3.31,2,1,0,0,1,0,0,1,0,0,0,0,1,0,0,0,0,0,0
287,12,6,2,3,1.1447051126644732,0.2,0.52,0,-0.3184490683205762,2,0.17018313822491013,-0.7589185012433823,2,0,4.61,1,2.16,2,0,0,1,1,0,0,0,0,0,0,0,0,0,0,0,0,1,0
288,19,5,3,2,1.6760757115571148,0.37,0.87,2,1.1443689342218082,2,0.848039935016948,0.3615320419309026,1,2,4.32,1,3.94,1,1,0,0,1,0,0,0,1,0,1,1,0,0,0,0,0,1,0
289,6,1,1,1,1.1447051126644732,0.54,0.73,1,-1.4230089806976454,2,-0.8157903843816905,0.921757313518045,1,2,2.58,1,3.48,0,1,0,0,0,0,1,0,1,0,0,1,0,0,0,0,0,0,0
290,10,2,1,0,-0.5822493337366119,0.59,0.5,1,1.321440062229043,2,0.9096632801798605,1.594027639422616,2,0,3.36,0,4.08,1,0,0,1,0,0,0,0,0,0,1,0,1,0,0,1,0,0,0
291,19,7,8,3,-1.3793052320755743,0.11,0.51,1,-1.4603583704261567,1,0.7247932446911229,-0.31073828397366837,2,0,3.48,1,3.16,2,0,0,0,1,1,1,0,0,0,0,0,1,0,0,0,0,0,1
292,1,8,7,0,1.0118624629413129,0.08,0.26,0,-0.5587018609241327,1,-1.5552705263366409,0.6976672048831881,1,2,2.45,0,4.62,1,0,1,1,1,0,0,0,0,0,0,0,0,0,0,0,0,1,0
293,5,0,9,3,1.2775477623876337,0.44,0.87,1,-1.4128457586497227,1,0.5399232092023853,0.2494869876134741,1,2,4.05,0,1.22,1,1,0,0,0,0,0,0,1,0,1,0,0,0,0,0,0,0,0
294,2,2,6,1,-0.05087873484397031,0.81,0.8,0,-0.3724423136941758,1,-0.5076736585671278,0.8097122592006165,1,1,3.89,0,2.95,1,0,0,0,0,0,0,0,0,1,0,1,1,0,0,0,0,0,0
295,4,6,3,3,0.6133345137718317,0.95,0.39,1,0.0951561600311171,1,-1.5552705263366409,-0.5348283926085253,2,2,4.36,1,2.62,0,0,0,1,0,1,0,0,0,1,0,0,0,0,1,0,1,1,0
296,12,3,9,0,1.2775477623876337,0.71,0.59,0,-1.6543621845452057,1,-1.678517216662466,-1.0950536641956679,0,1,4.71,1,2.82,0,0,1,0,0,1,0,1,0,0,1,0,0,0,0,0,1,1,0
297,2,1,5,3,-0.3165640342902911,0.59,0.69,2,-1.445934898994025,0,0.5399232092023853,0.2494869876134741,2,2,4.51,1,4.06,1,1,0,1,0,0,0,0,0,0,1,0,0,0,0,0,0,0,0
298,9,6,8,3,-0.7150919834597723,0.18,0.53,0,1.5504284666302837,1,-1.1855304553591657,-1.3191437728305249,0,0,3.13,1,1.06,2,0,0,1,0,1,0,0,0,0,0,1,1,0,0,0,0,0,0
299,16,1,7,0,-0.8479346331829327,0.88,0.76,2,1.0650669192013391,0,-0.6309203488929528,0.1374419332960456,1,2,2.72,1,3.44,0,0,0,0,0,0,1,0,0,0,1,0,0,0,0,0,1,0,0
300,3,6,1,2,1.5432330618339545,0.43,0.64,0,-0.8364484584895635,0,-0.8157903843816905,-0.08664817533881138,0,0,2.62,1,1.77,0,1,0,0,0,0,1,0,0,0,0,0,1,1,0,0,0,0,0
301,19,5,4,3,-1.5121478817987346,0.63,0.43,2,0.3123747229132717,0,-1.4936471811737284,1.594027639422616,0,1,2.47,1,2.94,0,1,0,0,0,0,1,0,1,0,0,1,0,0,0,1,1,0,0
302,8,4,5,0,-1.2464625823524138,0.43,0.79,2,-0.2033681792344185,0,-0.07631024242674002,1.369937530787759,2,2,4.67,1,2.88,2,0,1,0,0,0,0,1,0,0,0,1,0,0,0,0,0,0,0
303,9,2,7,0,1.0118624629413129,0.89,0.56,1,0.08835059215888472,2,-0.9390370747075155,-0.5348283926085253,2,1,4.08,1,2.12,0,0,0,0,0,1,0,0,0,0,0,0,0,0,1,1,0,0,0
304,18,2,4,0,-1.3793052320755743,0.85,0.68,1,1.2745592670985721,0,0.23180648338782264,1.369937530787759,2,0,3.42,0,2.12,1,1,1,1,0,0,1,0,0,0,0,0,0,0,0,1,0,0,1
305,10,8,0,1,-1.5121478817987346,0.85,0.67,1,-1.0396226399271642,0,1.3410266963202482,0.1374419332960456,2,2,3.59,0,4.24,1,0,0,1,0,0,0,1,0,0,1,1,0,1,1,0,0,0,0
306,7,0,8,2,-0.4494066840134515,0.12,0.79,2,1.5355898014022333,0,-1.3704004908479033,-1.6552789357828104,1,0,2.91,0,4.43,1,1,1,0,0,0,0,1,0,0,0,0,0,0,0,0,0,0,0
307,1,8,1,3,1.2775477623876337,0.84,0.52,1,0.008326500971600485,0,-1.5552705263366409,-0.6468734469259538,1,2,4.09,1,4.15,0,0,1,0,0,1,0,0,0,0,1,0,0,0,0,0,0,0,0
308,0,5,5,0,1.0118624629413129,0.15,0.49,0,1.1852926009760545,0,-1.4320238360108157,0.2494869876134741,0,1,2.42,0,1.95,0,0,1,0,0,0,0,0,1,1,0,0,0,0,0,0,1,1,0
309,9,5,7,3,0.4804918640486713,0.66,0.42,0,-1.4447073695104393,1,0.17018313822491013,0.8097122592006165,0,0,4.48,0,2.81,2,0,0,0,1,1,1,1,0,0,0,1,0,0,1,0,0,0,0
310,4,4,8,2,-1.2464625823524138,0.12,0.91,0,-0.37993385392488255,1,0.23180648338782264,-1.2070987185130964,2,0,4.86,1,2.17,1,0,1,0,0,0,0,0,0,0,0,0,1,0,1,0,0,0,0
311,4,8,2,2,0.08196391487919008,0.71,0.22,0,-0.8498971270964949,2,0.848039935016948,0.5856221505657596,1,2,3.78,0,2.83,1,1,0,0,0,0,0,1,0,1,0,0,0,0,0,1,0,0,0
312,17,5,3,3,-0.9807772829060931,0.49,0.97,0,-1.520651730355218,1,1.0945333156685981,0.2494869876134741,1,1,4.92,1,1.65,0,0,0,1,1,0,1,0,0,0,0,0,0,1,0,0,0,0,0
313,0,5,5,0,-0.18372138456713072,0.28,0.35,1,0.917221824045946,0,-1.0622837650333405,0.2494869876134741,1,1,4.76,0,4.72,0,0,1,0,0,1,0,0,0,0,0,1,0,0,0,0,0,0,0
314,16,3,8,3,-0.3165640342902911,0.35,0.76,0,0.4980566092097764,1,1.1561566608315106,0.025396878978617116,2,1,4.03,1,2.23,2,0,0,0,1,1,0,0,0,1,0,1,0,0,0,1,1,0,0
315,14,0,3,0,-1.6449905315218951,0.1,0.71,2,1.0163448298454898,0,1.649143422134811,-0.08664817533881138,0,0,4.87,0,1.78,2,0,1,0,0,0,1,0,0,1,0,0,1,0,0,0,0,0,0
316,9,8,3,2,-0.18372138456713072,0.69,0.54,1,0.08259203472853424,2,1.7107667672977236,0.2494869876134741,2,1,4.18,0,3.97,2,0,0,0,0,1,0,0,0,1,0,0,0,0,0,0,0,0,1
317,2,7,7,2,-1.3793052320755743,0.8,0.67,0,-1.0648411500531818,2,-1.3704004908479033,-1.6552789357828104,1,0,4.74,0,1.7,2,0,0,0,0,0,1,0,0,1,0,0,1,1,1,1,0,0,0
318,10,7,7,3,-0.7150919834597723,0.55,0.23,2,-0.3154885560366342,1,-1.1239071101962532,-0.7589185012433823,1,0,4.5,0,1.5,1,0,0,0,0,1,1,0,0,0,0,0,0,0,1,0,0,0,1
319,12,4,4,2,0.7461771634949921,0.63,0.22,1,-0.4327356736232372,0,-0.014686897263827485,1.369937530787759,1,0,4.06,1,2.49,1,1,1,0,0,0,1,0,0,1,0,0,0,0,0,1,0,0,0
320,17,5,8,1,-0.5822493337366119,0.18,0.56,1,1.5361674623356854,2,0.7864165898540355,1.594027639422616,1,1,2.87,1,3.06,1,0,0,0,1,0,1,0,0,0,0,0,0,0,0,0,0,1,0
321,19,5,1,2,-1.1136199326292535,0.33,0.87,2,-0.31983906494169523,1,0.35505317371364775,-0.6468734469259538,1,2,3.24,1,1.41,0,0,0,1,0,0,1,0,0,0,0,1,0,0,0,1,0,0,0
322,6,9,5,2,1.2775477623876337,0.46,0.26,1,-1.1235639943194204,1,1.525896731808986,-0.08664817533881138,0,0,4.29,0,1.69,2,0,0,1,0,0,0,0,1,0,1,0,0,0,1,0,0,0,0
323,16,2,2,0,-1.3793052320755743,0.82,0.31,1,-0.6723747014850009,0,1.2794033511573357,1.145847422152902,2,1,2.06,0,4.03,0,0,0,1,0,1,0,1,0,0,0,0,0,0,0,0,0,0,0
324,16,8,1,1,0.8790198132181525,0.16,0.4,2,-1.4310781818618041,0,-0.9390370747075155,-1.0950536641956679,0,2,2.09,1,4.38,2,0,0,1,0,0,0,1,1,0,0,0,0,0,0,0,0,1,0
325,14,0,2,2,-0.9807772829060931,0.11,0.85,0,-1.6784073209001487,1,1.1561566608315106,-1.3191437728305249,2,0,4.55,0,2.47,1,0,0,0,1,0,1,1,0,1,0,0,0,1,0,0,0,0,0
326,14,0,0,1,1.5432330618339545,0.37,0.5,1,-0.7305920924344689,1,0.10855979306199759,-1.3191437728305249,0,1,3.49,0,3.82,1,0,1,1,0,0,1,0,0,0,0,0,0,0,0,1,0,0,0
327,16,9,2,3,-0.4494066840134515,0.15,0.42,1,1.0965855438828185,1,1.649143422134811,-1.4311888271479534,1,0,3.1,1,4.99,2,1,0,0,0,0,0,0,0,0,0,1,1,0,0,0,0,0,0
328,10,4,8,1,-0.18372138456713072,0.16,0.51,2,1.5444713382540591,2,-0.9390370747075155,0.4735770962483311,1,1,2.7,0,3.9,2,0,1,0,0,0,0,0,0,0,0,0,1,0,0,0,0,0,1
329,19,2,7,1,-1.2464625823524138,0.91,0.98,1,0.6755429310129297,2,0.23180648338782264,-0.8709635555608108,0,1,2.09,1,4.32,2,1,0,0,0,0,0,0,0,1,0,1,0,1,0,0,0,0,1
330,4,6,7,3,-0.8479346331829327,0.19,0.69,1,-1.2887028136700354,0,0.23180648338782264,0.025396878978617116,0,2,3.63,1,4.81,0,0,0,0,0,0,1,0,0,0,0,1,0,0,0,0,0,0,1
331,5,7,8,3,0.08196391487919008,0.45,0.23,2,-0.907591012825022,2,1.0945333156685981,-0.31073828397366837,1,1,3.71,0,3.64,1,0,1,1,0,0,1,0,0,0,0,0,0,0,1,1,0,0,1
332,9,7,5,1,-1.6449905315218951,0.58,0.5,0,1.4567029801776827,1,-1.1855304553591657,1.2578924764703305,1,2,4.43,1,4.06,1,1,0,0,0,1,1,1,0,0,0,0,0,0,1,0,0,1,0
333,8,0,3,1,1.2775477623876337,0.42,0.24,2,-0.588830488984493,2,-1.2471538005220781,-0.5348283926085253,2,1,3.62,1,2.84,2,0,1,1,0,0,1,0,0,0,0,0,0,0,0,1,0,0,1
334,3,9,1,0,-0.3165640342902911,0.39,0.51,1,0.9647885915348912,0,1.4642733866460733,1.0338023678354735,0,2,2.5,0,2.45,2,1,0,0,1,0,1,0,1,0,0,0,0,1,0,0,1,0,0
335,15,0,4,1,1.2775477623876337,0.29,0.43,0,0.9694459828108486,1,0.6015465543652979,-0.5348283926085253,1,1,3.7,0,2.71,2,1,0,0,0,1,0,0,0,0,0,0,1,0,1,0,0,0,0
336,7,1,3,3,1.1447051126644732,0.44,0.63,0,-0.7977812797566145,1,-1.6168938714995533,0.5856221505657596,0,0,4.59,0,1.85,1,0,0,0,0,0,0,0,1,0,1,0,0,1,0,0,0,0,0
337,16,1,0,2,-1.3793052320755743,0.47,0.39,0,1.498438982619596,1,1.649143422134811,-0.19869322965623987,1,2,3.94,0,3.75,0,0,0,1,1,0,1,0,0,0,1,0,0,0,0,1,0,1,0
338,5,1,0,1,-0.8479346331829327,0.77,0.45,2,0.5523567369542725,2,-1.1855304553591657,-1.6552789357828104,1,2,3.98,1,3.58,0,0,1,1,0,1,0,1,1,0,0,0,0,0,0,0,1,0,0
339,9,4,0,0,-0.7150919834597723,0.83,0.91,2,0.18146231386969275,0,1.2177800059944233,0.1374419332960456,2,0,3.99,0,2.99,0,0,0,0,0,1,1,0,0,0,0,0,1,1,0,0,1,1,0
340,7,0,8,1,-0.9807772829060931,0.58,0.51,2,-0.628075328650894,2,0.04693644789908505,-0.19869322965623987,1,0,2.17,0,3.8,0,0,0,1,0,0,0,0,1,0,0,1,0,0,0,1,0,0,0
341,9,9,5,2,-1.6449905315218951,0.92,0.89,0,-1.0588298659644462,0,-1.5552705263366409,1.2578924764703305,0,0,4.4,1,3.76,1,1,0,1,0,0,0,0,0,0,1,1,0,0,0,1,0,0,0
342,3,6,2,3,-0.05087873484397031,0.91,0.49,2,1.49815015215287,2,-0.6925436940558654,-0.6468734469259538,2,1,2.89,1,4.66,1,0,0,0,1,0,0,0,0,0,0,1,0,1,0,0,0,0,1
343,7,5,0,1,-0.9807772829060931,0.79,0.94,0,0.4847162520278673,2,0.2934298285507352,-1.4311888271479534,1,2,3.81,0,2.81,0,0,0,0,1,0,0,0,1,0,1,0,0,0,0,1,0,1,0
344,11,3,1,1,-0.9807772829060931,0.05,0.36,2,-0.29866418134984224,0,1.0945333156685981,1.0338023678354735,0,1,4.54,0,4.17,2,0,1,0,0,1,1,0,0,0,0,0,0,0,0,0,0,0,0
345,4,1,5,0,-0.05087873484397031,0.79,0.83,1,-0.8044604842996543,0,-0.8157903843816905,-1.6552789357828104,2,0,3.94,1,4.63,2,1,0,0,1,1,0,0,0,0,0,1,1,1,0,0,0,0,0
346,4,5,8,1,-1.6449905315218951,0.61,0.67,0,-1.0382867990185563,0,-0.014686897263827485,1.0338023678354735,1,0,3.48,1,3.85,0,0,0,0,1,0,1,0,0,0,0,0,0,0,1,0,0,1,0
347,2,1,8,3,1.6760757115571148,0.82,0.67,2,-0.4055134021343077,1,-0.5692970037300403,-0.7589185012433823,2,0,3.35,1,2.48,1,1,0,0,0,0,0,0,0,0,0,0,1,1,1,0,0,0,1
348,15,1,4,2,-1.3793052320755743,0.93,0.51,2,-0.7403220687823024,0,-1.4936471811737284,-1.5432338814653819,1,1,3.41,0,4.99,1,1,0,0,0,0,1,0,0,0,1,0,1,0,0,1,1,0,0
349,17,6,9,0,-0.5822493337366119,0.32,0.51,2,0.010601040897068072,0,0.23180648338782264,1.594027639422616,1,2,2.4,0,3.84,2,0,0,0,1,0,0,0,0,0,0,0,0,0,0,0,1,0,1
350,9,1,3,2,0.8790198132181525,0.93,0.59,1,-0.41482818468622257,0,-0.44605031340421525,-0.19869322965623987,2,2,4.21,0,4.05,0,0,0,1,1,0,0,0,0,0,0,1,0,0,0,0,1,0,0
351,1,1,1,3,-1.5121478817987346,0.08,0.41,1,1.5961719917980206,2,1.0945333156685981,0.2494869876134741,1,2,3.48,1,1.49,0,0,0,1,0,1,0,0,0,0,0,0,1,0,1,0,1,1,0
352,10,0,4,1,0.4804918640486713,0.51,0.42,0,1.3935213155813608,1,-0.07631024242674002,1.594027639422616,2,1,4.3,1,4.55,0,0,0,0,0,0,1,0,1,1,0,0,0,1,0,0,0,0,0
353,1,9,7,2,0.8790198132181525,0.8,0.32,0,-1.3609645860640571,1,-0.3844269682413027,-1.5432338814653819,0,0,4.85,0,4.79,1,0,0,1,0,0,0,0,0,1,0,0,0,1,0,0,0,1,1
354,18,1,1,3,-0.5822493337366119,0.77,0.79,2,0.8446712211851981,1,1.3410266963202482,1.369937530787759,1,1,2.06,1,1.65,2,0,0,0,0,0,1,0,0,0,0,0,0,1,1,0,0,1,0
355,18,2,5,1,-0.18372138456713072,0.44,0.84,0,-0.2771102077704113,1,0.23180648338782264,-0.08664817533881138,1,2,2.81,0,1.36,2,0,0,1,0,1,0,1,0,0,0,0,0,1,0,0,0,0,1
356,8,2,7,1,-0.4494066840134515,0.51,0.97,1,1.456468305423468,2,-1.3704004908479033,1.594027639422616,1,2,2.45,1,3.74,2,0,0,0,0,0,1,0,1,0,0,0,0,0,0,1,1,1,0
357,14,4,6,3,0.08196391487919008,0.09,0.26,2,-1.5311759904865483,2,0.9096632801798605,0.921757313518045,0,2,3.07,1,4.07,0,1,0,0,0,0,0,0,1,0,0,0,0,1,0,1,0,0,0
358,16,5,4,3,1.5432330618339545,0.81,0.24,0,0.22520207767451786,2,0.7247932446911229,1.145847422152902,1,2,4.9,1,1.84,0,0,1,0,0,0,1,0,1,0,0,0,0,0,0,0,0,0,0
359,1,1,4,3,-0.4494066840134515,0.16,0.34,0,0.5132563125212344,0,-0.2611802779154776,0.8097122592006165,0,0,4.03,0,1.35,0,1,0,1,0,0,0,0,0,0,0,0,0,0,1,1,1,0,0
360,2,9,8,0,0.08196391487919008,0.68,0.35,0,-1.6176807152709982,0,-0.9390370747075155,-1.4311888271479534,1,2,2.44,0,1.09,0,0,0,1,0,0,0,0,0,0,0,0,0,0,1,0,1,0,0
361,16,3,0,1,-0.3165640342902911,0.82,0.66,2,-0.7918060994762195,1,0.7864165898540355,1.369937530787759,0,2,4.94,0,3.95,1,1,1,0,0,0,0,0,1,0,0,0,0,0,0,0,1,0,0
362,12,0,9,1,0.08196391487919008,0.58,0.68,0,1.4670106174589685,2,0.4782998640394728,-1.4311888271479534,1,0,3.25,0,1.47,1,1,0,0,1,0,0,1,0,0,0,0,0,0,0,0,0,1,1
363,8,6,2,2,0.8790198132181525,0.7,0.57,0,0.3286575404749523,0,0.10855979306199759,-1.2070987185130964,1,0,4.13,0,4.33,1,0,1,0,0,1,0,0,0,0,0,0,1,0,0,1,1,0,0
364,13,0,8,3,-1.2464625823524138,0.72,0.73,1,-1.133673060654832,2,-0.5076736585671278,-0.8709635555608108,2,0,2.14,1,2.44,2,1,0,0,0,1,1,0,0,1,0,0,0,0,1,0,0,0,0
365,3,6,2,3,-0.5822493337366119,0.35,0.29,1,-0.6718331443598895,2,1.3410266963202482,-1.5432338814653819,0,2,4.69,1,3.83,2,1,0,0,0,0,1,0,0,0,1,0,0,0,0,0,0,1,1
366,2,5,8,2,1.2775477623876337,0.51,0.33,1,-1.1858972194197346,0,0.23180648338782264,0.921757313518045,2,1,3.94,0,4.28,0,0,0,1,1,0,0,0,1,0,1,0,0,0,0,1,1,0,0
367,14,2,1,2,-0.18372138456713072,0.8,0.57,0,-0.38758786129312267,2,-0.2611802779154776,0.5856221505657596,0,1,2.45,0,4.15,0,0,1,1,0,0,0,0,0,0,0,0,0,0,0,1,1,0,0
368,17,8,6,1,-1.3793052320755743,0.66,0.95,1,0.3497963202584646,2,-0.13793358758965255,1.0338023678354735,2,2,2.18,1,3.64,1,0,1,0,1,0,0,0,1,0,1,0,0,0,0,1,0,0,1
369,16,5,5,1,-0.5822493337366119,0.41,0.74,0,0.8752150430414771,0,-1.1239071101962532,0.8097122592006165,1,2,3.93,0,3.79,1,0,0,0,0,0,0,0,1,0,0,0,0,1,1,0,0,1,0
370,14,6,3,0,-1.3793052320755743,0.4,0.77,0,-1.1482951030328379,0,-0.5076736585671278,0.1374419332960456,1,0,2.48,1,4.56,1,0,0,0,1,0,1,0,0,0,0,0,1,1,1,0,1,0,0
371,14,5,1,1,1.5432330618339545,0.71,0.86,0,-0.5153592390110558,1,0.04693644789908505,-0.6468734469259538,0,0,2.02,0,4.93,1,0,0,0,1,0,0,1,0,0,0,0,0,1,0,1,0,1,0
372,17,1,6,0,-1.2464625823524138,0.76,0.76,1,1.4375138060445714,0,0.6015465543652979,-0.9830086098782393,1,2,2.29,0,4.31,0,0,0,0,0,0,0,0,1,1,0,1,0,1,0,0,0,0,0
373,14,1,4,3,-0.5822493337366119,0.48,0.55,0,0.0030011892413390703,2,0.7864165898540355,-0.19869322965623987,1,0,4.79,0,3.93,2,0,0,0,0,1,0,0,0,0,0,0,0,0,0,1,0,1,0
374,14,6,1,0,0.21480656460235048,0.69,0.3,1,1.5893664239257883,1,1.2177800059944233,-1.0950536641956679,0,2,4.77,1,3.41,2,0,0,0,0,1,0,1,1,0,1,0,0,0,0,0,0,0,0
375,16,5,3,2,0.3476492143255109,0.09,0.32,2,0.013272722714283968,1,-1.1239071101962532,1.145847422152902,0,2,2.15,0,4.56,0,0,0,1,0,0,0,0,0,1,0,0,0,1,0,0,0,0,0
376,12,3,3,3,-0.3165640342902911,0.36,0.89,1,0.2314660884216389,2,1.5875200769718985,0.921757313518045,0,1,4.29,0,4.05,1,1,0,1,1,0,0,0,0,0,0,0,0,0,0,0,1,0,0
377,11,6,9,3,1.410390412110794,0.61,0.51,1,0.12651231757506312,0,-1.3704004908479033,1.369937530787759,2,0,2.07,0,3.24,0,0,0,0,0,1,0,0,1,0,0,1,1,1,0,0,0,0,1
378,3,6,8,1,-0.5822493337366119,0.73,0.6,2,-1.6562576344830953,1,1.5875200769718985,0.8097122592006165,0,2,2.25,0,2.61,0,0,0,0,0,0,0,0,0,0,1,0,0,0,1,0,0,1,0
379,4,4,1,0,-0.4494066840134515,0.82,0.45,2,-0.5275623262302311,1,-0.6925436940558654,1.0338023678354735,2,1,2.92,0,3.71,0,0,0,0,0,0,0,0,0,0,1,1,1,0,1,1,1,0,0
380,19,1,1,1,-0.8479346331829327,0.14,0.31,2,-0.2103181623400139,0,0.6015465543652979,-0.8709635555608108,1,0,4.26,0,4.8,2,0,0,0,0,1,1,0,0,0,0,0,0,0,1,0,1,1,0
381,8,8,3,1,-0.7150919834597723,0.11,0.22,0,1.253474643027571,0,1.4026500414831609,-1.2070987185130964,1,0,3.22,1,4.39,1,0,1,0,0,0,0,0,0,0,0,1,0,0,0,1,0,0,0
382,1,8,9,3,0.8790198132181525,0.27,0.95,1,0.8825080123263097,0,-1.0622837650333405,-1.6552789357828104,2,2,2.82,0,4.36,2,0,0,0,0,1,1,0,0,1,0,0,0,0,0,0,0,0,1
383,4,1,1,0,1.410390412110794,0.72,0.64,0,-0.3218969820171183,2,-0.014686897263827485,-0.9830086098782393,0,0,4.87,0,4.54,2,0,0,0,0,0,0,0,1,0,0,0,1,1,1,0,1,0,0
384,11,8,8,1,0.8790198132181525,0.36,0.56,1,1.0924336059236317,1,-1.678517216662466,0.6976672048831881,2,2,3.67,0,4.05,1,0,1,0,1,0,1,1,0,0,0,1,0,0,0,0,0,0,0
385,18,5,0,0,1.5432330618339545,0.66,0.48,0,0.03650552338156003,1,-1.2471538005220781,-0.08664817533881138,1,1,3.33,1,3.97,2,0,1,0,0,0,0,0,0,0,0,0,1,0,0,0,1,0,0
386,0,7,7,0,-1.6449905315218951,0.25,0.97,2,-0.02678445263978409,0,-0.13793358758965255,-1.3191437728305249,1,0,3.5,1,3.21,1,0,0,0,0,0,0,0,0,1,0,0,1,1,1,0,0,0,1
387,14,7,2,1,1.2775477623876337,0.28,0.65,0,-0.6658038083669834,0,0.7247932446911229,-0.7589185012433823,0,0,4.65,1,4.75,1,1,0,0,0,1,0,0,0,0,1,0,1,0,0,0,0,0,0
388,12,5,6,1,1.410390412110794,0.3,0.74,2,0.4633969532026513,1,-0.6309203488929528,1.594027639422616,1,0,3.35,1,2.57,2,0,0,0,0,0,0,0,1,0,0,1,0,0,0,1,0,0,0
389,13,5,3,1,1.0118624629413129,0.91,0.92,0,-0.8129087754513911,1,-1.6168938714995533,0.025396878978617116,1,1,3.78,0,4.36,0,0,0,0,0,0,0,1,0,0,0,0,0,0,0,1,1,0,0
390,8,4,4,3,1.5432330618339545,0.8,0.85,2,0.7146253035417973,0,0.04693644789908505,0.3615320419309026,2,1,4.92,1,2.51,1,1,0,0,0,0,0,1,0,0,0,1,0,0,0,0,0,0,0
391,4,4,9,1,-0.4494066840134515,0.1,0.68,1,0.2989802100188514,2,-1.3087771456849908,0.4735770962483311,1,1,4.59,1,2.81,2,0,1,0,0,1,0,0,0,0,0,0,0,0,0,0,0,1,0
392,18,4,4,0,0.7461771634949921,0.58,0.29,2,-1.6864223663517963,0,0.2934298285507352,-0.7589185012433823,1,2,3.44,0,1.74,0,0,0,1,1,0,1,1,0,0,0,1,0,0,0,0,1,0,0
393,9,7,4,0,-1.1136199326292535,0.58,0.61,1,1.339419758782739,2,0.6631698995282104,-0.5348283926085253,1,2,4.91,1,1.23,1,0,0,0,0,1,0,0,0,0,0,0,0,1,0,0,0,1,0
394,4,5,2,3,1.2775477623876337,0.93,0.71,0,-0.7921671375596271,2,0.6631698995282104,0.8097122592006165,1,0,3.7,0,3.46,2,0,0,0,0,0,0,0,0,1,0,0,0,0,1,1,0,0,0
395,8,0,7,0,-0.7150919834597723,0.87,0.59,1,-1.7270752545434869,0,1.3410266963202482,1.7060726937400446,1,0,3.13,0,1.74,0,1,1,1,0,0,1,0,0,0,0,0,0,0,0,0,0,0,1
396,10,5,9,1,-0.8479346331829327,0.15,0.43,2,-0.8246244612579662,2,-1.000660419870428,-0.8709635555608108,1,0,2.52,1,1.71,0,0,0,0,1,0,0,0,0,1,1,0,1,0,0,0,1,0,0
397,11,0,3,3,-0.7150919834597723,0.66,0.5,1,-1.2194557092724667,2,0.9096632801798605,-1.0950536641956679,0,0,4.64,1,1.47,0,0,0,1,1,0,0,0,0,0,0,0,0,0,0,1,1,0,0
398,0,3,4,0,0.6133345137718317,0.59,0.97,1,-0.5873141290341812,1,-0.44605031340421525,-0.8709635555608108,2,0,4.39,1,4.41,1,0,0,0,0,0,1,0,0,1,0,0,0,0,1,0,0,0,1
399,14,5,7,3,-0.9807772829060931,0.11,0.6,1,1.3080274974304522,0,-0.2611802779154776,0.1374419332960456,0,2,4.15,0,2.9,1,1,0,0,0,0,0,0,0,0,0,1,1,1,1,0,0,0,1
400,7,1,4,0,-0.18372138456713072,0.83,0.51,1,-0.2965340566577377,0,-1.3704004908479033,-1.2070987185130964,2,2,3.33,0,1.92,0,1,1,1,0,0,0,1,0,0,0,0,0,0,1,0,0,1,0
401,19,1,9,0,0.21480656460235048,0.42,0.84,2,-0.2443640536053462,2,0.848039935016948,-1.4311888271479534,1,1,2.88,1,4.14,0,0,1,0,0,0,0,1,1,0,0,1,0,0,1,1,0,0,0
402,11,7,3,2,-0.8479346331829327,0.08,0.36,0,-0.8140099416057841,0,-1.1855304553591657,1.369937530787759,0,0,3.63,0,1.03,2,0,0,1,0,0,0,0,0,1,0,0,1,0,0,0,0,0,0
403,14,2,0,0,-0.7150919834597723,0.73,0.21,0,1.3507202507933955,0,-0.877413729544603,0.025396878978617116,2,0,3.76,0,3.89,2,0,0,0,0,0,0,0,1,1,0,0,0,1,0,1,0,0,1
404,1,6,9,2,-1.1136199326292535,0.9,0.53,0,0.3313472741963386,1,-0.5076736585671278,1.7060726937400446,0,1,3.5,0,2.36,2,1,0,0,0,0,0,0,0,0,0,1,1,0,1,0,0,0,1
405,11,3,4,3,-0.05087873484397031,0.76,0.93,2,-1.0172743825642367,2,-1.4320238360108157,0.2494869876134741,1,1,3.42,0,3.28,2,0,1,0,0,0,0,0,1,0,0,1,0,1,0,0,1,0,1
406,12,8,8,0,-1.3793052320755743,0.21,0.85,1,1.110666029135713,2,-0.877413729544603,-0.8709635555608108,1,0,3.57,0,1.23,1,0,0,1,1,0,1,0,0,0,0,1,1,0,0,0,0,0,0
407,5,1,7,1,-0.05087873484397031,0.4,0.98,2,-1.1334744897089577,1,1.7107667672977236,-0.9830086098782393,1,2,4.45,0,1.64,1,0,0,0,0,0,1,0,0,0,0,1,0,0,0,1,0,0,0
408,15,3,2,2,0.7461771634949921,0.06,0.31,1,-1.4418551686515195,2,0.10855979306199759,0.3615320419309026,2,0,2.27,0,2.39,1,0,1,1,0,1,0,0,1,0,0,0,0,0,1,0,0,0,0
409,15,2,4,1,-0.05087873484397031,0.86,0.78,0,0.4219497812274641,1,-0.7541670392187779,1.4819825851051875,2,2,4.65,0,3.67,0,0,0,1,0,0,1,0,0,0,0,0,1,0,0,1,0,0,1
410,7,9,8,2,-0.8479346331829327,0.12,0.28,0,-0.20181571547576602,1,0.10855979306199759,-1.6552789357828104,2,0,4.08,0,2.52,1,1,0,1,0,0,1,0,0,0,0,0,0,0,0,1,0,0,0
411,1,9,7,1,-1.3793052320755743,0.69,0.31,0,1.4273866878049895,0,-0.7541670392187779,0.8097122592006165,1,1,3.41,0,4.37,0,1,0,0,0,1,0,0,0,0,0,0,0,0,1,0,1,1,1
412,4,8,3,0,0.21480656460235048,0.16,0.79,1,-0.9474135134248751,1,-0.877413729544603,0.8097122592006165,2,0,3.6,0,3.79,1,0,0,1,0,0,1,0,0,0,0,0,0,1,0,0,0,0,0
413,2,0,5,0,-0.8479346331829327,0.1,0.2,2,0.041325381795050874,1,-0.07631024242674002,-1.6552789357828104,2,2,4.46,1,1.88,0,0,1,0,0,0,0,0,0,0,0,0,0,1,0,0,0,0,1
414,2,3,2,3,0.08196391487919008,0.15,0.46,2,0.9151819588746933,1,-0.877413729544603,-1.3191437728305249,1,2,2.52,0,3.62,0,0,0,0,1,0,1,0,0,0,0,0,0,0,0,1,0,1,0
415,2,1,3,3,-1.2464625823524138,0.63,0.49,0,-1.4259514410774168,0,1.4026500414831609,1.594027639422616,0,1,2.76,1,3.4,1,0,1,0,0,1,0,1,0,0,0,1,0,0,1,0,0,1,0
416,4,5,9,3,-0.05087873484397031,0.34,0.87,0,0.5369584626969403,0,1.2177800059944233,-0.8709635555608108,0,0,4.11,1,1.93,1,0,0,0,0,1,1,0,1,1,0,1,0,0,0,0,0,0,1
417,17,5,7,2,-0.8479346331829327,0.73,0.69,2,-1.4610082389762904,2,-0.877413729544603,0.5856221505657596,2,1,4.77,0,3.96,2,0,0,0,0,0,0,1,0,0,0,0,0,1,0,1,0,0,0
418,6,0,5,2,-0.7150919834597723,0.76,0.53,2,-0.3795547639373046,0,-1.4936471811737284,1.594027639422616,0,1,4.4,1,3.43,2,0,0,0,1,0,0,0,0,0,1,1,0,0,0,0,0,1,0
419,17,0,8,1,-0.9807772829060931,0.49,0.95,0,-1.4979965906213941,0,1.5875200769718985,1.145847422152902,2,1,3.52,0,3.9,2,0,1,0,0,0,1,0,0,0,0,0,0,0,0,1,1,1,0
420,1,0,3,3,-1.3793052320755743,0.6,0.44,1,0.9831654299803356,2,-0.19955693275256509,-1.0950536641956679,1,2,3.27,0,4.04,2,0,0,0,0,0,0,1,0,0,0,0,1,0,1,1,0,0,0
421,5,2,6,0,-0.5822493337366119,0.73,0.93,1,1.071944694690253,2,-0.5076736585671278,-0.08664817533881138,1,2,3.69,0,1.29,0,0,0,0,0,0,0,0,0,0,0,0,1,0,0,1,0,0,1
422,7,1,5,3,0.3476492143255109,0.71,0.5,1,0.1698549394881399,0,0.6015465543652979,-1.4311888271479534,1,1,4.98,1,2.54,1,0,1,0,1,1,0,0,0,0,1,0,0,0,1,0,1,0,0
423,12,5,9,3,0.08196391487919008,0.87,0.77,0,0.6669863284361707,1,-0.7541670392187779,0.025396878978617116,2,2,3.89,1,3.79,1,0,0,0,1,0,0,0,0,0,0,0,0,0,1,1,0,0,1
424,13,8,1,1,1.0118624629413129,0.27,0.66,0,1.3909940489975081,2,-0.13793358758965255,0.8097122592006165,0,1,3.56,1,4.5,0,1,1,0,1,1,0,0,0,0,0,0,0,0,0,0,0,0,0
425,3,3,5,0,-0.5822493337366119,0.42,0.89,0,-1.3240123382272941,1,1.2177800059944233,-0.31073828397366837,0,2,2.02,1,4.27,0,0,0,0,1,1,0,0,1,1,0,0,0,1,0,0,0,0,1
426,13,5,8,0,-0.8479346331829327,0.64,0.78,1,-0.9371058761435894,1,0.2934298285507352,1.7060726937400446,2,2,3.7,1,1.74,0,0,0,0,0,0,0,0,1,0,0,0,1,0,0,1,0,0,0
427,13,4,3,1,-0.05087873484397031,0.61,0.69,2,1.2671579863887172,2,-1.4320238360108157,-0.5348283926085253,2,0,2.7,0,3.69,0,0,0,0,1,0,0,1,0,0,0,0,0,0,1,1,0,0,0
428,3,0,6,1,-0.05087873484397031,0.65,0.82,0,-1.5464840052230286,0,1.2794033511573357,-0.7589185012433823,1,2,4.27,0,2.35,1,0,0,0,1,0,0,0,0,0,0,0,0,0,0,0,1,1,0
429,11,4,9,3,1.2775477623876337,0.39,0.25,1,-0.05978333346323448,0,1.5875200769718985,1.4819825851051875,2,1,3.81,0,4.8,0,0,0,0,0,0,0,1,0,1,1,1,0,0,1,0,0,0,0
430,6,5,9,2,1.1447051126644732,0.05,0.7,1,-0.2199398272628252,1,0.6631698995282104,0.025396878978617116,1,0,3.84,1,2.39,2,1,1,1,0,0,0,0,0,0,0,1,0,0,0,1,0,0,0
431,14,8,8,3,1.6760757115571148,0.69,0.89,2,0.9617378197300973,2,1.5875200769718985,0.6976672048831881,0,2,2.5,0,4.82,2,0,0,0,0,0,0,0,0,0,0,0,0,1,1,0,0,0,1
432,7,8,8,2,-0.05087873484397031,0.9,0.75,1,-1.2454685031819808,1,1.1561566608315106,-0.7589185012433823,0,2,4.85,1,3.66,1,0,0,0,0,0,1,1,0,0,0,0,0,0,1,0,0,0,1
433,15,1,6,3,1.6760757115571148,0.88,0.25,2,-0.12036552385902195,1,-0.6925436940558654,-1.3191437728305249,1,1,2.33,0,3.96,0,0,1,0,0,0,0,1,0,0,0,1,1,1,0,0,0,0,1
434,16,8,4,0,-0.05087873484397031,0.91,0.66,1,-1.7366247118496165,2,1.3410266963202482,-0.4227833382910969,0,1,3.56,1,1.43,0,0,0,0,0,1,0,0,0,1,0,1,0,0,0,0,0,0,0
435,17,8,4,2,-0.4494066840134515,0.66,0.32,0,-0.4035096407713958,0,-1.2471538005220781,-0.7589185012433823,0,0,3.43,1,2.98,1,0,0,1,0,1,0,1,0,0,0,1,0,1,0,1,0,0,0
436,0,2,7,3,-0.4494066840134515,0.81,0.94,0,-0.6794871517281297,1,-1.6168938714995533,0.2494869876134741,1,2,3.27,0,4.96,2,0,0,1,0,1,0,0,0,1,0,1,0,0,0,1,0,1,0
437,17,5,4,1,1.2775477623876337,0.68,0.63,1,-1.284045422394078,2,0.848039935016948,-1.0950536641956679,0,1,3.33,0,2.16,0,0,0,1,0,1,0,0,1,1,0,0,1,1,0,0,0,0,0
438,17,1,0,0,-1.5121478817987346,0.7,0.65,2,1.4653498422752937,2,0.17018313822491013,-1.0950536641956679,2,1,4.94,0,3.37,0,0,0,0,0,0,1,0,0,0,1,0,0,0,1,0,1,0,0
439,15,4,7,3,-0.5822493337366119,0.32,0.67,0,-0.928332650716786,0,0.04693644789908505,-0.4227833382910969,2,1,2.35,1,2.96,1,1,0,1,0,0,0,1,0,0,1,0,0,0,1,0,0,1,0
440,15,9,0,2,0.7461771634949921,0.72,0.83,2,-0.8875895030042434,1,-0.44605031340421525,-1.4311888271479534,0,0,2.55,1,2.58,1,1,0,0,1,0,0,0,0,1,0,0,0,0,0,0,1,0,0
441,18,2,9,3,1.6760757115571148,0.92,0.91,1,-0.8896293681754962,1,-1.5552705263366409,-1.2070987185130964,0,1,3.96,1,3.25,0,1,1,1,0,0,0,0,1,0,0,0,1,0,0,0,0,0,1
442,6,0,3,1,0.4804918640486713,0.38,0.63,1,0.2573886228103013,0,0.41667651887656026,-0.08664817533881138,2,0,3.47,0,3.09,2,0,0,1,0,0,0,0,1,0,0,0,0,1,0,0,0,0,0
443,17,3,6,0,0.7461771634949921,0.22,0.44,1,-0.726151324008556,2,-1.1855304553591657,0.921757313518045,0,2,2.22,0,2.04,1,0,0,1,0,0,0,1,0,0,0,0,0,0,0,0,1,1,0
444,5,0,1,2,1.0118624629413129,0.66,0.94,0,-1.0667185480869013,0,-0.9390370747075155,0.8097122592006165,1,0,3.97,1,2.68,0,0,1,0,0,1,0,0,0,0,0,0,1,0,0,0,0,0,1
445,5,1,1,2,1.0118624629413129,0.12,0.3,2,-1.2240769967400833,2,-0.3844269682413027,1.0338023678354735,1,1,4.61,1,2.09,0,0,0,1,0,0,0,0,0,0,0,0,0,1,0,1,1,0,1
446,12,4,6,2,1.2775477623876337,0.52,0.89,0,1.041870222342404,2,0.4782998640394728,-0.7589185012433823,0,1,4.69,1,2.27,2,0,0,1,0,0,0,1,1,0,0,0,1,0,0,0,0,1,1
447,17,2,8,3,0.7461771634949921,0.16,0.21,0,0.6857242049650227,2,-1.4936471811737284,1.594027639422616,0,0,4.92,1,3.71,2,1,0,0,0,0,0,0,0,1,0,0,0,1,0,0,0,0,1
448,8,7,1,2,0.08196391487919008,0.31,0.95,1,0.7189758124468584,1,0.7864165898540355,-1.4311888271479534,2,0,2.72,1,1.66,0,0,1,0,1,0,1,1,0,1,0,0,0,0,0,0,0,0,1
449,17,9,7,1,-0.05087873484397031,0.92,0.53,2,0.6626177676269392,0,-0.9390370747075155,1.594027639422616,0,1,4.14,0,1.98,1,1,0,0,0,0,0,0,0,0,0,0,0,1,0,0,1,0,0
450,14,5,9,3,0.3476492143255109,0.21,0.49,1,-1.113689602738224,1,-0.2611802779154776,-1.3191437728305249,1,0,2.75,1,2.16,2,0,1,0,0,0,1,1,0,0,0,0,0,0,0,0,0,0,0
451,14,8,7,3,-1.5121478817987346,0.56,0.37,1,-0.30211209504638437,1,0.7247932446911229,-0.08664817533881138,1,2,3.06,1,2.4,1,0,0,0,1,0,0,0,0,1,0,1,0,0,1,0,1,0,0
452,14,2,0,1,0.3476492143255109,0.44,0.36,2,0.7592135068426302,1,1.3410266963202482,0.6976672048831881,1,1,3.41,0,2.2,2,0,0,0,0,0,0,0,0,1,0,0,0,0,0,0,1,1,1
453,9,1,9,2,1.2775477623876337,0.64,0.55,2,-1.0826583794693447,1,-0.9390370747075155,-0.6468734469259538,2,1,3.18,0,4.6,0,0,0,1,1,0,0,1,0,0,1,0,0,0,0,0,0,0,0
454,17,5,0,3,-1.1136199326292535,0.49,0.59,2,1.4815424003161224,1,1.4026500414831609,-1.6552789357828104,2,1,3.03,1,4.07,0,1,0,1,1,0,0,0,0,0,0,0,0,0,1,0,0,0,0
455,4,1,2,0,1.410390412110794,0.44,0.43,0,0.5549381592506365,1,-0.7541670392187779,-0.7589185012433823,2,2,4.98,1,3.67,2,0,0,0,0,0,0,0,0,0,0,1,0,0,0,1,1,0,0
456,17,0,1,0,-0.05087873484397031,0.94,0.67,2,1.2578973595493135,2,-0.9390370747075155,1.594027639422616,2,2,2.05,1,1.36,0,1,0,1,0,0,1,0,1,0,0,0,0,0,0,0,0,0,0
457,14,1,9,2,-1.2464625823524138,0.25,0.54,1,-1.454256826816569,2,-0.6309203488929528,1.7060726937400446,1,0,3.25,0,4.58,0,0,0,1,0,0,0,0,1,1,0,1,0,1,0,1,0,0,0
458,3,1,8,2,0.3476492143255109,0.24,0.57,1,1.1256130057887859,2,-0.5076736585671278,-1.3191437728305249,2,0,2.04,1,2.32,1,0,0,0,0,0,0,0,0,0,0,1,0,0,0,0,1,1,0
459,17,3,1,1,0.7461771634949921,0.24,0.5,0,-1.2412263057019421,1,-0.9390370747075155,0.8097122592006165,1,1,2.22,0,2.21,2,0,0,0,0,1,0,1,1,1,0,1,0,0,0,0,0,0,0
460,5,5,5,3,1.0118624629413129,0.22,0.63,0,-0.5495675974139216,1,-0.014686897263827485,-1.4311888271479534,1,2,3.57,1,1.67,2,0,0,0,0,1,0,0,0,0,1,0,1,0,0,0,0,1,0
461,12,6,6,1,-0.9807772829060931,0.93,0.35,1,0.13644086486877083,0,-0.19955693275256509,0.2494869876134741,1,2,3.82,1,1.74,0,0,0,0,0,0,0,0,1,0,0,0,0,1,0,0,0,1,1
462,8,7,3,1,-0.9807772829060931,0.69,0.61,2,-0.3087732476852537,1,0.41667651887656026,-0.8709635555608108,1,1,3.92,0,4.71,2,0,1,0,1,0,0,0,1,0,0,0,0,0,0,0,1,0,0
463,9,5,1,2,1.410390412110794,0.05,0.47,2,1.1191504240957906,2,0.7247932446911229,-0.6468734469259538,1,1,3.88,1,4.3,0,0,0,1,0,0,0,1,0,0,0,0,0,0,1,0,0,0,0
464,3,1,3,0,0.21480656460235048,0.93,0.81,2,1.0155324941578228,2,-0.6309203488929528,-0.9830086098782393,0,0,4.42,0,1.62,0,0,0,0,1,0,1,0,1,0,0,1,0,0,0,0,1,0,0
465,2,3,7,0,1.0118624629413129,0.46,0.84,1,-0.9111833417549271,1,-0.5076736585671278,-1.0950536641956679,2,2,4.06,1,1.28,0,1,0,0,0,1,0,1,0,1,0,0,1,0,0,0,0,1,0
466,18,4,0,3,-1.6449905315218951,0.17,0.79,2,-1.6887871657981157,1,1.2794033511573357,1.2578924764703305,0,1,2.4,1,2.07,1,0,1,0,1,0,0,1,0,1,0,0,0,0,0,0,0,1,1
467,12,3,7,0,-0.4494066840134515,0.82,0.27,1,-1.0857091512741384,2,-1.1239071101962532,-0.8709635555608108,2,0,4.08,1,1.08,0,0,0,1,0,0,0,0,0,0,0,1,0,0,0,0,1,0,0
468,6,0,9,0,0.08196391487919008,0.51,0.86,1,-1.0733797007257706,1,-0.32280362307839017,0.5856221505657596,1,1,4.77,0,3.75,1,0,0,1,0,0,0,0,0,0,1,0,0,1,0,0,0,0,0
469,9,4,4,2,-1.2464625823524138,0.25,0.96,1,-0.4109831290979321,1,-1.5552705263366409,0.4735770962483311,2,1,3.29,0,3.4,1,1,0,1,0,0,1,0,0,0,0,0,0,0,0,0,0,0,0
470,4,8,8,0,-0.3165640342902911,0.87,0.72,2,-0.48864242083889686,2,0.04693644789908505,0.921757313518045,1,1,2.34,0,4.84,2,0,0,0,0,1,1,0,1,0,1,0,0,1,0,0,0,1,0
471,7,9,0,2,-1.1136199326292535,0.74,0.48,0,0.594110791300356,1,-0.19955693275256509,-0.19869322965623987,0,2,3.62,0,3.13,0,0,0,0,0,1,0,0,0,0,1,1,1,0,0,0,0,0,0
472,9,6,7,0,-1.2464625823524138,0.38,0.36,2,-1.6634061885345648,2,-0.2611802779154776,1.369937530787759,2,2,3.38,0,1.97,0,0,0,1,0,0,0,1,0,1,0,0,1,0,0,1,0,1,0
473,9,8,1,1,0.3476492143255109,0.39,0.22,0,0.26522314922024515,1,-1.6168938714995533,-1.2070987185130964,1,1,2.24,1,1.05,2,0,0,1,0,1,0,0,0,0,1,0,0,0,0,0,0,0,0
474,7,5,7,1,-0.4494066840134515,0.52,0.95,2,0.4804379507394878,1,-1.4936471811737284,1.4819825851051875,0,1,3.81,1,3.01,0,1,0,0,0,1,1,0,0,1,0,0,0,0,0,0,0,0,0
475,19,4,6,3,-1.1136199326292535,0.33,0.38,0,-1.002562080665379,1,-0.13793358758965255,0.4735770962483311,2,1,3.18,1,4.27,2,1,1,0,1,0,0,0,1,0,0,0,0,1,0,1,0,0,0
476,3,4,1,2,0.8790198132181525,0.38,0.54,1,-0.4672689663011697,1,-0.7541670392187779,-0.6468734469259538,2,0,2.32,1,3.39,2,1,0,0,0,0,0,0,1,0,0,1,1,0,0,0,1,0,1
477,0,3,7,1,-1.5121478817987346,0.29,0.97,1,0.9281612779731949,1,-0.5076736585671278,-1.6552789357828104,1,2,4.88,1,2.26,2,0,0,1,0,0,0,0,0,0,1,0,0,0,1,0,0,1,0
478,6,3,0,3,0.7461771634949921,0.5,0.6,2,-1.0338640824968137,2,-1.0622837650333405,-1.2070987185130964,0,2,2.24,1,4.81,0,0,0,1,0,1,0,0,0,1,0,1,0,0,1,0,0,0,0
479,18,1,9,3,-0.7150919834597723,0.76,0.47,2,-0.039492993175729976,0,0.6631698995282104,-1.4311888271479534,2,0,3.88,0,1.39,0,0,0,0,0,1,1,1,0,0,0,1,0,0,0,0,0,0,0
480,13,4,3,2,-0.18372138456713072,0.46,0.33,2,-0.34570744361784644,1,-1.000660419870428,0.8097122592006165,1,2,4.96,0,4.05,2,1,0,0,0,0,0,0,0,0,0,0,1,1,0,0,0,1,0
481,17,9,5,2,-0.18372138456713072,0.82,0.52,2,1.187892075176589,0,-0.07631024242674002,0.1374419332960456,1,2,4.63,1,3.48,1,1,0,1,0,0,1,0,0,0,0,0,0,0,0,0,0,1,0
482,10,1,1,0,-0.05087873484397031,0.82,0.43,1,-0.9959189799306799,0,-1.3704004908479033,-0.4227833382910969,1,2,3.93,0,1.44,0,0,0,0,0,1,0,1,0,0,0,0,0,0,0,0,1,0,0
483,18,9,2,3,-1.2464625823524138,0.41,0.25,1,-0.12415642373480126,2,-1.5552705263366409,0.2494869876134741,2,2,2.44,1,2.28,0,0,0,0,0,0,0,0,0,0,0,0,0,0,1,1,0,0,1
484,7,7,3,0,-1.3793052320755743,0.24,0.22,2,1.490694715730504,1,-0.6309203488929528,-0.31073828397366837,2,2,4.62,0,4.49,1,0,0,1,0,0,0,1,0,1,0,0,0,0,0,1,1,1,0
485,13,0,5,3,0.3476492143255109,0.86,0.54,1,-0.33956979619991806,0,1.0329099705056857,1.145847422152902,2,0,3.31,0,4.29,1,1,0,0,1,0,1,0,0,0,0,0,0,0,0,0,0,1,0
486,6,2,7,0,0.3476492143255109,0.94,0.94,1,-0.24676495686000643,1,1.4026500414831609,0.6976672048831881,1,2,3.56,1,4.95,0,1,0,0,0,1,0,0,0,0,0,1,1,0,0,0,0,0,0
487,15,0,5,0,-0.8479346331829327,0.68,0.81,0,1.0992030699875233,0,-1.678517216662466,-0.4227833382910969,1,1,2.91,0,3.01,0,1,0,1,0,0,0,0,0,1,1,0,0,0,1,0,0,1,0
488,3,2,7,3,-0.18372138456713072,0.43,0.97,2,-0.15538621794955465,0,0.6631698995282104,-1.0950536641956679,0,2,3.14,0,3.54,1,0,1,0,1,0,1,0,1,0,1,0,0,0,0,1,0,0,0
489,3,9,4,1,1.0118624629413129,0.63,0.69,1,0.20168044654051576,0,0.6015465543652979,1.145847422152902,2,0,2.87,0,1.85,2,0,0,1,0,0,0,0,0,0,1,0,1,0,0,0,0,0,0
490,15,8,5,0,0.4804918640486713,0.87,0.53,1,1.3070346427010815,2,0.9096632801798605,-0.7589185012433823,1,2,4.02,1,4.6,2,1,0,1,0,0,1,0,0,0,0,0,0,0,1,0,0,1,1
491,18,5,5,0,0.7461771634949921,0.76,0.86,1,0.7112676493661071,1,0.4782998640394728,-0.31073828397366837,2,0,3.93,1,4.21,1,0,0,0,0,1,0,0,0,0,1,0,0,0,0,0,1,0,0
492,17,6,1,3,1.5432330618339545,0.19,0.38,0,1.615397269739473,2,1.5875200769718985,0.2494869876134741,2,2,2.61,1,1.1,0,1,0,0,1,1,1,0,0,0,0,0,0,0,1,0,0,0,1
493,9,2,2,0,-0.4494066840134515,0.72,0.3,2,0.40245372472345625,0,1.5875200769718985,-0.8709635555608108,0,2,4.31,1,2.1,0,0,0,0,0,0,0,0,0,0,1,0,1,0,0,0,1,0,1
494,16,7,8,1,-1.3793052320755743,0.88,0.3,1,-1.0733797007257706,2,1.5875200769718985,-0.9830086098782393,1,1,3.47,1,2.65,2,0,1,1,0,0,0,0,0,0,1,0,0,0,0,0,0,0,0
495,13,2,3,1,-0.9807772829060931,0.85,0.7,0,0.3890772637332064,0,0.7864165898540355,0.4735770962483311,2,1,4.93,0,2.94,1,0,0,0,0,0,0,0,0,0,0,0,0,0,1,1,0,0,1
496,5,8,6,0,-0.8479346331829327,0.88,0.35,1,-1.6047194480766669,1,-0.877413729544603,-1.6552789357828104,1,1,2.66,1,2.07,2,0,0,0,1,0,1,0,1,0,0,0,0,0,0,0,0,0,0
497,15,0,3,0,-0.8479346331829327,0.72,0.59,0,0.6814097998683024,0,-0.6309203488929528,1.7060726937400446,1,1,3.75,0,1.66,0,0,0,0,0,0,0,1,0,1,0,0,1,1,0,0,0,0,0
498,15,1,2,2,-0.18372138456713072,0.78,0.69,0,1.129259490431202,1,0.04693644789908505,-1.0950536641956679,2,0,2.76,0,2.17,1,0,1,0,0,1,0,0,0,1,1,0,0,1,0,1,0,0,0
499,8,4,2,2,-0.18372138456713072,0.34,0.82,2,-0.05165997658656453,2,-1.2471538005220781,-1.6552789357828104,1,0,2.03,0,1.86,1,0,0,1,0,0,0,0,0,0,1,0,1,0,0,0,1,0,1
500,19,3,1,3,1.1447051126644732,0.24,0.37,1,0.9099830104736245,2,1.525896731808986,-0.5348283926085253,2,1,2.15,0,2.99,2,0,0,0,0,1,0,1,0,0,0,0,1,1,0,0,0,0,1
501,16,8,4,1,0.21480656460235048,0.58,0.39,1,-1.6439281839347273,1,1.5875200769718985,1.7060726937400446,1,1,4.69,1,2.35,0,0,1,1,0,0,1,0,0,0,1,0,1,1,0,0,0,0,0
502,15,4,6,2,0.3476492143255109,0.7,0.42,0,-0.10807217711899476,1,-0.13793358758965255,-0.6468734469259538,0,2,3.48,1,4.37,1,1,0,1,0,0,0,0,0,0,0,0,0,0,0,1,0,0,0
503,7,0,8,1,-0.8479346331829327,0.79,0.31,0,-0.21674464022466836,2,1.525896731808986,1.4819825851051875,0,1,4.8,1,2.04,0,0,0,0,0,0,0,1,0,0,0,0,0,0,0,0,1,1,0
504,19,2,8,3,-1.2464625823524138,0.29,0.74,2,0.051560811459655014,2,1.7107667672977236,-1.2070987185130964,0,2,3.91,1,3.09,0,0,0,0,0,0,0,0,0,0,0,0,1,1,0,0,0,1,0
505,4,5,6,0,1.1447051126644732,0.25,0.41,0,-0.3427288794297341,0,1.649143422134811,-0.9830086098782393,0,1,2.23,0,1.24,0,1,0,0,1,0,0,1,0,1,0,1,0,0,0,0,0,0,1
506,14,6,5,2,1.2775477623876337,0.14,0.36,1,1.049903319698222,0,-1.1239071101962532,1.369937530787759,0,1,4.74,1,4.67,2,0,1,0,0,0,0,1,0,0,0,0,0,0,1,0,0,0,1
507,3,2,7,1,1.410390412110794,0.43,0.74,2,0.9870465893769669,1,-1.6168938714995533,1.4819825851051875,1,1,2.8,0,3.65,2,0,0,1,0,1,0,0,1,0,0,0,0,0,1,0,0,1,1
508,14,5,9,3,-0.5822493337366119,0.24,0.51,1,0.2942867149345532,1,-1.4936471811737284,0.5856221505657596,1,0,4.78,1,2.18,2,0,0,1,1,0,1,0,0,0,0,0,1,0,1,0,0,0,0
509,8,4,2,1,-1.5121478817987346,0.44,0.74,2,1.3140568334233584,0,-0.6309203488929528,-0.8709635555608108,2,0,2.3,1,4.53,1,1,0,0,1,0,0,0,1,0,1,0,0,0,0,0,0,0,0
510,9,7,4,2,1.410390412110794,0.29,0.36,2,-0.7812096317282079,1,-1.000660419870428,0.1374419332960456,0,0,3.43,0,4.41,1,1,0,1,0,0,0,0,0,1,1,0,0,0,0,1,0,0,1
511,6,9,0,2,-1.6449905315218951,0.22,0.91,2,-1.073397752629941,2,-1.4320238360108157,-1.0950536641956679,0,1,3.78,0,3.33,2,1,0,0,0,0,1,0,0,0,0,1,1,0,0,0,0,0,0
512,8,6,6,0,1.5432330618339545,0.07,0.74,2,-0.3691207633268263,1,-1.3087771456849908,-0.6468734469259538,0,2,3.36,0,4.96,2,1,0,1,0,0,0,0,0,0,0,0,0,0,0,1,0,1,0
513,18,9,1,2,1.1447051126644732,0.32,0.46,0,0.705906233827505,0,0.7864165898540355,-1.6552789357828104,2,2,4.57,1,2.43,0,0,1,0,1,0,1,0,0,1,0,0,0,0,0,1,1,0,0
514,3,7,6,3,0.4804918640486713,0.13,0.93,2,0.04314862411625902,2,0.9712866253427731,-0.4227833382910969,1,2,3.77,0,2.24,0,0,0,0,0,0,0,0,1,1,0,0,0,0,1,1,0,0,0
515,12,2,7,0,0.4804918640486713,0.76,0.43,1,-1.705142190976478,0,0.4782998640394728,0.6976672048831881,2,2,3.46,1,4.2,0,0,1,1,0,0,0,0,0,0,0,0,0,1,0,1,0,0,1
516,9,8,9,2,-1.1136199326292535,0.1,0.44,1,0.2917955521590411,2,1.4026500414831609,1.369937530787759,0,0,4.88,1,4.81,1,1,0,0,0,0,0,0,0,0,1,0,0,1,1,1,0,1,0
517,8,1,0,3,-1.2464625823524138,0.31,0.23,1,-0.0663903303895927,2,0.6631698995282104,-0.6468734469259538,2,0,3.31,0,4.22,0,0,0,0,0,1,0,0,0,0,0,0,0,1,1,1,0,1,0
518,10,9,6,0,-0.05087873484397031,0.23,0.44,1,-0.33752993102866535,1,-1.1855304553591657,0.1374419332960456,1,0,2.94,0,2.87,2,0,0,0,1,1,0,0,0,0,1,0,0,0,0,1,0,0,0
519,18,7,2,2,-1.1136199326292535,0.91,0.53,0,-1.0793007252936544,0,0.5399232092023853,1.4819825851051875,1,1,4.27,0,1.5,1,1,1,0,1,0,0,0,0,0,1,0,0,0,0,1,1,0,0
520,3,5,4,1,-0.4494066840134515,0.81,0.27,0,-0.4660594887217544,2,1.0329099705056857,-0.5348283926085253,2,1,4.22,1,3.81,1,0,1,0,0,0,0,0,1,0,1,0,0,0,0,0,0,0,0
521,16,7,9,3,0.8790198132181525,0.86,0.71,0,-1.0121476417798494,1,-1.2471538005220781,-1.4311888271479534,2,1,3.81,1,3.08,0,1,0,1,0,1,0,0,0,0,1,0,0,0,0,0,0,0,0
522,16,1,7,0,-0.7150919834597723,0.51,0.51,0,-1.168134145716083,2,1.525896731808986,0.4735770962483311,0,2,4.58,1,2.73,1,1,0,1,0,0,0,0,0,0,0,0,0,0,0,1,1,0,0
523,2,9,7,2,-0.4494066840134515,0.2,0.79,0,0.8424327850680713,1,0.6015465543652979,0.025396878978617116,1,0,2.83,0,3.79,0,0,0,0,0,1,1,1,0,0,0,0,0,0,0,0,0,0,0
524,16,8,4,3,-1.5121478817987346,0.16,0.51,1,1.0026434345801731,1,0.10855979306199759,1.4819825851051875,0,2,2.83,1,2.43,1,1,0,0,0,1,0,1,0,0,1,0,0,0,0,1,1,0,0
525,10,5,7,0,-0.5822493337366119,0.11,0.72,0,-0.07947796091311653,2,-0.13793358758965255,-1.4311888271479534,0,2,3.13,0,3.42,0,0,0,0,1,0,0,0,1,1,0,0,0,0,0,0,0,0,1
526,13,0,1,1,0.3476492143255109,0.8,0.25,0,-1.6048819152142004,2,-0.44605031340421525,1.0338023678354735,2,0,4.39,1,4.6,0,0,1,0,0,1,0,0,0,1,0,1,0,1,0,0,0,0,0
527,9,3,9,0,-0.3165640342902911,0.08,0.79,2,0.3448320466116107,0,0.04693644789908505,-0.31073828397366837,2,0,3.72,1,1.78,2,1,0,0,0,1,0,0,0,0,0,0,1,1,0,1,0,1,0
528,4,3,9,1,-0.8479346331829327,0.78,0.84,2,-0.8345891123600147,1,-1.678517216662466,-0.4227833382910969,1,0,3.64,1,2.36,1,1,0,0,0,0,0,1,0,1,0,0,1,1,1,0,0,0,0
529,4,9,0,3,-1.3793052320755743,0.61,0.64,0,-1.092135629158793,1,-1.1855304553591657,1.145847422152902,0,2,2.3,0,1.92,1,1,0,0,1,0,1,0,0,0,1,0,0,0,1,1,0,0,0
530,13,7,1,0,0.4804918640486713,0.28,0.76,0,-1.4230089806976454,0,-0.5076736585671278,-0.31073828397366837,0,1,3.64,1,3.33,2,0,1,0,0,0,0,1,0,0,0,0,0,1,0,1,1,0,0
531,17,0,6,2,1.5432330618339545,0.28,0.46,0,-1.4635174536559727,1,-0.7541670392187779,0.025396878978617116,2,0,4.71,1,2.38,0,0,0,0,0,0,0,0,0,0,0,1,0,0,0,1,0,1,0
532,9,1,7,2,1.6760757115571148,0.14,0.59,2,-0.6786748160404626,1,-1.4936471811737284,-1.6552789357828104,2,0,3.82,0,3.73,1,1,0,0,0,1,0,0,1,1,0,0,1,0,0,0,1,0,0
533,7,1,6,0,-1.2464625823524138,0.4,0.5,1,-1.1519235357710838,1,0.7247932446911229,1.4819825851051875,1,2,2.58,0,4.67,0,1,0,0,0,0,0,0,0,0,1,0,0,0,0,0,0,1,0
534,10,8,9,0,-1.5121478817987346,0.72,0.9,2,0.7929164119287253,1,-1.1855304553591657,-0.08664817533881138,2,2,2.13,0,3.41,0,0,0,0,0,0,0,1,0,0,0,0,1,0,1,0,1,0,0
535,2,9,5,0,0.21480656460235048,0.64,0.26,0,0.8280634693484507,2,-0.2611802779154776,1.0338023678354735,0,2,4.61,1,3.11,2,1,0,0,0,1,0,0,0,0,0,1,0,0,0,0,0,1,1
536,12,7,1,0,-1.1136199326292535,0.86,0.76,0,1.1982358162662152,1,-0.5076736585671278,0.921757313518045,0,1,2.37,1,1.14,0,0,0,1,0,0,1,0,1,0,1,0,0,0,0,0,1,0,0
537,4,8,3,3,0.3476492143255109,0.29,0.66,2,-0.3229620443631706,2,-0.19955693275256509,-0.08664817533881138,2,1,2.62,1,3.64,1,1,1,1,0,0,0,1,0,0,0,0,0,0,0,1,1,0,0
538,19,3,2,1,-0.3165640342902911,0.89,0.92,0,-0.15352687182000574,0,-0.014686897263827485,1.369937530787759,1,0,4.79,1,4.23,1,0,0,0,0,0,0,0,0,1,0,0,0,1,0,0,0,1,0
539,1,0,8,1,-0.5822493337366119,0.74,0.41,0,0.059774427857176855,2,-1.3704004908479033,-0.8709635555608108,0,2,3.01,0,1.15,2,0,1,0,0,0,0,0,1,1,1,0,0,1,0,1,0,0,0
540,13,9,7,1,0.21480656460235048,0.56,0.45,2,-0.4928304626064245,2,-1.5552705263366409,1.7060726937400446,1,2,3.91,1,2.63,1,0,0,0,1,1,0,0,0,0,1,0,0,0,0,0,1,1,0
541,19,9,8,0,1.0118624629413129,0.45,0.4,2,-0.43780825869511336,1,1.7107667672977236,0.4735770962483311,0,1,2.7,1,1.74,1,0,0,0,1,0,0,0,0,0,0,1,1,0,0,0,0,0,0
542,5,8,4,0,-0.18372138456713072,0.93,0.21,2,-0.07252797780752111,1,0.2934298285507352,-0.08664817533881138,2,0,2.23,1,2.3,2,0,0,0,0,1,0,1,0,1,0,1,0,0,0,0,1,1,0
543,9,9,3,1,-0.9807772829060931,0.6,0.48,1,0.18680567750412455,1,-0.5692970037300403,1.594027639422616,2,0,2.08,1,4.23,1,0,0,0,0,0,1,0,0,0,1,0,1,1,0,1,1,0,0
544,4,4,2,3,0.6133345137718317,0.19,0.8,0,1.3276318653594825,1,1.649143422134811,1.4819825851051875,0,1,3.82,0,2.27,0,0,0,0,0,0,0,0,0,1,0,1,0,0,1,0,0,1,1
545,3,0,7,3,-0.18372138456713072,0.93,0.38,2,-0.2547980542158245,2,0.4782998640394728,0.1374419332960456,2,2,3.96,1,2.8,2,0,1,0,0,0,0,1,0,0,1,1,0,0,0,0,0,0,1
546,16,5,5,1,-1.3793052320755743,0.58,0.31,1,-0.5128861281397141,2,0.2934298285507352,-1.2070987185130964,0,2,3.9,1,4.6,2,0,0,0,0,1,0,1,0,0,0,1,0,0,0,1,0,0,0
547,3,2,9,3,-1.6449905315218951,0.29,0.64,0,0.4789035388850057,1,-1.4320238360108157,-1.2070987185130964,0,0,4.76,0,2.42,2,0,0,1,0,0,1,0,0,0,0,0,0,0,0,1,0,0,0
548,18,4,9,1,1.410390412110794,0.79,0.47,1,1.1361914216326272,2,-0.07631024242674002,0.5856221505657596,1,0,4.5,0,4.03,1,0,1,1,0,0,0,0,0,0,0,1,0,1,0,0,0,0,0
549,1,1,5,3,-0.9807772829060931,0.86,0.67,0,0.005745078675236477,0,0.6015465543652979,-0.7589185012433823,2,1,2.89,0,1.19,1,1,0,0,0,0,1,0,1,0,0,0,1,0,0,0,0,0,0
550,7,6,3,2,-1.2464625823524138,0.91,0.23,1,-0.7475969861629647,2,-1.0622837650333405,-1.3191437728305249,1,2,3.46,1,4.54,2,1,0,0,0,0,1,0,0,0,0,1,1,1,0,0,0,0,1
551,6,3,9,0,-1.6449905315218951,0.24,0.86,1,-0.9455361153911558,1,-0.2611802779154776,-0.9830086098782393,1,0,3.28,0,3.08,2,0,0,1,1,0,0,1,0,0,0,0,1,0,0,0,0,1,0
552,19,4,5,1,1.410390412110794,0.49,0.27,2,-1.097117954709817,0,-1.4320238360108157,-0.5348283926085253,2,0,3.01,0,3.52,1,1,1,1,0,0,0,0,0,0,1,0,0,0,1,0,0,0,0
553,11,0,6,1,1.0118624629413129,0.14,0.76,0,0.7222973628142079,1,-0.7541670392187779,-1.2070987185130964,0,2,4.62,1,3.69,2,0,0,0,0,0,0,0,0,0,0,1,0,0,0,1,0,1,0
554,14,0,9,3,-1.3793052320755743,0.17,0.7,1,-1.32477051820245,0,0.7247932446911229,-0.9830086098782393,0,1,2.12,0,3.45,1,1,0,0,0,1,1,1,0,1,1,0,0,0,0,0,0,0,0
555,12,9,0,2,0.6133345137718317,0.32,0.38,1,-0.36222493593374205,2,-1.3087771456849908,-0.8709635555608108,2,2,3.26,0,2.3,1,1,1,0,0,0,1,0,0,1,0,0,0,0,0,0,0,0,0
556,12,9,4,3,1.1447051126644732,0.36,0.51,2,-1.1385831785891747,1,-0.5692970037300403,-0.7589185012433823,0,1,4.67,0,1.24,2,0,1,1,0,0,1,0,1,0,0,1,0,0,0,0,0,1,0
557,19,9,2,2,1.0118624629413129,0.43,0.41,2,-1.486046230060604,2,0.04693644789908505,-0.19869322965623987,2,0,4.63,1,4.12,0,1,0,0,0,0,0,1,0,0,0,1,0,0,0,1,0,0,1
558,5,4,9,0,-0.18372138456713072,0.13,0.76,0,-0.07552459389980382,1,-1.0622837650333405,1.2578924764703305,0,2,4.58,1,2.16,0,0,0,0,0,1,0,0,1,0,0,0,0,0,1,0,1,0,1
559,14,4,6,3,1.6760757115571148,0.27,0.21,1,-1.6497950527901,1,-1.0622837650333405,-0.6468734469259538,1,1,2.69,1,1.14,1,0,0,0,1,0,0,0,0,1,0,1,0,0,1,1,0,0,0
560,4,4,6,3,-1.6449905315218951,0.79,0.89,2,-1.3427321628519757,0,1.5875200769718985,0.2494869876134741,0,1,2.29,0,1.78,1,0,0,0,0,1,0,0,0,0,1,0,0,0,0,0,0,0,1
561,10,9,0,2,0.08196391487919008,0.46,0.28,2,1.3599808776327993,1,-0.07631024242674002,0.2494869876134741,1,2,2.85,1,2.53,2,0,1,0,0,1,0,0,0,0,0,1,0,0,0,1,1,0,0
562,12,3,1,2,-0.3165640342902911,0.41,0.38,2,0.0054923520168511895,0,-1.3704004908479033,-1.3191437728305249,0,1,2.62,0,3.37,0,0,1,1,0,0,0,0,1,1,0,0,0,1,0,0,1,0,0
563,11,2,9,2,1.2775477623876337,0.74,0.4,0,-0.2707017817899272,0,-0.07631024242674002,1.369937530787759,2,2,4.07,0,3.18,2,1,0,0,0,0,0,1,0,0,0,0,0,0,0,0,1,0,1
564,3,1,1,3,-1.1136199326292535,0.55,0.78,2,-1.3592135513595307,1,0.35505317371364775,0.921757313518045,2,1,2.59,1,1.16,2,1,1,0,1,0,0,0,0,0,0,1,0,0,0,0,0,0,0
565,7,7,3,2,0.8790198132181525,0.43,0.21,1,-1.1881537074410318,0,0.848039935016948,-1.0950536641956679,2,2,3.57,1,4.21,1,1,0,0,1,0,1,0,1,1,0,0,1,0,0,0,0,0,0
566,17,2,6,3,-1.6449905315218951,0.89,0.93,1,1.6632167638868034,2,-1.000660419870428,-1.2070987185130964,1,1,4.98,1,2.25,0,1,0,1,1,0,0,1,1,0,0,0,0,0,0,0,0,0,0
567,4,5,6,0,-0.18372138456713072,0.1,0.57,0,-1.0042048039448832,1,-0.9390370747075155,-0.7589185012433823,1,2,3.75,0,2.47,2,0,1,1,0,0,0,0,0,0,0,1,0,0,0,0,0,1,0
568,19,3,1,0,1.6760757115571148,0.14,0.37,0,-0.9007132373361081,0,0.848039935016948,1.0338023678354735,1,2,3.73,0,4.87,1,1,0,0,0,0,0,0,0,0,1,0,1,1,1,0,0,0,0
569,17,2,7,1,-0.3165640342902911,0.13,0.83,2,-1.0513563776379098,1,-1.1855304553591657,0.1374419332960456,1,2,3.99,0,2.21,0,0,0,1,0,0,1,0,0,0,0,0,0,0,1,1,1,0,1
570,14,5,6,1,0.8790198132181525,0.4,0.57,2,-0.269257629456297,1,0.7864165898540355,1.2578924764703305,1,0,2.43,0,3.24,2,1,0,0,0,0,0,0,1,0,1,0,0,0,0,0,0,0,1
571,9,1,2,0,-0.05087873484397031,0.83,0.88,1,1.426177210225574,1,1.2177800059944233,-1.6552789357828104,2,2,3.08,1,1.02,2,0,0,1,0,0,0,0,0,1,0,0,1,0,0,1,1,0,0
572,12,1,9,2,-0.5822493337366119,0.6,0.23,0,-0.44345850470044157,1,0.5399232092023853,1.2578924764703305,2,0,4.78,0,2.96,2,1,0,1,1,0,0,0,0,1,0,0,0,0,0,0,1,0,0
573,13,2,1,3,-1.2464625823524138,0.6,0.76,2,1.594655631847709,2,0.7864165898540355,0.8097122592006165,2,2,2.29,0,4.93,0,0,0,0,0,0,0,0,0,1,0,0,0,0,0,0,1,1,0
574,14,8,0,3,1.1447051126644732,0.87,0.66,0,-0.011386178382451935,1,-1.4320238360108157,-0.9830086098782393,0,1,4.19,1,1.69,0,0,0,0,0,0,1,0,0,0,1,1,0,0,0,0,0,0,0
575,16,7,6,2,-1.2464625823524138,0.72,0.86,1,-1.7293136906606137,2,0.5399232092023853,1.2578924764703305,0,1,3.7,0,1.35,0,0,0,0,0,0,0,0,1,0,0,1,1,0,1,1,0,0,0
576,6,0,5,3,-1.3793052320755743,0.61,0.22,0,-0.9432435235615179,1,-0.5076736585671278,1.2578924764703305,0,0,4.83,1,3.99,1,0,0,0,0,0,1,0,0,0,0,1,1,1,0,0,0,0,0
577,11,1,2,0,-0.5822493337366119,0.31,0.42,2,0.9292985479359287,1,-0.5692970037300403,-0.7589185012433823,0,2,2.79,0,2.42,2,0,0,0,0,0,0,0,0,1,0,0,0,1,0,0,0,1,1
578,2,1,5,2,-0.8479346331829327,0.58,0.32,1,0.9466825316520023,0,0.2934298285507352,0.2494869876134741,0,2,2.27,1,2.03,2,0,1,0,0,0,1,0,1,0,0,0,0,0,0,1,1,0,0
579,15,3,9,2,1.2775477623876337,0.47,0.46,2,0.923287263847193,0,-0.32280362307839017,1.369937530787759,2,1,3.26,0,2.35,0,0,0,1,0,0,1,1,0,0,0,0,1,0,0,0,0,1,0
580,18,9,4,3,1.410390412110794,0.54,0.79,1,0.33289973795499106,2,1.5875200769718985,-0.8709635555608108,1,0,3.12,0,2.93,2,0,0,0,0,0,1,1,0,1,0,0,0,1,0,0,0,0,0
581,10,8,8,0,-0.4494066840134515,0.75,0.95,0,0.15185719103027337,0,0.35505317371364775,-0.9830086098782393,0,1,2.39,0,4.15,0,0,1,1,0,0,0,1,0,0,0,0,0,0,1,0,0,1,0
582,17,0,8,2,-0.4494066840134515,0.46,0.33,2,-1.7405780788629293,1,-0.7541670392187779,1.369937530787759,2,2,2.27,1,1.62,1,0,0,0,0,1,0,0,0,1,0,0,0,1,0,0,0,0,0
583,2,9,0,3,1.2775477623876337,0.47,0.74,2,1.5621802562451996,1,-0.19955693275256509,-1.2070987185130964,1,1,3.2,0,4.59,1,1,0,0,0,0,1,0,1,0,0,0,0,0,0,0,1,1,0
584,13,0,5,2,-0.3165640342902911,0.92,0.22,0,1.1350722035740637,1,0.7247932446911229,0.4735770962483311,1,1,3.94,1,3.0,0,1,0,0,0,0,0,1,0,1,0,1,1,0,0,0,0,0,1
585,16,7,0,3,-1.5121478817987346,0.4,0.34,1,-1.0312104525837682,2,-1.000660419870428,-1.0950536641956679,1,0,3.55,1,2.86,0,0,0,0,0,0,1,0,0,0,0,0,1,1,0,1,0,0,0
586,1,8,7,3,0.08196391487919008,0.17,0.6,2,1.5031324777038941,2,-0.014686897263827485,-0.7589185012433823,0,0,2.35,0,3.01,2,0,0,1,0,0,1,0,0,0,0,0,1,0,0,0,1,0,1
587,4,2,9,2,1.2775477623876337,0.93,0.62,0,0.0700820651384625,2,-0.9390370747075155,0.1374419332960456,0,0,4.62,0,1.19,2,0,0,1,0,0,0,0,0,1,1,0,1,0,0,0,0,0,1
588,9,7,0,2,1.1447051126644732,0.38,0.9,1,1.5035476714998128,1,0.41667651887656026,-0.7589185012433823,2,2,3.07,1,2.79,2,1,1,1,0,0,0,0,0,0,0,0,0,0,0,0,0,0,0
589,4,6,1,0,1.410390412110794,0.53,0.51,2,-0.915335279714114,0,0.23180648338782264,-0.19869322965623987,1,2,4.92,1,4.68,1,0,0,1,0,0,0,0,0,1,0,0,0,0,0,0,0,1,0
590,15,6,1,2,1.0118624629413129,0.6,0.77,0,-1.2660476739362114,2,-0.014686897263827485,-0.31073828397366837,2,1,4.85,0,3.89,1,0,0,0,0,0,1,0,1,0,0,1,1,0,0,0,1,1,0
591,14,6,2,1,-0.18372138456713072,0.56,0.99,0,1.1684682262892625,2,-0.877413729544603,1.0338023678354735,1,2,4.24,1,2.11,1,0,0,1,0,0,0,0,0,0,0,0,0,0,1,1,0,0,0
592,7,2,3,2,0.21480656460235048,0.3,0.52,0,-1.6559868559205395,0,-0.44605031340421525,-1.3191437728305249,2,1,2.05,0,1.88,1,0,0,0,0,0,1,0,0,0,0,0,0,1,0,0,0,0,1
593,11,5,5,3,-1.1136199326292535,0.48,0.64,1,-0.12166526095928915,0,0.23180648338782264,-0.9830086098782393,0,0,2.51,0,2.02,0,0,1,0,1,0,0,0,0,0,0,1,0,0,1,1,0,0,0
594,16,7,5,3,1.1447051126644732,0.24,0.98,1,0.0025137878287388735,1,-1.1239071101962532,0.4735770962483311,0,1,3.87,0,2.66,0,1,0,0,0,0,0,0,0,1,0,0,1,0,0,0,0,0,0
595,3,1,2,0,-1.2464625823524138,0.17,0.68,0,-1.1601732559769464,2,-1.000660419870428,1.369937530787759,2,0,4.94,0,2.41,0,1,0,0,1,0,0,1,0,0,1,0,0,0,1,0,0,0,0
596,11,6,6,3,-0.7150919834597723,0.85,0.96,1,1.2661109759468354,2,1.2794033511573357,-0.08664817533881138,1,2,2.47,1,2.6,0,0,1,0,1,0,0,0,1,1,0,1,0,0,0,0,0,1,0
597,2,8,4,0,-1.1136199326292535,0.64,0.97,0,0.19702305526455832,0,0.2934298285507352,-1.4311888271479534,0,0,4.2,1,2.3,0,0,1,1,0,0,1,0,0,0,0,0,0,1,1,0,0,0,0
598,15,6,6,0,-0.9807772829060931,0.72,0.9,1,1.3508285622184177,2,1.1561566608315106,1.369937530787759,2,1,3.42,1,2.29,2,1,0,0,0,0,0,0,0,1,0,0,1,0,0,0,1,0,0
599,8,2,7,1,1.6760757115571148,0.46,0.74,0,0.3548869572345111,2,1.7107667672977236,1.594027639422616,2,1,3.39,1,1.03,0,0,1,0,0,0,0,0,0,0,0,0,0,0,1,0,1,0,0
600,3,3,6,1,0.21480656460235048,0.91,0.9,1,0.7982236717548163,0,-1.4936471811737284,-0.6468734469259538,1,0,4.31,0,2.6,1,1,0,0,0,0,0,0,1,0,1,0,0,0,1,0,0,1,1
601,13,5,0,2,-1.1136199326292535,0.73,0.66,2,-1.2155926017800058,2,-0.877413729544603,-0.7589185012433823,2,2,3.93,1,2.83,1,0,0,1,0,1,0,0,1,0,1,0,1,0,0,1,0,0,0
602,10,7,4,1,1.5432330618339545,0.35,0.56,2,-0.5240422049170075,1,0.35505317371364775,-0.6468734469259538,2,1,4.64,0,3.86,2,0,0,0,1,1,0,1,0,1,1,1,0,0,0,0,0,0,0
603,17,2,4,2,-0.05087873484397031,0.32,0.79,1,1.5446879611041036,0,-0.8157903843816905,-1.6552789357828104,2,0,2.91,1,2.04,1,1,1,0,0,0,0,0,0,0,0,1,0,1,0,0,0,0,0
604,15,9,8,3,-0.9807772829060931,0.82,0.45,1,0.02697411797960062,2,-1.678517216662466,0.6976672048831881,2,2,2.67,1,1.9,2,1,0,0,0,0,1,0,0,1,0,1,1,1,0,0,0,0,0
605,14,0,2,2,1.1447051126644732,0.46,0.92,2,-1.686837560147715,2,0.7864165898540355,-1.3191437728305249,1,0,2.2,1,4.88,0,1,0,0,0,0,0,0,0,1,0,0,0,0,1,0,0,0,0
606,8,9,8,1,0.8790198132181525,0.21,0.94,1,-0.584768810546158,0,-0.6309203488929528,-1.4311888271479534,0,1,4.2,1,4.62,0,0,0,0,0,1,0,1,1,1,1,0,0,0,0,0,0,0,1
607,5,8,5,1,-0.8479346331829327,0.74,0.58,1,-1.2795504982556538,1,0.04693644789908505,-1.4311888271479534,1,1,2.3,1,3.39,2,0,0,1,0,0,0,1,0,0,0,0,0,1,1,0,0,1,0
608,18,9,9,2,1.5432330618339545,0.75,0.35,1,1.2600455361455885,0,-0.6309203488929528,0.025396878978617116,0,1,2.99,0,3.06,1,0,1,1,0,0,0,0,0,0,0,0,0,0,0,1,0,0,0
609,3,2,7,1,-0.3165640342902911,0.56,0.44,0,0.3377918039851634,2,0.23180648338782264,-1.0950536641956679,2,1,4.28,0,1.38,2,1,0,0,1,1,0,1,0,0,0,1,0,0,0,0,0,0,0
610,16,5,6,3,-1.2464625823524138,0.74,0.37,0,0.6299438210785557,2,0.7247932446911229,-0.9830086098782393,0,0,2.46,1,1.77,2,0,0,0,0,0,1,0,0,0,1,0,0,0,1,0,0,1,1
611,19,0,3,3,-0.4494066840134515,0.93,0.72,1,0.2283250570959932,1,-0.5076736585671278,-0.5348283926085253,0,2,4.49,0,2.8,2,0,0,0,1,0,1,0,0,0,1,1,0,0,0,0,0,0,0
612,19,8,2,0,1.1447051126644732,0.63,0.31,0,0.4175090128015512,2,-0.5692970037300403,1.2578924764703305,1,1,2.97,0,2.3,1,0,0,0,0,0,1,0,1,0,0,0,0,0,1,1,1,0,1
613,11,9,4,3,-1.5121478817987346,0.3,0.26,0,-0.9854488755118609,2,1.0329099705056857,1.7060726937400446,0,2,2.75,0,1.24,0,0,1,0,0,0,0,0,1,0,0,0,0,0,1,1,0,0,0
614,11,1,8,0,0.7461771634949921,0.15,0.31,1,-1.3944508683001078,0,-0.9390370747075155,0.2494869876134741,2,2,2.74,0,3.23,2,1,1,0,1,1,0,0,0,1,0,0,0,0,0,0,0,0,0
615,2,2,5,3,-0.7150919834597723,0.91,0.49,1,0.36523069832413746,2,-0.3844269682413027,-0.9830086098782393,0,0,2.78,1,1.56,1,0,0,0,0,1,0,0,0,0,0,1,1,0,0,0,0,0,0
616,6,3,0,1,0.4804918640486713,0.1,0.98,1,0.022786076212073,0,0.23180648338782264,-0.6468734469259538,0,2,3.9,1,3.26,1,1,0,0,1,0,0,0,1,0,0,0,0,0,0,1,1,0,1
617,2,4,0,2,0.21480656460235048,0.57,0.57,1,1.3321809452104176,0,-1.1239071101962532,0.5856221505657596,1,1,2.55,0,2.82,1,0,0,0,0,0,1,0,0,0,1,0,1,0,0,0,0,0,0
618,17,7,2,2,0.6133345137718317,0.07,0.38,1,0.2767763678892869,0,0.9096632801798605,-0.9830086098782393,0,2,4.68,1,1.76,0,1,0,0,0,0,0,0,0,0,1,0,0,1,1,0,1,0,1
619,17,6,5,1,-0.3165640342902911,0.53,0.95,1,-1.5578747567545368,1,0.9096632801798605,-0.9830086098782393,2,2,2.49,0,1.93,0,0,0,1,0,0,1,0,0,0,0,0,0,1,0,0,1,0,0
620,15,8,7,3,-0.05087873484397031,0.9,0.22,2,-0.7575074815525019,1,1.3410266963202482,-0.31073828397366837,0,1,2.28,1,3.03,1,0,1,0,0,1,0,0,0,0,0,0,0,0,0,1,1,1,0
621,11,1,2,0,-1.3793052320755743,0.9,0.79,0,-0.0486092047817707,2,0.17018313822491013,-0.7589185012433823,0,1,4.83,1,1.03,2,0,0,1,0,0,1,0,0,0,0,0,0,0,1,0,0,0,0
622,8,4,0,3,-1.6449905315218951,0.44,0.87,1,-0.32162620345456266,0,0.848039935016948,1.4819825851051875,1,1,2.42,1,1.71,0,0,0,1,0,1,0,0,1,1,0,0,0,0,0,1,0,1,0
623,2,7,5,3,-0.9807772829060931,0.47,0.23,1,1.0767826050079143,1,-1.000660419870428,1.594027639422616,0,1,4.23,1,2.46,0,0,0,0,0,1,0,0,1,1,1,0,0,0,0,0,0,0,0
624,18,5,9,1,-0.3165640342902911,0.41,0.49,2,-0.4896894312807788,2,-1.5552705263366409,0.921757313518045,2,2,2.14,0,4.05,1,1,0,0,0,1,0,0,0,0,0,0,0,0,1,0,1,0,0
625,3,9,7,3,0.6133345137718317,0.86,0.27,1,-1.4307171437783965,1,1.649143422134811,0.4735770962483311,0,1,2.93,0,4.6,2,0,0,1,0,0,1,0,0,0,1,0,0,0,0,0,1,0,0
626,2,2,2,0,1.6760757115571148,0.49,0.86,2,0.9586509441169627,1,0.9096632801798605,-1.4311888271479534,0,1,4.15,0,4.55,0,0,0,1,0,0,0,1,0,1,0,1,0,0,0,0,0,0,0
627,10,6,6,2,1.5432330618339545,0.64,0.46,2,0.44240258865250204,2,-0.014686897263827485,-0.4227833382910969,0,1,3.74,1,3.99,2,0,0,0,1,0,1,1,0,1,0,0,0,0,0,0,0,0,0
628,13,1,5,1,0.7461771634949921,0.18,0.23,1,-0.6191215841823867,2,1.649143422134811,-0.4227833382910969,2,0,4.61,0,2.81,0,0,0,0,0,0,1,0,0,0,0,0,0,0,1,0,1,0,0
629,13,7,5,3,1.5432330618339545,0.74,0.93,0,-0.148616753885663,2,0.9096632801798605,-1.3191437728305249,0,2,4.29,0,1.25,2,0,1,1,1,1,0,0,0,1,0,1,0,0,0,0,0,0,0
630,9,7,7,3,0.6133345137718317,0.16,0.76,2,-1.1469051064117188,0,-1.000660419870428,-0.31073828397366837,0,1,2.43,1,4.1,0,1,0,1,0,1,0,1,0,0,0,0,0,0,0,0,1,1,0
631,13,5,8,1,1.1447051126644732,0.38,0.38,2,0.7676076422818559,0,0.7864165898540355,1.369937530787759,0,1,4.53,1,3.16,1,0,0,0,1,1,0,0,1,0,0,0,0,0,0,0,0,1,1
632,1,5,8,2,-1.6449905315218951,0.86,0.97,2,0.5105304749915074,2,1.0945333156685981,0.2494869876134741,0,2,2.63,1,1.24,2,0,1,0,1,1,0,0,0,0,1,0,0,0,1,0,0,1,0
633,15,2,0,3,0.7461771634949921,0.92,0.97,2,-0.5971885206153779,1,1.5875200769718985,-0.4227833382910969,2,1,4.89,0,1.56,2,1,0,0,0,1,1,0,0,0,0,0,0,0,0,0,0,0,1
634,6,4,6,2,0.4804918640486713,0.18,0.42,2,-0.19491988808268174,0,0.6631698995282104,0.025396878978617116,2,0,3.31,1,3.17,1,0,1,0,0,1,0,0,0,0,0,0,0,0,1,0,0,0,0
635,1,1,4,0,1.2775477623876337,0.39,0.9,0,-1.2106102762289817,2,1.2794033511573357,-0.6468734469259538,2,0,2.31,0,1.97,1,0,1,0,0,1,0,0,0,0,1,1,1,0,0,0,1,0,0
636,19,6,5,3,1.1447051126644732,0.3,0.77,1,-0.43912604769955094,2,-1.3704004908479033,-1.6552789357828104,2,0,4.42,1,3.34,0,1,0,0,0,0,0,0,0,0,1,1,0,0,0,1,0,1,1
637,15,8,4,1,0.7461771634949921,0.39,0.61,0,1.4144434725148287,1,0.5399232092023853,-1.3191437728305249,2,1,3.08,0,4.26,1,1,0,1,1,0,0,0,0,0,1,0,0,1,0,1,0,0,0
638,7,8,2,0,-1.6449905315218951,0.57,0.61,0,0.14210916277826943,2,-1.3087771456849908,-0.6468734469259538,1,1,4.19,0,2.43,1,0,1,0,0,0,0,0,1,1,0,0,0,0,0,0,0,0,0
639,19,2,2,2,1.410390412110794,0.09,0.56,1,1.2594498233079658,2,1.3410266963202482,1.2578924764703305,2,2,4.57,0,2.41,1,0,0,0,1,0,0,1,1,1,0,0,0,0,0,0,0,0,1
640,18,9,8,3,-0.8479346331829327,0.7,0.71,1,-0.2637517986843318,0,0.23180648338782264,-0.4227833382910969,1,2,4.69,1,4.84,2,0,1,1,0,0,0,0,0,0,0,1,0,1,0,0,0,0,0
641,16,6,6,0,-0.05087873484397031,0.87,0.75,0,0.9077445743564977,0,-1.4320238360108157,-0.9830086098782393,2,1,4.13,0,4.41,0,0,0,1,0,0,0,0,0,0,0,0,0,1,1,0,0,0,0
642,18,3,1,2,-0.7150919834597723,0.14,0.96,1,-0.35372248906949416,1,-0.7541670392187779,0.2494869876134741,2,0,4.98,1,2.98,1,0,0,0,0,0,0,0,0,1,1,0,1,0,1,0,0,0,1
643,8,8,4,3,0.21480656460235048,0.78,0.31,1,-0.34009330142085903,0,0.4782998640394728,0.3615320419309026,2,2,2.56,0,3.51,2,0,1,0,0,0,0,1,0,0,1,1,0,0,0,0,0,0,0
644,5,5,1,0,-0.3165640342902911,0.86,0.94,0,-0.22954344028146612,1,1.4026500414831609,0.2494869876134741,0,1,2.29,0,3.14,0,0,1,0,1,0,1,0,0,1,0,0,0,0,0,1,0,0,0
645,1,9,4,3,-1.3793052320755743,0.57,0.24,2,1.183740137217402,1,0.4782998640394728,-0.08664817533881138,0,0,2.17,0,2.91,1,0,1,0,0,1,0,1,0,1,0,0,0,0,0,0,0,0,0
646,18,9,0,0,-0.05087873484397031,0.3,0.4,2,-1.6140703344369225,0,0.04693644789908505,-0.6468734469259538,0,0,4.02,0,1.93,1,0,0,0,0,0,0,0,1,1,1,0,1,0,0,0,0,0,0
647,18,4,6,3,1.410390412110794,0.73,0.66,2,-1.4085313535530024,0,-0.9390370747075155,-0.8709635555608108,0,1,4.51,1,3.6,2,1,0,0,0,1,0,0,0,1,0,1,0,1,0,0,1,0,0
648,15,1,0,3,-1.1136199326292535,0.9,0.65,1,1.4986556054696405,1,-1.3087771456849908,-0.6468734469259538,1,1,4.12,0,3.0,0,0,0,1,0,0,0,0,0,0,0,1,1,0,0,0,0,0,0
649,14,7,9,1,0.6133345137718317,0.62,0.47,2,-1.299624215693114,0,-0.2611802779154776,-1.3191437728305249,2,1,4.89,1,1.02,2,0,0,0,0,0,1,1,0,0,0,1,0,0,1,0,0,0,1
650,2,5,1,0,0.8790198132181525,0.62,0.59,1,0.788168761131916,0,-1.000660419870428,1.4819825851051875,1,0,4.54,1,3.03,2,1,0,1,0,0,0,0,0,1,0,0,1,0,0,0,1,0,0
651,13,3,6,0,-1.2464625823524138,0.89,0.29,1,1.4876619958298805,1,0.6631698995282104,-1.2070987185130964,0,2,4.81,0,4.14,0,0,0,1,0,0,0,0,0,0,0,0,0,1,0,0,0,1,0
652,2,1,9,2,-1.5121478817987346,0.18,0.96,1,0.5778279737386753,0,1.0945333156685981,1.0338023678354735,0,1,4.54,1,3.65,2,0,0,0,0,0,0,1,0,1,0,1,0,0,0,0,0,0,0
653,7,1,0,3,-1.3793052320755743,0.74,0.43,1,1.219392647953898,1,0.23180648338782264,-1.3191437728305249,1,0,3.45,0,2.22,2,0,0,0,0,0,1,1,0,0,1,0,1,1,1,0,0,0,0
654,10,6,8,2,1.410390412110794,0.9,0.44,2,1.0354437444577493,0,-1.6168938714995533,-1.5432338814653819,1,2,2.56,1,4.29,1,0,0,0,0,0,0,0,1,0,0,0,0,0,1,0,0,1,0
655,1,2,2,2,-1.3793052320755743,0.68,0.92,0,-1.277745307838616,1,0.23180648338782264,-0.9830086098782393,0,0,3.84,1,4.69,0,1,0,0,1,0,1,0,1,0,1,1,0,0,0,0,0,0,0
656,13,1,2,2,-0.05087873484397031,0.64,0.92,2,-0.17939525049615695,1,-1.1239071101962532,0.4735770962483311,2,0,4.01,0,3.72,1,0,0,0,0,0,0,1,0,0,0,0,0,1,0,0,1,0,0
657,2,9,3,1,1.0118624629413129,0.42,0.53,0,-0.42861983947239113,2,-1.5552705263366409,0.8097122592006165,1,1,3.99,1,1.28,0,0,0,0,1,0,0,0,0,1,0,0,0,0,1,1,1,0,0
658,15,7,6,2,-0.4494066840134515,0.22,0.46,0,-0.5307755651725584,2,-1.3087771456849908,1.0338023678354735,2,2,4.47,1,4.8,1,1,0,0,0,0,1,0,0,0,0,0,1,0,0,0,0,0,0
659,13,4,1,0,0.08196391487919008,0.15,0.23,0,0.09181655775959723,2,0.04693644789908505,0.921757313518045,2,2,3.79,1,3.65,1,1,1,0,0,1,0,1,0,0,0,0,0,0,1,0,0,1,0
660,13,5,7,0,1.0118624629413129,0.06,0.32,2,-0.5577270580989322,2,-0.19955693275256509,-1.2070987185130964,1,0,2.19,1,3.51,2,0,0,0,0,0,0,0,0,0,0,1,0,1,1,0,0,1,0
661,5,5,9,1,1.1447051126644732,0.53,0.64,2,-1.0661589390576194,2,0.35505317371364775,0.2494869876134741,2,0,4.16,0,2.48,0,0,1,1,0,0,0,0,0,0,0,0,1,1,0,1,1,0,0
662,10,4,2,1,0.7461771634949921,0.05,0.25,0,0.08927123927157397,1,-1.6168938714995533,0.5856221505657596,1,0,3.93,0,3.74,2,0,0,0,0,0,0,1,0,0,0,0,0,0,0,0,1,0,1
663,5,5,2,0,-0.4494066840134515,0.48,0.91,0,0.40489073178645724,0,-1.000660419870428,1.7060726937400446,1,2,4.65,0,3.96,2,1,0,0,1,0,1,1,0,0,1,1,0,0,0,0,0,0,0
664,17,5,2,3,0.08196391487919008,0.84,0.87,1,0.15886132984837992,2,1.1561566608315106,-0.08664817533881138,1,2,3.39,0,2.3,2,0,1,0,0,1,0,0,0,1,0,0,0,0,1,0,0,1,0
665,18,5,7,3,-0.18372138456713072,0.69,0.65,0,1.3754874633151537,2,-0.877413729544603,-0.31073828397366837,2,2,2.33,0,2.2,1,0,0,1,0,0,0,1,1,0,0,0,0,0,1,0,0,0,0
666,13,9,9,0,-0.05087873484397031,0.64,0.94,0,0.29870943145629575,0,-1.000660419870428,-0.7589185012433823,0,0,3.69,1,3.56,1,0,0,0,1,0,1,0,1,0,0,0,1,0,1,0,0,1,0
667,11,3,4,1,1.1447051126644732,0.27,0.78,2,0.5585124362763713,1,-1.3704004908479033,-1.6552789357828104,2,1,2.99,1,2.25,2,0,0,0,0,1,0,1,0,0,0,1,0,0,0,1,0,0,0
668,10,9,7,2,1.2775477623876337,0.11,0.69,2,-0.2515667633693269,2,-0.5076736585671278,-1.3191437728305249,0,1,4.7,1,1.65,0,0,0,0,0,1,0,0,0,0,0,0,0,1,1,1,0,0,0
669,1,4,9,0,-0.05087873484397031,0.93,0.72,1,-1.0506162495669242,2,0.17018313822491013,-1.0950536641956679,2,0,4.06,0,4.72,1,1,0,1,1,0,1,0,0,1,0,0,0,0,0,1,0,0,0
670,9,4,8,0,0.8790198132181525,0.56,0.9,1,-1.3422989171518867,0,-0.13793358758965255,1.594027639422616,2,1,4.98,1,4.85,2,1,1,0,0,0,0,0,0,0,0,1,0,0,0,0,1,0,0
671,9,7,2,2,0.4804918640486713,0.85,0.53,2,-0.9445432606617851,2,-0.44605031340421525,1.4819825851051875,2,1,3.95,0,2.05,2,1,0,0,0,0,0,0,0,1,0,0,1,1,0,0,1,0,0
672,6,3,9,2,-0.05087873484397031,0.35,0.22,2,1.209121114480953,2,-0.19955693275256509,-0.31073828397366837,2,0,4.02,0,2.34,1,0,1,0,1,0,0,0,0,0,1,1,0,0,0,0,0,1,0
673,4,9,1,2,0.4804918640486713,0.55,0.59,2,-0.4826311367501611,1,1.4642733866460733,-1.2070987185130964,2,1,2.22,0,1.26,1,1,0,0,0,1,1,0,0,1,0,1,0,0,0,1,0,0,0
674,4,2,4,3,1.0118624629413129,0.06,0.84,1,1.1773678150452587,0,-1.3087771456849908,0.4735770962483311,2,1,4.11,1,4.67,0,0,0,0,0,0,0,0,0,1,1,0,1,0,0,0,1,0,0
675,4,1,5,0,0.3476492143255109,0.76,0.38,2,-1.507979293627613,0,0.23180648338782264,0.4735770962483311,0,1,3.41,1,2.77,1,0,0,0,0,0,0,0,0,0,1,0,1,0,1,0,1,0,0
676,2,4,1,0,-0.9807772829060931,0.29,0.89,1,0.9784899868002078,1,-1.0622837650333405,-0.31073828397366837,0,0,2.89,0,3.03,2,0,0,0,0,0,1,0,0,0,0,0,1,0,1,0,0,0,0
677,19,7,8,1,-1.5121478817987346,0.27,0.21,2,1.4900267952762,2,-0.32280362307839017,1.4819825851051875,0,1,3.86,0,1.32,1,1,0,0,1,0,0,0,0,1,0,0,0,0,0,1,0,0,0
678,10,7,5,3,-0.18372138456713072,0.68,0.68,0,-1.4328292165663308,2,-0.2611802779154776,0.025396878978617116,1,2,2.94,1,1.91,0,0,0,0,0,0,1,0,0,0,0,1,1,1,0,0,1,0,1
679,1,9,7,0,-1.1136199326292535,0.84,0.46,0,0.16364508445353,2,-0.07631024242674002,1.7060726937400446,2,1,4.36,0,4.96,1,0,1,0,0,0,0,0,0,1,0,0,0,0,0,1,0,0,0
680,17,3,8,0,-1.2464625823524138,0.76,0.72,2,-0.9269426540956668,2,0.17018313822491013,-1.2070987185130964,1,2,2.59,0,2.57,2,0,0,0,0,0,0,0,0,1,0,0,0,0,1,0,1,0,1
681,12,8,5,1,-1.3793052320755743,0.5,0.54,1,-0.9882649725624397,0,0.17018313822491013,0.4735770962483311,1,1,2.71,0,4.21,2,1,0,0,0,0,0,1,0,1,0,0,0,1,1,0,0,0,0
682,18,2,6,2,-0.3165640342902911,0.67,0.54,0,-1.1679716785785494,2,1.4642733866460733,0.8097122592006165,2,2,3.7,0,1.25,2,1,0,0,0,1,1,0,0,0,0,1,0,1,0,0,1,0,0
683,12,7,6,2,0.7461771634949921,0.26,0.89,1,-0.26559309290971034,0,-0.9390370747075155,1.4819825851051875,2,2,4.34,1,3.83,1,0,0,0,0,0,1,1,0,1,0,0,0,0,1,1,0,0,0
684,15,2,4,2,-1.3793052320755743,0.07,0.6,0,-1.2922590387915998,2,0.10855979306199759,0.4735770962483311,0,2,2.2,0,4.11,2,1,1,0,0,0,0,1,1,0,0,0,0,0,0,0,0,0,0
685,18,9,6,0,1.6760757115571148,0.25,0.2,1,-0.05911541300893051,2,0.23180648338782264,-0.5348283926085253,0,0,2.6,1,4.83,1,1,0,1,0,0,0,0,0,1,0,0,0,0,0,0,0,1,0
686,15,1,9,2,-0.5822493337366119,0.52,0.6,2,-0.5699120934139372,1,-0.5692970037300403,-1.6552789357828104,2,0,3.93,0,1.31,2,0,0,0,0,0,0,0,0,0,0,0,0,1,1,0,0,1,0
687,1,7,2,3,-0.4494066840134515,0.45,0.45,2,-0.4500655016267998,0,-1.1855304553591657,-0.5348283926085253,2,1,2.16,0,3.21,2,0,1,0,0,0,1,0,0,0,0,0,0,1,0,0,0,0,1
688,11,3,9,2,-0.3165640342902911,0.44,0.46,0,-0.9022476491905902,0,-1.5552705263366409,1.4819825851051875,0,1,4.17,1,2.99,0,0,0,0,0,0,0,0,0,0,1,1,0,0,0,0,1,0,1
689,11,4,0,2,1.5432330618339545,0.26,0.8,2,-0.054801007912210244,2,-0.13793358758965255,0.2494869876134741,2,0,3.25,0,3.78,1,0,0,1,0,1,1,0,0,1,0,0,0,0,0,0,0,0,0
690,8,0,9,1,-1.5121478817987346,0.15,0.92,0,-0.5106296401184169,0,-0.8157903843816905,0.025396878978617116,2,1,2.66,1,4.8,0,0,1,0,0,0,1,0,0,0,0,0,0,0,1,0,0,0,0
691,7,6,1,1,-0.8479346331829327,0.74,0.59,0,1.4242998121918549,1,-0.877413729544603,-0.8709635555608108,0,2,2.02,1,3.33,2,0,0,0,1,0,0,0,1,0,0,1,0,0,0,0,1,0,1
692,16,7,6,2,0.4804918640486713,0.06,0.7,1,1.2026043770754467,1,1.5875200769718985,-0.9830086098782393,0,2,3.0,0,4.59,2,0,0,0,1,1,0,0,0,0,0,0,0,0,1,0,0,0,1
693,14,1,2,0,-1.2464625823524138,0.45,0.96,2,1.4347338128023333,2,1.4642733866460733,-1.3191437728305249,0,1,2.6,0,4.33,1,0,1,0,0,0,0,0,0,0,0,0,0,1,0,0,1,0,0
694,2,6,9,2,-1.6449905315218951,0.63,0.38,2,-0.5504882445266108,1,1.7107667672977236,-0.5348283926085253,2,2,4.84,0,3.88,2,0,1,0,0,0,0,0,0,1,0,0,0,1,0,0,1,0,0
695,4,3,1,1,-1.6449905315218951,0.77,0.73,0,-0.5685401486969884,1,1.649143422134811,-1.6552789357828104,1,1,2.91,0,3.91,0,1,0,0,1,1,1,0,1,0,0,0,0,1,0,0,0,0,0
696,4,7,0,1,-0.4494066840134515,0.63,0.97,2,0.01968114869476804,1,-0.5076736585671278,-1.2070987185130964,1,2,4.79,1,1.48,1,0,0,0,0,0,0,0,0,1,0,0,0,0,1,0,0,1,0
697,10,6,3,2,-1.6449905315218951,0.15,0.77,0,0.40972864210411847,0,0.17018313822491013,-1.4311888271479534,0,0,2.46,1,2.59,2,1,0,0,0,0,1,0,0,0,0,0,0,0,0,0,1,0,0
698,10,8,1,2,1.2775477623876337,0.8,0.53,1,-1.6817830269800094,0,0.17018313822491013,-0.9830086098782393,1,1,4.01,1,1.94,2,1,0,0,0,0,0,0,0,0,0,0,0,0,0,1,0,1,0
699,16,5,1,2,0.21480656460235048,0.76,0.77,1,-1.5207780936844109,0,-1.0622837650333405,-0.4227833382910969,0,2,4.18,1,2.28,1,1,0,0,0,0,0,0,0,0,0,0,0,0,0,1,0,1,0
700,12,6,0,2,0.08196391487919008,0.94,0.81,2,-1.0459408063867965,0,-0.6925436940558654,1.4819825851051875,2,2,4.77,0,2.8,1,0,0,0,0,0,1,1,1,0,0,0,0,0,0,1,0,0,1
701,10,2,2,3,-1.3793052320755743,0.36,0.7,1,-0.9901243186919887,1,0.2934298285507352,0.2494869876134741,2,0,2.31,1,2.02,1,0,0,0,0,1,0,0,0,0,0,1,0,1,0,0,0,1,0
702,5,1,6,3,-0.7150919834597723,0.34,0.86,0,0.022064000045257895,2,1.2177800059944233,-0.19869322965623987,0,1,2.68,0,1.62,1,1,0,0,0,0,0,1,0,0,0,1,0,0,0,0,0,1,0
703,8,1,3,0,0.6133345137718317,0.18,0.26,0,-0.29389847864886254,1,1.525896731808986,-0.9830086098782393,2,1,2.09,1,1.83,1,0,0,1,0,0,0,1,1,0,0,0,0,0,0,0,1,0,0
704,15,8,4,2,-0.3165640342902911,0.91,0.53,1,-0.05274309083678719,2,-0.877413729544603,-0.6468734469259538,1,0,3.77,0,3.54,1,0,1,0,1,0,0,0,0,0,0,0,1,0,0,0,0,0,0
705,12,1,6,1,0.08196391487919008,0.34,0.22,0,1.570953481672003,0,0.7247932446911229,1.4819825851051875,1,0,3.47,1,2.52,2,1,0,0,0,0,0,0,0,0,1,0,0,0,0,0,0,1,0
706,3,9,0,2,-0.7150919834597723,0.12,0.77,0,1.641825257444906,2,-1.5552705263366409,-0.5348283926085253,1,0,4.33,0,1.87,2,1,0,0,1,0,0,0,0,0,0,0,1,0,0,0,0,0,0
707,13,9,3,3,1.6760757115571148,0.89,0.55,0,0.6313338176996748,0,1.1561566608315106,-1.5432338814653819,1,0,2.35,0,1.7,2,0,0,0,0,1,0,0,0,0,1,0,0,0,0,0,1,0,0
708,2,9,7,0,-1.6449905315218951,0.43,0.74,1,-1.3810383035015172,0,1.4642733866460733,0.5856221505657596,2,2,2.13,1,1.89,1,1,0,0,0,0,1,0,0,0,1,0,0,1,0,0,0,1,0
709,10,8,7,3,-0.18372138456713072,0.17,0.97,0,1.1193850988500056,2,-1.6168938714995533,0.8097122592006165,0,0,3.1,1,2.67,0,0,1,1,0,0,0,1,0,0,0,0,1,0,0,1,0,1,0
710,12,1,6,0,-1.1136199326292535,0.29,0.95,2,-0.052147377999164725,1,-1.0622837650333405,-1.4311888271479534,0,1,3.99,0,3.64,1,0,1,0,0,0,0,0,0,0,1,0,1,0,0,1,0,1,0
711,5,8,2,0,-1.1136199326292535,0.64,0.66,1,-1.1963492719343831,1,1.2177800059944233,0.8097122592006165,1,1,3.12,1,1.45,1,1,0,0,1,0,0,0,0,0,1,0,0,0,0,0,0,1,1
712,2,0,7,3,0.3476492143255109,0.17,0.93,2,0.5287267943952481,1,-1.000660419870428,-0.31073828397366837,0,0,3.88,1,1.58,0,0,1,0,0,0,0,0,1,0,0,0,0,1,0,0,1,0,1
713,9,0,3,3,-1.5121478817987346,0.2,0.7,1,0.2122227585760163,1,1.7107667672977236,-0.5348283926085253,1,1,2.58,0,2.56,1,1,0,0,0,0,0,0,0,0,1,0,1,1,0,0,0,0,0
714,18,6,3,3,1.5432330618339545,0.83,0.7,2,-0.6025138323456393,2,0.6631698995282104,-1.6552789357828104,1,1,3.69,1,4.09,0,1,0,0,0,1,0,0,0,0,0,1,0,0,0,1,0,0,0
715,5,3,5,2,0.3476492143255109,0.78,0.92,0,-0.30837610579350544,2,-0.19955693275256509,1.0338023678354735,0,0,4.09,1,2.88,0,0,0,0,1,0,0,1,0,0,1,1,0,0,0,0,0,0,1
716,14,0,5,2,-0.7150919834597723,0.89,0.89,0,1.068406521472859,1,-0.32280362307839017,-0.6468734469259538,2,2,3.55,0,2.11,1,0,1,0,0,1,0,0,1,0,1,1,1,0,0,0,0,0,0
717,2,9,4,0,-1.2464625823524138,0.38,0.63,0,-0.2248679971013383,0,-0.5692970037300403,0.5856221505657596,2,1,3.79,0,1.73,1,0,0,1,0,1,0,0,0,0,0,1,0,1,1,1,0,0,0
718,17,7,4,1,-0.5822493337366119,0.89,0.56,2,-0.12901238595663286,2,1.525896731808986,0.2494869876134741,1,1,2.2,0,4.71,2,0,0,0,0,1,0,1,1,1,1,0,0,0,0,0,0,0,1
719,18,4,7,3,-0.05087873484397031,0.93,0.7,1,0.572123572020836,1,-1.1855304553591657,-1.0950536641956679,2,2,4.28,1,1.16,0,0,0,0,0,1,0,0,1,0,0,0,0,0,1,1,1,0,0
720,0,3,9,1,-1.2464625823524138,0.88,0.74,1,-0.7749817247894275,0,1.1561566608315106,-0.7589185012433823,1,2,2.72,1,3.47,1,0,0,1,1,1,0,0,0,0,0,0,0,0,0,0,0,1,1
721,13,1,2,1,-0.9807772829060931,0.55,0.45,2,-0.7040918971123544,0,1.2177800059944233,0.4735770962483311,1,2,2.37,1,4.38,0,0,0,0,0,0,0,1,0,1,1,0,1,0,0,0,1,0,0
722,16,1,4,3,0.21480656460235048,0.25,0.28,2,-0.6146627638523035,1,-1.3087771456849908,1.369937530787759,2,2,4.14,0,1.6,2,0,1,0,0,0,1,0,1,0,1,0,0,0,0,0,0,0,0
723,11,8,7,3,0.21480656460235048,0.44,0.89,0,-0.12480629228493487,1,-0.2611802779154776,-1.2070987185130964,0,1,3.8,0,1.67,2,0,1,0,1,0,0,1,0,0,0,1,0,0,1,0,1,0,0
724,15,3,7,1,1.1447051126644732,0.3,0.76,0,-0.6519399459641333,1,0.848039935016948,0.8097122592006165,2,2,4.14,1,2.56,2,0,0,0,0,0,0,0,0,1,1,1,0,0,1,0,0,0,0
725,19,5,2,2,-0.18372138456713072,0.45,0.54,1,0.32510131535338793,2,-1.0622837650333405,-1.0950536641956679,2,0,3.94,1,4.38,2,1,0,0,0,0,0,0,0,1,0,0,0,0,1,0,1,0,1
726,19,4,6,2,0.21480656460235048,0.13,0.75,2,-1.5076543593525462,2,-1.1239071101962532,1.369937530787759,1,2,4.61,1,1.92,2,1,0,0,0,0,0,1,0,1,0,0,1,0,0,0,0,1,0
727,13,7,6,3,0.08196391487919008,0.13,0.24,2,1.3532294654730779,1,-1.6168938714995533,1.145847422152902,2,0,4.14,1,4.09,2,0,0,0,0,0,0,1,1,0,0,0,1,0,0,1,0,0,0
728,5,2,2,1,-0.3165640342902911,0.73,0.77,2,-1.021877618127683,2,0.2934298285507352,1.2578924764703305,2,0,3.51,1,2.58,0,0,1,1,1,0,0,0,0,0,1,0,0,0,0,0,0,0,0
729,10,7,7,0,0.21480656460235048,0.27,0.68,2,-0.0069634618607094054,0,-1.2471538005220781,0.8097122592006165,2,1,3.92,1,1.27,2,1,0,0,0,1,0,0,1,0,0,0,0,0,0,0,0,0,0
730,5,6,0,3,1.0118624629413129,0.77,0.74,0,0.12472517906219573,2,1.4026500414831609,0.4735770962483311,0,0,4.51,0,4.01,1,0,1,0,1,0,0,0,0,0,0,0,0,1,0,0,1,0,0
731,16,4,4,3,-0.05087873484397031,0.24,0.67,1,-0.0054832057187384365,2,-0.2611802779154776,-1.6552789357828104,1,2,2.6,1,1.86,1,1,0,0,0,0,1,0,1,0,0,0,1,0,0,0,1,0,1
732,1,7,7,3,0.21480656460235048,0.27,0.21,0,-0.6700279539428518,2,-0.2611802779154776,1.4819825851051875,2,2,2.39,1,1.98,0,0,1,0,0,1,0,0,0,0,0,0,0,1,1,0,0,0,0
733,7,4,4,2,-0.18372138456713072,0.37,0.92,0,1.3475972713719202,0,0.17018313822491013,-1.5432338814653819,1,1,3.06,1,2.24,1,0,0,0,0,0,0,0,0,1,0,0,0,1,0,0,0,1,0
734,14,0,6,2,-1.6449905315218951,0.69,0.41,1,-1.6277717297022392,2,-0.3844269682413027,1.145847422152902,0,2,3.04,0,2.14,0,0,0,1,0,1,0,0,0,1,0,0,0,0,0,0,1,0,0
735,10,6,1,0,-0.05087873484397031,0.74,0.23,1,0.8486245881985108,0,1.0945333156685981,-0.08664817533881138,0,0,3.91,1,1.57,0,1,1,0,0,0,0,0,0,0,0,0,0,0,0,1,0,0,0
736,17,0,0,0,0.08196391487919008,0.25,0.23,2,-1.6872527539436337,2,0.4782998640394728,0.3615320419309026,1,1,2.0,1,1.65,0,0,0,0,1,0,0,0,0,0,1,0,0,0,0,0,0,0,1
737,1,5,4,2,0.3476492143255109,0.88,0.59,1,-1.3661454825609556,0,0.4782998640394728,0.2494869876134741,0,2,3.89,0,3.11,1,1,0,0,0,0,0,1,1,0,1,0,1,0,0,0,0,0,0
738,12,1,9,2,1.6760757115571148,0.29,0.94,1,-0.3222219162921851,1,1.525896731808986,-1.2070987185130964,0,1,4.53,1,4.52,0,0,0,0,0,0,0,1,1,0,1,0,0,0,1,0,1,0,0
739,8,2,4,3,1.1447051126644732,0.43,0.46,2,-1.3606577036931609,2,-1.4936471811737284,-0.19869322965623987,1,2,2.46,0,4.91,2,1,1,1,0,1,0,0,0,1,0,0,0,0,1,0,0,0,0
740,15,1,2,2,-0.7150919834597723,0.89,0.51,0,-0.731747414301373,1,-0.3844269682413027,-1.0950536641956679,0,2,3.78,1,1.4,0,1,1,1,0,0,0,1,0,0,0,0,0,1,0,0,0,0,0
741,17,8,9,3,-0.9807772829060931,0.86,0.94,2,1.5555732593188414,1,-0.5692970037300403,1.2578924764703305,1,0,4.06,0,3.66,0,1,0,0,0,1,0,0,0,0,0,0,0,0,0,1,0,0,0
742,0,3,9,0,1.6760757115571148,0.14,0.99,2,-1.3548991462628104,2,1.525896731808986,0.025396878978617116,2,2,3.78,1,4.33,2,0,0,0,0,0,1,0,0,0,0,1,0,1,0,0,0,0,0
743,12,3,2,2,-1.5121478817987346,0.63,0.75,1,-1.2897137203035764,2,0.9096632801798605,-1.0950536641956679,0,2,4.43,0,4.81,2,0,1,0,1,0,0,0,0,0,1,0,1,0,0,0,0,0,0
744,1,2,8,1,-1.3793052320755743,0.33,0.46,2,-0.6056187598629442,0,-1.2471538005220781,-1.2070987185130964,2,2,2.38,1,2.13,2,0,0,0,0,0,0,1,1,0,1,0,0,0,0,1,0,0,1
745,5,3,3,0,0.3476492143255109,0.89,0.73,0,1.4337590099771327,1,-0.2611802779154776,-1.0950536641956679,1,1,3.04,1,1.13,2,1,0,0,0,0,0,1,0,0,0,0,0,0,1,1,0,1,0
746,11,1,5,0,-1.6449905315218951,0.69,0.46,2,-1.115657260292795,2,-0.07631024242674002,-1.4311888271479534,1,2,2.44,1,1.96,1,1,1,0,0,0,1,0,0,0,0,1,0,0,1,0,0,0,1
747,18,5,5,1,-1.2464625823524138,0.06,0.48,1,-0.12161110524677801,0,-0.9390370747075155,-0.9830086098782393,2,2,4.04,0,3.12,1,0,0,0,1,0,1,0,1,0,0,0,0,0,1,0,1,0,1
748,0,7,5,1,0.08196391487919008,0.58,0.43,0,0.4153788881094467,0,1.4026500414831609,-1.4311888271479534,1,2,4.79,1,4.69,1,0,1,0,0,0,0,0,0,1,0,0,0,0,0,1,0,1,0
749,10,7,0,2,-1.6449905315218951,0.64,0.23,0,-0.6586733062196842,1,-1.5552705263366409,-0.8709635555608108,1,1,3.19,0,1.19,0,0,1,0,1,0,0,0,0,0,1,0,0,1,0,0,0,0,0
750,16,3,9,3,0.7461771634949921,0.91,0.83,2,1.2841267763088722,0,0.9096632801798605,0.2494869876134741,1,1,4.57,0,3.24,2,0,0,0,1,0,0,0,1,0,1,0,0,0,0,1,1,0,0
751,12,8,1,0,1.410390412110794,0.44,0.46,0,-0.5823679072914978,2,-1.0622837650333405,0.6976672048831881,1,0,2.77,1,4.62,0,0,0,0,0,0,0,0,0,0,1,1,0,0,1,0,1,0,0
752,4,4,8,1,-1.6449905315218951,0.95,0.75,2,1.2793971774162334,1,1.3410266963202482,1.0338023678354735,1,1,2.34,0,2.35,1,0,0,1,0,1,0,0,0,1,0,0,0,1,0,0,0,0,0
753,9,2,0,0,0.6133345137718317,0.76,0.48,1,-1.3090653615742214,0,-1.6168938714995533,1.594027639422616,0,1,4.98,1,1.58,0,1,0,1,0,1,0,0,1,0,0,1,0,1,0,0,0,0,0
754,3,6,0,0,-0.9807772829060931,0.82,0.83,2,0.3016338399318969,0,0.7864165898540355,0.025396878978617116,0,0,4.09,1,4.34,2,1,0,0,0,0,1,0,0,1,0,0,0,0,0,0,1,0,0
755,6,5,5,3,1.410390412110794,0.46,0.2,2,-0.06265358622632453,2,1.7107667672977236,-0.08664817533881138,2,1,4.53,1,3.37,2,0,0,1,0,0,0,0,0,1,0,1,0,0,0,1,1,0,1
756,16,6,0,2,-1.5121478817987346,0.76,0.7,2,-0.5802738864077339,1,-0.5076736585671278,0.6976672048831881,2,0,2.77,0,5.0,2,0,0,1,0,0,0,0,0,0,1,1,0,1,0,0,1,0,1
757,6,7,5,0,1.2775477623876337,0.33,0.44,2,-1.6369962527333022,1,0.35505317371364775,0.4735770962483311,0,1,3.09,1,4.9,2,0,0,0,0,0,0,1,0,1,0,0,1,0,0,1,0,1,0
758,5,6,1,2,0.6133345137718317,0.12,0.24,0,-0.2705573665565642,2,-1.3087771456849908,1.4819825851051875,1,1,2.94,0,1.37,2,0,0,1,0,0,1,0,0,0,0,0,0,1,1,0,0,0,1
759,12,5,0,1,-0.5822493337366119,0.05,0.9,2,-1.543342973897383,0,0.4782998640394728,1.4819825851051875,2,1,3.0,1,3.59,1,0,0,0,0,1,0,0,0,0,1,0,1,1,0,0,0,1,0
760,14,0,0,1,1.1447051126644732,0.71,0.3,0,1.4849000544918127,2,0.5399232092023853,1.145847422152902,0,1,3.48,1,1.24,0,1,0,0,0,0,0,0,0,0,0,0,0,0,1,0,1,0,0
761,16,7,2,1,1.2775477623876337,0.93,0.53,1,0.9922094339696949,2,0.848039935016948,0.4735770962483311,1,1,4.93,0,3.36,1,0,0,0,0,0,1,0,1,0,1,0,1,1,1,0,0,0,0
762,0,4,0,0,-0.8479346331829327,0.17,0.23,1,-0.5615540617830523,1,0.5399232092023853,-1.6552789357828104,0,1,4.15,1,2.65,2,1,0,1,0,1,1,0,0,0,0,1,0,0,0,0,0,0,0
763,11,1,0,2,0.21480656460235048,0.63,0.3,0,0.00045587075331581845,1,1.649143422134811,0.5856221505657596,2,1,3.17,1,4.48,1,0,1,0,0,1,0,0,1,1,0,0,0,0,0,0,0,0,0
764,13,8,9,3,0.4804918640486713,0.09,0.2,1,0.449190104620564,1,-0.07631024242674002,-1.3191437728305249,1,1,2.85,1,2.7,0,1,0,0,1,0,0,0,0,0,1,0,0,0,1,0,0,0,0
765,12,1,3,0,0.3476492143255109,0.25,0.36,2,-0.4403174733747959,2,-1.1855304553591657,-1.6552789357828104,2,0,3.46,1,4.95,1,0,1,0,0,1,1,0,1,0,0,1,1,0,0,0,0,0,0
766,14,7,0,1,-1.3793052320755743,0.28,0.28,0,1.3705953972849814,1,-0.7541670392187779,1.4819825851051875,1,2,4.43,1,3.51,1,0,0,1,1,0,0,0,1,1,0,0,0,0,0,0,0,0,0
767,10,5,9,3,-0.8479346331829327,0.74,0.81,2,0.2416473623737319,1,1.1561566608315106,-0.6468734469259538,0,2,2.75,0,3.34,1,0,0,0,0,1,0,0,0,0,0,1,0,0,0,0,1,0,0
768,9,9,2,2,0.3476492143255109,0.85,0.46,2,-0.15385180609507254,2,0.4782998640394728,-1.6552789357828104,0,1,2.31,1,1.93,0,0,0,1,0,0,0,1,1,1,0,0,0,1,0,0,0,0,1
769,17,0,2,0,-0.18372138456713072,0.66,0.97,2,0.34365867284053614,1,-0.6925436940558654,-1.6552789357828104,0,2,2.36,0,3.57,2,0,1,0,0,0,0,0,0,0,0,0,1,0,0,1,0,1,0
770,5,0,9,3,1.2775477623876337,0.16,0.84,1,1.0868014118224738,0,-1.0622837650333405,0.6976672048831881,0,0,2.02,0,4.27,0,0,0,0,0,0,0,1,0,0,0,1,1,1,0,0,0,0,0
771,9,5,7,0,-1.6449905315218951,0.88,0.42,0,0.2765777969434127,1,0.7864165898540355,0.3615320419309026,2,0,2.83,1,4.29,0,0,0,1,1,0,0,0,1,0,0,1,1,1,0,0,0,0,0
772,1,0,4,0,-1.5121478817987346,0.23,0.43,2,-1.4546178648999766,0,1.1561566608315106,-0.9830086098782393,1,0,4.27,0,4.34,2,0,0,0,0,0,1,0,1,0,0,0,0,0,1,0,0,0,0
773,13,1,1,1,1.5432330618339545,0.06,0.5,2,0.7778250200422896,1,-1.4320238360108157,-1.2070987185130964,1,1,3.3,1,2.06,1,1,0,0,0,0,1,0,0,0,0,0,1,0,1,0,0,0,0
774,19,5,3,0,1.410390412110794,0.2,0.86,2,0.3616022655858916,1,-0.13793358758965255,-0.6468734469259538,1,0,3.39,1,4.5,0,1,1,0,0,0,1,1,0,0,0,0,0,0,1,0,0,0,0
775,17,8,6,0,0.6133345137718317,0.48,0.92,2,1.0032391474177955,1,-0.7541670392187779,1.594027639422616,2,0,4.57,1,1.97,1,0,0,1,1,0,0,1,0,0,0,0,0,0,0,0,0,1,0
776,13,8,0,3,-0.8479346331829327,0.28,0.46,2,-1.1001506746104406,1,1.0329099705056857,0.5856221505657596,2,0,2.44,0,1.29,1,0,0,0,0,0,0,0,1,0,0,1,1,0,0,0,0,0,0
777,6,8,9,1,1.5432330618339545,0.66,0.98,0,-0.14659494061858072,0,-1.6168938714995533,1.369937530787759,0,1,2.25,1,4.03,1,0,1,0,0,0,1,0,0,0,0,1,0,0,0,0,0,0,0
778,9,8,4,1,1.410390412110794,0.91,0.28,2,0.8062206653022936,2,-0.44605031340421525,-0.31073828397366837,0,1,4.38,0,4.01,2,1,0,0,0,0,0,0,0,0,0,0,1,0,1,0,0,0,0
779,17,2,3,1,-0.3165640342902911,0.49,0.92,1,-1.3820672620392287,2,-1.5552705263366409,0.1374419332960456,1,2,2.08,1,1.01,2,1,0,0,0,1,0,0,1,0,0,0,1,0,0,0,0,0,0
780,17,1,0,1,-0.7150919834597723,0.38,0.61,1,0.7636542752685431,1,1.4642733866460733,-0.7589185012433823,0,1,4.97,0,3.65,2,0,0,0,0,0,0,0,0,1,0,1,0,0,0,0,0,1,1
781,2,0,0,3,0.8790198132181525,0.09,0.57,1,0.18016257676942557,1,1.3410266963202482,0.4735770962483311,0,0,2.55,1,1.24,0,0,0,0,1,0,1,0,0,1,0,0,0,0,0,0,0,1,1
782,19,7,8,3,0.3476492143255109,0.85,0.92,2,-1.7210459185505806,0,-0.9390370747075155,-0.31073828397366837,0,1,3.58,1,2.6,0,0,0,1,1,0,0,0,0,0,0,0,0,0,0,0,0,0,1
783,10,7,0,2,-0.9807772829060931,0.66,0.77,2,0.7243191760812902,1,-0.07631024242674002,1.0338023678354735,0,1,3.1,0,1.86,2,0,0,0,0,1,0,0,0,0,0,0,1,1,0,0,0,0,1
784,13,5,5,2,-1.5121478817987346,0.31,0.98,2,0.100409264144697,2,1.4026500414831609,-0.8709635555608108,0,0,3.11,1,2.18,1,0,1,0,0,0,0,0,0,0,0,0,1,0,1,1,0,1,0
785,14,3,6,1,1.5432330618339545,0.33,0.83,2,-0.36939154188938195,0,-1.3087771456849908,-0.4227833382910969,2,0,4.09,1,4.32,2,1,0,0,0,0,0,0,0,0,0,0,1,0,0,0,0,0,1
786,0,7,2,0,-0.8479346331829327,0.36,0.43,2,1.2796860078829593,2,-0.9390370747075155,1.2578924764703305,0,2,3.76,1,2.58,0,0,1,0,0,1,0,0,0,1,0,1,0,0,0,0,0,1,0
787,3,6,9,0,-0.7150919834597723,0.59,0.62,0,1.6685240237128944,1,0.7864165898540355,0.6976672048831881,2,2,2.65,0,3.58,0,0,0,1,0,0,0,0,0,1,1,0,1,0,0,0,0,0,0
788,14,9,5,3,-1.2464625823524138,0.91,0.93,1,1.1509398273398257,0,1.649143422134811,-0.19869322965623987,0,0,4.59,1,1.04,0,0,0,0,0,0,0,0,0,0,0,0,1,0,0,1,0,1,0
789,18,6,9,0,1.2775477623876337,0.75,0.29,1,-1.1392872028518195,2,0.17018313822491013,0.5856221505657596,0,2,2.79,0,4.29,1,0,0,1,0,0,1,0,0,0,1,0,0,0,0,0,1,0,0
790,17,8,1,2,0.8790198132181525,0.4,0.68,2,-0.10821659235235778,1,1.7107667672977236,0.1374419332960456,0,0,2.86,0,1.9,2,0,0,0,0,0,0,0,0,0,0,0,0,0,1,1,1,0,0
791,18,3,6,0,-1.3793052320755743,0.2,0.77,2,-0.724382237399859,2,-0.6309203488929528,-0.5348283926085253,1,2,2.23,0,4.74,1,0,0,1,0,1,0,0,0,0,0,1,0,0,1,0,1,0,1
792,8,9,0,3,0.08196391487919008,0.8,0.7,0,-0.1474975358270996,1,0.35505317371364775,0.8097122592006165,2,1,4.24,0,4.12,0,0,0,0,0,1,0,0,1,1,0,0,0,0,0,1,1,0,0
793,4,8,0,0,1.1447051126644732,0.38,0.51,1,1.1298913070771655,1,-0.44605031340421525,1.7060726937400446,0,1,2.3,1,4.07,2,0,0,0,0,0,0,0,0,0,1,0,0,0,1,0,0,1,0
794,12,1,6,0,0.8790198132181525,0.22,0.65,2,0.5523747888584428,0,1.5875200769718985,-0.7589185012433823,1,0,4.89,1,1.97,1,0,1,0,1,0,0,0,0,1,0,0,0,0,0,1,0,1,0
795,5,6,8,3,-1.5121478817987346,0.36,0.39,2,1.412313347822724,1,0.848039935016948,-0.4227833382910969,0,0,2.37,1,3.67,2,0,1,0,0,0,0,0,1,0,0,0,0,0,1,0,0,0,0
796,16,7,4,0,-1.6449905315218951,0.94,0.66,0,-1.4377393345006735,2,-0.6925436940558654,0.3615320419309026,2,2,4.27,0,4.07,1,0,0,0,0,0,0,0,1,1,0,0,0,0,0,0,0,1,0
797,15,3,2,0,-0.3165640342902911,0.18,0.82,0,0.9966863062039485,1,-0.5692970037300403,-1.6552789357828104,0,2,3.71,1,4.81,0,0,1,0,1,1,0,0,1,0,0,0,1,1,0,0,0,0,0
798,15,3,6,1,0.08196391487919008,0.75,0.81,0,0.2896834793711069,0,-1.6168938714995533,0.2494869876134741,1,1,3.19,1,2.83,2,0,0,0,0,0,1,1,0,0,0,0,0,1,0,0,0,0,0
799,8,6,4,0,-0.3165640342902911,0.33,0.94,0,1.6834348965576265,0,0.6631698995282104,1.594027639422616,1,0,2.73,1,3.63,1,0,1,0,0,0,1,0,0,0,0,0,0,0,1,0,0,0,0
800,17,3,4,3,-0.3165640342902911,0.91,0.9,2,-1.18710669699915,0,1.4642733866460733,1.369937530787759,2,2,3.77,0,3.18,0,0,0,0,0,0,0,0,0,1,0,0,0,1,0,0,1,0,0
801,6,6,7,3,-1.2464625823524138,0.42,0.26,0,-0.7194360156571754,0,-1.1239071101962532,1.0338023678354735,2,0,2.94,0,4.92,0,0,0,0,1,0,1,0,0,0,0,0,1,1,1,0,0,0,1
802,14,7,9,1,-0.9807772829060931,0.27,0.83,1,-0.27407748786978786,1,-1.678517216662466,-1.6552789357828104,0,0,3.3,0,4.63,2,0,0,0,1,0,0,0,1,0,0,0,1,0,1,0,0,0,1
803,2,3,5,1,-1.5121478817987346,0.5,0.26,2,1.4180177495405635,2,0.35505317371364775,-1.5432338814653819,0,0,2.84,0,3.52,0,0,0,1,0,0,0,0,0,0,0,0,0,0,0,0,0,1,1
804,1,1,8,1,1.410390412110794,0.83,0.61,1,1.011759646186214,1,0.7864165898540355,-0.7589185012433823,1,1,4.69,0,2.77,2,0,1,0,0,0,0,0,0,0,0,0,1,0,0,1,0,1,1
805,17,3,8,2,-1.6449905315218951,0.41,0.88,0,1.4325856362060583,1,1.2177800059944233,1.369937530787759,1,0,3.88,0,4.69,0,1,1,0,0,0,1,0,0,1,0,0,1,0,0,0,0,1,0
806,4,0,2,0,0.21480656460235048,0.89,0.73,2,-0.5009538194830945,1,-1.1855304553591657,1.7060726937400446,1,2,4.14,1,1.81,2,0,0,0,1,0,0,0,0,0,0,0,1,0,1,0,1,0,0
807,3,4,4,0,-1.6449905315218951,0.06,0.87,1,-0.967198400395609,1,-0.8157903843816905,1.0338023678354735,1,1,4.48,0,1.53,2,0,1,0,0,0,0,0,0,0,1,0,1,0,0,0,0,0,0
808,16,7,4,1,1.410390412110794,0.12,0.73,2,-0.3404001837917554,0,-0.44605031340421525,-1.5432338814653819,2,2,2.88,1,4.89,0,0,0,1,0,0,0,1,1,0,0,0,0,0,1,0,0,0,1
809,12,6,1,0,0.21480656460235048,0.66,0.86,0,0.14053864711544656,2,0.9096632801798605,0.1374419332960456,2,1,2.23,1,3.56,2,0,1,1,1,0,0,1,0,0,0,0,0,1,0,0,0,1,0
810,5,5,7,3,-0.7150919834597723,0.89,0.53,1,0.9646983320140393,1,1.7107667672977236,1.2578924764703305,0,1,4.63,1,3.17,2,1,0,1,1,0,0,0,0,0,0,0,0,0,1,0,0,0,0
811,10,6,0,3,1.1447051126644732,0.91,0.22,2,1.5812972227616295,2,0.17018313822491013,0.8097122592006165,2,2,4.58,0,1.94,2,1,0,0,0,0,0,1,0,0,0,1,0,1,0,0,1,0,1
812,13,0,5,2,1.1447051126644732,0.54,0.27,2,-0.9356617238099593,1,-0.13793358758965255,0.6976672048831881,0,2,2.04,0,3.16,2,0,0,0,0,0,0,0,0,1,1,0,0,0,1,0,1,0,0
813,4,3,8,2,0.7461771634949921,0.71,0.61,1,-0.9201551381276049,2,1.2794033511573357,0.4735770962483311,2,0,3.77,0,1.94,1,0,0,0,1,1,0,0,0,0,0,0,0,0,0,0,0,0,1
814,8,6,0,2,0.4804918640486713,0.82,0.83,1,1.1191865279041313,0,-1.1855304553591657,-0.6468734469259538,0,2,4.54,1,3.59,2,0,0,0,0,0,1,0,1,0,1,0,1,0,0,0,1,0,0
815,4,5,8,0,0.6133345137718317,0.87,0.75,1,0.34423633377398827,2,-0.19955693275256509,0.025396878978617116,2,0,4.31,1,1.1,1,1,1,0,0,0,0,0,1,0,1,0,0,0,0,0,0,0,1
816,18,6,7,3,0.6133345137718317,0.62,0.97,2,0.5973781859551943,0,0.5399232092023853,1.594027639422616,1,0,3.49,1,4.35,0,0,0,0,1,0,0,0,0,1,0,0,1,1,0,0,0,1,1
817,14,8,0,0,1.1447051126644732,0.76,0.62,0,1.480712012724285,1,-0.2611802779154776,-1.5432338814653819,0,2,4.65,0,4.02,2,1,0,0,0,0,0,0,1,1,0,0,0,0,1,0,1,0,0
818,11,5,3,2,-0.9807772829060931,0.2,0.91,0,-0.9121400926759571,2,0.10855979306199759,0.3615320419309026,1,1,2.42,0,1.74,0,1,1,0,0,0,0,0,0,0,1,1,0,0,0,0,1,1,0
819,5,3,1,2,-0.05087873484397031,0.83,0.88,2,-0.8238482293786399,2,-1.3704004908479033,0.6976672048831881,0,2,2.56,0,3.89,2,0,0,0,1,0,0,0,0,0,1,0,0,0,0,1,0,0,1
820,8,5,6,2,-1.2464625823524138,0.2,0.95,2,-0.6956797097689584,0,-1.3087771456849908,0.2494869876134741,0,2,3.11,1,4.81,2,0,0,0,0,0,1,0,0,0,0,1,0,1,0,0,0,0,1
821,19,0,9,0,-0.4494066840134515,0.73,0.81,0,-0.38498838709258826,0,-1.2471538005220781,1.4819825851051875,0,0,4.47,1,4.71,0,0,0,0,0,0,1,0,0,0,0,1,0,1,0,0,1,0,1
822,4,5,2,3,-0.4494066840134515,0.35,0.39,2,-1.5662147364812513,2,-0.5692970037300403,-0.08664817533881138,2,2,4.48,1,1.43,1,1,0,1,1,0,1,0,0,1,0,0,0,0,0,0,0,1,0
823,8,1,7,2,-1.5121478817987346,0.71,0.95,2,-1.283756591927352,0,-0.6309203488929528,1.7060726937400446,2,0,4.59,1,2.13,0,0,0,0,0,0,0,1,0,1,0,0,0,0,1,1,0,0,0
824,10,6,7,1,0.8790198132181525,0.39,0.62,0,-1.167177394795053,1,1.2794033511573357,0.025396878978617116,2,2,3.08,1,4.38,1,0,1,0,0,0,1,0,0,1,0,0,0,0,0,0,0,0,0
825,7,8,5,3,1.6760757115571148,0.55,0.92,1,0.2815240186860962,0,0.04693644789908505,-0.7589185012433823,1,1,2.41,0,3.04,1,0,1,0,0,1,1,0,1,0,0,0,0,0,0,0,0,0,1
826,16,2,6,0,-0.4494066840134515,0.83,0.82,0,1.1593339627790513,1,-1.3704004908479033,1.145847422152902,0,2,4.96,1,1.54,0,0,0,0,0,0,1,0,0,0,1,1,0,0,0,1,0,0,1
827,8,4,2,0,1.0118624629413129,0.39,0.38,2,1.318768380411827,2,1.7107667672977236,-0.5348283926085253,2,1,2.02,0,2.92,1,0,0,0,0,1,0,0,0,0,0,0,0,1,0,0,0,1,0
828,18,1,0,3,-1.1136199326292535,0.32,0.87,1,0.7388509589384442,0,-0.8157903843816905,-0.19869322965623987,1,0,4.37,0,3.57,0,0,0,1,0,1,1,0,0,0,0,0,0,0,0,1,0,0,0
829,14,0,8,1,1.410390412110794,0.88,0.43,2,-1.4152466619043829,1,1.5875200769718985,-1.4311888271479534,2,1,3.82,1,3.51,1,0,0,0,0,1,1,0,0,1,0,0,0,0,0,0,0,0,0
830,19,9,8,0,1.2775477623876337,0.85,0.61,0,0.22103208781116063,2,-0.32280362307839017,-1.6552789357828104,0,1,4.3,0,3.07,0,0,0,0,0,0,0,0,0,0,0,0,0,0,0,0,1,1,1
831,19,9,8,3,-1.1136199326292535,0.28,0.97,0,0.9151097512580119,1,-0.44605031340421525,-1.2070987185130964,0,1,3.53,0,2.53,1,0,1,0,0,0,1,1,1,1,1,0,0,0,0,0,0,0,0
832,12,2,1,3,1.1447051126644732,0.83,0.77,2,-1.1723041355794401,1,0.04693644789908505,1.145847422152902,0,0,2.65,1,4.83,0,0,0,1,1,0,0,0,0,0,0,0,0,0,0,0,0,1,1
833,13,4,0,2,1.1447051126644732,0.87,0.37,0,0.20480342596199108,1,0.7864165898540355,-0.6468734469259538,2,0,3.65,1,4.59,2,0,1,0,0,1,1,0,0,0,1,0,0,1,0,0,0,0,0
834,1,9,2,0,1.6760757115571148,0.29,0.3,1,1.6852581388788346,2,-0.7541670392187779,1.7060726937400446,2,0,3.0,0,3.31,2,0,0,0,1,1,0,1,0,0,0,1,0,0,1,0,0,0,0
835,4,2,9,2,-0.7150919834597723,0.05,0.65,0,0.33826115349359326,0,0.10855979306199759,1.0338023678354735,0,2,4.16,1,2.96,2,0,1,0,0,0,1,0,1,0,0,0,0,0,0,0,0,0,0
836,17,5,0,1,0.6133345137718317,0.18,0.84,2,-1.2781966054428755,1,-1.5552705263366409,1.4819825851051875,2,2,4.28,0,3.43,1,0,0,0,0,0,0,1,1,0,1,0,1,0,0,0,0,0,0
837,14,5,8,0,1.0118624629413129,0.67,0.77,0,0.016720636410826103,2,-1.4936471811737284,1.145847422152902,2,1,2.05,0,1.95,2,0,1,1,0,0,1,0,1,0,1,1,0,0,0,0,0,0,0
838,2,3,1,1,1.5432330618339545,0.11,0.86,2,-0.9732096844843448,0,0.5399232092023853,-1.0950536641956679,0,0,4.25,1,1.37,0,0,1,1,0,0,0,0,0,0,0,1,0,0,0,0,0,0,0
839,4,0,4,3,-1.3793052320755743,0.87,0.66,0,0.4800227569435691,1,-1.1239071101962532,-0.31073828397366837,2,0,2.45,1,1.46,0,0,0,1,1,0,0,0,1,0,0,0,0,1,1,0,1,0,0
840,18,4,1,1,-0.05087873484397031,0.73,0.31,1,-1.1995805627808809,1,-1.1855304553591657,1.594027639422616,2,1,2.36,1,2.79,1,0,1,0,0,0,0,0,0,0,1,0,0,0,0,1,0,0,0
841,10,0,0,3,-0.3165640342902911,0.72,0.37,2,-0.355148589498954,0,-1.678517216662466,0.6976672048831881,2,2,3.95,0,4.11,0,0,1,1,0,0,0,1,1,0,0,0,0,1,0,0,0,0,0
842,15,6,8,2,-1.6449905315218951,0.31,0.82,0,1.4877161515423916,0,-0.44605031340421525,-1.2070987185130964,2,0,2.86,1,1.07,1,0,0,1,0,0,1,0,0,0,0,0,0,1,0,0,0,1,0
843,6,0,4,2,-1.1136199326292535,0.76,0.84,0,1.3557567320569308,0,0.23180648338782264,1.2578924764703305,2,1,2.69,0,1.47,2,0,0,0,0,0,0,0,0,1,1,0,0,0,0,1,0,0,1
844,2,8,3,1,1.410390412110794,0.38,0.44,2,-1.1278061917994593,1,-1.1239071101962532,0.025396878978617116,2,2,2.37,1,2.92,1,0,0,0,1,0,0,0,0,1,0,1,0,0,0,1,0,0,0
845,7,1,4,1,0.08196391487919008,0.45,0.77,2,-1.3405659343515304,1,-1.1855304553591657,1.369937530787759,1,0,3.95,1,2.37,2,0,1,0,1,0,1,0,0,0,0,0,0,1,0,0,1,1,0
846,9,1,7,3,-0.18372138456713072,0.27,0.3,1,1.1711038042981377,2,0.7247932446911229,-1.4311888271479534,1,2,3.77,0,2.49,2,0,0,0,0,0,0,1,0,0,1,0,0,1,0,0,1,0,0
847,1,1,9,1,-1.5121478817987346,0.15,0.86,0,-0.5563190095736428,1,1.3410266963202482,-1.3191437728305249,0,1,2.12,1,4.22,1,1,0,0,1,0,0,1,0,0,0,0,0,0,0,1,0,0,0
848,7,6,9,1,0.4804918640486713,0.74,0.27,2,-0.9785530481187766,0,0.9096632801798605,-0.4227833382910969,1,1,2.44,1,4.47,0,0,0,1,0,1,0,1,1,0,1,0,0,0,1,0,0,0,0
849,0,9,2,2,-1.3793052320755743,0.09,0.56,2,-0.5780715540989478,2,-0.2611802779154776,0.1374419332960456,1,2,2.9,0,1.7,1,0,1,1,1,0,0,0,0,0,0,0,1,0,0,0,0,1,0
850,9,9,0,3,0.8790198132181525,0.36,0.88,1,1.4561253192442307,2,-1.6168938714995533,-0.9830086098782393,2,0,2.02,1,5.0,0,0,0,0,0,0,0,0,0,0,1,0,1,0,0,1,1,0,0
851,10,4,6,0,-1.1136199326292535,0.44,0.32,0,-0.07299732731595093,2,-1.6168938714995533,-1.5432338814653819,2,2,3.21,0,1.4,2,0,1,0,1,0,1,0,1,0,0,0,0,0,1,1,0,0,0
852,3,7,9,1,1.410390412110794,0.45,0.58,0,0.46706148974923795,2,0.6015465543652979,-0.8709635555608108,0,0,2.2,0,3.3,2,0,0,1,0,0,0,0,0,0,0,0,1,0,0,0,0,1,0
853,10,7,4,3,-0.05087873484397031,0.28,0.68,0,-1.565239933656051,0,0.23180648338782264,0.5856221505657596,2,0,2.2,0,3.36,1,0,0,0,0,0,1,0,0,0,0,1,1,0,0,0,1,0,0
854,17,0,7,2,-1.5121478817987346,0.14,0.92,1,-1.2733586951252143,2,0.5399232092023853,-0.7589185012433823,2,1,4.49,0,2.75,0,0,0,0,0,0,0,0,0,0,0,0,0,1,0,1,0,0,1
855,17,8,2,3,-1.5121478817987346,0.79,0.41,0,0.29399788446782715,2,1.525896731808986,1.4819825851051875,0,1,2.32,0,1.22,0,0,1,1,0,0,0,0,0,1,0,0,0,0,0,0,1,1,0
856,10,6,4,3,-1.1136199326292535,0.26,0.74,2,1.1667171915847359,1,0.04693644789908505,1.7060726937400446,2,0,4.51,0,4.71,1,0,0,1,1,0,0,0,0,0,0,0,1,0,0,0,0,0,0
857,1,5,6,0,0.7461771634949921,0.32,0.31,1,-1.1755715302342786,0,-0.2611802779154776,-0.08664817533881138,2,0,2.52,1,2.04,0,0,0,0,1,0,0,0,0,0,0,0,1,0,0,0,0,0,1
858,16,3,0,1,1.5432330618339545,0.81,0.5,0,-1.341739308122605,0,-1.3704004908479033,1.594027639422616,2,0,4.67,0,4.17,1,1,0,0,0,0,0,0,1,0,1,1,1,0,0,0,0,1,0
859,12,8,3,1,0.7461771634949921,0.4,0.95,1,1.4272964282841376,1,1.0945333156685981,-1.3191437728305249,1,1,4.37,0,1.45,2,0,0,0,0,1,0,1,1,1,1,0,0,0,0,0,0,0,1
860,5,6,2,2,1.410390412110794,0.49,0.73,1,1.5250474893667327,2,-1.3087771456849908,1.0338023678354735,1,0,4.39,0,1.73,1,1,0,0,0,0,1,1,0,0,0,0,0,0,0,0,0,0,0
861,18,1,9,2,0.21480656460235048,0.4,0.4,0,-0.49135020646445354,2,-1.1239071101962532,-1.4311888271479534,1,1,2.46,0,1.41,0,0,0,0,0,0,0,0,0,0,0,0,0,1,0,1,0,0,1
862,10,0,3,3,0.6133345137718317,0.54,0.3,0,0.6335000462001201,0,-0.8157903843816905,0.4735770962483311,2,2,2.41,0,2.58,0,0,0,0,0,1,0,1,0,1,0,0,0,0,0,1,0,0,0
863,10,0,5,0,-0.8479346331829327,0.13,0.26,0,-1.2100867710080407,2,-1.3087771456849908,-0.8709635555608108,2,2,4.16,1,2.37,0,0,0,0,0,0,0,0,1,0,0,0,1,1,0,1,1,1,0
864,6,2,5,2,1.5432330618339545,0.41,0.82,1,1.5695273812425432,2,-1.1239071101962532,-0.7589185012433823,2,0,2.29,0,3.6,0,0,0,1,1,0,0,0,0,0,0,1,0,0,0,0,0,0,0
865,4,6,8,2,0.8790198132181525,0.11,0.8,0,0.5469411657031591,0,1.2794033511573357,0.2494869876134741,0,1,3.64,1,4.47,2,1,0,0,1,0,0,0,0,0,0,0,0,0,1,1,1,0,0
866,8,5,4,0,-0.05087873484397031,0.29,0.61,0,-1.2496565449495085,2,-0.6925436940558654,0.2494869876134741,1,0,3.99,1,3.8,1,0,0,1,1,0,0,1,0,0,0,0,1,0,0,0,0,0,0
867,11,5,4,2,-0.3165640342902911,0.56,0.74,0,-1.3172789779717433,1,-1.2471538005220781,-1.3191437728305249,0,1,4.17,1,1.23,1,0,1,0,1,0,0,0,1,0,1,0,0,1,1,0,0,0,0
868,7,8,2,3,-0.8479346331829327,0.37,0.26,1,-1.3725900123497805,2,-0.7541670392187779,-0.19869322965623987,0,0,2.38,0,2.31,1,0,1,0,0,0,0,1,0,1,1,0,0,0,0,0,1,0,1
869,10,7,8,2,0.4804918640486713,0.09,0.67,0,1.3376326202698716,2,-1.000660419870428,-1.5432338814653819,1,2,5.0,0,4.14,1,1,0,0,0,0,0,0,0,0,0,0,0,0,0,0,1,0,1
870,11,1,5,3,1.5432330618339545,0.44,0.33,1,-0.27407748786978786,2,0.41667651887656026,1.4819825851051875,2,0,3.35,0,4.07,0,1,0,0,0,0,1,0,0,0,1,0,0,0,0,1,1,0,1
871,15,1,8,0,1.5432330618339545,0.27,0.82,1,-0.5232479211335109,2,1.0329099705056857,-0.6468734469259538,2,1,3.19,0,3.41,2,0,0,0,0,0,0,0,1,0,0,0,1,0,0,1,1,0,0
872,16,2,7,3,0.3476492143255109,0.82,0.29,0,-1.0245492999448989,0,0.17018313822491013,-0.6468734469259538,1,1,4.29,1,2.56,0,0,0,0,0,0,0,0,0,0,0,0,1,0,0,1,1,1,0
873,19,6,6,3,-1.5121478817987346,0.13,0.92,2,0.637417309405092,0,-1.678517216662466,-1.3191437728305249,1,0,3.55,0,2.92,2,0,0,1,1,0,1,0,0,0,0,0,0,0,0,0,0,0,0
874,6,7,7,0,1.2775477623876337,0.59,0.94,1,0.3569448743099341,2,1.649143422134811,-1.0950536641956679,0,2,2.23,1,4.68,0,0,0,0,0,0,1,0,0,0,0,0,1,1,1,0,0,0,0
875,7,5,4,3,1.5432330618339545,0.73,0.58,0,-0.6657496526544723,1,0.10855979306199759,0.2494869876134741,1,0,2.51,0,4.79,0,0,0,0,1,0,0,1,1,1,0,0,0,0,0,0,0,0,0
876,0,8,0,2,-0.4494066840134515,0.84,0.49,0,-0.47467024701102456,2,-0.5692970037300403,0.5856221505657596,1,2,4.22,1,4.38,0,0,0,1,1,1,1,1,0,0,0,0,0,0,0,0,0,0,0
877,5,3,7,1,0.21480656460235048,0.89,0.98,1,-0.3936894049027103,2,1.2794033511573357,-0.9830086098782393,2,0,2.88,1,2.96,0,0,0,0,0,1,0,0,0,0,1,0,0,0,1,0,0,0,0
878,6,6,9,1,0.8790198132181525,0.12,0.58,1,1.635236312422718,1,1.525896731808986,-1.5432338814653819,1,2,4.14,1,1.13,1,0,0,0,0,0,1,0,0,0,1,0,0,0,0,1,0,0,1
879,16,8,9,1,0.4804918640486713,0.61,0.38,2,-0.6584566833696397,0,1.7107667672977236,-0.31073828397366837,1,2,3.52,1,4.37,2,1,0,0,0,1,0,0,1,0,0,1,0,0,0,0,0,0,0
880,7,8,6,0,0.6133345137718317,0.65,0.48,1,-0.5052682245798147,0,-1.4320238360108157,0.025396878978617116,0,0,2.65,1,1.06,1,0,1,0,1,0,0,0,1,0,1,0,0,0,0,0,0,0,0
881,5,1,4,3,0.7461771634949921,0.91,0.6,0,-0.5357037350110715,0,1.3410266963202482,-1.2070987185130964,0,0,2.18,0,2.92,1,0,0,1,1,1,0,1,0,0,1,0,0,0,0,0,0,0,0
882,8,8,1,3,1.2775477623876337,0.45,0.31,1,0.03870785569034611,1,-0.6309203488929528,-1.2070987185130964,2,0,3.95,0,1.65,0,1,0,1,1,0,0,0,0,0,0,0,0,0,0,1,0,0,0
883,13,3,2,0,0.4804918640486713,0.64,0.59,0,0.10995872145082679,1,1.0945333156685981,0.3615320419309026,0,1,2.5,1,1.18,0,0,0,1,0,1,0,0,0,0,1,1,0,0,0,0,0,0,0
884,14,1,7,3,-0.05087873484397031,0.85,0.21,2,1.5285134549674453,1,-1.6168938714995533,0.1374419332960456,0,0,4.01,0,3.86,0,0,0,0,0,0,1,1,0,0,1,0,0,0,0,0,0,0,0
885,16,8,2,2,-0.3165640342902911,0.22,0.5,0,-1.3047690083816714,1,0.848039935016948,1.7060726937400446,2,0,3.53,1,4.14,2,0,0,0,0,0,0,0,0,0,1,0,1,1,0,0,0,0,0
886,3,8,9,0,1.410390412110794,0.83,0.67,2,1.4557281773524824,2,1.5875200769718985,1.0338023678354735,1,1,2.01,0,4.77,1,1,0,0,0,1,1,0,1,0,1,0,0,0,1,0,0,0,0
887,15,1,3,1,-1.3793052320755743,0.44,0.97,2,1.4186315142823562,0,-0.13793358758965255,1.594027639422616,1,2,4.6,1,3.82,0,0,1,0,0,0,0,0,0,1,1,1,1,0,0,0,1,0,0
888,19,3,7,1,0.4804918640486713,0.6,0.93,0,1.0544343476449867,1,-0.2611802779154776,1.0338023678354735,0,1,3.29,1,2.18,0,0,1,0,0,0,0,0,0,0,0,1,0,0,1,0,1,1,0
889,7,6,6,1,0.3476492143255109,0.76,0.62,0,0.8104989665906732,0,0.9096632801798605,0.5856221505657596,1,0,2.22,1,2.48,1,0,0,0,0,0,1,1,0,0,1,0,0,1,1,0,0,0,1
890,18,0,8,1,-1.3793052320755743,0.46,0.5,2,1.5358425280606185,2,1.0329099705056857,1.0338023678354735,1,2,4.55,1,2.52,2,0,1,0,0,0,1,0,0,1,0,0,0,1,0,1,0,1,0
891,9,5,6,2,-1.2464625823524138,0.89,0.94,1,0.43689675788053683,2,0.10855979306199759,-0.6468734469259538,0,1,4.01,1,2.95,2,0,0,0,0,0,0,0,0,1,1,0,0,0,0,0,1,0,0
892,17,1,3,0,-0.9807772829060931,0.13,0.76,2,0.1616052192822773,0,0.17018313822491013,-0.5348283926085253,0,0,2.22,1,4.24,2,1,0,1,0,1,0,0,0,0,0,0,1,0,0,0,0,0,0
893,0,5,0,0,-1.6449905315218951,0.36,0.43,0,0.5557685468424738,1,-1.1855304553591657,1.369937530787759,1,2,4.49,1,4.75,0,0,0,1,1,1,0,0,0,0,1,0,0,0,0,1,0,0,0
894,13,0,8,2,0.3476492143255109,0.42,0.95,2,0.4291885947997856,0,-1.0622837650333405,1.594027639422616,0,0,2.98,0,1.02,0,0,0,0,0,0,0,1,0,0,0,1,0,0,0,0,0,0,1
895,7,4,0,2,-1.6449905315218951,0.7,0.39,1,-1.0998076884312034,1,-1.4936471811737284,1.145847422152902,1,0,3.92,1,1.37,1,0,0,0,0,1,1,0,1,1,1,0,1,0,0,0,0,0,0
896,11,2,0,1,1.410390412110794,0.15,0.84,2,-1.3367930863799216,0,-0.2611802779154776,-0.8709635555608108,1,1,4.46,1,1.8,0,1,1,0,0,0,1,0,0,0,0,0,0,0,0,0,1,0,1
897,4,6,4,2,0.6133345137718317,0.91,0.4,0,1.5710978969053662,2,1.0329099705056857,-0.6468734469259538,2,0,2.42,0,2.65,1,1,0,0,0,0,0,0,1,0,0,1,1,0,0,1,1,0,0
898,7,4,4,0,0.3476492143255109,0.28,0.96,2,-1.197685112842991,2,1.4642733866460733,0.2494869876134741,2,1,4.71,1,1.14,2,0,0,0,0,1,0,0,0,1,0,0,0,1,0,1,0,0,0
899,16,0,5,3,-0.5822493337366119,0.25,0.34,0,0.4713758948459582,1,-0.3844269682413027,1.369937530787759,2,2,3.59,0,4.45,1,0,0,0,0,1,0,0,0,1,0,0,0,0,0,0,0,0,1
900,16,6,6,0,0.6133345137718317,0.25,0.77,1,-0.5550373243775459,1,-0.44605031340421525,1.145847422152902,2,2,4.76,0,2.62,0,0,1,1,1,0,0,0,0,0,0,0,0,1,0,1,0,1,0
901,0,1,5,3,0.8790198132181525,0.45,0.55,1,-0.4351726806862382,2,-1.3704004908479033,-0.4227833382910969,1,1,2.62,1,3.92,0,0,0,0,0,0,0,0,0,0,1,1,0,0,0,0,0,1,0
902,16,8,4,1,-0.7150919834597723,0.15,0.59,2,1.5671986856045645,1,-1.3087771456849908,-0.08664817533881138,0,2,2.28,1,1.57,2,0,0,0,0,0,0,0,1,0,1,1,0,0,0,0,0,0,0
903,11,7,1,0,-1.6449905315218951,0.42,0.69,2,-0.6381482911779648,0,-1.1855304553591657,-1.0950536641956679,1,2,4.35,0,4.49,0,0,0,0,0,0,1,0,0,0,0,1,1,0,0,0,1,1,1
904,13,5,4,2,0.21480656460235048,0.12,0.29,0,-0.7290576805799868,0,-0.3844269682413027,-1.5432338814653819,1,2,2.13,0,1.4,2,0,0,0,0,0,1,0,0,0,0,0,0,0,0,1,0,1,0
905,9,8,2,1,-1.5121478817987346,0.37,0.79,2,1.4452580729336633,2,-0.5692970037300403,1.7060726937400446,0,0,2.65,0,4.09,0,0,1,0,0,1,0,0,1,0,0,0,0,0,0,0,0,1,0
906,7,8,6,2,-1.3793052320755743,0.16,0.22,2,-0.7294548224717351,0,-0.5076736585671278,0.5856221505657596,0,1,4.87,0,4.52,1,0,0,1,1,0,1,0,0,0,0,0,0,0,0,0,1,0,0
907,10,5,8,1,-0.18372138456713072,0.73,0.92,1,1.501832740603627,1,-1.5552705263366409,-1.5432338814653819,1,2,3.71,1,3.58,2,0,0,0,0,0,0,0,1,1,1,0,0,0,0,0,0,0,1
908,8,9,6,2,1.2775477623876337,0.45,0.41,0,1.5464389958086302,1,1.0945333156685981,1.4819825851051875,2,0,2.58,0,2.23,1,0,0,0,1,0,0,0,0,1,1,0,1,0,1,0,0,1,0
909,11,5,9,0,-0.9807772829060931,0.46,0.8,0,-1.000792994056682,2,1.5875200769718985,-1.6552789357828104,2,2,2.64,0,2.25,0,0,0,0,0,0,0,1,1,0,1,0,0,0,1,0,1,0,0
910,10,2,2,0,-0.4494066840134515,0.22,0.25,1,-0.8607463215028919,1,-1.4320238360108157,-1.6552789357828104,0,1,3.71,0,4.36,0,0,0,1,1,1,1,1,0,0,0,0,0,1,0,0,0,0,0
911,4,1,0,3,-0.7150919834597723,0.27,0.32,2,-1.1925764239627743,0,-1.678517216662466,-0.6468734469259538,0,2,4.87,0,2.34,1,0,0,0,1,1,0,1,0,0,0,0,0,0,0,1,1,0,0
912,15,8,2,0,0.08196391487919008,0.58,0.53,0,-0.951998697084151,1,1.4642733866460733,-1.6552789357828104,0,1,3.37,0,3.08,0,1,0,0,0,0,1,0,0,1,0,1,1,1,0,0,0,0,0
913,4,5,8,0,1.2775477623876337,0.16,0.92,0,-1.2025771788731636,1,-1.000660419870428,-0.9830086098782393,1,0,4.87,1,3.59,1,0,1,0,0,0,0,0,0,1,1,0,0,1,0,0,1,0,0
914,9,3,1,3,-1.2464625823524138,0.57,0.59,2,-1.7243494170137599,0,-0.014686897263827485,-0.9830086098782393,0,2,3.0,1,3.92,2,0,0,1,1,0,0,0,0,1,0,0,1,0,0,0,0,0,0
915,8,9,6,0,-1.3793052320755743,0.09,0.24,0,-0.13718989854581395,2,0.6631698995282104,1.7060726937400446,2,0,4.73,0,4.6,1,1,0,1,1,0,1,0,0,0,0,0,0,0,1,1,0,0,0
916,12,2,9,1,-0.9807772829060931,0.95,0.31,0,1.6738854392514966,1,0.7247932446911229,-0.6468734469259538,0,1,3.88,1,1.54,0,1,0,0,0,0,0,0,0,0,1,1,0,1,0,0,0,1,0
917,2,2,6,1,-1.3793052320755743,0.3,0.98,1,1.3542223202024488,2,0.5399232092023853,0.4735770962483311,0,1,4.1,1,3.94,1,0,0,0,1,0,0,0,0,0,1,0,1,0,0,0,0,0,0
918,17,0,8,0,1.2775477623876337,0.93,0.42,1,1.6360847519187258,2,-0.32280362307839017,1.369937530787759,2,0,4.63,1,2.49,0,0,0,0,0,1,0,0,0,0,0,0,0,0,1,0,0,1,0
919,19,1,2,1,1.1447051126644732,0.43,0.9,2,0.18218439003650785,2,1.0945333156685981,1.145847422152902,0,1,4.8,0,2.83,2,0,0,0,0,1,0,0,1,0,0,0,1,0,0,0,0,0,0
920,4,1,1,3,-0.4494066840134515,0.07,0.33,1,1.0862959585057033,0,-1.5552705263366409,1.369937530787759,2,0,4.25,1,1.48,0,0,0,1,0,1,0,1,0,0,0,1,0,0,0,0,0,1,1
921,2,4,0,3,-1.6449905315218951,0.4,0.32,0,-1.3605132884597977,1,-0.2611802779154776,-0.31073828397366837,0,2,4.91,0,4.37,2,0,0,0,1,0,0,1,0,0,0,0,1,1,1,0,0,0,0
922,9,5,9,2,0.7461771634949921,0.13,0.6,1,0.11856947974009693,2,-0.5076736585671278,0.5856221505657596,2,2,4.9,0,4.92,1,0,0,0,0,0,0,1,0,1,0,0,1,0,1,0,0,1,1
923,1,0,8,0,-0.05087873484397031,0.32,0.68,2,-0.9529915518135218,2,1.5875200769718985,-1.3191437728305249,2,2,4.91,0,1.87,2,0,0,0,0,0,1,1,0,0,0,0,0,0,1,1,1,0,0
924,0,6,7,1,1.410390412110794,0.19,0.74,0,0.6841717412063703,2,-1.1239071101962532,0.5856221505657596,2,0,2.93,1,3.63,1,0,0,0,1,0,0,0,1,0,1,1,0,0,0,0,0,0,0
925,1,2,5,1,-0.18372138456713072,0.27,0.31,0,-0.4113622190855101,1,-0.8157903843816905,-0.8709635555608108,1,1,4.85,1,4.24,0,0,0,0,1,0,1,1,0,0,1,0,0,0,1,0,0,0,1
926,19,5,7,3,1.2775477623876337,0.42,0.5,0,1.6567722340979785,0,-0.6309203488929528,0.025396878978617116,1,2,3.2,0,3.89,1,1,0,0,0,0,0,0,0,1,0,0,1,0,0,0,0,0,0
927,15,1,4,3,1.6760757115571148,0.56,0.98,2,-0.4628462497794272,2,-0.877413729544603,1.4819825851051875,1,1,2.24,0,2.14,0,0,0,0,0,0,1,1,0,1,1,0,0,0,1,0,0,0,0
928,18,2,5,2,0.7461771634949921,0.78,0.35,1,0.14404071652449985,2,-0.5076736585671278,1.369937530787759,1,1,2.34,1,1.05,2,0,0,0,0,0,0,0,0,0,0,1,1,1,0,0,0,0,0
929,0,7,6,0,-0.7150919834597723,0.21,0.3,2,-0.39157733211477613,2,1.525896731808986,-1.3191437728305249,1,2,4.66,1,3.87,0,0,0,1,0,1,0,1,0,1,0,0,0,0,0,0,0,0,0
930,3,9,6,2,-0.9807772829060931,0.86,0.22,2,1.3106089197268163,1,-1.3704004908479033,-0.4227833382910969,0,0,3.34,0,2.27,0,0,1,1,0,0,0,1,0,0,0,1,0,0,0,1,0,1,0
931,12,8,1,3,-0.8479346331829327,0.77,0.41,0,1.4746285210188679,1,1.7107667672977236,0.5856221505657596,0,1,4.07,0,4.19,1,0,1,0,1,0,1,0,0,0,1,0,0,0,0,1,0,0,0
932,11,1,2,0,0.21480656460235048,0.17,0.54,2,1.4826255145663452,1,-0.6309203488929528,1.594027639422616,2,0,4.48,0,4.26,2,0,1,0,0,0,0,1,1,0,1,0,0,0,0,0,0,0,0
933,0,8,8,3,1.1447051126644732,0.63,0.72,2,-1.5286487239026953,0,-1.1855304553591657,-1.4311888271479534,1,1,2.96,1,1.48,0,0,0,0,0,0,0,0,0,1,0,1,0,0,0,0,1,0,0
934,12,2,9,0,-1.2464625823524138,0.53,0.7,2,-1.3336159512459351,2,0.7247932446911229,-0.4227833382910969,1,0,2.46,0,1.7,1,1,0,1,0,0,0,1,0,0,0,0,0,0,1,0,0,0,1
935,9,0,2,0,-0.9807772829060931,0.36,0.77,2,1.1674753715598918,0,1.0329099705056857,1.0338023678354735,1,1,4.1,1,4.57,1,1,0,0,0,0,1,1,0,0,0,0,0,0,0,0,0,0,0
936,9,0,8,0,0.08196391487919008,0.48,0.75,1,-0.693748156022728,1,0.2934298285507352,-0.4227833382910969,2,2,3.19,1,3.2,2,0,0,0,0,0,0,0,0,1,0,0,0,1,0,1,1,0,0
937,14,2,2,3,-1.5121478817987346,0.6,0.82,2,-1.1729540041295738,1,0.23180648338782264,-1.3191437728305249,2,2,2.3,1,4.57,1,0,0,0,0,0,1,0,1,0,0,0,0,0,0,0,0,0,1
938,15,9,2,2,0.21480656460235048,0.69,0.41,1,-0.5223814297333328,1,-1.1239071101962532,-0.9830086098782393,2,0,4.95,1,4.81,1,1,1,0,0,0,0,0,0,0,0,0,1,0,0,1,0,0,0
939,10,2,8,0,1.410390412110794,0.95,0.47,1,1.4276755182717156,2,-1.4936471811737284,-0.31073828397366837,2,0,4.98,0,1.84,1,0,0,1,1,0,0,0,0,0,0,0,0,1,0,0,0,0,0
940,3,6,9,2,-0.05087873484397031,0.83,0.39,0,1.3207179860622278,2,-0.6309203488929528,-1.3191437728305249,2,1,3.46,0,1.92,1,1,0,0,0,0,0,1,0,0,0,0,0,0,0,0,0,0,1
941,15,8,6,2,1.1447051126644732,0.11,0.81,1,-0.918729037698145,1,0.5399232092023853,1.2578924764703305,0,2,3.97,0,1.25,1,0,0,1,0,1,0,0,1,0,0,1,0,0,0,0,1,0,0
942,4,5,1,3,1.410390412110794,0.56,0.83,1,1.2187608313079348,1,-1.4320238360108157,0.3615320419309026,0,2,2.99,0,1.07,1,1,0,0,0,1,1,0,0,1,0,0,0,0,0,0,0,1,0
943,0,9,9,0,-1.6449905315218951,0.46,0.59,1,-0.8697722735880807,1,-0.014686897263827485,-1.0950536641956679,0,1,2.21,0,1.38,1,0,0,0,0,0,0,0,0,0,0,1,0,0,1,0,0,0,1
944,7,3,0,3,0.6133345137718317,0.9,0.65,0,1.6458147282665594,0,0.10855979306199759,-0.31073828397366837,2,0,4.86,0,1.86,0,0,0,0,0,1,0,0,0,0,0,0,1,1,0,0,0,0,0
945,15,8,7,2,1.2775477623876337,0.94,0.35,0,0.3274119590871962,0,0.41667651887656026,0.4735770962483311,1,0,3.63,0,1.95,1,1,0,0,0,0,0,1,0,0,1,0,0,1,0,0,0,1,1
946,16,0,9,2,-0.9807772829060931,0.13,0.81,2,-0.18854756591053842,1,-1.1239071101962532,-1.5432338814653819,2,1,3.76,0,4.37,2,0,0,1,0,0,0,0,0,0,1,0,0,1,1,0,0,0,0
947,0,8,8,3,0.6133345137718317,0.77,0.42,1,-1.7119838626570512,2,-0.5076736585671278,-0.6468734469259538,0,0,4.29,0,2.6,1,1,0,0,1,0,0,1,0,0,0,1,0,1,0,0,0,0,1
948,0,7,5,1,-1.6449905315218951,0.4,0.47,1,1.5236033370331024,1,-0.32280362307839017,-0.5348283926085253,0,1,3.41,1,3.36,2,0,1,1,0,0,0,0,0,0,0,0,1,1,1,1,0,0,0
949,9,2,4,3,-0.7150919834597723,0.15,0.7,1,1.3316935437978175,1,-1.4936471811737284,0.8097122592006165,1,0,3.4,1,1.72,2,0,1,0,0,0,1,1,0,0,0,0,0,0,0,1,0,1,0
950,16,0,1,2,0.8790198132181525,0.47,0.73,1,0.2740144265512191,0,0.7247932446911229,1.369937530787759,0,0,4.29,0,2.39,2,0,0,0,0,0,1,0,1,0,1,0,0,0,0,0,0,0,0
951,8,7,3,1,1.6760757115571148,0.84,0.94,1,-0.3620263649878679,0,-1.2471538005220781,-0.31073828397366837,0,0,3.77,1,4.34,2,0,0,0,0,1,1,1,0,0,0,0,0,1,0,1,0,0,1
952,5,2,8,0,-1.5121478817987346,0.84,0.41,0,0.7437249730644462,2,0.2934298285507352,-0.19869322965623987,2,0,4.17,1,4.95,1,0,1,0,0,1,0,1,1,0,0,0,0,1,0,0,0,0,0
953,17,8,8,1,0.3476492143255109,0.95,0.8,2,0.36382264979884804,2,-0.44605031340421525,-0.6468734469259538,0,2,2.58,0,2.48,2,0,0,1,0,0,1,1,0,0,0,0,0,0,0,0,1,1,0
954,16,1,1,0,1.410390412110794,0.09,0.42,0,0.30369175700732,1,0.5399232092023853,-1.5432338814653819,2,1,4.69,0,1.43,0,0,0,0,0,1,0,1,0,0,0,0,0,0,0,0,1,1,0
955,2,5,4,2,1.0118624629413129,0.37,0.76,0,0.1085867767338781,2,-1.678517216662466,0.2494869876134741,1,1,4.77,1,4.78,2,0,1,0,0,0,0,0,0,0,0,1,0,0,0,1,0,0,1
956,4,0,6,2,-1.5121478817987346,0.34,0.51,2,-1.344031899952243,2,-1.000660419870428,-0.9830086098782393,1,1,4.8,1,1.13,0,0,0,0,0,1,0,0,0,1,1,0,0,1,1,0,0,0,0
957,6,7,2,3,1.2775477623876337,0.29,0.36,0,-1.234529049254732,2,0.2934298285507352,0.921757313518045,0,0,4.4,0,4.13,1,0,1,0,0,0,0,0,0,0,1,0,1,1,0,0,0,0,0
958,0,2,1,3,0.21480656460235048,0.56,0.42,1,1.0122470475988141,1,0.10855979306199759,-0.7589185012433823,2,1,2.91,0,1.23,0,0,0,0,0,1,0,0,0,0,0,1,0,0,0,0,0,1,0
959,11,2,7,2,1.410390412110794,0.6,0.42,2,0.10497639589980255,1,-0.9390370747075155,-1.2070987185130964,0,1,3.87,1,1.04,0,0,0,0,1,0,1,0,1,0,0,0,0,0,0,1,0,1,0
960,8,0,3,3,0.21480656460235048,0.23,0.21,1,-1.640624685471548,1,1.1561566608315106,0.8097122592006165,2,0,4.7,0,2.46,0,1,0,1,0,0,0,0,0,0,0,1,0,0,0,0,0,0,1
961,13,7,5,0,-1.5121478817987346,0.73,0.45,2,-1.4764245651377927,1,-0.8157903843816905,0.921757313518045,0,0,4.31,0,1.68,0,1,1,0,0,1,1,0,0,0,0,0,0,1,0,1,0,0,0
962,6,4,7,0,-0.9807772829060931,0.54,0.56,0,1.007318877760301,1,-0.5692970037300403,-1.5432338814653819,1,1,3.32,0,4.67,2,0,0,0,1,1,0,0,0,0,0,0,1,0,0,0,0,1,0
963,13,7,9,3,-0.18372138456713072,0.42,0.69,0,1.0981560595456414,0,-0.8157903843816905,0.2494869876134741,1,1,4.37,0,3.52,2,1,0,1,0,1,1,0,1,0,0,0,0,0,0,1,0,0,0
964,11,1,0,2,1.2775477623876337,0.59,0.83,1,1.0234392281844482,0,1.1561566608315106,0.921757313518045,2,1,3.46,1,2.81,0,0,0,0,0,1,1,0,0,0,0,1,0,0,0,0,0,0,0
965,14,8,2,2,1.2775477623876337,0.93,0.29,0,0.42225666359836056,2,1.4642733866460733,1.594027639422616,0,0,2.15,1,2.82,0,0,0,1,0,1,0,0,0,0,0,0,1,0,0,0,0,1,0
966,19,5,8,2,1.410390412110794,0.14,0.97,2,1.176374960315888,2,-1.3087771456849908,-1.0950536641956679,2,1,4.72,0,3.99,0,0,0,0,0,0,1,1,0,0,1,0,1,1,0,0,0,1,0
967,17,4,0,0,-0.05087873484397031,0.07,0.88,0,-1.0363913490806667,2,0.9712866253427731,1.145847422152902,1,0,4.64,0,4.4,0,0,1,0,0,0,1,0,0,0,1,0,1,0,0,0,0,0,0
968,16,6,6,3,0.4804918640486713,0.31,0.55,0,-1.6569255549373991,0,-0.3844269682413027,-1.6552789357828104,1,2,2.06,1,1.04,2,0,0,0,0,1,0,0,1,0,0,0,0,0,1,0,1,0,0
969,19,3,8,3,0.08196391487919008,0.22,0.74,0,0.6065485532737462,0,-0.877413729544603,-1.0950536641956679,0,0,2.95,1,2.07,2,0,0,0,0,0,1,0,1,1,0,0,1,1,0,0,0,0,1
970,9,6,1,0,1.6760757115571148,0.19,0.53,0,0.1453043498164263,1,-1.6168938714995533,0.5856221505657596,1,0,4.18,1,1.6,2,1,0,0,0,0,1,0,0,0,1,1,1,1,0,0,0,0,0
971,11,3,0,0,0.08196391487919008,0.25,0.32,2,-0.24093419181297443,2,0.9096632801798605,0.921757313518045,2,0,3.23,0,3.66,0,0,0,0,0,0,0,0,0,0,0,1,1,0,0,1,0,0,0
972,6,6,5,1,-0.8479346331829327,0.35,0.4,2,0.6895331567449724,0,-1.3087771456849908,-0.8709635555608108,0,0,4.28,1,1.17,1,0,0,0,0,0,0,0,0,0,0,0,1,0,0,1,0,0,1
973,4,5,3,1,1.2775477623876337,0.82,0.27,1,-0.9264010969705555,0,-1.1239071101962532,1.369937530787759,1,0,3.25,0,4.97,2,1,0,0,0,0,1,0,1,0,0,0,1,0,0,0,0,0,0
974,16,7,8,1,-1.5121478817987346,0.29,0.62,1,0.09844160659012584,1,0.5399232092023853,1.594027639422616,0,2,3.33,0,1.98,2,0,0,1,0,0,0,0,0,0,1,1,0,0,0,0,0,0,0
975,18,1,8,0,-0.4494066840134515,0.72,0.81,0,-1.1826117728607257,1,-1.2471538005220781,0.4735770962483311,2,0,4.79,1,1.72,0,0,0,0,0,0,0,0,0,0,1,0,0,1,1,1,0,0,1
976,2,4,3,3,0.4804918640486713,0.31,0.68,0,0.7724636045036875,0,1.7107667672977236,-1.3191437728305249,2,2,4.59,0,1.61,2,0,0,0,0,0,0,0,0,0,1,0,1,1,0,0,1,0,0
977,0,0,0,3,0.08196391487919008,0.23,0.78,2,-1.6503907656277226,0,1.0329099705056857,0.921757313518045,2,0,2.01,1,2.39,0,0,0,1,1,0,1,0,1,1,0,0,0,0,0,0,0,0,0
978,11,8,5,0,-0.5822493337366119,0.41,0.89,2,-1.726371230280842,0,-0.7541670392187779,0.2494869876134741,0,1,4.81,1,4.7,1,0,0,0,1,0,0,0,0,0,1,1,0,0,1,0,0,0,0
979,7,0,2,0,0.6133345137718317,0.53,0.54,2,0.4198738122478707,0,0.7247932446911229,1.4819825851051875,1,0,4.37,1,1.86,2,0,1,0,0,0,0,0,0,0,1,0,0,0,1,0,0,1,0
980,13,1,7,1,-0.7150919834597723,0.92,0.92,1,0.1600888593319656,0,-0.5076736585671278,1.7060726937400446,2,1,4.92,1,1.62,1,1,1,0,0,0,0,0,1,0,0,1,1,0,0,0,0,1,0
981,9,2,7,1,0.4804918640486713,0.66,0.87,1,-0.6854803839126951,2,1.0945333156685981,1.7060726937400446,0,0,2.06,0,2.97,0,0,0,0,0,1,0,1,0,0,0,0,0,0,1,0,0,1,0
982,14,4,3,0,1.5432330618339545,0.06,0.91,2,0.802411713522344,0,-1.1855304553591657,-0.08664817533881138,0,2,4.87,1,2.84,1,0,0,0,0,0,1,0,0,1,0,0,0,0,0,1,0,0,0
983,12,2,9,0,1.2775477623876337,0.54,0.44,1,1.3821847197623638,2,-0.2611802779154776,0.8097122592006165,1,0,3.15,1,3.45,2,0,0,0,0,0,0,1,0,1,0,0,0,0,0,1,0,0,0
984,10,2,5,2,-0.7150919834597723,0.23,0.69,0,1.0624493930966343,2,0.9096632801798605,-0.19869322965623987,0,0,2.03,0,3.95,0,0,1,0,0,1,0,0,0,0,0,1,0,0,0,0,0,0,0
985,10,7,1,3,0.7461771634949921,0.18,0.69,0,0.2573886228103013,2,0.23180648338782264,-1.6552789357828104,0,1,3.66,0,2.23,1,1,1,0,1,0,0,0,0,0,0,0,0,0,0,0,0,0,0
986,14,7,1,3,0.21480656460235048,0.91,0.35,2,1.1338446740904782,2,1.5875200769718985,-0.08664817533881138,0,0,3.03,0,3.93,1,0,0,0,1,1,0,0,0,1,0,0,0,1,1,0,0,1,0
987,13,6,0,1,-0.3165640342902911,0.29,0.45,2,1.118067309845568,1,1.5875200769718985,1.4819825851051875,2,1,3.2,0,1.16,2,0,0,0,0,0,0,0,0,0,0,0,0,1,0,0,1,0,1
988,9,6,1,0,-1.6449905315218951,0.21,0.62,0,-0.548917728863788,0,0.5399232092023853,0.2494869876134741,2,0,4.41,0,2.93,1,0,0,0,1,0,0,0,0,0,1,0,0,0,0,1,1,1,0
989,6,2,7,2,-1.6449905315218951,0.36,0.98,2,-0.6251148163669521,1,-0.877413729544603,-1.5432338814653819,0,2,4.16,0,1.41,1,1,0,1,1,0,0,0,1,0,0,0,0,0,0,0,0,0,0
990,2,9,6,2,0.08196391487919008,0.14,0.41,1,0.9306885445570477,0,-1.4936471811737284,0.1374419332960456,1,0,4.74,1,3.12,0,0,0,0,0,1,0,0,0,1,1,0,0,0,1,0,1,0,0
991,0,0,3,2,-0.4494066840134515,0.43,0.9,1,-1.1630976644525475,1,0.6631698995282104,0.4735770962483311,2,2,3.45,0,4.82,1,1,0,1,0,0,0,0,0,0,0,1,0,0,0,0,1,1,1
992,9,3,4,3,0.3476492143255109,0.76,0.3,2,-0.21320646700727433,2,-0.014686897263827485,1.0338023678354735,2,1,4.82,1,1.5,0,0,0,0,0,0,1,0,0,1,0,0,1,1,1,0,1,0,0
993,15,7,6,2,1.1447051126644732,0.08,0.59,1,0.5287809501077592,2,0.6631698995282104,-0.8709635555608108,0,2,2.98,1,4.39,0,0,0,0,0,0,0,1,0,0,1,0,0,1,1,0,0,0,1
994,9,0,1,0,1.2775477623876337,0.12,0.31,0,-0.1686724194189526,1,-1.678517216662466,0.921757313518045,2,2,2.38,1,4.79,0,1,0,0,0,0,0,0,0,0,0,1,0,0,0,1,1,0,0
995,8,3,5,2,1.2775477623876337,0.75,0.62,0,0.8371977328586617,2,0.4782998640394728,-0.5348283926085253,2,1,3.75,0,1.68,2,0,1,0,0,1,0,1,0,0,1,0,1,0,1,0,0,0,0
996,18,4,7,1,-1.5121478817987346,0.93,0.46,1,-0.0019811363096851674,1,0.35505317371364775,1.369937530787759,0,1,3.09,1,2.03,2,0,0,1,0,0,0,0,0,0,0,1,0,0,0,0,0,1,1
997,16,9,6,2,-1.2464625823524138,0.62,0.48,1,-1.0766470953806089,1,-0.32280362307839017,0.3615320419309026,1,0,4.42,0,1.8,2,1,0,0,1,0,1,1,0,0,0,0,0,0,0,0,0,0,1
998,3,6,2,3,-1.3793052320755743,0.51,0.22,2,-0.8206891461488238,0,-0.9390370747075155,-0.8709635555608108,0,0,4.76,1,2.71,0,1,0,0,0,0,0,1,0,0,0,1,0,0,0,0,0,1,0
999,16,6,0,0,-0.3165640342902911,0.48,0.58,0,-1.6989503878460384,1,-0.44605031340421525,-1.0950536641956679,2,2,4.07,0,2.31,1,1,0,0,0,0,1,0,1,0,1,0,1,0,0,0,0,0,1
1000,14,3,1,2,0.08196391487919008,0.78,0.6,0,-1.2641341720941515,2,-0.9390370747075155,-0.6468734469259538,1,2,3.49,0,2.77,2,1,0,0,0,0,0,1,0,0,0,1,0,0,0,0,0,0,1
1001,18,3,3,3,1.0118624629413129,0.24,0.51,1,1.0363463396662682,2,-0.3844269682413027,-1.5432338814653819,0,0,3.73,1,3.76,0,0,0,1,0,0,0,0,0,0,0,0,1,1,0,0,0,0,1
1002,11,2,1,1,0.6133345137718317,0.26,0.21,0,-0.6374623188194904,2,0.9096632801798605,0.1374419332960456,1,2,2.51,0,2.56,1,1,0,0,0,0,0,0,0,0,1,1,0,0,0,0,0,0,0
1003,11,3,5,0,0.4804918640486713,0.87,0.49,0,0.575517330004867,1,1.5875200769718985,0.3615320419309026,2,1,2.43,0,3.98,2,0,1,0,1,0,0,0,0,1,1,0,1,0,0,0,0,0,0
1004,4,9,9,2,1.5432330618339545,0.63,0.92,0,0.3936804992966527,0,-0.5076736585671278,1.594027639422616,1,2,4.43,0,4.18,0,0,0,0,0,1,0,0,0,0,0,0,0,1,1,0,0,0,0
1005,2,6,6,2,1.5432330618339545,0.21,0.37,1,-1.6041056833348741,0,-1.2471538005220781,1.0338023678354735,2,0,2.74,0,4.34,0,1,0,0,1,0,1,0,0,0,0,0,0,0,0,1,0,1,1
1006,10,2,1,3,0.21480656460235048,0.61,0.92,0,1.6632528676951441,1,-0.2611802779154776,-0.5348283926085253,2,0,4.58,0,3.34,0,0,0,0,0,0,0,0,1,1,0,1,0,0,0,0,1,0,1
1007,11,0,8,3,-1.6449905315218951,0.47,0.79,0,1.420960209920335,0,-1.2471538005220781,-1.3191437728305249,0,1,4.36,1,1.04,1,0,0,0,0,0,0,0,0,1,0,1,1,0,0,0,1,0,1
1008,7,8,4,1,1.2775477623876337,0.83,0.48,0,-0.5930004788478502,2,1.525896731808986,0.2494869876134741,2,0,4.15,1,2.13,0,1,0,0,0,1,0,0,0,0,0,1,0,1,0,0,0,0,0
1009,14,9,2,3,1.5432330618339545,0.41,0.92,1,1.5545262488769593,1,0.04693644789908505,-1.4311888271479534,2,0,3.05,0,3.27,0,0,1,1,0,0,0,0,0,0,0,0,0,1,1,0,0,0,0
1010,4,5,3,3,1.1447051126644732,0.54,0.97,2,0.291217891225589,1,0.848039935016948,-0.5348283926085253,1,2,2.72,0,3.27,2,0,0,0,0,0,1,1,0,0,0,1,0,0,0,0,1,1,0
1011,17,6,2,3,0.3476492143255109,0.4,0.74,2,-1.5430360915264865,2,-1.6168938714995533,1.369937530787759,2,0,3.78,0,2.64,2,0,0,1,0,1,0,0,1,0,1,0,0,0,0,0,0,0,1
1012,7,4,9,1,0.8790198132181525,0.78,0.4,0,1.5906481091218851,2,-0.44605031340421525,0.5856221505657596,2,2,3.61,0,2.64,2,0,0,0,0,0,1,0,0,0,0,0,1,1,1,0,0,0,0
1013,17,9,2,1,-0.5822493337366119,0.22,0.64,2,-1.7387909403500619,2,-0.07631024242674002,-0.9830086098782393,1,1,4.8,1,2.05,2,0,0,1,0,0,0,0,0,1,0,0,0,0,0,0,0,1,0
1014,7,3,9,3,0.3476492143255109,0.76,0.93,1,0.9780747930042891,2,1.0329099705056857,1.0338023678354735,0,0,3.88,1,3.28,0,0,1,1,0,0,1,1,0,0,0,0,0,1,0,0,0,0,0
1015,8,5,6,3,-1.1136199326292535,0.73,0.48,1,1.6006669159364448,1,0.10855979306199759,-0.7589185012433823,2,1,3.93,0,4.22,1,0,1,0,1,0,1,0,1,0,0,0,0,0,0,1,0,0,0
1016,2,7,2,1,0.4804918640486713,0.75,0.8,1,-1.5783997717962563,1,0.4782998640394728,0.025396878978617116,1,0,4.24,1,3.93,0,0,0,1,1,0,0,0,0,0,0,0,0,0,0,0,0,0,1
1017,6,3,1,2,-0.8479346331829327,0.13,0.77,0,1.1186088669706793,0,1.7107667672977236,-0.19869322965623987,2,1,3.63,0,1.53,2,1,1,0,0,1,0,0,0,0,0,0,0,1,0,1,1,0,0
1018,4,3,9,2,0.21480656460235048,0.81,0.88,1,-0.64365412194993,1,-1.678517216662466,-0.7589185012433823,1,1,2.06,0,3.76,1,0,0,0,1,0,0,0,0,0,0,1,1,0,0,0,0,1,0
1019,4,8,4,3,1.2775477623876337,0.95,0.39,0,0.8620913087096126,2,-1.3087771456849908,1.7060726937400446,0,1,2.43,0,3.18,2,1,0,1,0,1,1,0,0,0,0,0,0,0,1,0,0,0,0
1020,7,0,8,0,-0.18372138456713072,0.72,0.98,2,0.9732910383991391,2,1.5875200769718985,-0.6468734469259538,2,1,2.87,0,4.33,1,1,0,0,0,1,0,0,0,0,1,0,0,0,0,0,0,0,0
1021,2,7,0,3,-1.2464625823524138,0.53,0.69,0,-1.5768473080376038,2,-0.877413729544603,-1.5432338814653819,1,1,2.45,0,2.79,1,0,0,1,0,0,1,0,0,0,0,0,0,0,0,1,0,1,0
1022,15,1,8,1,0.7461771634949921,0.59,0.82,1,-0.6256744253962339,1,-0.07631024242674002,1.7060726937400446,0,0,2.09,0,2.86,1,0,0,0,0,1,0,0,0,0,1,0,0,0,0,0,1,1,0
1023,6,8,7,0,0.8790198132181525,0.17,0.95,1,0.9200559730006953,1,-0.9390370747075155,1.0338023678354735,2,0,3.35,1,1.37,0,1,0,1,0,0,0,1,0,0,0,0,0,0,0,0,1,1,0
1024,6,7,5,2,1.410390412110794,0.4,0.31,1,-1.1769434749512273,1,0.23180648338782264,-1.3191437728305249,0,1,3.64,1,2.9,0,1,1,0,0,0,0,0,1,0,1,1,0,0,0,0,0,1,0
1025,17,2,5,0,-1.3793052320755743,0.79,0.8,0,-0.3574050775202512,2,-1.678517216662466,-1.2070987185130964,1,1,2.64,0,4.02,0,0,0,0,1,0,0,1,0,0,0,0,1,1,1,0,1,0,0
1026,15,3,9,0,1.1447051126644732,0.77,0.57,2,-0.8913804028800228,2,0.848039935016948,0.5856221505657596,1,2,2.28,1,2.88,0,0,1,0,1,0,0,0,0,0,0,0,0,1,0,0,0,0,0
1027,15,8,8,1,-1.2464625823524138,0.37,0.63,0,-1.2148163699006795,0,-1.2471538005220781,-0.5348283926085253,0,0,4.77,1,1.68,2,1,0,0,0,1,1,0,0,1,0,0,0,1,0,0,1,0,0
1028,7,2,2,3,-0.05087873484397031,0.76,0.92,2,0.6863379697068156,1,0.2934298285507352,0.1374419332960456,1,2,3.37,1,3.04,0,1,0,0,1,0,0,1,0,0,0,0,0,1,1,1,0,0,0
1029,4,1,3,1,-1.5121478817987346,0.31,0.87,1,-1.12641619517834,0,1.2177800059944233,0.921757313518045,0,1,3.18,1,4.33,2,0,0,1,0,0,0,1,0,0,1,0,1,1,0,0,1,0,0
1030,13,4,2,3,-0.3165640342902911,0.45,0.95,1,0.6412623649933825,2,-1.000660419870428,-1.2070987185130964,0,1,2.5,1,1.8,1,0,0,0,1,1,0,0,0,0,1,0,0,0,0,1,0,0,0
1031,0,8,9,3,-0.7150919834597723,0.84,0.8,1,-1.7352166633243271,0,1.0945333156685981,-0.31073828397366837,1,1,3.78,1,1.01,1,0,1,0,0,1,1,0,1,1,0,0,0,0,0,0,1,0,0
1032,4,1,4,0,-0.7150919834597723,0.42,0.2,2,0.9984192890043048,0,0.23180648338782264,-0.9830086098782393,1,0,4.5,0,3.96,1,0,0,1,1,0,0,0,0,0,1,0,0,0,0,0,0,0,0
1033,5,1,7,2,-0.05087873484397031,0.32,0.98,2,-1.3555851186212846,1,-1.4936471811737284,-1.6552789357828104,0,0,3.55,1,2.0,0,0,0,0,0,0,0,0,0,0,0,1,0,0,0,0,1,0,1
1034,11,4,4,2,1.2775477623876337,0.89,0.61,1,-1.3415768409850717,2,0.2934298285507352,-1.2070987185130964,0,2,2.45,1,1.76,2,0,1,0,0,0,0,1,0,0,0,0,1,0,0,0,0,0,0
1035,7,8,7,2,-0.05087873484397031,0.34,0.39,0,0.2092261424837336,0,0.6631698995282104,-0.7589185012433823,1,0,4.67,0,4.45,2,0,0,0,0,0,0,0,0,1,0,0,1,0,1,0,0,0,0
1036,17,6,1,0,-1.1136199326292535,0.29,0.71,0,-1.6687134483606558,1,0.2934298285507352,-0.08664817533881138,0,2,4.9,1,4.84,2,0,0,1,1,1,0,0,0,0,0,0,1,0,0,0,1,1,0
1037,11,2,7,0,1.6760757115571148,0.85,0.59,1,1.5150828382646842,0,-0.9390370747075155,-0.19869322965623987,1,1,4.85,1,2.38,2,0,0,0,1,0,0,0,1,1,0,0,0,0,0,0,0,1,0
1038,17,6,5,1,0.6133345137718317,0.19,0.27,2,0.9055241901435412,0,-0.07631024242674002,1.7060726937400446,2,0,2.53,0,2.38,0,0,0,0,0,0,0,0,0,0,0,0,1,1,0,0,1,0,0
1039,7,1,9,1,-1.3793052320755743,0.59,0.37,2,-0.492902670223106,0,-0.7541670392187779,0.1374419332960456,2,2,2.26,1,3.89,1,0,0,1,0,0,0,1,0,0,0,0,0,0,0,0,1,1,1
1040,19,6,5,1,0.3476492143255109,0.37,0.3,0,1.3543667354358118,2,-0.014686897263827485,1.0338023678354735,1,1,4.87,0,2.25,1,0,0,0,0,1,0,0,0,0,0,0,0,0,1,1,0,1,0
1041,16,1,9,1,0.8790198132181525,0.93,0.53,2,-0.7093450012259344,2,-0.7541670392187779,-1.6552789357828104,1,2,4.16,1,4.86,2,0,0,0,0,1,1,0,0,0,0,0,0,1,0,0,0,0,0
1042,13,2,5,1,1.410390412110794,0.12,0.99,0,0.7860025326314707,1,1.525896731808986,-0.08664817533881138,0,1,3.18,1,3.04,2,0,0,0,1,1,1,1,1,0,0,0,0,0,1,0,0,0,0
1043,1,1,6,3,0.4804918640486713,0.94,0.96,1,1.1960154320532588,0,-0.5692970037300403,0.025396878978617116,1,1,3.99,1,3.56,2,1,0,0,0,1,0,0,0,1,0,0,1,0,0,1,0,0,1
1044,12,7,8,0,-0.7150919834597723,0.78,0.44,1,0.9320785411781668,2,1.4642733866460733,-0.9830086098782393,1,1,2.92,0,4.51,2,0,0,1,0,0,0,0,0,0,0,0,0,0,0,1,0,1,0
1045,18,5,8,2,-0.5822493337366119,0.76,0.54,0,-0.5483761717386766,1,-1.6168938714995533,-0.31073828397366837,0,0,2.83,0,3.57,0,0,0,1,0,1,1,0,0,0,0,0,1,0,0,0,0,0,0
1046,1,0,9,3,-0.7150919834597723,0.54,0.26,1,-1.0501107962501537,1,-0.3844269682413027,0.6976672048831881,0,2,3.5,1,3.9,1,1,0,1,0,0,0,0,0,0,0,0,0,0,1,0,0,0,0
1047,3,8,8,1,-0.9807772829060931,0.83,0.21,1,-1.2792075120764168,2,-0.9390370747075155,0.6976672048831881,0,2,2.25,1,1.99,0,0,0,0,0,1,0,0,0,0,0,0,0,0,1,1,1,0,1
1048,6,0,7,0,-1.2464625823524138,0.6,0.95,0,0.2613239379194436,0,0.848039935016948,1.369937530787759,0,2,2.16,1,1.81,0,0,0,0,0,0,0,0,0,0,0,0,0,1,0,0,0,1,1
1049,2,7,7,1,-0.7150919834597723,0.13,0.42,2,-1.6820899093509056,0,0.23180648338782264,0.921757313518045,2,0,4.47,0,1.18,1,1,1,1,0,0,0,0,0,0,0,0,0,0,0,0,0,1,0
1050,14,7,1,2,1.0118624629413129,0.67,0.69,1,-1.503574629010041,0,-0.3844269682413027,1.369937530787759,1,1,3.89,1,1.82,2,0,0,0,0,1,0,0,0,1,0,0,0,0,0,0,0,0,1
1051,14,9,6,1,0.3476492143255109,0.07,0.93,2,0.8965162899625229,2,0.6631698995282104,1.0338023678354735,2,0,2.68,1,4.78,0,0,0,0,0,0,1,1,0,1,0,1,0,0,0,0,0,1,0
1052,18,3,0,2,0.3476492143255109,0.93,0.32,1,-0.7848741682747945,1,0.41667651887656026,-0.9830086098782393,1,2,4.51,1,2.79,2,0,0,1,0,0,0,1,1,0,0,0,0,1,0,0,1,0,1
1053,5,5,5,3,0.4804918640486713,0.54,0.73,2,1.645182911620596,1,-1.0622837650333405,0.5856221505657596,1,0,4.6,1,4.19,0,0,0,0,0,0,1,0,0,0,0,0,0,1,0,0,1,0,0
1054,18,1,6,2,0.21480656460235048,0.16,0.66,1,0.07472140451024957,2,0.9096632801798605,0.025396878978617116,2,2,4.4,0,1.27,1,0,0,0,0,0,1,0,1,0,0,0,0,0,0,1,0,0,1
1055,7,7,8,3,-1.3793052320755743,0.13,0.24,2,-1.198298877584784,2,-1.678517216662466,-0.9830086098782393,2,2,2.14,0,4.57,0,0,0,0,0,1,0,1,0,1,0,0,0,0,0,0,0,0,0
1056,4,0,9,1,-0.4494066840134515,0.31,0.88,2,0.6375617246384551,0,-0.014686897263827485,0.4735770962483311,2,1,2.95,1,1.19,0,0,0,1,0,0,0,1,0,0,0,0,1,1,1,0,0,0,0
1057,16,1,2,0,1.1447051126644732,0.74,0.76,0,0.09215954393883441,2,-0.8157903843816905,-0.6468734469259538,0,1,2.28,0,1.07,0,1,0,0,0,0,1,0,0,1,0,0,1,0,0,0,0,0,1
1058,7,4,5,3,-0.7150919834597723,0.49,0.85,0,1.0247389652847154,2,-0.44605031340421525,0.921757313518045,2,1,3.64,1,4.62,2,1,0,0,1,0,0,0,0,0,0,0,1,0,0,1,0,0,1
1059,11,5,3,0,-0.05087873484397031,0.74,0.59,0,-1.2786298511429646,1,1.2794033511573357,0.6976672048831881,0,2,2.48,0,1.08,2,0,0,1,0,1,1,1,0,0,0,0,0,1,0,0,0,0,0
1060,4,9,1,1,0.21480656460235048,0.47,0.31,2,-0.049963097594549026,1,1.525896731808986,0.1374419332960456,1,1,3.08,0,4.02,2,0,0,0,1,0,0,0,0,1,0,0,0,0,1,1,0,0,1
1061,14,8,8,3,-0.4494066840134515,0.49,0.44,2,-0.6643596560333531,2,0.2934298285507352,1.369937530787759,1,0,3.38,1,2.53,0,1,0,0,0,0,0,0,1,0,0,0,0,0,1,0,0,1,0
1062,13,6,6,2,-1.5121478817987346,0.53,0.98,1,0.38902310802069523,2,-0.014686897263827485,-0.7589185012433823,2,1,3.34,0,3.73,0,0,0,0,1,0,0,0,0,0,1,1,0,0,0,0,0,0,1
1063,17,5,4,0,-0.8479346331829327,0.92,0.52,0,0.23144803651746854,2,1.1561566608315106,0.1374419332960456,1,0,2.16,1,4.19,1,0,0,1,1,0,0,0,0,1,0,1,1,0,1,0,0,0,0
1064,9,8,6,0,0.3476492143255109,0.38,0.39,2,-1.7160635929995565,0,-0.07631024242674002,0.921757313518045,2,2,3.79,0,2.72,2,0,0,0,0,0,1,1,1,1,0,0,0,0,0,0,0,1,1
1065,14,3,7,3,1.2775477623876337,0.42,0.25,1,0.4970095987678945,2,-0.6925436940558654,-1.0950536641956679,1,1,3.76,1,1.96,1,0,0,0,0,0,0,0,0,0,1,1,0,0,1,0,0,0,0
1066,2,2,9,0,-0.9807772829060931,0.41,0.86,0,0.4106673411209781,1,0.17018313822491013,-1.3191437728305249,2,1,4.51,0,3.6,2,1,0,1,0,1,1,0,0,0,0,0,0,0,0,1,0,0,0
1067,9,4,3,2,0.6133345137718317,0.75,0.32,1,0.825933344656346,0,0.4782998640394728,-0.8709635555608108,2,2,2.53,1,4.34,1,1,0,1,0,0,0,0,0,0,1,0,1,0,1,0,1,0,0
1068,10,6,9,1,-0.5822493337366119,0.08,0.34,2,0.21081471005072686,0,-0.13793358758965255,-0.7589185012433823,1,1,2.18,1,4.47,2,0,0,0,0,0,1,0,1,0,0,0,0,0,1,0,0,0,0
1069,6,8,3,0,-0.8479346331829327,0.85,0.23,2,-0.12412031992646051,2,1.5875200769718985,-0.08664817533881138,2,2,4.75,0,3.31,0,0,0,1,0,0,0,1,1,0,0,0,1,0,1,0,1,0,0
1070,0,1,5,2,-1.5121478817987346,0.05,0.38,2,0.9188103916129392,2,0.7247932446911229,0.921757313518045,0,0,2.98,1,3.95,0,0,1,1,1,0,1,0,1,0,0,0,0,0,1,0,0,0,0
1071,3,1,2,2,1.0118624629413129,0.54,0.27,2,0.9650413181932764,2,1.3410266963202482,0.3615320419309026,1,1,2.38,0,3.87,2,1,1,0,0,0,1,0,0,0,0,0,1,0,0,0,0,0,0
1072,10,9,3,2,-1.6449905315218951,0.63,0.48,1,-0.7725447177264265,0,-1.678517216662466,0.1374419332960456,0,2,2.9,1,2.67,2,0,1,0,1,0,1,0,0,0,0,1,1,0,0,1,0,0,0
1073,10,2,4,1,-0.9807772829060931,0.06,0.76,2,-1.2558302961757777,1,-0.2611802779154776,1.0338023678354735,1,1,3.86,0,2.04,1,0,0,0,1,0,1,0,1,0,0,0,0,0,0,1,1,0,0
1074,13,8,8,0,-0.18372138456713072,0.36,0.35,2,-0.7683747278630694,1,-1.1239071101962532,1.145847422152902,1,0,4.42,0,4.41,0,0,0,0,0,0,1,1,1,0,0,0,0,0,0,0,0,0,0
1075,8,1,4,2,1.2775477623876337,0.35,0.77,2,-1.586559232481267,0,-0.9390370747075155,1.0338023678354735,2,1,4.63,0,4.4,2,0,0,0,0,0,0,1,0,0,0,1,0,1,0,0,0,0,0
1076,8,4,8,2,1.5432330618339545,0.53,0.47,1,0.8030796339766479,1,-1.0622837650333405,1.4819825851051875,0,1,3.33,0,4.01,2,0,0,0,0,1,0,0,0,0,0,0,0,0,0,1,1,0,1
1077,12,9,3,2,-0.5822493337366119,0.92,0.52,2,-1.3884576361155425,1,-1.678517216662466,-0.31073828397366837,2,0,4.32,0,3.56,1,1,0,1,0,1,0,0,0,0,0,0,1,0,0,0,0,1,0
1078,8,4,7,2,-0.7150919834597723,0.17,0.51,0,-1.3848653071856372,2,-1.1855304553591657,1.7060726937400446,1,2,3.42,1,3.67,1,0,1,1,0,0,0,0,0,0,0,1,0,1,0,0,0,0,0
1079,1,0,9,1,0.7461771634949921,0.07,0.69,0,-1.1745064678882262,1,0.9096632801798605,0.921757313518045,0,2,2.95,1,2.08,0,0,1,1,1,0,0,0,0,1,0,0,1,0,0,0,0,0,1
1080,11,4,3,0,1.410390412110794,0.26,0.46,2,-1.6975784431290897,1,0.6015465543652979,0.5856221505657596,2,2,2.71,1,3.07,2,1,0,1,0,0,0,0,0,1,0,0,1,0,0,0,0,0,0
1081,17,4,6,0,1.2775477623876337,0.39,0.79,1,-1.1232751638526943,0,1.4642733866460733,0.6976672048831881,1,0,4.8,1,3.36,1,0,1,0,1,1,0,1,0,0,0,0,1,1,0,0,0,0,0
1082,10,0,2,0,1.5432330618339545,0.09,0.59,2,0.06408883295389713,0,0.6015465543652979,0.2494869876134741,1,2,2.29,1,1.66,2,1,0,0,0,0,0,0,1,0,0,0,0,1,0,0,0,0,0
1083,14,6,2,0,1.5432330618339545,0.35,0.6,1,-0.0444031111100727,0,-0.014686897263827485,0.8097122592006165,1,1,3.21,1,1.07,1,0,1,0,1,0,0,0,1,0,0,0,0,0,0,1,0,1,0
1084,11,5,1,3,-0.9807772829060931,0.75,0.49,0,-0.7190749775737679,1,-1.000660419870428,-1.0950536641956679,1,1,4.26,1,2.41,1,1,0,0,0,1,0,0,0,0,0,1,0,1,0,0,0,0,1
1085,6,4,8,0,-0.7150919834597723,0.22,0.8,1,-0.8914526104967043,1,-0.5692970037300403,0.3615320419309026,0,1,3.78,1,3.42,1,0,1,0,1,0,1,0,0,0,0,0,1,1,1,0,0,0,0
1086,0,3,5,3,-0.8479346331829327,0.41,0.41,2,-0.12289279044287484,1,0.17018313822491013,1.2578924764703305,1,0,2.12,1,3.46,0,0,1,0,0,0,1,0,0,0,0,0,1,0,1,0,1,0,1
1087,17,2,3,3,-1.3793052320755743,0.74,0.63,2,-0.903962580086776,0,-0.8157903843816905,-0.31073828397366837,2,0,2.14,1,4.73,0,0,0,0,0,0,0,1,0,1,1,0,0,0,0,0,0,0,0
1088,0,9,0,0,-0.05087873484397031,0.15,0.74,1,0.23341569407203971,1,1.0945333156685981,0.1374419332960456,0,2,2.03,0,1.91,0,1,1,0,0,1,0,0,0,0,0,1,0,0,1,0,0,1,0
1089,3,0,2,3,-1.2464625823524138,0.79,0.72,2,-0.6896142699677116,0,1.4026500414831609,0.4735770962483311,1,2,4.14,0,2.2,0,0,0,0,1,0,0,1,0,0,0,0,1,0,0,1,0,0,0
1090,1,2,7,3,1.1447051126644732,0.86,0.43,1,-0.814100201126636,0,-0.2611802779154776,0.025396878978617116,1,1,3.27,1,4.16,1,0,0,0,1,0,0,0,0,1,0,0,0,0,0,0,0,0,1
1091,3,6,6,3,-1.6449905315218951,0.78,0.57,2,-0.13477094338698334,2,0.7247932446911229,0.4735770962483311,0,1,2.52,1,1.16,0,0,1,0,1,0,1,0,0,0,0,0,0,0,1,0,0,1,0
1092,13,0,3,2,0.08196391487919008,0.74,0.26,1,0.6035880409898043,1,0.2934298285507352,1.2578924764703305,1,0,2.77,1,1.66,2,1,1,0,0,1,0,1,0,0,1,0,0,0,0,0,0,0,0
1093,13,0,6,3,1.410390412110794,0.56,0.42,0,0.4682529154244829,2,-1.4320238360108157,0.5856221505657596,2,1,3.79,1,3.0,2,0,0,0,1,1,0,1,0,0,0,0,0,0,1,0,0,0,1
1094,18,8,9,0,0.3476492143255109,0.7,0.39,0,1.0472677416893468,1,-0.6925436940558654,0.6976672048831881,1,1,2.91,0,3.95,2,1,0,0,1,0,1,0,0,0,0,0,0,0,1,0,0,1,0
1095,4,6,7,2,0.08196391487919008,0.24,0.24,1,0.030837225472061445,2,1.649143422134811,-0.08664817533881138,2,0,4.63,1,2.62,0,0,1,0,1,1,0,0,1,0,0,0,0,0,0,0,0,0,0
1096,17,9,7,0,0.7461771634949921,0.72,0.65,2,-1.4615497961014017,1,1.3410266963202482,0.1374419332960456,1,2,2.12,0,3.6,1,0,0,0,1,0,0,0,0,1,0,0,1,1,0,1,0,0,0
1097,8,0,7,2,0.08196391487919008,0.84,0.23,0,-1.5718288786782388,0,-0.7541670392187779,-0.9830086098782393,2,2,3.45,0,3.66,0,0,0,0,0,0,1,1,0,0,0,0,0,1,1,0,1,0,1
1098,10,7,1,1,1.5432330618339545,0.43,0.9,0,0.5049885404112014,2,0.2934298285507352,0.5856221505657596,0,2,2.99,0,3.71,0,1,1,1,0,1,0,0,0,1,0,0,1,0,0,0,0,0,0
1099,18,6,7,3,-1.6449905315218951,0.78,0.75,0,1.5376657703818266,2,1.4642733866460733,0.5856221505657596,1,1,4.53,0,3.28,0,1,0,1,0,1,0,0,0,0,0,1,0,0,1,1,0,0,0
1100,4,6,0,3,-1.6449905315218951,0.63,0.64,1,1.5687150455548762,2,-0.877413729544603,-1.0950536641956679,2,1,3.21,1,3.31,1,0,1,0,1,0,0,0,0,0,0,0,0,0,0,0,0,1,0
1101,4,3,6,0,0.3476492143255109,0.74,0.6,2,1.1690819910310553,0,-1.1239071101962532,-0.19869322965623987,0,2,4.9,1,4.09,0,1,0,0,0,0,1,0,0,0,0,0,0,0,1,0,0,0,0
1102,16,2,9,0,1.2775477623876337,0.6,0.34,0,1.034703616386764,0,0.41667651887656026,0.6976672048831881,0,1,4.92,1,3.7,0,0,1,0,1,1,0,0,0,0,0,0,1,0,1,0,1,0,0
1103,1,8,0,0,-1.3793052320755743,0.75,0.68,0,0.23606932398508523,2,1.525896731808986,0.2494869876134741,1,1,2.01,0,4.98,1,0,0,1,0,1,1,0,0,0,0,0,0,1,0,0,1,0,0
1104,17,4,7,1,0.08196391487919008,0.76,0.84,1,1.5555371555105006,0,1.7107667672977236,1.594027639422616,2,2,3.9,0,3.65,1,0,0,0,1,0,0,1,0,0,1,1,0,0,0,0,0,0,0
1105,10,2,6,1,-0.3165640342902911,0.14,0.71,2,-0.5492426631388547,1,0.04693644789908505,1.0338023678354735,2,1,3.43,1,2.65,2,0,0,0,0,0,0,0,1,0,0,1,0,0,0,0,0,1,0
1106,14,4,7,0,-0.05087873484397031,0.08,0.7,2,-1.5957657036081596,0,-1.0622837650333405,0.4735770962483311,1,0,2.52,0,4.33,1,0,1,0,0,0,0,0,0,0,0,0,0,0,1,0,0,1,0
1107,10,2,7,2,-1.3793052320755743,0.51,0.66,2,-0.14092664270908212,2,0.41667651887656026,-1.6552789357828104,1,0,4.06,0,4.43,0,0,1,0,1,0,0,0,0,0,1,0,1,0,0,0,1,0,0
1108,18,4,7,1,1.0118624629413129,0.53,0.86,2,-0.6083445973926712,2,-0.9390370747075155,0.6976672048831881,1,2,2.81,0,4.21,2,0,1,0,1,1,0,0,0,0,1,0,0,0,0,0,1,0,1
1109,17,7,8,2,-0.8479346331829327,0.06,0.34,1,-0.3474584783223731,0,-1.6168938714995533,0.3615320419309026,2,1,4.87,0,2.46,0,1,1,0,1,0,0,0,0,0,0,1,0,0,0,0,0,0,0
1110,8,3,0,3,-1.6449905315218951,0.79,0.93,2,-1.4663335507065518,2,-0.7541670392187779,-0.31073828397366837,1,1,4.53,0,1.17,2,0,1,0,1,0,0,0,0,0,1,0,0,0,1,0,0,0,0
1111,19,8,2,3,1.2775477623876337,0.53,0.55,1,-0.006837098531516762,0,0.41667651887656026,-1.2070987185130964,2,2,4.62,0,4.99,0,0,0,0,1,0,0,0,0,1,0,0,1,0,0,1,0,0,0
1112,15,1,7,3,-0.4494066840134515,0.91,0.38,0,-1.5626765632638573,1,-1.1855304553591657,-0.4227833382910969,0,2,3.7,0,4.87,1,0,0,1,1,0,0,0,0,0,0,0,1,0,0,1,0,0,1
1113,7,3,4,0,-1.6449905315218951,0.59,0.51,1,-0.9600498463441395,2,-0.13793358758965255,-1.4311888271479534,1,0,3.75,1,1.76,2,0,0,0,1,1,0,0,0,0,0,0,1,0,0,0,0,1,0
1114,5,6,7,3,0.21480656460235048,0.71,0.88,0,0.14743447450853084,1,-0.2611802779154776,1.594027639422616,1,1,2.9,1,2.02,0,0,0,0,1,1,1,1,0,0,0,0,0,0,1,0,0,0,1
1115,2,3,1,0,-1.1136199326292535,0.14,0.36,1,0.7534549494122798,1,-1.6168938714995533,-1.6552789357828104,2,2,2.89,0,4.72,0,0,0,0,1,0,0,1,1,0,0,0,0,0,0,0,0,0,0
1116,4,0,3,1,-1.6449905315218951,0.83,0.78,2,0.9244967414266082,0,1.4642733866460733,0.3615320419309026,1,2,2.46,0,1.53,1,0,0,0,0,0,0,1,0,0,0,0,0,1,0,0,0,1,0
1117,6,5,4,0,-1.5121478817987346,0.65,0.75,0,-0.33982252285830333,1,-0.8157903843816905,-0.5348283926085253,2,1,3.71,0,4.97,2,0,0,0,0,0,0,0,1,1,0,1,1,1,0,0,0,0,1
1118,0,5,0,0,-1.6449905315218951,0.87,0.65,2,0.8354105943457943,2,0.9096632801798605,-0.4227833382910969,2,0,4.81,0,3.46,2,0,0,0,1,1,0,0,0,0,0,0,0,0,0,0,0,0,1
1119,16,8,3,0,1.6760757115571148,0.93,0.32,1,1.3390948245076721,2,-0.6925436940558654,-1.3191437728305249,0,1,2.95,1,3.63,2,0,0,0,0,0,0,0,1,0,0,1,0,0,0,1,0,0,0
1120,4,9,5,1,-0.7150919834597723,0.49,0.36,1,-0.9421965131196359,1,1.2794033511573357,0.3615320419309026,0,1,4.9,1,3.78,1,1,0,1,0,0,0,1,0,0,0,0,0,0,0,0,1,0,1
1121,16,2,3,2,-0.5822493337366119,0.22,0.56,1,-0.8460340196040341,2,0.4782998640394728,0.4735770962483311,2,2,3.48,1,2.78,1,1,0,0,0,0,0,0,1,0,0,0,0,0,1,0,0,0,0
1122,18,4,7,1,1.2775477623876337,0.8,0.53,0,-1.3839085562646072,2,-1.3704004908479033,0.025396878978617116,0,1,4.88,1,4.46,1,0,0,0,0,1,0,1,0,1,0,1,0,0,0,0,1,1,0
1123,5,5,6,1,-0.18372138456713072,0.92,0.23,1,-1.3973572248715387,0,1.2177800059944233,-1.4311888271479534,0,0,4.42,0,4.58,2,0,0,1,1,0,0,0,0,1,0,0,1,0,1,0,0,0,0
1124,12,9,9,1,-0.4494066840134515,0.65,0.93,2,-1.5226735436223005,0,-0.7541670392187779,1.4819825851051875,2,0,2.93,0,1.47,2,0,0,1,1,0,0,0,0,1,0,0,0,1,0,0,0,0,1
1125,2,3,0,3,1.5432330618339545,0.12,0.63,2,1.4779139675778765,0,1.1561566608315106,-1.5432338814653819,2,0,3.12,0,3.74,2,0,0,0,0,1,1,1,0,0,0,0,0,0,0,0,0,0,0
1126,11,4,0,2,1.2775477623876337,0.4,0.32,1,1.557613124490094,0,0.6631698995282104,-0.9830086098782393,2,0,2.71,0,1.53,0,0,1,0,0,1,0,0,0,0,0,0,0,0,0,0,1,0,0
1127,7,9,9,3,-1.5121478817987346,0.07,0.92,0,-1.4917686836826138,1,-1.5552705263366409,0.6976672048831881,0,1,3.8,1,3.16,1,0,1,0,1,0,0,0,0,0,0,0,0,1,0,1,0,0,0
1128,15,4,1,2,0.6133345137718317,0.82,0.31,1,0.10003017415711907,0,-0.3844269682413027,0.2494869876134741,2,2,2.49,0,1.96,1,0,0,1,0,0,0,1,1,0,0,1,1,0,0,0,0,0,0
1129,13,2,9,2,-0.7150919834597723,0.32,0.56,0,1.4910377019097412,2,0.9712866253427731,-1.6552789357828104,1,2,4.86,0,3.84,2,0,0,1,0,0,0,0,0,0,0,0,0,0,0,0,0,1,1
1130,18,3,5,0,0.7461771634949921,0.11,0.51,1,-1.3971044982131533,2,1.4026500414831609,0.025396878978617116,1,2,2.4,0,1.72,2,0,0,0,0,1,0,1,0,0,1,0,0,0,1,0,0,1,1
1131,6,2,5,3,0.6133345137718317,0.4,0.78,1,-0.31920724829573205,1,-0.877413729544603,1.594027639422616,1,0,3.2,0,4.71,0,0,0,0,0,0,0,1,1,1,1,0,1,0,0,0,1,0,0
1132,14,4,0,2,-1.6449905315218951,0.8,0.49,0,-1.132860724967165,0,0.6015465543652979,-1.3191437728305249,2,1,3.76,1,4.95,0,0,1,1,0,0,0,1,0,0,0,0,0,0,1,0,0,1,1
1133,2,9,5,3,1.2775477623876337,0.07,0.41,0,-0.9965146927683024,2,-0.8157903843816905,1.369937530787759,2,0,3.95,1,4.88,0,0,0,0,0,1,0,0,0,1,0,0,1,0,0,0,1,0,0
1134,12,7,5,2,1.6760757115571148,0.17,0.96,1,-0.09390143234524828,0,0.6015465543652979,1.7060726937400446,2,1,2.96,0,3.77,2,0,0,0,0,0,0,0,0,0,1,0,0,0,0,1,0,1,0
1135,5,3,0,2,1.0118624629413129,0.06,0.64,1,1.6548767841600889,0,-0.877413729544603,-0.6468734469259538,1,2,3.19,0,1.63,0,0,0,1,1,0,0,0,1,0,0,0,1,0,0,0,0,0,0
1136,6,0,0,1,1.6760757115571148,0.1,0.75,1,0.05311327521830749,1,-0.5076736585671278,0.2494869876134741,1,1,3.34,0,2.8,1,1,0,1,0,1,0,1,0,0,0,0,0,1,0,0,0,0,0
1137,9,6,5,1,-1.3793052320755743,0.23,0.83,1,-1.4469819094359069,1,0.9712866253427731,-1.6552789357828104,2,2,2.69,1,2.69,0,0,0,0,0,0,0,0,0,0,0,0,1,0,0,1,1,0,1
1138,19,7,1,0,-0.7150919834597723,0.56,0.5,0,-0.896362728431047,2,-0.5076736585671278,-0.08664817533881138,0,2,2.17,0,4.87,1,0,0,0,1,0,0,1,0,1,0,0,0,0,0,1,0,1,0
1139,3,3,1,3,0.08196391487919008,0.58,0.45,0,0.43334053275897244,2,1.649143422134811,0.8097122592006165,1,0,2.64,0,2.55,0,0,0,1,0,0,0,1,0,1,0,1,0,0,1,0,0,0,0
1140,5,8,5,3,-1.5121478817987346,0.61,0.64,2,0.12931036272147164,1,1.2177800059944233,0.8097122592006165,1,2,4.4,1,3.17,0,1,0,0,0,1,0,0,0,0,0,1,0,0,1,0,0,0,0
1141,8,0,2,0,1.2775477623876337,0.07,0.48,0,0.5688561773659977,0,1.0329099705056857,0.025396878978617116,2,0,2.4,0,2.16,0,0,0,1,0,0,1,0,1,0,0,0,0,0,0,0,0,0,0
1142,15,3,4,0,-0.5822493337366119,0.74,0.84,2,0.4331239099089279,2,0.17018313822491013,1.594027639422616,2,0,4.8,1,1.9,1,0,0,1,0,1,0,0,0,0,1,1,0,0,0,0,0,0,0
1143,6,4,0,0,-0.7150919834597723,0.21,0.65,2,-0.5550734281858867,0,-0.6309203488929528,-0.6468734469259538,2,1,4.88,0,3.64,1,0,0,1,0,1,0,0,0,0,1,1,0,0,0,0,0,1,0
1144,11,2,0,1,0.21480656460235048,0.34,0.27,1,-0.47290116040232755,2,0.5399232092023853,0.8097122592006165,0,0,2.21,1,1.5,0,1,0,0,0,0,0,0,0,0,0,1,0,0,0,1,1,0,0
1145,17,2,7,3,0.21480656460235048,0.75,0.54,1,1.2150240871446665,1,-0.877413729544603,1.7060726937400446,2,2,4.66,1,4.82,2,0,0,0,0,0,0,1,0,0,0,1,1,1,1,1,0,0,0
1146,0,5,4,2,-0.9807772829060931,0.55,0.24,0,0.046325759250245485,0,1.4026500414831609,-0.6468734469259538,2,0,2.86,1,3.56,1,1,1,1,0,0,0,0,1,0,0,0,0,0,0,0,1,0,0
1147,9,6,8,3,0.21480656460235048,0.66,0.89,1,0.49489752597996034,1,-0.2611802779154776,0.3615320419309026,2,2,4.49,1,4.37,0,1,0,0,0,1,0,0,1,0,0,0,0,0,0,0,1,1,0
1148,7,4,3,3,-0.5822493337366119,0.78,0.52,1,-0.5029756327501768,0,0.23180648338782264,0.5856221505657596,0,1,2.31,1,4.92,1,0,0,0,0,0,0,0,1,1,0,1,0,0,1,1,0,0,1
1149,11,5,9,2,0.8790198132181525,0.51,0.23,0,1.190437393664612,0,-0.877413729544603,-1.2070987185130964,1,2,2.89,1,1.53,0,0,0,0,1,1,0,0,0,1,1,0,1,1,0,0,0,0,0
1150,4,4,5,2,0.6133345137718317,0.7,0.66,1,0.7808396880387427,1,-0.6925436940558654,-1.6552789357828104,2,0,2.22,0,2.75,1,0,0,1,0,1,0,0,0,0,0,0,1,0,0,0,0,1,1
1151,13,5,0,3,1.410390412110794,0.32,0.85,0,1.269721356780911,0,0.23180648338782264,-1.4311888271479534,0,0,3.58,1,1.82,1,0,0,0,0,1,0,1,0,0,0,0,0,1,1,0,0,0,0
1152,19,3,5,3,-0.4494066840134515,0.09,0.75,1,-0.798467252115089,0,0.5399232092023853,0.4735770962483311,0,2,3.17,0,3.06,1,0,0,0,1,0,0,0,0,0,1,1,0,1,1,0,0,1,0
1153,1,2,2,3,1.6760757115571148,0.27,0.2,2,1.193632580702769,1,1.5875200769718985,0.2494869876134741,2,0,4.64,0,1.33,2,0,1,0,1,0,0,0,0,0,1,1,0,0,1,0,0,0,1
1154,14,1,3,2,0.3476492143255109,0.37,0.45,0,0.3831020834528114,0,-0.13793358758965255,-0.5348283926085253,1,2,4.67,0,1.4,0,0,0,1,0,0,1,0,0,0,0,0,0,0,0,1,1,0,0
1155,14,1,6,0,-0.4494066840134515,0.1,0.61,0,-0.14708234203118092,1,-0.32280362307839017,-1.4311888271479534,1,2,3.06,0,1.43,0,1,1,0,1,0,0,0,0,0,0,0,0,0,0,1,1,0,0
1156,6,2,2,0,0.4804918640486713,0.58,0.57,1,-0.343342644171527,0,-0.014686897263827485,-1.6552789357828104,0,1,4.51,0,4.47,1,0,0,0,1,0,0,0,1,0,0,0,1,1,0,0,0,0,1
1157,16,7,8,0,0.4804918640486713,0.42,0.24,0,1.199842435737379,2,-1.4936471811737284,-1.0950536641956679,2,0,3.0,1,3.16,1,0,1,0,0,0,0,1,0,0,0,0,0,0,0,0,1,0,0
1158,7,4,4,3,0.8790198132181525,0.29,0.66,1,1.0184749545375944,0,0.23180648338782264,-1.2070987185130964,1,2,4.97,0,1.44,2,0,0,1,1,0,0,0,0,0,0,0,1,0,0,0,1,0,0
1159,12,7,6,1,0.7461771634949921,0.47,0.48,1,0.042498755566125423,2,0.7864165898540355,0.5856221505657596,2,0,2.75,1,4.55,1,1,0,0,1,1,1,0,1,0,0,0,0,0,0,0,1,0,0
1160,17,8,2,1,-0.18372138456713072,0.2,0.69,0,-0.46562624302166533,0,1.2794033511573357,-1.2070987185130964,1,0,2.84,1,2.87,2,0,0,0,0,1,0,0,0,0,0,0,0,0,0,1,1,0,0
1161,16,6,0,3,-0.18372138456713072,0.72,0.73,0,0.4850772901112749,2,-1.2471538005220781,0.6976672048831881,1,1,3.54,0,3.95,1,0,0,1,0,0,0,1,0,0,0,0,0,1,0,0,0,1,0
1162,15,6,3,1,0.7461771634949921,0.6,0.82,1,0.7161597153962794,1,-0.7541670392187779,0.5856221505657596,2,1,4.91,0,1.12,1,0,0,0,0,1,0,0,0,0,0,0,0,0,1,1,1,0,0
1163,2,4,7,0,1.2775477623876337,0.43,0.58,2,0.6989201469135687,2,-0.13793358758965255,-1.0950536641956679,0,1,3.97,1,2.49,1,0,0,0,1,0,0,1,0,0,1,0,1,0,0,0,0,0,1
1164,9,5,4,2,0.08196391487919008,0.32,0.32,0,0.06067702306569574,0,0.6015465543652979,1.2578924764703305,2,2,4.78,1,1.53,1,0,1,0,0,1,0,0,1,0,0,0,0,0,0,0,0,0,0
1165,17,2,2,3,1.1447051126644732,0.61,0.95,0,-1.6169225352958423,1,-1.5552705263366409,0.8097122592006165,1,2,4.47,0,1.22,1,1,0,1,0,0,0,1,0,0,1,0,0,0,0,0,0,0,0
1166,12,5,5,0,0.7461771634949921,0.11,0.82,0,0.2463589093622005,1,1.525896731808986,1.4819825851051875,0,0,3.87,1,4.37,1,0,1,0,0,1,0,0,0,1,1,1,0,0,0,0,0,0,0
1167,0,6,4,2,-0.18372138456713072,0.57,0.45,0,1.1067126621224004,0,1.2794033511573357,0.8097122592006165,0,2,2.5,1,3.02,1,0,1,0,0,0,1,0,1,0,0,0,1,0,0,0,0,0,0
1168,8,3,0,1,-0.9807772829060931,0.67,0.51,2,-1.0303078573752493,0,1.4026500414831609,0.6976672048831881,0,1,3.9,0,3.95,1,1,0,0,0,0,0,0,0,0,1,0,1,0,1,1,1,0,0
1169,14,2,9,3,-1.6449905315218951,0.81,0.82,1,-1.2794421868306316,2,1.0945333156685981,1.0338023678354735,0,1,4.62,1,2.82,0,0,0,0,0,1,0,0,1,0,0,0,0,0,0,0,0,0,1
1170,19,6,0,2,0.8790198132181525,0.55,0.91,1,-0.6850110344042653,1,-0.7541670392187779,0.8097122592006165,1,1,3.26,0,2.84,1,1,0,0,0,1,0,0,1,0,0,0,0,0,1,0,0,0,0
1171,8,4,8,0,-1.2464625823524138,0.45,0.83,1,0.34827996030815284,2,-0.3844269682413027,0.5856221505657596,2,0,4.53,0,2.76,0,0,1,0,0,0,1,1,1,1,0,0,0,0,1,0,0,0,0
1172,19,7,3,1,-0.4494066840134515,0.66,0.78,1,0.6999671573554507,0,0.41667651887656026,-0.9830086098782393,2,1,2.93,0,4.55,0,1,1,0,0,1,0,0,0,0,0,0,1,1,0,0,0,0,0
1173,1,4,5,3,1.5432330618339545,0.82,0.36,0,0.7907140796199392,0,-1.4320238360108157,0.921757313518045,2,0,3.92,0,3.47,1,0,0,0,0,1,0,1,0,0,0,1,0,0,0,0,0,0,0
1174,7,6,3,2,0.08196391487919008,0.77,0.7,1,-0.05442191792463231,0,1.4642733866460733,-0.6468734469259538,2,1,4.46,0,3.9,2,0,0,0,0,1,0,1,0,0,0,0,0,1,0,0,0,0,0
1175,14,0,1,2,0.7461771634949921,0.6,0.58,1,0.6149426887129719,2,0.04693644789908505,0.8097122592006165,2,0,4.73,1,3.65,0,0,0,1,0,0,0,0,1,0,0,0,1,0,0,1,1,0,0
1176,11,6,5,2,1.0118624629413129,0.69,0.31,2,-1.3246983105857686,1,-0.8157903843816905,-1.0950536641956679,1,1,3.13,0,1.28,2,0,0,0,0,0,0,0,1,0,0,0,0,0,1,0,0,0,1
1177,16,7,0,3,1.2775477623876337,0.07,0.57,1,-0.7635729213537489,2,-1.000660419870428,0.921757313518045,2,2,4.23,0,3.18,1,0,0,0,0,0,0,1,0,0,1,0,0,0,1,1,0,0,1
1178,6,2,8,1,0.4804918640486713,0.43,0.55,0,-0.1513786952237308,1,-0.13793358758965255,0.3615320419309026,0,1,3.94,0,4.56,0,1,0,1,1,0,0,0,0,0,0,0,0,0,0,0,0,0,0
1179,19,6,2,3,1.6760757115571148,0.68,0.25,1,1.0512030567984891,2,-1.6168938714995533,0.921757313518045,2,0,4.43,1,3.14,2,1,0,0,1,0,0,0,0,0,0,0,0,1,1,0,0,0,0
1180,10,3,0,0,-1.2464625823524138,0.92,0.7,0,-1.6046472404599854,1,-0.07631024242674002,-0.31073828397366837,1,2,2.37,0,4.96,2,0,0,0,0,1,0,0,0,0,1,0,0,0,1,0,1,0,0
1181,17,2,8,0,-0.5822493337366119,0.87,0.42,0,-1.5928051913242176,0,0.41667651887656026,-1.5432338814653819,2,1,4.18,0,3.21,2,0,0,0,0,1,1,0,0,1,0,0,1,0,1,0,1,0,0
1182,16,7,0,1,-0.5822493337366119,0.6,0.46,1,1.263511501746301,1,0.7247932446911229,-1.0950536641956679,2,1,4.33,0,1.25,2,0,1,1,0,0,0,1,0,1,0,0,0,0,0,1,1,0,0
1183,15,0,7,0,-0.05087873484397031,0.39,0.24,2,0.8561702841417287,1,0.5399232092023853,0.3615320419309026,1,0,4.71,0,4.57,1,0,0,0,0,0,0,0,1,1,0,0,1,1,0,1,0,0,1
1184,4,7,4,1,-1.6449905315218951,0.44,0.87,2,-0.5013870651831835,0,-0.44605031340421525,-1.6552789357828104,2,0,4.4,0,1.25,1,0,0,0,0,0,1,1,1,1,0,1,0,0,0,0,0,0,0
1185,5,6,2,1,-0.4494066840134515,0.54,0.58,1,-0.890098717683926,1,-0.8157903843816905,-1.4311888271479534,1,2,2.83,1,2.5,2,0,1,0,1,0,0,0,0,0,1,0,0,1,0,0,0,0,0
1186,14,6,7,2,-0.8479346331829327,0.28,0.82,2,0.42270796120262,1,1.7107667672977236,0.8097122592006165,2,2,2.04,0,2.14,2,0,1,0,0,1,0,0,0,1,0,0,0,0,1,0,0,1,0
1187,0,8,1,3,-0.7150919834597723,0.68,0.84,2,0.6312074543704821,2,-0.877413729544603,0.3615320419309026,2,2,2.28,1,2.0,2,1,0,1,1,0,0,0,0,0,1,0,0,0,0,1,1,0,0
1188,5,9,1,1,0.8790198132181525,0.06,0.83,0,-1.3772835074340786,2,0.7864165898540355,0.1374419332960456,1,2,2.9,0,4.04,0,0,0,0,0,0,1,0,0,0,1,1,0,0,0,1,0,1,1
1189,4,5,3,0,1.2775477623876337,0.64,0.39,0,1.6696432417714577,1,-1.678517216662466,-0.31073828397366837,2,1,2.55,1,1.74,1,0,0,0,0,1,0,0,0,0,1,0,0,1,1,1,1,0,0
1190,16,2,9,3,0.08196391487919008,0.2,0.79,1,-1.2910495612121844,1,-1.3087771456849908,-0.5348283926085253,2,2,2.96,1,1.08,2,0,0,0,0,0,1,0,1,0,1,1,1,0,0,0,1,0,0
1191,8,3,8,0,1.1447051126644732,0.3,0.22,2,-0.2325581082779192,1,-0.2611802779154776,-0.31073828397366837,2,0,2.08,1,4.4,0,0,1,0,0,1,0,1,0,0,0,0,1,0,1,1,0,0,0
1192,13,5,8,3,-1.2464625823524138,0.57,0.35,2,1.2922681850897126,1,-0.7541670392187779,0.921757313518045,0,2,3.01,0,3.72,2,0,0,1,1,0,0,0,0,0,0,0,0,1,1,0,0,0,0
1193,18,9,0,1,-0.9807772829060931,0.41,0.81,1,-0.33462357445723456,0,0.2934298285507352,-0.19869322965623987,1,1,2.8,1,3.92,1,0,0,0,1,0,1,0,0,0,0,0,0,1,1,0,0,0,0
1194,19,3,6,2,-0.9807772829060931,0.48,0.91,0,-0.5970080015736741,2,1.5875200769718985,-0.8709635555608108,1,2,4.5,1,2.34,0,1,1,0,0,0,0,1,0,0,0,1,0,0,0,1,0,0,0
1195,13,5,2,1,0.8790198132181525,0.29,0.8,1,0.1013840669698974,2,-0.5076736585671278,-1.3191437728305249,1,2,4.35,0,1.88,2,0,0,0,0,0,0,0,0,1,0,1,0,1,0,1,0,1,1
1196,11,0,5,0,0.6133345137718317,0.88,0.51,0,1.6610866391946988,0,1.0329099705056857,0.8097122592006165,1,1,4.29,0,3.99,0,0,1,0,0,1,1,0,0,0,0,0,0,1,0,0,0,0,1
1197,4,2,7,3,-0.8479346331829327,0.19,0.28,0,0.5023710143064967,0,0.4782998640394728,1.594027639422616,2,2,2.81,0,2.64,2,1,1,0,0,0,0,0,0,0,0,0,0,1,1,0,0,0,1
1198,12,3,2,1,0.08196391487919008,0.71,0.32,2,0.9315189321488851,2,1.7107667672977236,-0.8709635555608108,0,0,2.25,0,4.59,1,0,0,0,0,0,0,1,0,0,0,0,0,0,1,1,1,1,1
1199,17,1,9,3,1.2775477623876337,0.07,0.84,2,0.49841764729318394,1,-1.3087771456849908,-0.7589185012433823,0,0,3.27,0,4.84,1,0,1,1,0,0,0,0,0,0,0,0,1,0,0,0,1,0,0
1200,17,4,3,3,1.6760757115571148,0.71,0.65,2,-1.1869983855741275,0,1.3410266963202482,-0.6468734469259538,1,2,2.55,0,4.35,1,0,0,0,0,1,0,0,0,0,1,0,0,0,0,0,0,0,1
1201,18,4,7,0,1.410390412110794,0.41,0.92,0,-0.8395172821985277,0,0.7864165898540355,1.4819825851051875,1,1,2.65,0,3.02,1,0,0,0,0,0,0,0,0,1,1,0,0,1,0,0,0,0,1
1202,10,9,1,3,0.21480656460235048,0.68,0.5,0,-0.3621527283170605,1,-0.07631024242674002,0.6976672048831881,0,1,2.66,1,3.4,0,0,0,1,0,0,1,0,0,0,0,0,0,0,0,1,0,0,0
1203,3,1,2,2,1.410390412110794,0.36,0.81,0,-1.6142508534786264,1,1.2794033511573357,1.0338023678354735,2,1,2.68,0,4.89,0,0,0,1,0,0,1,0,0,0,0,0,0,0,0,0,0,0,1
1204,5,7,1,1,-1.3793052320755743,0.77,0.42,1,0.9213196062926218,2,0.6631698995282104,-0.9830086098782393,2,1,4.98,1,1.41,0,1,0,0,1,1,0,0,0,0,0,1,0,0,1,1,0,0,0
1205,17,6,6,3,0.08196391487919008,0.64,0.93,2,-1.5616656566303162,2,0.41667651887656026,-1.5432338814653819,0,1,4.63,1,1.99,0,0,0,0,0,1,0,0,0,0,0,0,1,0,0,1,1,1,0
1206,0,0,5,0,-1.3793052320755743,0.32,0.41,1,-1.0066598629120547,1,1.0329099705056857,0.025396878978617116,0,0,2.29,1,1.82,1,0,0,0,1,0,0,0,0,0,0,1,0,0,1,0,0,0,0
1207,3,0,8,1,0.7461771634949921,0.82,0.9,0,0.6002845425266252,2,1.649143422134811,1.2578924764703305,2,1,2.91,0,3.68,0,0,0,0,0,0,0,1,0,0,1,1,1,0,0,0,0,1,1
1208,16,5,8,3,1.2775477623876337,0.16,0.86,2,0.42927885432063745,0,-0.877413729544603,-0.19869322965623987,1,0,3.11,0,2.18,2,0,0,0,0,0,0,0,1,0,0,0,1,1,0,0,0,1,0
1209,3,1,1,2,-0.9807772829060931,0.88,0.59,2,1.1641538211925422,0,-1.1239071101962532,-1.3191437728305249,1,2,4.63,1,3.84,0,0,0,0,0,0,0,1,0,0,1,0,1,0,0,0,1,0,0
1210,15,4,0,2,-0.18372138456713072,0.65,0.96,1,-0.8665409827415831,1,-0.44605031340421525,-1.0950536641956679,0,2,4.22,1,1.01,1,0,0,0,0,0,0,0,0,0,1,1,0,1,1,0,0,1,0
1211,18,7,6,2,0.08196391487919008,0.47,0.63,1,1.5906120053135444,0,-0.5692970037300403,0.1374419332960456,0,0,2.66,1,1.12,0,1,1,0,0,0,0,0,0,1,0,0,1,1,0,0,0,0,0
1212,16,2,8,3,1.0118624629413129,0.24,0.49,0,0.6445478115523913,1,0.10855979306199759,-1.2070987185130964,1,2,2.4,0,2.62,0,0,1,0,0,0,0,0,0,1,0,1,0,0,1,1,0,0,0
1213,19,4,2,1,-0.05087873484397031,0.09,0.43,0,1.3498537593932174,0,-0.07631024242674002,1.369937530787759,2,2,2.12,0,4.11,0,1,0,0,0,0,0,0,1,0,0,1,0,0,0,0,1,0,1
1214,3,9,8,0,-1.6449905315218951,0.54,0.25,1,-0.4576834051866992,2,-1.0622837650333405,-0.9830086098782393,0,0,2.33,0,4.48,1,0,0,0,0,0,0,0,1,0,0,0,0,0,0,1,1,0,0
1215,16,8,6,2,0.3476492143255109,0.18,0.34,1,-1.010974268008775,1,0.35505317371364775,-0.9830086098782393,1,0,3.77,0,1.13,2,0,0,0,1,1,0,1,0,0,1,0,0,0,0,0,0,0,0
1216,3,4,2,2,1.1447051126644732,0.59,0.29,2,0.020655951519968435,2,-0.9390370747075155,-0.5348283926085253,1,1,2.49,1,4.69,0,0,1,0,1,0,0,0,0,0,0,0,0,0,0,0,0,1,0
1217,6,2,6,1,-1.3793052320755743,0.59,0.57,2,-0.6076044693216858,2,-1.3087771456849908,0.4735770962483311,1,0,4.83,1,2.21,1,0,0,1,1,0,0,1,0,1,0,0,0,1,0,0,1,0,0
1218,1,7,8,1,-0.9807772829060931,0.29,0.57,2,0.1955789029309281,0,0.2934298285507352,0.6976672048831881,0,0,2.67,0,1.89,2,0,1,1,0,1,0,0,1,0,0,1,0,0,0,0,0,0,0
1219,8,3,7,2,-0.7150919834597723,0.75,0.73,0,-1.2839190590648852,2,0.6631698995282104,0.3615320419309026,2,2,4.44,0,4.83,2,1,0,0,1,0,0,1,0,0,1,0,0,1,0,0,1,0,0
1220,18,1,4,1,1.2775477623876337,0.86,0.2,1,0.23870490199396036,2,-1.1239071101962532,0.1374419332960456,0,0,3.29,0,1.27,0,0,0,0,1,0,0,0,0,0,1,0,1,1,0,0,1,0,0
1221,4,1,5,0,0.21480656460235048,0.73,0.49,1,-1.540003371625863,1,-0.8157903843816905,-0.19869322965623987,0,0,2.21,1,1.56,0,1,1,1,0,0,0,1,0,0,0,1,0,0,0,1,0,0,0
1222,13,3,0,2,-0.5822493337366119,0.48,0.51,1,1.1599477275208443,2,1.3410266963202482,1.2578924764703305,1,1,2.97,1,3.13,1,0,0,0,1,0,0,0,1,0,0,0,0,0,1,0,0,0,0
1223,19,4,7,0,-0.4494066840134515,0.24,0.6,2,-1.593581423203544,0,-0.3844269682413027,-0.5348283926085253,2,2,3.8,0,3.14,2,0,0,0,1,1,0,1,0,0,0,0,1,0,0,0,0,0,0
1224,19,2,5,3,-1.5121478817987346,0.56,0.5,2,-0.9772352591143391,1,-0.8157903843816905,0.6976672048831881,2,0,4.38,0,2.44,0,0,0,0,0,0,0,1,0,0,0,0,1,1,0,1,1,0,1
1225,18,1,0,0,1.2775477623876337,0.25,0.42,0,-1.08291110612773,0,-1.3704004908479033,-0.08664817533881138,2,1,3.46,1,3.4,0,0,0,0,0,1,0,0,0,0,0,1,0,0,0,0,0,0,1
1226,3,5,2,0,-0.05087873484397031,0.47,0.93,1,-0.9077715318667258,0,-0.877413729544603,0.025396878978617116,2,2,2.66,1,4.28,0,0,0,0,0,0,0,0,0,0,0,0,1,1,0,1,0,0,0
1227,6,2,8,1,0.08196391487919008,0.09,0.62,2,-0.049060502386030144,0,0.6015465543652979,-1.5432338814653819,2,0,2.72,1,1.85,1,0,0,1,1,0,1,1,0,0,0,0,0,0,0,0,0,0,0
1228,13,3,5,3,-1.2464625823524138,0.11,0.25,1,-1.641996630188497,1,-1.000660419870428,1.2578924764703305,1,2,4.15,0,3.8,0,1,0,0,0,0,0,0,0,0,1,0,1,1,0,0,0,0,0
1229,8,8,3,2,1.410390412110794,0.57,0.69,2,-1.0696429565625023,1,1.2177800059944233,-0.8709635555608108,2,2,3.95,0,2.86,1,0,0,0,0,0,0,1,0,1,1,0,0,1,0,0,1,0,0
1230,1,8,1,2,1.5432330618339545,0.31,0.78,1,-0.5848951738753506,1,0.9712866253427731,0.4735770962483311,0,1,4.76,0,4.9,2,0,0,0,0,0,0,0,0,0,0,1,0,1,0,0,0,0,1
1231,4,2,9,0,0.6133345137718317,0.47,0.91,2,0.2339030954846399,0,0.848039935016948,-0.5348283926085253,1,0,2.16,1,4.19,1,0,0,0,0,0,1,0,1,0,0,1,1,0,0,1,0,1,0
1232,5,9,9,3,1.0118624629413129,0.11,0.29,1,0.519592530885037,0,-0.014686897263827485,-0.9830086098782393,1,1,2.41,1,3.74,0,0,0,0,0,1,0,1,0,0,1,0,0,0,0,0,0,0,0
1233,14,5,0,0,0.3476492143255109,0.62,0.77,2,1.3177394218741154,1,-0.5692970037300403,1.369937530787759,2,0,2.93,1,1.16,1,0,0,0,0,1,0,0,0,0,1,0,1,0,1,1,0,0,0
1234,17,0,1,0,-1.1136199326292535,0.73,0.65,1,1.5532445636808625,2,-0.32280362307839017,0.4735770962483311,0,0,3.51,0,2.52,0,0,1,0,0,0,0,1,0,0,0,1,0,1,0,0,0,0,0
1235,12,1,5,1,-0.3165640342902911,0.64,0.36,2,1.4875717363090286,0,-1.1855304553591657,-1.5432338814653819,2,1,4.34,1,4.26,2,1,0,1,1,0,0,1,0,0,0,0,0,0,0,0,0,0,0
1236,9,4,8,3,-0.9807772829060931,0.44,0.88,1,-0.7019437205160795,2,-0.32280362307839017,-0.8709635555608108,2,2,4.85,0,3.69,2,0,0,0,0,0,0,0,0,0,0,0,1,1,0,1,0,0,1
1237,19,3,3,2,-1.2464625823524138,0.31,0.54,2,-0.9652487947452082,2,-0.07631024242674002,0.5856221505657596,2,2,2.02,0,3.31,1,1,1,0,1,0,0,1,0,0,1,0,0,0,0,1,0,0,0
1238,17,9,0,3,-0.9807772829060931,0.79,0.24,0,0.2509982487339876,1,1.2177800059944233,-0.5348283926085253,0,1,3.84,1,2.03,2,0,0,0,0,0,0,0,0,0,1,1,1,0,0,1,0,1,1
1239,6,2,8,0,-0.4494066840134515,0.44,0.82,1,0.01224376417657244,2,0.4782998640394728,1.369937530787759,0,0,4.0,1,2.15,2,0,0,1,0,1,0,0,1,0,0,0,1,0,0,0,0,0,0
1240,6,0,2,0,-1.3793052320755743,0.31,0.72,1,0.4272931448618959,2,0.4782998640394728,0.6976672048831881,2,1,2.58,1,3.77,1,0,1,0,1,1,0,0,0,1,0,0,0,0,0,1,0,1,0
1241,2,1,2,0,1.6760757115571148,0.74,0.55,0,0.12665673280842613,2,-0.9390370747075155,-1.6552789357828104,2,1,4.97,1,1.11,0,0,0,0,0,0,0,1,0,0,0,1,1,0,1,0,0,0,1
1242,2,0,2,3,0.21480656460235048,0.28,0.96,0,0.8256625660937904,0,-0.19955693275256509,-1.6552789357828104,0,1,4.82,0,3.0,1,0,0,0,1,1,0,0,1,0,0,0,0,0,1,1,0,0,0
1243,18,7,0,0,-1.6449905315218951,0.82,0.71,0,-0.5464085141841054,2,-0.07631024242674002,-0.7589185012433823,0,0,4.5,1,4.47,0,0,0,0,0,0,0,0,0,0,0,0,0,0,1,0,1,0,1
1244,4,4,5,2,-0.05087873484397031,0.79,0.97,2,-1.7402531445878626,2,-0.32280362307839017,1.145847422152902,0,0,4.07,1,3.16,0,0,0,0,0,0,1,0,0,1,0,0,1,0,1,0,1,0,0
1245,0,7,2,1,-0.18372138456713072,0.28,0.25,1,-0.41082066196039874,2,0.2934298285507352,-0.5348283926085253,2,0,2.64,0,1.76,1,0,0,0,0,1,0,0,1,0,1,0,0,0,0,0,0,1,0
1246,14,8,2,1,0.8790198132181525,0.48,0.56,0,-0.07760056287939725,1,-1.3087771456849908,1.594027639422616,1,0,4.79,0,2.13,0,0,0,0,1,0,0,0,1,0,0,0,0,0,1,0,0,0,0
1247,3,1,4,0,0.3476492143255109,0.19,0.57,0,1.3647465803337788,1,-0.014686897263827485,-1.4311888271479534,2,2,3.55,0,2.7,1,1,1,0,1,0,0,0,0,0,0,0,0,1,0,0,1,1,0
1248,14,0,2,0,0.08196391487919008,0.44,0.66,2,1.6285751597838487,2,1.7107667672977236,-1.5432338814653819,0,2,4.59,0,4.88,1,1,1,1,0,0,0,0,0,0,0,0,1,0,1,1,0,0,0
1249,7,5,7,0,0.6133345137718317,0.63,0.25,1,-0.09882960218376138,1,-0.2611802779154776,1.7060726937400446,2,1,3.74,1,2.13,2,0,0,0,1,0,1,0,0,1,0,0,0,0,1,0,0,0,0
1250,11,6,3,3,0.08196391487919008,0.48,0.64,0,-1.4297242890490258,2,0.6631698995282104,1.369937530787759,2,1,4.44,1,1.03,1,1,1,1,0,1,0,0,0,1,0,0,0,0,0,0,0,0,1
1251,8,7,5,1,1.0118624629413129,0.73,0.54,1,0.9062823701186972,0,1.0945333156685981,-1.5432338814653819,2,2,2.38,0,4.77,2,0,1,0,0,0,1,1,0,0,0,0,1,0,1,0,0,0,0
1252,5,3,7,0,1.410390412110794,0.79,0.94,2,-1.7083554299188053,0,0.10855979306199759,1.0338023678354735,2,0,4.6,1,4.8,2,0,1,0,0,0,0,1,0,0,0,0,0,0,0,0,1,0,0
1253,12,6,0,0,-1.6449905315218951,0.31,0.45,0,1.5362216180481965,1,-1.678517216662466,-0.08664817533881138,2,1,2.22,1,3.87,2,0,1,1,1,0,0,0,1,0,1,0,0,0,0,0,0,0,1
1254,9,9,7,3,-1.2464625823524138,0.24,0.74,0,-1.4993143796258317,0,-0.014686897263827485,1.594027639422616,2,0,3.74,0,1.43,2,0,0,0,0,0,0,1,1,0,0,0,0,1,1,0,0,0,0
1255,15,6,2,0,-0.4494066840134515,0.32,0.68,1,1.67883166099418,1,-1.6168938714995533,0.4735770962483311,0,2,2.46,0,4.78,1,1,0,0,0,0,0,1,1,1,0,0,0,0,1,0,0,0,1
1256,4,7,2,1,0.21480656460235048,0.21,0.86,2,0.9975166937957859,2,1.0329099705056857,-0.6468734469259538,1,0,2.73,1,4.05,2,0,1,1,0,0,0,0,0,1,1,0,0,1,1,0,0,0,0
1257,17,1,9,1,0.4804918640486713,0.14,0.25,2,1.6097831275424854,1,-0.13793358758965255,-0.4227833382910969,0,0,4.15,0,4.38,2,0,0,1,0,0,0,0,0,1,0,1,1,0,0,1,1,0,0
1258,4,3,8,1,-0.4494066840134515,0.5,0.36,0,0.5836406868815369,2,0.17018313822491013,0.3615320419309026,2,2,3.15,0,4.94,2,0,0,0,1,1,1,1,0,0,1,0,0,0,1,0,0,0,0
1259,17,1,0,2,-1.1136199326292535,0.13,0.99,0,0.5971796150093203,1,-0.5076736585671278,-0.31073828397366837,0,2,2.79,1,4.95,2,0,1,1,0,1,0,1,0,0,0,0,0,0,0,0,1,0,0
1260,17,8,6,3,1.1447051126644732,0.08,0.9,2,1.4510888379806954,1,-0.5076736585671278,0.6976672048831881,0,2,4.37,0,1.34,0,0,0,0,0,0,0,0,0,0,0,0,0,1,0,0,1,1,1
1261,2,0,5,3,1.0118624629413129,0.41,0.71,2,-1.4747457380499478,2,0.6631698995282104,0.8097122592006165,2,1,2.27,1,1.23,0,0,0,0,1,1,0,1,0,0,0,0,0,0,1,0,0,1,0
1262,16,6,9,0,0.4804918640486713,0.55,0.61,0,-1.727761226901961,1,-0.3844269682413027,0.8097122592006165,1,1,3.01,1,3.5,0,0,0,0,0,0,0,1,1,0,0,0,1,0,0,0,0,0,0
1263,7,1,8,1,0.4804918640486713,0.45,0.54,2,-0.5972968320404001,1,-1.1855304553591657,0.6976672048831881,0,2,3.56,0,4.41,1,0,0,0,1,0,0,1,0,0,0,1,0,0,0,0,0,1,0
1264,4,4,9,2,1.1447051126644732,0.83,0.92,0,-0.7021242395577832,1,0.9712866253427731,1.0338023678354735,0,1,2.03,0,2.99,0,0,1,0,1,0,0,0,0,0,1,0,0,0,0,1,1,0,0
1265,7,3,2,3,0.08196391487919008,0.94,0.79,0,-1.082387600906789,2,0.848039935016948,-1.6552789357828104,0,1,3.22,0,2.71,1,0,0,0,1,1,0,0,1,0,1,0,0,1,0,0,0,1,0
1266,14,6,2,3,-0.7150919834597723,0.41,0.91,1,1.3701621515848923,0,0.35505317371364775,1.4819825851051875,0,0,3.07,1,3.91,2,1,0,0,0,0,0,0,1,0,1,0,0,0,0,0,0,0,0
1267,1,6,6,1,0.7461771634949921,0.19,0.54,0,0.31383692715107225,0,-0.9390370747075155,-0.08664817533881138,0,2,2.26,0,4.96,2,0,1,0,0,0,1,0,0,0,0,0,0,1,0,0,0,0,1
1268,10,6,1,0,-0.3165640342902911,0.57,0.39,1,-0.23977886994607026,0,0.17018313822491013,0.025396878978617116,1,1,3.3,0,2.52,0,0,1,0,0,1,1,0,0,0,0,0,0,0,0,0,1,0,0
1269,16,4,7,1,1.5432330618339545,0.08,0.26,1,1.618032847748348,2,0.17018313822491013,0.2494869876134741,0,1,3.71,1,3.36,2,0,0,0,0,0,1,0,0,1,1,0,0,0,0,0,1,0,0
1270,0,8,5,1,-1.6449905315218951,0.81,0.44,0,0.2833111571989636,0,-1.000660419870428,-0.7589185012433823,1,0,4.11,1,3.09,2,1,1,0,0,0,0,0,0,1,0,1,1,0,0,0,0,1,0
1271,6,4,1,0,-0.3165640342902911,0.06,0.31,0,-0.8162303258187406,1,-1.4320238360108157,0.5856221505657596,0,2,4.51,1,2.97,0,0,1,1,0,0,0,0,1,1,0,1,0,0,0,0,0,1,0
1272,7,3,2,1,1.0118624629413129,0.95,0.33,0,-0.850041542329858,1,-0.19955693275256509,-1.0950536641956679,2,1,4.35,0,3.56,0,0,0,0,0,1,0,0,0,1,0,0,0,0,0,0,0,0,1
1273,10,9,5,0,0.3476492143255109,0.69,0.31,0,1.5762426895939237,0,-0.5692970037300403,-1.6552789357828104,0,2,3.48,1,4.23,2,0,0,0,1,0,1,0,0,0,0,1,0,0,0,0,0,0,1
1274,15,6,7,0,-0.18372138456713072,0.87,0.4,0,1.6643179300411963,2,-0.6925436940558654,1.7060726937400446,1,1,2.76,1,2.12,1,0,0,0,0,0,0,0,0,1,1,1,0,0,0,1,0,0,1
1275,14,0,3,0,1.1447051126644732,0.23,0.79,1,-0.4779195897616925,0,0.4782998640394728,1.7060726937400446,1,0,2.48,0,4.33,0,0,1,0,1,0,0,0,1,1,1,0,0,0,0,1,0,0,0
1276,9,6,7,1,0.4804918640486713,0.82,0.84,0,0.49262298605449273,2,-0.7541670392187779,-1.0950536641956679,0,2,4.31,1,3.63,1,0,0,1,0,0,0,0,0,0,0,1,1,1,0,0,1,0,1
1277,6,7,5,1,-0.18372138456713072,0.35,0.62,0,-0.059765281559064104,1,0.6631698995282104,-1.0950536641956679,0,2,3.2,1,3.93,0,0,0,0,0,0,0,1,0,1,1,0,0,1,0,1,0,0,0
1278,2,3,9,3,0.21480656460235048,0.2,0.98,2,1.1113520014941876,0,0.23180648338782264,1.594027639422616,2,0,2.94,0,3.67,1,0,1,0,1,0,0,0,0,0,0,0,0,0,1,0,0,0,0
1279,3,5,9,0,1.2775477623876337,0.43,0.46,0,-0.08279951128046602,0,-1.678517216662466,-0.6468734469259538,1,1,3.97,1,2.25,2,0,0,0,0,0,0,1,0,0,0,0,1,0,0,0,1,0,0
1280,8,0,7,2,-0.8479346331829327,0.29,0.74,2,1.4370444565361415,0,1.1561566608315106,1.4819825851051875,2,1,2.43,0,3.3,2,0,1,0,0,1,0,0,0,0,0,0,1,1,0,0,0,0,0
1281,7,1,8,2,-1.2464625823524138,0.46,0.41,0,0.8645644195809543,1,0.35505317371364775,-0.4227833382910969,1,1,3.59,0,2.39,2,0,1,0,0,0,1,0,0,1,0,0,0,0,0,0,0,0,1
1282,4,3,2,2,-1.2464625823524138,0.77,0.85,2,1.2168834332742153,2,0.9096632801798605,1.4819825851051875,1,2,4.49,0,4.02,0,0,0,0,1,0,0,0,0,0,0,0,0,0,0,1,0,1,0
1283,8,9,3,3,-1.2464625823524138,0.81,0.53,2,-0.7990990687610521,1,0.9096632801798605,-0.5348283926085253,1,2,4.89,1,4.04,2,0,0,0,1,1,0,1,0,0,0,0,1,0,0,1,0,1,0
1284,1,1,8,1,0.7461771634949921,0.51,0.62,0,0.6743515053376847,1,-0.014686897263827485,0.3615320419309026,2,1,3.81,0,1.96,0,0,0,0,0,0,1,0,0,0,0,0,0,0,0,1,1,0,0
1285,18,3,6,0,-1.1136199326292535,0.35,0.76,0,1.6678199994502496,0,1.1561566608315106,-0.19869322965623987,1,1,4.03,1,4.79,0,1,0,0,0,1,0,0,0,0,0,0,1,0,0,1,1,0,0
1286,16,2,9,0,-0.18372138456713072,0.36,0.94,0,1.36718358739678,1,-0.13793358758965255,-0.6468734469259538,1,1,4.58,1,3.21,1,0,0,0,1,1,0,1,1,0,0,0,0,0,0,0,0,1,0
1287,15,9,8,1,-1.2464625823524138,0.47,0.81,0,0.3449945137491441,2,-0.5692970037300403,0.3615320419309026,2,0,2.86,0,1.78,0,0,0,1,1,0,0,1,0,0,0,0,1,0,0,0,0,0,0
1288,0,2,4,3,0.3476492143255109,0.6,0.38,2,-1.3444470937481616,0,0.848039935016948,-1.3191437728305249,1,1,3.22,1,4.79,2,0,1,0,0,0,0,1,0,0,0,0,0,1,0,1,0,0,0
1289,3,1,8,1,1.410390412110794,0.46,0.88,2,0.6652172418274737,0,0.2934298285507352,0.025396878978617116,2,0,2.47,1,3.37,0,0,1,0,0,0,0,0,0,0,0,1,1,0,0,0,0,0,1
1290,9,2,4,3,0.3476492143255109,0.44,0.58,2,-1.6172655214750795,2,0.848039935016948,-0.6468734469259538,1,0,4.22,1,2.49,0,0,1,1,0,0,0,1,1,0,0,1,1,0,0,0,0,0,0
1291,6,2,0,0,0.6133345137718317,0.1,0.84,1,-0.9042333586493317,0,0.7247932446911229,-1.5432338814653819,2,0,4.82,0,4.52,0,0,0,0,1,0,0,0,0,0,1,1,0,0,0,0,0,0,0
1292,19,8,4,0,-0.5822493337366119,0.09,0.71,1,-1.5196769275300177,0,1.0329099705056857,-0.08664817533881138,0,2,2.89,1,3.15,1,0,1,0,0,0,0,0,1,0,1,0,0,0,1,0,0,0,1
1293,17,9,8,1,-1.5121478817987346,0.12,0.39,1,0.8555745713041062,1,-0.7541670392187779,-0.8709635555608108,1,2,2.18,0,1.64,0,0,0,1,0,0,0,1,0,0,0,0,0,0,0,1,1,0,0
1294,2,4,0,1,1.410390412110794,0.77,0.34,0,0.8589502773839669,2,-0.8157903843816905,-0.19869322965623987,2,1,3.61,1,3.59,1,0,0,0,0,0,1,1,0,1,0,0,0,0,0,0,0,0,0
1295,7,9,8,1,-1.5121478817987346,0.58,0.44,2,0.5557143911299627,2,-1.1855304553591657,-1.4311888271479534,1,0,4.15,1,4.87,0,0,0,0,1,0,0,1,0,1,1,0,0,0,0,0,1,0,1
1296,5,3,5,1,-0.9807772829060931,0.83,0.22,2,1.3512798598226772,2,-1.678517216662466,0.1374419332960456,1,1,4.29,1,3.49,1,0,0,1,1,1,1,1,0,0,0,0,0,0,0,1,0,0,0
1297,11,1,1,0,0.21480656460235048,0.48,0.69,1,-0.11614137828315357,2,-1.3704004908479033,-0.8709635555608108,1,2,4.2,1,3.75,1,0,0,0,1,0,0,0,0,1,1,0,0,1,1,0,0,0,0
1298,1,6,2,1,-0.18372138456713072,0.15,0.79,1,0.06161572208255538,2,-0.877413729544603,-0.08664817533881138,2,1,3.63,0,3.99,0,0,0,0,0,1,1,1,0,0,0,0,0,1,1,1,0,0,0
1299,15,1,8,3,0.08196391487919008,0.39,0.25,2,-0.33854083766220655,0,-0.877413729544603,-1.6552789357828104,1,0,2.33,0,2.66,0,0,0,0,0,1,0,0,0,0,0,1,0,1,1,0,0,0,0
1300,5,1,2,3,-0.5822493337366119,0.51,0.29,1,0.1330832106930806,1,1.5875200769718985,-0.7589185012433823,1,2,3.13,0,3.37,2,0,0,1,0,1,1,0,0,1,0,0,1,0,0,0,0,0,0
1301,12,3,2,3,1.410390412110794,0.05,0.42,2,-0.704019689495673,0,1.5875200769718985,-1.4311888271479534,1,0,4.93,1,4.12,1,0,0,0,0,0,0,1,0,0,0,0,0,0,1,0,0,0,1
1302,4,8,3,1,-0.05087873484397031,0.39,0.67,0,-0.41879960360370566,0,-1.1239071101962532,0.3615320419309026,2,1,3.63,1,1.51,0,1,0,0,0,0,1,0,0,0,0,0,0,0,0,0,0,1,0
1303,15,8,7,2,1.1447051126644732,0.53,0.55,1,1.0161282069954454,0,0.7247932446911229,0.921757313518045,0,0,3.97,0,4.58,1,1,0,1,0,0,0,0,0,0,0,0,0,0,1,0,1,1,0
1304,5,1,5,3,-0.18372138456713072,0.15,0.3,0,-0.423547254400515,0,-1.3087771456849908,0.2494869876134741,0,0,3.99,1,2.73,2,0,1,0,0,0,1,0,0,0,0,1,1,0,0,1,0,1,0
1305,13,3,7,2,-0.18372138456713072,0.94,0.36,1,-1.2991909699930249,1,1.2177800059944233,1.369937530787759,1,1,3.26,0,3.44,0,0,0,0,0,0,0,1,0,0,0,1,0,0,0,1,0,1,0
1306,10,3,9,3,0.4804918640486713,0.52,0.74,2,1.0473218974018579,0,-1.4936471811737284,-1.3191437728305249,2,0,4.47,0,1.31,2,0,0,1,0,0,0,0,1,0,1,0,1,1,0,0,0,1,0
1307,3,0,1,3,0.8790198132181525,0.77,0.75,0,0.2504747435130466,2,-0.6309203488929528,0.3615320419309026,2,1,2.93,1,1.97,1,1,0,1,0,0,1,0,0,0,1,0,0,0,1,0,0,0,0
1308,7,0,4,1,-1.1136199326292535,0.75,0.6,1,-0.1273696626771285,2,1.1561566608315106,-0.9830086098782393,0,0,2.46,0,4.11,2,0,0,0,1,0,0,0,0,1,1,0,0,1,0,0,0,0,0
1309,11,6,1,2,0.3476492143255109,0.8,0.75,1,-0.8726425263511708,1,-1.3087771456849908,1.2578924764703305,0,1,4.12,0,4.24,0,0,1,0,1,0,0,0,0,0,0,0,1,0,0,0,0,0,0
1310,8,4,5,3,-0.8479346331829327,0.7,0.64,2,-0.2381361466665659,0,-0.7541670392187779,-1.6552789357828104,1,0,3.2,0,4.1,1,0,0,1,1,1,0,1,0,1,0,0,0,0,0,0,0,1,0
1311,17,7,9,0,1.2775477623876337,0.84,0.66,2,0.45502086966759603,2,0.17018313822491013,0.5856221505657596,2,2,3.95,1,2.67,1,0,0,0,0,0,0,0,0,1,0,0,0,1,0,1,0,0,0
1312,1,8,7,0,-1.2464625823524138,0.92,0.57,1,0.28455673858671965,0,-0.8157903843816905,0.8097122592006165,1,1,4.12,1,2.22,1,0,0,0,0,0,0,0,1,0,0,0,1,0,1,0,0,0,0
1313,8,8,0,0,-0.9807772829060931,0.61,0.89,0,1.6713401207634733,1,-0.014686897263827485,-0.5348283926085253,1,1,2.28,1,3.6,2,0,0,1,1,0,1,0,0,1,0,0,0,0,0,0,0,0,0
1314,6,2,3,0,1.6760757115571148,0.84,0.41,1,1.423162542229121,1,1.0329099705056857,0.4735770962483311,1,2,3.23,1,1.47,1,0,0,0,1,0,1,0,0,0,1,0,0,1,0,0,0,0,1
1315,12,5,2,1,-0.8479346331829327,0.77,0.43,1,-0.2826701942548876,1,-0.44605031340421525,-0.6468734469259538,0,1,2.9,0,4.96,1,0,0,0,0,1,0,0,0,0,0,1,1,1,0,1,1,0,0
1316,6,0,5,3,-0.3165640342902911,0.82,0.73,0,-1.410480959203403,2,-1.000660419870428,0.921757313518045,0,0,4.97,1,3.54,0,0,0,0,0,0,1,0,1,0,0,0,0,0,0,0,0,0,1
1317,18,2,8,2,-0.7150919834597723,0.57,0.94,2,0.25915770941899824,0,-0.19955693275256509,-1.4311888271479534,0,2,2.28,1,3.5,1,1,0,0,0,0,0,0,1,0,0,0,0,0,1,0,0,0,1
1318,16,8,0,3,1.1447051126644732,0.3,0.7,2,-1.0404349756148312,0,1.2177800059944233,-0.9830086098782393,1,2,2.57,0,3.7,1,0,0,0,0,0,0,1,0,0,0,0,1,1,0,0,1,0,0
1319,15,1,4,2,1.410390412110794,0.38,0.94,2,0.748400416244574,0,-0.014686897263827485,1.0338023678354735,1,2,2.53,1,3.91,0,0,0,0,1,0,0,1,0,0,1,0,0,0,1,0,0,0,0
1320,10,5,8,2,0.8790198132181525,0.23,0.85,1,-1.6418522149551338,2,1.5875200769718985,0.5856221505657596,2,1,3.71,0,2.13,0,0,0,0,0,1,0,1,1,0,1,1,0,0,0,0,1,0,0
1321,14,0,9,1,1.5432330618339545,0.28,0.3,0,0.8555204155915951,0,-0.3844269682413027,-0.7589185012433823,2,0,3.53,0,1.85,2,1,0,1,0,0,1,0,0,0,0,0,0,0,0,0,1,0,1
1322,1,8,0,1,0.21480656460235048,0.58,0.68,0,-0.5226522082958884,0,-1.6168938714995533,1.369937530787759,1,0,2.15,0,3.48,0,0,0,0,0,0,0,1,0,0,1,0,0,0,1,1,0,0,1
1323,3,5,0,3,-0.18372138456713072,0.77,0.95,1,0.37559249131793426,2,1.1561566608315106,-0.5348283926085253,2,0,3.02,0,4.77,1,0,0,0,1,0,0,0,0,0,0,0,0,0,1,0,1,0,0
1324,13,0,3,0,-0.18372138456713072,0.28,0.9,0,1.4879508262966066,0,-0.014686897263827485,0.3615320419309026,0,2,2.06,0,2.3,0,1,0,0,0,0,0,0,0,0,0,0,0,1,0,0,0,0,1
1325,19,2,6,3,-1.3793052320755743,0.33,0.31,1,1.6244232218246617,0,0.41667651887656026,0.3615320419309026,2,2,4.4,1,2.2,0,1,0,0,0,0,1,1,0,0,1,0,0,0,0,1,0,0,0
1326,7,2,0,2,0.4804918640486713,0.34,0.76,2,0.5765823923509192,0,-0.07631024242674002,1.0338023678354735,2,0,3.94,1,4.03,2,0,0,0,1,0,0,1,0,0,0,1,0,0,0,0,0,1,0
1327,4,8,1,0,0.21480656460235048,0.51,0.37,0,1.6630362448450997,0,-0.19955693275256509,0.4735770962483311,1,1,4.9,1,1.01,2,0,0,0,0,0,0,0,0,0,0,1,0,0,1,0,0,0,1
1328,15,5,0,0,-1.5121478817987346,0.39,0.58,2,-0.7213134136908947,0,-0.014686897263827485,-0.9830086098782393,1,2,4.04,1,3.52,2,1,1,0,1,1,1,0,0,0,0,0,0,0,0,0,0,0,0
1329,8,5,7,3,-1.3793052320755743,0.11,0.96,1,-0.8162303258187406,0,1.5875200769718985,0.921757313518045,2,2,4.65,1,4.54,2,0,0,1,1,0,0,1,1,0,0,0,0,0,0,0,0,1,1
1330,15,0,0,3,0.6133345137718317,0.21,0.53,1,-1.1014504117107078,0,-1.5552705263366409,0.1374419332960456,0,0,4.74,0,4.25,2,1,1,0,0,0,0,0,1,1,0,0,0,0,1,0,0,0,0
1331,10,5,2,3,1.410390412110794,0.81,0.76,1,-1.0899332968500068,2,1.525896731808986,1.369937530787759,2,1,3.43,0,2.68,2,0,0,1,1,1,0,0,0,1,0,1,0,1,0,0,0,0,0
1332,16,3,7,2,-0.8479346331829327,0.48,0.57,1,-1.3635460083604212,1,-1.4320238360108157,-0.5348283926085253,1,1,3.96,1,1.24,1,0,0,0,1,1,0,0,0,0,1,0,0,0,0,1,1,0,0
1333,15,5,6,0,-0.7150919834597723,0.71,0.83,0,0.018652190157056513,2,1.1561566608315106,-0.7589185012433823,1,1,3.58,0,3.62,2,0,0,0,1,0,0,0,0,0,1,0,0,0,0,0,0,1,0
1334,7,8,9,1,-0.5822493337366119,0.83,0.3,1,0.20328706601167937,1,1.649143422134811,0.3615320419309026,0,1,2.21,1,4.26,1,0,1,1,0,0,1,1,0,0,0,1,0,0,0,0,0,0,0
1335,15,5,1,1,0.6133345137718317,0.74,0.6,2,1.0548495414409054,0,-0.44605031340421525,0.1374419332960456,2,0,4.88,0,2.61,0,0,0,0,0,0,0,0,1,1,0,0,1,1,0,1,0,0,0
1336,14,9,9,2,1.410390412110794,0.51,0.8,1,0.18787073985017683,0,0.6015465543652979,-0.19869322965623987,1,0,3.95,0,3.19,0,1,1,0,0,0,0,0,0,0,0,0,0,1,1,0,0,1,0
1337,9,8,6,1,-0.5822493337366119,0.41,0.97,0,1.0292880451356505,1,1.0329099705056857,-0.8709635555608108,0,1,2.01,1,3.3,0,0,0,0,0,1,0,0,0,1,1,0,0,0,0,0,0,0,0
1338,13,2,1,2,-1.5121478817987346,0.66,0.69,1,0.2539768129220999,1,-0.877413729544603,1.4819825851051875,2,0,3.17,1,2.23,2,0,0,0,0,1,1,1,0,0,0,0,0,1,0,1,1,0,0
1339,1,7,3,0,-1.6449905315218951,0.72,0.47,2,-0.508770293988868,2,0.6631698995282104,-0.7589185012433823,1,1,2.05,1,4.67,0,0,0,0,0,1,0,1,0,1,1,0,1,0,1,0,0,0,0
1340,16,9,7,2,-1.2464625823524138,0.68,0.88,2,0.21274626379695727,1,-0.877413729544603,1.594027639422616,1,1,3.52,1,1.03,2,0,0,0,1,0,0,1,1,1,0,1,1,0,0,0,0,0,0
1341,18,6,6,2,1.0118624629413129,0.53,0.26,2,-0.750629706063588,0,-1.2471538005220781,0.025396878978617116,0,0,2.98,1,4.24,1,0,0,0,1,0,1,0,0,0,0,0,0,0,1,1,0,0,1
1342,15,9,5,0,-0.8479346331829327,0.78,0.86,0,-1.221188692072823,1,1.649143422134811,-1.3191437728305249,0,1,2.93,1,3.19,1,0,1,0,0,0,1,0,1,0,0,0,1,0,0,0,0,0,1
1343,19,2,4,0,-0.4494066840134515,0.79,0.88,2,-0.8498249194798134,1,1.0329099705056857,0.4735770962483311,1,0,3.39,1,4.91,0,0,0,0,0,0,0,0,0,0,0,0,1,0,1,0,0,1,0
1344,4,4,3,3,-1.3793052320755743,0.19,0.91,2,-0.3476751011724176,1,-1.3704004908479033,-0.5348283926085253,0,2,3.09,1,4.81,2,0,0,0,0,0,1,0,0,0,0,1,1,0,0,0,0,0,0
1345,5,4,1,1,0.8790198132181525,0.33,0.21,0,0.3420881571777133,2,-0.2611802779154776,0.4735770962483311,0,2,3.99,0,2.28,2,0,0,0,0,0,0,0,0,0,1,0,0,0,1,0,0,1,1
1346,18,3,1,0,0.08196391487919008,0.75,0.79,0,-0.8749712219891495,0,-0.6309203488929528,-0.5348283926085253,2,1,3.25,1,4.74,1,0,1,0,0,1,0,1,0,0,0,1,0,1,0,0,0,1,0
1347,15,3,1,1,-1.5121478817987346,0.88,0.79,0,1.287412222867881,0,0.35505317371364775,0.5856221505657596,2,1,3.99,1,4.2,0,0,0,1,0,0,0,0,0,0,0,0,0,0,0,1,1,0,0
1348,9,1,8,3,0.8790198132181525,0.19,0.27,0,0.6178309933802323,2,-1.1239071101962532,-1.6552789357828104,0,1,3.89,0,3.29,1,1,0,0,1,1,0,0,0,0,1,0,1,0,0,1,0,0,0
1349,9,9,8,0,0.6133345137718317,0.56,0.31,0,1.2563268438864905,2,-1.4936471811737284,0.8097122592006165,2,1,2.44,1,4.84,1,0,0,0,0,0,0,0,0,1,1,0,0,0,0,0,1,0,0
1350,17,3,5,1,-0.4494066840134515,0.77,0.64,1,-1.166798304807475,1,1.0945333156685981,1.145847422152902,2,2,4.03,1,3.83,0,1,0,0,1,1,0,0,0,1,0,1,1,0,0,0,0,0,0
1351,19,8,0,2,-0.4494066840134515,0.21,0.94,1,-0.8836541878951012,2,0.04693644789908505,1.7060726937400446,1,0,4.94,0,1.17,1,0,0,0,1,1,0,0,0,0,1,0,0,0,0,0,1,1,1
1352,2,8,1,3,-0.3165640342902911,0.44,0.96,0,-0.5161715746987229,2,-0.014686897263827485,1.145847422152902,2,1,3.54,0,3.12,1,0,0,0,1,0,0,0,0,0,0,1,1,0,0,0,0,0,0
1353,0,1,8,0,0.7461771634949921,0.8,0.26,2,0.09791810136918488,1,-1.3087771456849908,1.145847422152902,0,1,3.67,1,4.69,2,1,0,0,0,0,0,0,1,1,0,0,0,1,0,1,0,0,1
1354,19,6,4,2,1.410390412110794,0.07,0.46,2,1.6674770132710126,0,-1.0622837650333405,1.7060726937400446,0,0,2.87,1,3.36,0,0,1,1,1,0,0,0,0,0,0,0,1,0,0,0,1,0,0
1355,9,4,0,3,-0.8479346331829327,0.45,0.64,0,1.040444121912944,1,1.525896731808986,0.3615320419309026,1,0,2.66,0,2.97,1,0,1,1,0,1,0,0,0,1,0,0,0,0,0,0,0,1,0
1356,15,2,4,0,-0.18372138456713072,0.53,0.81,0,-0.17477396302854026,0,0.41667651887656026,0.6976672048831881,2,1,3.58,1,3.87,0,0,0,0,0,0,0,0,1,0,1,1,0,0,0,1,0,0,1
1357,14,6,5,3,0.6133345137718317,0.27,0.37,0,0.32239352972783125,2,0.9712866253427731,1.7060726937400446,1,2,4.72,0,3.01,1,0,0,0,0,1,0,0,1,0,0,0,0,0,1,0,0,0,0
1358,12,5,8,1,-0.7150919834597723,0.3,0.46,1,0.9756919416537992,0,-0.9390370747075155,-1.4311888271479534,1,2,4.69,0,3.4,0,1,0,0,1,1,0,1,0,1,0,1,0,0,0,0,0,0,0
1359,15,2,0,3,-0.3165640342902911,0.69,0.43,2,0.7472270424734995,0,0.848039935016948,-1.3191437728305249,0,0,3.48,0,2.34,2,0,1,0,1,0,0,0,1,0,1,1,0,0,0,0,0,1,0
1360,18,1,7,3,-0.7150919834597723,0.63,0.45,0,-1.2164951969885247,1,1.4642733866460733,-1.5432338814653819,0,1,3.05,1,1.24,0,0,1,0,0,0,1,0,0,1,0,1,1,0,0,0,0,0,1
1361,13,7,8,0,0.4804918640486713,0.57,0.72,1,-1.009981413279404,0,1.4026500414831609,0.921757313518045,2,2,4.32,1,2.92,2,0,0,0,0,0,1,0,0,1,0,0,1,0,1,0,0,1,1
1362,14,8,3,1,1.6760757115571148,0.64,0.24,2,-1.3526968139540243,1,-0.5076736585671278,0.2494869876134741,2,1,4.52,0,4.48,2,0,0,0,1,0,0,0,1,0,0,0,0,0,0,1,0,0,0
1363,11,7,3,3,-1.6449905315218951,0.94,0.58,1,-0.10762087951473531,1,0.6015465543652979,-1.2070987185130964,1,1,3.85,0,2.94,2,0,0,0,0,0,0,0,1,1,0,0,0,0,1,0,0,0,1
1364,16,3,4,1,-1.2464625823524138,0.72,0.51,0,1.5526488508432401,0,-1.1239071101962532,0.8097122592006165,0,2,3.23,1,4.21,2,1,0,0,0,1,1,0,0,0,1,1,0,0,0,0,1,0,0
1365,2,6,2,1,1.1447051126644732,0.92,0.77,1,1.326657062534282,2,-0.3844269682413027,1.369937530787759,1,0,2.42,1,2.55,2,0,0,0,0,0,1,0,0,1,0,0,1,0,0,0,0,0,0
1366,6,9,6,1,0.3476492143255109,0.51,0.43,1,0.12665673280842613,1,0.9096632801798605,1.145847422152902,0,0,3.71,1,3.43,0,0,0,0,0,0,0,1,0,1,0,1,0,0,1,0,0,0,1
1367,16,3,8,2,-0.8479346331829327,0.66,0.42,0,-1.290399692662051,1,-0.014686897263827485,1.594027639422616,1,0,3.62,1,3.07,1,1,0,0,0,0,0,0,1,1,0,0,1,1,0,0,0,1,0
1368,0,9,9,2,-0.3165640342902911,0.37,0.82,1,1.0112180890611024,0,0.7247932446911229,-0.7589185012433823,0,0,2.63,0,1.89,2,1,1,0,1,0,0,1,0,0,0,0,0,0,1,0,0,0,0
1369,10,7,4,1,0.3476492143255109,0.56,0.95,1,-1.7319312167653185,0,-0.7541670392187779,-0.6468734469259538,2,2,2.63,0,2.87,0,1,0,1,0,0,0,0,0,0,0,1,0,0,1,1,0,0,1
1370,16,3,3,0,1.1447051126644732,0.63,0.57,2,-0.662247583245419,0,-0.6925436940558654,0.8097122592006165,0,2,2.4,0,4.77,2,0,0,1,0,0,0,0,0,0,1,1,0,0,0,0,0,0,0
1371,12,7,1,3,0.6133345137718317,0.29,0.96,1,1.2550632105945643,0,-0.2611802779154776,-0.08664817533881138,2,0,4.0,1,1.95,0,1,0,1,1,0,1,0,0,0,0,0,0,0,0,0,0,0,1
1372,12,3,3,3,-0.18372138456713072,0.66,0.66,0,-0.11664683159992416,1,0.848039935016948,-0.19869322965623987,1,1,2.47,0,3.51,0,0,0,0,0,0,0,0,0,1,1,0,0,0,0,1,1,0,1
1373,16,9,9,2,-1.6449905315218951,0.72,0.72,1,1.2749564089903205,1,-0.6925436940558654,-0.31073828397366837,0,2,3.9,1,2.02,2,0,0,1,0,0,1,1,0,0,0,0,0,0,0,1,0,0,0
1374,14,0,7,2,-0.18372138456713072,0.34,0.47,0,-1.5470616661564807,2,-1.5552705263366409,-1.3191437728305249,1,1,2.57,0,1.4,0,0,0,1,1,0,1,1,0,1,0,0,0,1,0,0,0,0,0
1375,10,7,4,1,0.3476492143255109,0.72,0.94,0,0.43229352231709056,2,1.0329099705056857,0.4735770962483311,2,0,2.94,1,2.59,1,1,0,0,0,0,0,1,0,1,0,0,0,0,0,0,1,1,1
1376,7,9,0,0,-0.18372138456713072,0.54,0.83,2,1.0255513009723825,2,0.23180648338782264,-0.8709635555608108,1,0,4.39,0,1.18,0,0,0,1,0,0,0,1,0,1,0,1,0,0,0,0,0,0,0
1377,3,0,4,1,-1.3793052320755743,0.92,0.38,1,-0.11003983467356593,1,-1.4936471811737284,0.4735770962483311,1,2,2.49,0,4.9,0,0,0,0,0,1,0,0,1,0,1,0,0,0,1,0,0,1,1
1378,19,6,9,0,1.2775477623876337,0.7,0.53,0,-1.4485524250987296,1,0.9096632801798605,-1.5432338814653819,1,0,4.16,0,4.1,2,0,0,0,0,0,0,1,1,1,1,1,0,0,0,0,0,0,1
1379,13,1,2,3,1.6760757115571148,0.51,0.97,0,-0.12282058282619332,2,1.0945333156685981,1.0338023678354735,2,1,4.66,0,2.72,1,0,0,0,0,1,0,0,0,0,1,0,0,0,0,1,1,0,1
1380,4,7,8,2,-0.9807772829060931,0.91,0.83,1,-0.9578655659395238,1,-1.3087771456849908,0.3615320419309026,1,0,3.64,1,4.37,1,0,0,0,0,1,0,0,1,0,0,0,1,0,0,0,0,0,0
1381,2,2,5,2,-0.5822493337366119,0.62,0.5,1,0.017226089727596677,1,-1.2471538005220781,0.1374419332960456,2,0,3.6,0,1.34,2,0,1,0,0,1,0,0,1,0,0,1,0,0,0,0,0,0,1
1382,5,4,4,0,0.21480656460235048,0.1,0.64,0,1.322216294108369,2,0.2934298285507352,-0.6468734469259538,2,0,4.34,0,4.45,0,0,0,0,0,0,1,0,1,0,0,1,1,0,1,0,1,0,0
1383,8,5,3,1,-1.2464625823524138,0.28,0.61,2,-0.8060490518666475,1,0.04693644789908505,-1.0950536641956679,0,1,4.73,1,1.78,1,0,0,0,0,1,1,0,0,0,0,0,0,0,0,0,1,1,1
1384,12,1,1,0,1.5432330618339545,0.71,0.21,1,0.2514134425299062,2,-1.1239071101962532,0.921757313518045,0,2,2.01,0,3.62,1,1,1,0,0,0,0,1,0,0,0,0,0,1,0,0,1,0,1
1385,14,6,0,1,1.1447051126644732,0.5,0.23,1,0.837306044283684,1,0.2934298285507352,-0.31073828397366837,0,1,2.13,1,2.55,2,0,0,1,0,0,1,0,0,0,0,0,0,0,0,1,0,0,0
1386,0,5,2,1,-0.05087873484397031,0.15,0.68,1,0.1543483538057855,0,-1.5552705263366409,1.7060726937400446,0,0,4.13,0,3.58,0,0,0,0,1,1,0,1,0,0,0,0,0,0,0,1,0,0,1
1387,4,5,6,1,-0.8479346331829327,0.46,0.24,1,0.8690773956235487,0,-1.1239071101962532,0.3615320419309026,1,2,4.86,0,2.11,0,0,0,1,0,1,0,0,0,1,0,1,0,1,0,0,0,0,0
1388,13,1,9,0,-0.9807772829060931,0.71,0.82,2,-0.1312327701695893,2,0.5399232092023853,0.921757313518045,2,0,4.12,0,2.47,2,0,0,0,0,0,0,1,0,0,1,1,1,0,1,0,0,0,0
1389,14,7,2,1,-1.6449905315218951,0.75,0.49,1,-0.6524273473767335,2,0.04693644789908505,-0.8709635555608108,1,1,3.44,0,4.67,2,0,0,0,0,1,0,1,0,0,0,0,0,0,1,0,0,0,0
1390,4,2,6,0,-0.8479346331829327,0.2,0.26,2,-1.5217528965096112,0,-0.3844269682413027,-0.4227833382910969,0,0,3.75,0,3.27,0,0,1,1,0,0,0,0,0,1,0,0,0,0,0,0,1,0,0
1391,6,0,9,2,0.08196391487919008,0.89,0.26,0,0.5549562111548069,2,-1.4936471811737284,1.4819825851051875,0,2,2.22,0,4.64,1,0,1,1,0,0,0,1,0,0,0,1,0,0,0,0,0,0,0
1392,5,3,5,0,-0.7150919834597723,0.78,0.8,1,1.2423727219627887,2,0.4782998640394728,-0.7589185012433823,2,0,3.36,0,2.83,1,0,0,0,1,1,0,0,0,0,0,1,1,0,1,0,1,0,0
1393,10,9,2,1,1.0118624629413129,0.34,0.95,1,1.636138907631237,1,-1.5552705263366409,-0.8709635555608108,2,1,2.79,0,3.99,1,0,1,1,0,1,0,0,0,0,0,0,0,0,0,0,1,1,1
1394,5,8,4,2,1.2775477623876337,0.75,0.44,1,-0.415279482290482,0,1.4642733866460733,-0.9830086098782393,2,0,2.28,0,2.55,2,1,0,0,1,0,1,0,0,0,0,1,0,0,0,1,0,1,0
1395,10,7,7,3,-1.2464625823524138,0.75,0.66,2,-0.04155091025115303,1,-1.4936471811737284,0.025396878978617116,0,2,3.18,0,2.45,1,1,0,0,0,0,1,1,0,0,0,0,0,1,0,0,0,1,0
1396,15,3,2,2,0.4804918640486713,0.56,0.56,1,-0.9570532302518567,2,0.9712866253427731,-1.6552789357828104,2,0,2.03,0,4.83,2,0,1,0,1,0,0,0,0,0,0,1,1,0,0,1,0,0,0
1397,7,4,2,0,0.08196391487919008,0.58,0.67,0,1.3311339347685356,2,-1.5552705263366409,0.4735770962483311,1,2,4.67,0,3.38,2,0,0,0,0,0,0,0,0,1,1,0,0,0,1,1,1,0,0
1398,13,9,1,1,-1.5121478817987346,0.39,0.59,1,1.0439100875136564,1,-0.32280362307839017,-1.3191437728305249,2,0,3.79,1,1.75,0,0,0,0,0,1,0,0,0,0,0,0,0,0,1,1,0,0,0
1399,0,2,2,0,-0.5822493337366119,0.22,0.94,1,-0.6000587733784679,2,-1.6168938714995533,1.145847422152902,1,0,4.67,0,3.26,2,0,1,1,0,0,1,0,0,0,1,0,1,1,0,0,0,0,0
1400,15,5,8,2,-1.3793052320755743,0.17,0.47,2,0.7998663950343208,0,-0.3844269682413027,-0.8709635555608108,1,0,4.5,1,4.14,2,0,0,0,0,0,0,0,0,1,0,1,0,0,0,0,1,0,1
1401,3,3,6,1,-0.5822493337366119,0.75,0.47,2,-1.2399626724100157,2,-0.32280362307839017,1.7060726937400446,1,1,3.59,1,2.3,2,0,0,0,1,0,0,1,1,0,0,1,0,1,0,0,0,0,0
1402,5,6,7,3,-1.6449905315218951,0.48,0.88,0,0.2631832840489925,1,-1.5552705263366409,-0.8709635555608108,0,0,4.85,1,1.49,0,0,0,0,0,1,1,0,0,1,0,0,0,1,0,0,1,0,1
1403,17,6,7,3,-0.9807772829060931,0.88,0.95,0,0.9844290632722621,2,-0.9390370747075155,1.2578924764703305,0,1,2.75,1,4.22,1,0,0,0,1,0,0,0,0,0,0,1,1,0,1,1,0,1,0
1404,7,8,2,0,1.5432330618339545,0.57,0.44,2,-1.2010608189228518,0,0.4782998640394728,0.1374419332960456,2,2,2.01,0,1.31,0,0,0,1,0,0,1,1,0,0,0,1,0,0,0,1,0,0,0
1405,17,2,9,1,1.410390412110794,0.67,0.32,1,-1.6442350663056238,2,-0.5076736585671278,-0.4227833382910969,1,1,3.2,0,3.48,1,1,0,0,0,0,1,0,1,0,0,0,0,1,0,0,0,0,0
1406,6,4,5,0,-0.05087873484397031,0.42,0.89,0,-0.2324678487570673,0,0.5399232092023853,-0.08664817533881138,1,2,2.51,1,1.92,1,0,0,0,1,0,0,0,0,0,0,0,0,0,0,0,0,1,1
1407,6,3,5,3,-1.1136199326292535,0.89,0.84,2,-0.7902716876217375,0,0.4782998640394728,-0.9830086098782393,1,0,4.12,1,2.7,0,1,0,0,1,1,0,0,0,1,0,1,0,0,0,0,0,1,0
1408,5,5,6,1,0.8790198132181525,0.41,0.26,0,1.3959944264527027,2,-1.678517216662466,-1.3191437728305249,1,1,4.17,0,2.99,2,0,1,1,0,1,0,0,0,0,0,1,1,0,0,0,0,0,0
1409,17,6,5,0,-0.7150919834597723,0.56,0.24,2,0.9165719554958124,0,-1.1239071101962532,0.3615320419309026,1,1,4.49,1,4.02,1,0,0,0,0,1,0,0,0,1,0,0,0,0,0,0,1,1,0
1410,11,4,1,3,-0.8479346331829327,0.92,0.7,0,0.01558336644809231,0,0.04693644789908505,-1.4311888271479534,1,0,2.49,1,4.62,2,0,0,1,1,0,1,0,1,0,1,0,0,0,0,0,0,0,0
1411,8,3,0,0,-0.05087873484397031,0.87,0.44,2,0.46888473207044606,2,0.6631698995282104,-1.4311888271479534,0,0,2.71,1,1.71,1,0,1,1,0,1,0,0,0,0,0,0,0,1,0,0,0,0,1
1412,16,0,3,0,1.0118624629413129,0.48,0.9,1,-0.5242227239587113,2,0.7247932446911229,1.4819825851051875,1,0,3.49,0,2.45,0,0,1,0,0,0,0,1,1,1,0,0,0,0,0,1,0,0,1
1413,18,3,9,0,-0.5822493337366119,0.83,0.71,0,-1.00308558588632,0,-1.6168938714995533,0.5856221505657596,1,1,2.88,0,4.84,1,0,1,0,1,0,0,1,0,0,0,0,0,1,0,0,0,0,1
1414,12,0,7,3,-1.1136199326292535,0.59,0.53,1,-0.0677803270107118,1,-0.13793358758965255,-0.31073828397366837,0,0,4.5,1,2.46,1,0,0,0,0,0,0,0,0,0,0,0,0,1,0,0,1,1,0
1415,19,8,1,2,-1.1136199326292535,0.59,0.24,1,-1.3445734570773542,1,-1.3087771456849908,1.7060726937400446,0,1,4.26,1,4.28,2,0,0,0,0,0,0,1,0,0,0,0,0,0,0,1,0,1,1
1416,6,4,6,2,-1.1136199326292535,0.43,0.97,0,-1.684256137851351,1,-0.877413729544603,-0.5348283926085253,0,0,4.96,0,2.79,2,1,0,0,1,0,1,0,0,0,0,0,1,0,0,1,0,0,0
1417,12,9,1,2,-0.7150919834597723,0.43,0.53,0,1.537394991819271,1,1.4026500414831609,-1.0950536641956679,2,2,4.31,1,3.97,2,0,0,0,0,0,1,1,0,0,0,1,0,1,0,0,0,0,0
1418,6,3,9,1,0.08196391487919008,0.7,0.31,1,0.9185576649545539,2,-0.07631024242674002,-1.4311888271479534,0,2,2.9,0,3.01,0,1,0,0,0,0,0,0,0,0,0,1,0,0,0,0,1,0,1
1419,18,9,4,0,1.410390412110794,0.21,0.4,0,0.15091849201341373,0,-1.4936471811737284,0.921757313518045,1,2,4.85,0,4.78,0,0,0,0,1,1,0,0,0,1,0,1,0,0,0,0,0,1,0
1420,10,2,5,0,0.4804918640486713,0.07,0.45,1,-0.7412968716075028,0,1.0329099705056857,-0.8709635555608108,1,2,2.59,1,4.57,0,0,0,0,0,0,0,1,0,0,1,0,0,1,0,0,0,0,1
1421,2,8,8,0,0.08196391487919008,0.36,0.7,1,1.4695920397553324,1,1.649143422134811,-1.0950536641956679,2,2,4.27,0,1.09,1,1,0,0,1,0,0,1,0,0,0,0,0,0,0,0,0,0,0
1422,15,8,8,0,-1.1136199326292535,0.26,0.24,1,-1.400913449993103,1,1.525896731808986,-1.6552789357828104,1,0,2.27,0,2.3,2,0,1,1,0,0,1,0,0,0,0,0,0,0,1,0,1,0,0
1423,16,5,0,2,-1.3793052320755743,0.19,0.91,2,1.506815066154651,0,0.7247932446911229,-1.0950536641956679,1,2,4.57,1,2.28,1,0,0,0,1,0,0,0,0,0,1,0,0,0,0,0,0,1,0
1424,6,5,2,2,0.8790198132181525,0.58,0.87,1,-0.11074385893621065,1,0.7247932446911229,0.8097122592006165,1,1,3.0,0,4.43,2,1,0,0,0,0,0,0,1,0,0,0,1,0,0,0,0,0,0
1425,17,7,0,0,-1.6449905315218951,0.26,0.96,1,1.2452429747258786,1,1.2177800059944233,-0.19869322965623987,2,1,4.01,0,4.57,1,1,0,1,0,0,0,0,0,0,1,0,0,0,1,0,0,0,1
1426,11,8,3,0,-1.5121478817987346,0.05,0.54,1,-1.3983861834092501,0,0.4782998640394728,0.6976672048831881,1,0,4.43,0,3.38,2,0,0,0,0,1,0,1,0,0,0,1,0,0,0,1,1,0,1
1427,0,3,9,1,-1.5121478817987346,0.67,0.53,2,0.646064171502703,2,1.2794033511573357,1.0338023678354735,1,0,2.29,1,3.93,1,0,0,0,0,0,0,0,1,0,0,0,0,1,1,0,0,0,0
1428,3,1,2,1,0.08196391487919008,0.58,0.23,0,0.10447094258303198,2,1.0945333156685981,0.2494869876134741,0,2,2.27,0,4.73,1,1,0,1,1,0,0,0,1,0,0,0,0,0,0,0,0,0,0
1429,5,2,0,3,-0.9807772829060931,0.35,0.52,0,0.8903244868320833,1,-1.678517216662466,0.025396878978617116,2,0,3.46,1,3.9,1,0,0,0,0,0,0,0,0,1,0,0,0,0,0,0,0,1,1
1430,7,7,9,3,0.4804918640486713,0.62,0.56,2,-0.08023614088827238,0,1.1561566608315106,0.8097122592006165,2,0,2.67,0,3.41,1,0,1,0,0,1,0,0,0,0,0,0,0,1,0,0,0,0,0
1431,19,1,7,2,0.7461771634949921,0.54,0.53,2,-1.3686908010489789,2,-0.19955693275256509,0.1374419332960456,0,0,3.25,0,1.27,1,0,0,1,1,1,0,0,0,1,0,0,0,1,0,0,0,0,0
1432,18,5,0,0,-0.4494066840134515,0.37,0.24,2,1.420490860411905,1,0.2934298285507352,-1.5432338814653819,0,0,3.32,1,1.07,0,1,0,1,0,1,0,0,0,0,0,0,1,0,1,0,0,0,0
1433,12,9,7,0,-1.6449905315218951,0.35,0.82,0,-0.6077849883633896,1,-1.3087771456849908,-0.31073828397366837,1,0,3.67,1,3.37,0,0,0,0,0,0,0,0,1,1,1,0,0,0,1,0,0,0,0
1434,19,8,8,2,-0.4494066840134515,0.19,0.87,1,-1.0651480324240783,2,-1.6168938714995533,0.6976672048831881,2,2,2.89,1,3.03,1,0,0,1,1,0,0,1,0,1,0,1,0,1,0,0,0,0,0
1435,14,9,8,2,-0.05087873484397031,0.41,0.56,2,0.7181995805675322,2,-0.877413729544603,-1.6552789357828104,2,2,2.75,1,4.09,0,1,0,0,0,0,0,0,0,0,1,0,0,0,1,0,0,0,0
1436,18,0,9,3,1.2775477623876337,0.25,0.32,0,-0.2907754992273872,2,-1.3087771456849908,-0.08664817533881138,0,0,4.89,0,2.26,2,0,0,0,0,0,0,0,0,0,0,0,1,1,0,0,1,0,0
1437,13,2,5,0,0.21480656460235048,0.14,0.68,1,0.042264080811910514,0,-0.13793358758965255,-1.5432338814653819,2,1,2.38,1,1.52,2,1,0,1,0,1,1,0,0,1,0,0,0,0,0,0,0,0,1
1438,13,5,1,2,0.4804918640486713,0.46,0.87,0,-1.2614985940852763,0,-1.5552705263366409,1.2578924764703305,1,1,4.77,1,4.09,1,0,1,0,0,0,0,0,0,1,0,0,0,0,0,0,0,0,1
1439,3,2,2,0,0.3476492143255109,0.41,0.23,0,0.821528680038774,0,-0.5692970037300403,1.0338023678354735,1,2,3.9,1,3.33,2,0,0,0,0,0,0,0,0,0,0,1,1,0,0,1,0,0,0
1440,16,7,3,0,-1.6449905315218951,0.48,0.68,2,0.8659724681062437,1,1.4642733866460733,-0.7589185012433823,0,0,2.45,0,1.77,0,0,0,0,0,0,0,0,1,0,0,1,1,0,0,1,0,0,0
1441,3,6,9,0,-0.05087873484397031,0.32,0.23,0,-1.395931124442079,2,0.7864165898540355,0.3615320419309026,2,2,4.36,1,3.68,2,0,1,0,0,0,0,1,0,0,1,0,0,0,0,0,0,1,0
1442,14,3,1,1,0.7461771634949921,0.29,0.94,0,-1.3067727697445835,1,1.1561566608315106,-0.5348283926085253,1,0,4.03,1,4.55,1,0,0,0,0,0,0,0,0,0,0,0,1,0,0,0,1,0,1
1443,4,6,1,1,0.6133345137718317,0.29,0.42,0,-0.8075834637211297,1,-0.5076736585671278,-1.6552789357828104,1,1,4.09,1,1.63,1,0,0,1,0,0,0,0,0,0,0,0,0,1,1,1,1,1,0
1444,7,8,4,2,1.6760757115571148,0.33,0.23,2,-0.03550352235407651,2,0.10855979306199759,-1.3191437728305249,1,0,4.45,0,3.11,0,0,1,0,0,0,0,0,0,0,0,0,0,1,0,0,1,0,0
1445,19,5,7,0,1.5432330618339545,0.78,0.48,2,0.0996871879778819,2,-0.44605031340421525,0.6976672048831881,1,0,2.81,1,2.82,2,0,0,1,1,0,0,0,0,0,0,0,0,0,1,0,0,0,0
1446,18,6,7,1,0.8790198132181525,0.29,0.69,2,1.0030586283760918,1,0.6631698995282104,-1.3191437728305249,0,1,3.18,0,1.36,1,0,1,0,0,0,0,1,0,0,0,0,0,0,1,0,0,0,0
1447,9,0,1,1,-0.18372138456713072,0.25,0.54,1,0.38927583467908056,2,-0.7541670392187779,-1.4311888271479534,0,1,2.24,0,3.58,2,1,0,0,0,0,0,0,0,0,0,0,1,1,1,1,1,0,0
1448,19,9,3,3,0.21480656460235048,0.4,0.43,0,-1.4538596849248206,2,0.4782998640394728,-0.31073828397366837,0,0,3.75,0,3.04,1,0,0,1,0,0,1,0,0,0,1,1,0,0,1,0,1,0,0
1449,1,9,9,1,0.21480656460235048,0.41,0.28,1,-1.4911368670366507,1,0.848039935016948,0.025396878978617116,1,0,4.72,1,4.24,0,0,1,0,0,0,0,1,0,0,0,0,0,0,0,0,1,0,0
1450,0,8,3,1,-0.9807772829060931,0.15,0.76,2,0.25773160898953845,2,-0.5692970037300403,-0.6468734469259538,2,2,3.0,0,2.79,0,0,1,1,0,0,0,1,1,0,1,0,0,0,0,0,0,1,0
1451,11,5,8,0,0.7461771634949921,0.56,0.52,2,1.5742569801351822,2,1.3410266963202482,0.6976672048831881,2,1,4.18,0,1.98,0,0,0,0,0,0,0,1,1,0,0,1,0,1,0,0,0,0,0
1452,15,4,4,3,1.0118624629413129,0.61,0.97,1,-0.7297978086509722,1,-1.3087771456849908,-0.08664817533881138,2,0,4.61,0,3.78,0,0,0,0,0,0,1,0,0,0,0,0,0,1,0,0,0,0,1
1453,14,1,5,0,0.8790198132181525,0.76,0.84,2,-0.09305299284924054,2,0.9096632801798605,1.145847422152902,1,0,3.36,1,2.04,0,1,1,1,0,1,0,0,1,0,0,0,0,0,0,0,0,0,0
1454,1,8,0,1,-0.18372138456713072,0.74,0.92,1,0.10342393214115007,0,0.848039935016948,-1.3191437728305249,1,1,4.47,0,3.43,0,0,1,1,1,0,0,0,0,0,0,0,0,0,1,0,0,0,0
1455,5,3,2,2,1.5432330618339545,0.07,0.75,1,1.0353354330327271,2,-0.5076736585671278,-0.31073828397366837,2,0,3.61,0,1.06,2,0,0,0,0,1,0,0,0,0,0,1,0,0,0,0,0,0,1
1456,17,9,1,3,-0.05087873484397031,0.26,0.77,0,-0.5589906913908587,0,-1.1239071101962532,-0.4227833382910969,1,1,3.81,1,2.32,1,1,1,0,0,0,0,0,0,1,0,0,0,0,0,1,1,0,0
1457,0,4,5,3,-1.3793052320755743,0.65,0.82,1,-1.2188961002431848,1,1.649143422134811,0.3615320419309026,1,1,3.69,0,4.87,1,1,0,0,0,0,0,0,0,0,0,0,0,0,0,0,1,1,1
1458,14,2,2,2,1.1447051126644732,0.05,0.73,1,0.8867141059980077,0,0.7247932446911229,-1.5432338814653819,0,0,4.85,0,2.91,0,0,0,0,0,1,0,1,0,0,0,0,1,0,0,0,0,0,0
1459,1,0,0,2,-0.3165640342902911,0.29,0.3,0,1.455655969735801,2,-1.4320238360108157,0.4735770962483311,2,1,4.96,1,4.52,0,0,0,0,1,0,0,0,0,0,0,1,1,0,0,0,0,1,0
1460,8,8,8,0,0.08196391487919008,0.48,0.25,1,1.23526027171966,1,1.0329099705056857,0.5856221505657596,1,0,2.72,1,2.27,1,0,0,0,0,1,0,0,0,0,0,0,1,0,1,1,0,1,1
1461,8,3,1,0,1.1447051126644732,0.3,0.86,2,-1.0473308030079156,2,-1.1855304553591657,1.145847422152902,0,1,4.66,0,4.22,0,0,1,0,0,0,0,0,0,0,1,0,0,0,0,1,0,0,0
1462,11,2,8,2,-0.9807772829060931,0.28,0.87,0,0.9417543618134893,2,1.2794033511573357,-0.7589185012433823,1,2,4.05,0,4.04,0,0,1,0,0,0,0,1,0,0,0,0,0,1,0,0,0,0,1
1463,0,1,3,1,0.8790198132181525,0.33,0.97,0,-0.6997774920156341,0,-1.6168938714995533,-0.5348283926085253,0,2,3.44,0,2.27,2,0,1,1,0,0,0,0,1,0,1,0,0,0,0,1,0,1,0
1464,13,5,4,1,1.2775477623876337,0.53,0.93,2,-1.497888279196372,1,1.0945333156685981,0.921757313518045,1,2,4.86,0,1.67,2,1,0,0,0,0,1,0,0,0,0,0,0,0,0,0,0,0,1
1465,4,6,9,0,0.8790198132181525,0.18,0.46,1,-0.3393170695415328,2,0.9096632801798605,0.4735770962483311,0,0,4.85,0,4.08,1,0,0,1,0,0,0,0,0,0,1,0,0,0,0,0,1,0,1
1466,17,7,7,2,1.1447051126644732,0.74,0.25,2,1.3005901129122566,1,-1.4320238360108157,0.025396878978617116,0,1,4.96,0,1.05,1,1,0,0,0,0,1,0,0,1,0,0,0,1,1,1,0,0,0
1467,16,2,2,0,-1.6449905315218951,0.14,0.33,2,0.8846922927309254,0,-1.5552705263366409,-0.4227833382910969,1,1,2.1,1,3.31,0,0,0,0,0,1,0,1,0,1,0,1,0,0,1,0,0,0,1
1468,12,6,6,0,-1.3793052320755743,0.83,0.83,2,-1.5585246253046705,0,0.04693644789908505,-0.8709635555608108,0,2,4.94,0,3.18,0,0,1,1,0,1,0,0,0,0,1,0,0,0,0,1,0,0,0
1469,5,7,8,3,-0.5822493337366119,0.11,0.55,0,-1.638079366983525,1,-0.014686897263827485,0.6976672048831881,0,1,3.47,0,4.05,0,1,0,0,0,1,0,0,0,0,1,0,0,0,0,0,1,0,0
1470,6,8,5,1,-1.5121478817987346,0.34,0.46,0,1.494287044660409,1,0.7247932446911229,-0.6468734469259538,0,0,4.31,1,1.52,0,0,0,0,0,0,1,0,0,1,0,1,1,1,0,1,0,0,0
1471,8,5,9,0,1.410390412110794,0.06,0.56,0,-1.134106306354921,0,-0.8157903843816905,-1.6552789357828104,0,1,4.01,1,4.51,1,1,0,0,0,0,0,0,0,0,0,0,0,0,1,0,1,1,0
1472,17,6,9,1,0.08196391487919008,0.57,0.97,0,0.9675685847771294,2,-0.8157903843816905,-1.3191437728305249,1,2,3.84,0,3.91,2,0,1,1,0,0,0,0,0,0,0,1,0,0,1,0,0,0,1
1473,4,8,0,1,0.08196391487919008,0.28,0.42,1,-0.5486469503012322,2,0.6015465543652979,-0.08664817533881138,2,1,4.06,0,2.16,1,0,0,0,0,0,0,1,0,0,0,0,0,0,1,0,1,0,0
1474,17,3,0,0,0.4804918640486713,0.64,0.59,2,-0.3281248889558986,0,-1.1855304553591657,-0.6468734469259538,2,1,3.08,0,4.27,1,0,0,1,0,0,1,0,0,1,1,0,0,0,0,0,1,0,0
1475,8,2,8,1,-0.3165640342902911,0.69,0.49,0,1.5591114325362354,0,-0.9390370747075155,-0.08664817533881138,0,2,3.91,1,2.4,2,0,0,1,0,0,1,0,0,0,0,0,1,0,1,1,0,1,0
1476,2,3,5,1,1.5432330618339545,0.21,0.47,2,1.4561072673400604,1,-1.2471538005220781,1.594027639422616,1,1,4.45,0,3.03,2,1,0,0,0,0,0,0,0,0,0,0,0,1,0,0,0,0,1
1477,19,6,4,1,-0.7150919834597723,0.09,0.27,2,0.3619271998609584,2,-0.32280362307839017,1.145847422152902,0,0,2.02,0,1.47,1,0,1,0,0,0,1,0,0,0,1,0,0,0,1,0,0,0,0
1478,16,5,4,0,-1.5121478817987346,0.38,0.75,1,1.530751891084572,0,1.4026500414831609,-0.4227833382910969,0,2,3.33,0,2.98,1,0,0,1,0,1,0,0,1,0,1,0,1,1,0,0,0,0,0
1479,6,7,5,3,0.08196391487919008,0.94,0.83,2,-0.6869245362463252,2,1.7107667672977236,-0.7589185012433823,1,0,2.31,0,1.0,1,0,1,1,0,0,0,0,0,0,0,0,0,0,1,0,0,0,0
1480,13,4,2,0,-0.05087873484397031,0.15,0.48,0,-0.9501032471462614,0,0.6631698995282104,1.0338023678354735,1,1,2.02,1,2.09,2,0,1,0,0,0,0,0,1,0,1,0,0,0,0,0,0,1,1
1481,19,1,1,1,1.410390412110794,0.06,0.98,2,0.6018550581894481,0,1.5875200769718985,0.3615320419309026,0,0,3.44,1,2.87,1,0,0,0,0,1,0,1,1,0,0,0,0,0,0,0,0,0,0
1482,9,2,6,2,1.410390412110794,0.66,0.79,0,0.7116647912578554,0,1.7107667672977236,0.4735770962483311,0,2,3.54,1,3.18,2,0,0,1,1,0,0,1,0,0,0,0,0,0,0,0,0,1,1
1483,6,9,2,3,0.7461771634949921,0.69,0.91,1,-1.704095180534596,0,0.6015465543652979,0.4735770962483311,0,0,4.47,0,2.25,1,0,1,0,0,0,0,1,0,0,0,0,0,0,0,0,1,0,1
1484,7,2,0,2,-0.4494066840134515,0.46,0.66,0,-0.938423665148027,1,-0.5076736585671278,1.0338023678354735,1,2,4.98,1,3.76,0,0,0,1,1,0,0,0,0,0,0,0,0,1,0,1,1,0,0
1485,10,8,7,3,-0.18372138456713072,0.51,0.95,0,1.2690353844224365,2,0.04693644789908505,0.1374419332960456,2,0,3.49,0,3.66,1,0,1,0,0,0,0,1,0,0,0,1,0,1,1,0,0,0,0
1486,0,9,2,1,0.21480656460235048,0.95,0.37,0,-0.2937721153196699,0,-1.3087771456849908,1.145847422152902,0,2,3.4,0,1.38,1,1,0,0,0,0,0,0,0,0,0,0,0,1,0,0,0,0,1
1487,13,2,2,0,1.2775477623876337,0.51,0.37,0,1.018402746920913,0,-0.44605031340421525,-0.6468734469259538,2,1,4.71,0,3.33,1,0,0,0,0,0,0,1,1,0,0,1,0,0,0,0,1,0,0
1488,15,5,2,0,0.21480656460235048,0.25,0.8,2,-1.0903845944542663,2,1.0329099705056857,0.6976672048831881,0,2,4.43,0,3.49,0,0,0,0,0,1,0,0,0,1,0,1,1,0,0,0,0,1,0
1489,7,3,5,1,0.7461771634949921,0.29,0.58,2,-0.3626762335380015,0,-0.32280362307839017,-0.5348283926085253,1,2,4.08,1,4.65,0,0,0,1,0,1,0,0,0,0,0,0,1,0,1,0,0,1,0
1490,16,7,5,2,1.6760757115571148,0.47,0.26,1,0.23393919929298065,2,-1.2471538005220781,1.0338023678354735,2,1,3.65,1,4.71,1,0,0,1,0,0,0,0,0,0,0,0,0,0,0,1,0,1,0
1491,15,4,8,0,-1.1136199326292535,0.81,0.46,0,0.3262385853161217,0,-0.7541670392187779,0.5856221505657596,0,0,2.08,0,2.18,2,1,0,0,0,1,0,0,0,0,0,0,0,0,0,0,1,0,0
1492,11,8,8,3,-0.8479346331829327,0.34,0.94,0,1.0030947321844326,2,-0.014686897263827485,-1.6552789357828104,1,2,3.46,0,4.69,0,0,1,0,1,0,1,1,0,0,0,0,0,0,0,0,1,0,0
1493,0,7,0,1,-1.6449905315218951,0.94,0.66,0,1.0976145024205302,1,1.0329099705056857,0.921757313518045,2,2,3.7,1,4.79,2,1,0,0,0,1,0,0,1,0,0,0,0,0,0,1,0,0,0
1494,6,1,1,3,1.5432330618339545,0.11,0.55,0,-0.14906805148992244,1,-0.014686897263827485,0.5856221505657596,1,1,4.75,1,4.82,1,0,0,0,0,1,1,0,0,0,1,0,0,0,0,0,0,0,0
1495,16,3,9,3,0.08196391487919008,0.24,0.87,0,-0.5480331855594395,2,-1.0622837650333405,1.594027639422616,2,2,2.55,1,3.2,0,0,0,0,0,0,1,0,1,0,0,0,0,0,0,0,0,1,0
1496,17,4,9,2,-0.7150919834597723,0.88,0.82,2,1.1392241415332507,2,-1.3704004908479033,-1.0950536641956679,2,2,2.13,1,4.59,0,0,0,0,0,0,1,1,0,0,0,0,1,1,0,0,0,0,0
1497,11,7,4,2,0.3476492143255109,0.72,0.34,0,-1.4883749256985828,0,0.41667651887656026,1.4819825851051875,1,1,4.67,1,1.25,0,0,1,0,0,0,0,1,1,0,1,0,0,0,0,0,0,0,0
1498,5,8,3,2,0.08196391487919008,0.93,0.33,0,0.9855302294266551,2,-0.2611802779154776,0.1374419332960456,0,2,2.41,0,2.96,0,0,0,0,0,0,1,0,1,0,0,0,0,0,0,0,1,1,0
1499,13,5,7,0,0.21480656460235048,0.61,0.92,0,-0.12312746519708974,2,1.0329099705056857,-0.7589185012433823,1,2,3.64,0,1.06,0,0,0,0,1,0,0,1,0,1,0,0,1,0,0,1,1,0,0
1500,4,2,4,3,-1.1136199326292535,0.75,0.24,0,0.3090892763542629,2,-1.1239071101962532,-0.31073828397366837,0,1,4.39,1,3.05,0,1,1,0,0,0,0,1,0,0,0,1,0,0,0,1,0,0,0
1501,4,6,0,1,-0.3165640342902911,0.05,0.35,1,0.586944185344716,0,1.0945333156685981,-0.31073828397366837,0,0,2.03,1,1.3,1,0,0,0,1,0,0,1,0,0,0,0,1,0,0,0,1,1,1
1502,14,0,1,0,1.5432330618339545,0.62,0.31,1,1.0125539299697104,1,0.4782998640394728,0.6976672048831881,1,1,4.95,0,1.33,2,1,0,0,0,0,1,0,1,0,0,0,0,1,0,1,0,0,1
1503,3,9,9,3,0.3476492143255109,0.55,0.61,2,-1.7314979710652294,2,-1.0622837650333405,-1.5432338814653819,1,2,3.95,1,2.89,2,0,0,0,1,0,0,0,0,0,1,0,1,0,0,0,0,0,0
1504,1,3,0,3,1.2775477623876337,0.43,0.63,2,0.020493484382435038,0,-0.5692970037300403,-0.19869322965623987,2,0,2.16,1,1.37,1,0,0,0,0,0,0,1,1,0,0,0,0,1,0,0,0,0,0
1505,6,2,9,2,-1.5121478817987346,0.78,0.59,2,-0.030954442503141333,2,0.9096632801798605,-0.6468734469259538,0,2,2.49,1,3.81,1,1,0,0,0,0,0,0,0,0,1,0,0,0,0,0,0,1,0
1506,9,3,4,3,-0.5822493337366119,0.2,0.91,0,0.48271249066495536,2,0.9712866253427731,0.8097122592006165,0,0,4.58,0,3.56,1,0,0,0,0,0,0,0,0,0,0,1,1,0,0,0,1,1,0
1507,18,7,8,1,-0.4494066840134515,0.2,0.32,2,1.3933769003479979,2,-0.5692970037300403,-1.3191437728305249,1,0,2.63,0,1.16,1,0,1,0,0,1,0,0,0,0,0,1,0,1,0,1,0,0,1
1508,7,1,4,3,-0.05087873484397031,0.93,0.81,0,0.35717954906414906,1,1.2177800059944233,0.6976672048831881,1,1,4.51,0,2.37,0,1,0,0,0,0,0,1,0,0,0,0,1,0,1,0,0,0,1
1509,19,7,4,1,0.4804918640486713,0.7,0.61,2,-1.3714888461953874,1,1.525896731808986,1.145847422152902,1,0,3.2,0,3.94,1,0,0,0,1,1,0,0,0,1,1,0,0,1,0,0,0,1,0
1510,2,2,3,2,1.5432330618339545,0.56,0.66,2,0.3221227511652756,2,-1.1239071101962532,-0.08664817533881138,0,0,2.33,1,1.36,0,0,1,0,1,0,1,0,1,0,0,0,0,0,0,0,1,0,0
1511,11,3,2,0,-1.3793052320755743,0.86,0.68,2,1.417999697636393,2,1.525896731808986,0.3615320419309026,1,1,3.5,1,1.21,1,0,0,0,1,0,0,0,0,0,0,1,1,0,1,1,0,0,0
1512,19,2,5,3,1.1447051126644732,0.85,0.32,2,0.23628594683512974,1,-0.3844269682413027,1.369937530787759,1,2,3.64,1,4.29,1,1,1,0,1,0,0,0,0,0,0,0,0,0,1,0,1,0,1
1513,19,3,6,2,0.21480656460235048,0.77,0.57,1,1.4879327743924362,2,-1.678517216662466,-0.6468734469259538,2,0,2.74,0,4.83,2,0,0,1,0,1,0,0,0,0,1,0,0,0,0,1,0,1,1
1514,5,8,3,2,1.6760757115571148,0.12,0.34,2,-0.15479050511193218,0,1.5875200769718985,1.4819825851051875,2,2,3.34,0,3.48,1,1,0,0,0,1,1,0,0,0,0,0,1,0,1,0,0,0,0
1515,16,4,2,2,-1.6449905315218951,0.3,0.61,2,0.3939873816675491,0,-1.1855304553591657,0.921757313518045,0,0,4.95,0,4.98,0,0,1,0,0,1,1,1,1,0,1,0,0,0,0,0,0,0,0
1516,2,7,0,0,0.4804918640486713,0.94,0.98,0,1.0068495282518712,1,-1.2471538005220781,-1.2070987185130964,1,0,2.86,0,2.91,0,0,1,0,0,0,1,0,1,0,0,1,0,0,0,1,0,0,0
1517,17,0,9,3,-1.6449905315218951,0.42,0.83,0,-1.1005117126938482,2,-0.3844269682413027,0.4735770962483311,1,0,2.09,0,4.87,0,0,1,1,0,0,1,0,0,1,0,0,0,0,0,1,0,1,0
1518,13,9,1,3,1.0118624629413129,0.27,0.24,0,0.3375571292309485,1,-0.5692970037300403,-0.6468734469259538,1,2,3.26,1,4.2,0,1,0,0,0,1,0,1,1,0,0,1,0,0,0,0,0,1,0
1519,5,8,0,3,-1.3793052320755743,0.54,0.35,1,0.5660220284112484,0,-0.5076736585671278,-0.4227833382910969,0,0,2.99,0,2.51,2,0,0,0,0,0,0,1,0,0,0,0,1,0,1,0,1,0,0
1520,13,5,8,1,-0.9807772829060931,0.62,0.64,0,0.7268283907609727,0,1.0945333156685981,0.2494869876134741,1,2,3.75,0,4.34,1,1,0,0,1,0,0,0,0,0,0,1,1,1,0,0,1,0,0
1521,5,7,7,1,-0.3165640342902911,0.5,0.32,2,1.5333152614767656,1,-0.7541670392187779,-1.4311888271479534,0,1,4.52,1,4.26,1,0,0,0,1,0,0,0,1,0,0,0,1,1,0,0,0,0,1
1522,14,1,3,0,1.6760757115571148,0.24,0.54,1,0.06139909923251085,0,0.17018313822491013,0.2494869876134741,1,1,3.28,0,1.74,0,0,0,0,0,0,1,0,0,1,1,0,1,0,1,0,1,0,0
1523,8,7,7,1,1.410390412110794,0.94,0.58,2,0.9103621004612025,2,-1.000660419870428,0.6976672048831881,0,1,4.47,0,3.55,2,0,0,0,1,0,0,1,1,0,0,0,1,0,0,0,1,0,1
1524,1,9,9,1,-0.5822493337366119,0.21,0.95,1,-1.133817475888195,1,-0.3844269682413027,0.1374419332960456,1,0,3.75,1,1.24,0,1,1,0,0,0,0,1,0,0,0,1,0,0,1,0,0,0,0
1525,13,7,9,0,-0.3165640342902911,0.45,0.92,1,-0.26730802380589624,2,-0.5692970037300403,1.594027639422616,1,0,3.81,1,4.92,2,1,0,0,1,1,1,1,0,0,0,0,0,0,0,0,0,0,1
1526,9,3,0,2,-0.05087873484397031,0.92,0.62,0,-1.4173406827881467,2,-0.8157903843816905,0.1374419332960456,1,2,3.14,1,2.19,2,0,0,1,0,0,0,1,0,0,1,0,0,1,1,0,0,1,0
1527,13,7,6,2,-0.18372138456713072,0.69,0.69,0,-1.4106975820534478,2,1.0329099705056857,-0.08664817533881138,2,1,3.98,0,4.56,0,1,0,1,0,0,0,1,0,0,0,0,1,0,0,1,0,0,0
1528,5,3,5,0,-1.5121478817987346,0.08,0.53,2,1.2659485088093019,1,1.0945333156685981,-1.5432338814653819,2,1,3.73,1,3.78,0,0,0,0,1,1,1,0,0,0,0,1,0,0,1,0,0,0,0
1529,11,6,1,1,0.6133345137718317,0.37,0.63,0,-1.4921477736701918,1,-1.2471538005220781,-0.4227833382910969,2,1,3.37,1,2.3,2,0,0,1,1,1,0,0,0,0,0,0,1,0,0,1,0,0,1
1530,11,1,5,3,1.1447051126644732,0.2,0.81,0,-1.4091631701989655,2,0.10855979306199759,0.8097122592006165,0,0,4.69,0,4.84,2,1,1,0,0,1,0,0,0,0,0,0,0,0,0,0,0,0,0
1531,15,2,4,1,0.21480656460235048,0.34,0.71,2,1.5127360907225351,2,0.2934298285507352,-0.4227833382910969,1,1,3.68,0,4.77,1,0,1,0,0,0,1,0,0,1,1,0,0,0,0,0,1,0,0
1532,14,2,1,3,1.0118624629413129,0.9,0.91,1,0.7615602543847794,1,1.7107667672977236,-1.4311888271479534,0,0,4.13,1,2.2,2,0,0,0,0,1,0,0,0,1,1,0,0,0,0,0,1,0,1
1533,17,9,0,2,0.21480656460235048,0.23,0.82,2,1.4014461015121567,1,0.2934298285507352,0.921757313518045,0,1,2.9,1,1.75,1,0,0,0,0,0,0,0,0,0,1,1,1,1,0,0,1,0,1
1534,6,2,4,0,1.5432330618339545,0.71,0.42,1,-0.39244382351495427,1,-0.5692970037300403,0.5856221505657596,2,0,2.75,1,4.19,0,1,0,0,0,0,1,1,0,0,0,0,1,0,0,0,0,0,1
1535,0,8,3,3,0.8790198132181525,0.48,0.45,1,0.9441733169723199,1,-1.1855304553591657,1.145847422152902,0,1,4.71,0,2.21,0,0,0,0,0,0,1,0,0,1,1,0,0,0,0,0,0,0,0
1536,19,6,5,3,-1.3793052320755743,0.23,0.44,2,-0.6409102325160325,1,0.6631698995282104,1.0338023678354735,0,0,3.3,1,4.57,2,0,0,1,0,0,0,0,0,0,1,0,1,0,0,0,0,0,0
1537,13,3,1,0,0.4804918640486713,0.15,0.29,2,-1.6219229127510368,1,-1.5552705263366409,-1.4311888271479534,1,0,4.58,1,1.65,1,1,0,1,0,1,1,0,0,0,1,0,1,0,0,0,0,0,0
1538,9,2,2,1,0.7461771634949921,0.57,0.74,2,-0.3153621927074416,0,0.5399232092023853,1.369937530787759,0,1,3.54,1,3.68,0,0,0,0,0,0,0,0,1,0,1,0,1,0,0,0,0,0,0
1539,15,9,9,2,1.2775477623876337,0.26,0.54,0,1.2179484956202677,1,0.17018313822491013,-1.4311888271479534,2,0,2.65,1,3.47,1,0,0,1,0,0,0,1,0,0,0,0,1,0,1,0,0,0,1
1540,6,0,3,2,0.7461771634949921,0.15,0.77,1,-0.9926876890841823,2,-1.6168938714995533,1.7060726937400446,1,1,2.77,0,4.08,2,0,1,0,0,0,0,0,0,0,0,1,0,1,0,1,1,1,0
1541,1,2,2,1,-0.05087873484397031,0.73,0.32,0,1.6033927534661718,1,-1.2471538005220781,-0.31073828397366837,2,1,3.99,1,1.37,1,1,1,0,0,0,0,0,0,1,0,0,0,0,0,0,0,0,0
1542,18,1,2,1,0.08196391487919008,0.91,0.8,1,0.9685433876023297,2,-1.6168938714995533,-1.6552789357828104,1,0,3.82,0,4.66,2,0,1,0,0,0,0,0,0,0,0,1,0,0,0,0,1,0,0
1543,11,6,9,1,0.7461771634949921,0.1,0.59,1,1.478942926115588,1,-0.6309203488929528,0.5856221505657596,2,0,3.26,1,1.73,2,1,0,1,0,1,0,1,0,1,1,0,0,0,0,0,0,0,0
1544,5,6,6,0,0.8790198132181525,0.53,0.59,0,-0.39441148106952545,1,-0.7541670392187779,-0.08664817533881138,1,0,4.2,0,1.75,1,0,1,0,0,0,0,0,0,0,0,1,0,0,0,0,1,0,1
1545,2,3,1,3,1.6760757115571148,0.72,0.48,2,-1.2118739095209081,1,-0.5076736585671278,0.1374419332960456,2,1,3.29,1,3.19,2,0,0,0,1,1,1,0,0,1,1,0,0,0,0,0,0,0,0
1546,8,1,3,3,-0.18372138456713072,0.53,0.23,0,1.5436228987580514,2,-0.07631024242674002,-0.19869322965623987,1,0,3.29,0,4.77,2,0,0,1,0,1,0,0,0,0,0,0,0,0,1,0,0,0,1
1547,8,4,7,2,-0.18372138456713072,0.74,0.3,2,0.14983537776319109,0,0.04693644789908505,0.025396878978617116,1,1,2.37,0,3.05,0,1,0,0,0,0,0,1,0,0,0,0,0,0,0,0,0,0,1
1548,5,4,3,0,1.2775477623876337,0.77,0.49,1,-0.9010020678028341,1,-1.4320238360108157,-0.19869322965623987,0,2,2.35,0,2.55,0,0,0,1,1,0,0,0,1,0,0,0,0,0,0,0,0,0,0
1549,11,5,5,2,-0.05087873484397031,0.6,0.52,1,-1.6398304016880516,2,-1.000660419870428,0.921757313518045,1,0,4.91,0,3.03,2,0,0,0,1,0,0,0,1,0,0,0,1,0,0,0,0,0,1
1550,19,5,3,2,0.7461771634949921,0.78,0.36,1,1.4574972639611794,0,-0.07631024242674002,1.145847422152902,1,1,2.03,1,4.4,0,1,1,0,0,1,0,0,0,0,0,0,1,0,0,0,0,0,0
1551,12,7,8,1,1.0118624629413129,0.92,0.5,0,1.0334399830948375,2,1.2177800059944233,1.369937530787759,2,2,4.39,1,3.14,1,1,0,1,0,1,0,0,0,0,1,0,1,0,0,0,0,0,1
1552,6,3,4,1,0.08196391487919008,0.93,0.66,0,-0.5206484469329765,2,-1.5552705263366409,0.2494869876134741,2,1,2.57,0,4.42,0,0,1,0,0,0,0,0,0,0,0,1,0,0,0,0,1,0,0
1553,1,8,9,3,-0.9807772829060931,0.29,0.89,1,0.4978219344555615,0,-0.3844269682413027,0.8097122592006165,0,0,3.01,1,2.22,0,1,0,0,1,0,0,0,1,0,1,0,0,0,0,0,0,0,0
1554,12,5,0,0,0.3476492143255109,0.35,0.31,1,-1.3445012494606727,1,0.2934298285507352,-1.6552789357828104,2,1,3.24,1,3.59,2,0,0,0,1,0,0,0,1,0,0,0,0,1,1,0,0,0,1
1555,10,2,2,2,1.1447051126644732,0.65,0.42,2,-0.23535615342432775,2,1.0945333156685981,-0.9830086098782393,0,1,4.47,0,2.11,1,0,1,0,1,0,0,0,1,0,0,0,0,1,0,0,0,0,0
1556,17,3,3,2,0.21480656460235048,0.47,0.96,1,-1.2550721162006218,1,1.2177800059944233,0.921757313518045,2,1,4.57,0,3.24,0,1,0,0,0,0,0,1,1,0,0,0,1,0,0,0,1,1,0
1557,2,0,7,0,1.1447051126644732,0.75,0.82,0,0.8194346591550101,2,1.0945333156685981,-0.4227833382910969,1,0,3.48,1,3.64,0,0,0,0,0,0,1,1,0,1,1,1,0,0,0,0,0,0,0
1558,3,4,5,0,1.410390412110794,0.62,0.95,0,0.4906914323082623,1,1.5875200769718985,0.1374419332960456,1,1,4.03,0,1.29,1,0,0,0,0,1,0,0,0,0,0,1,0,0,0,1,0,0,1
1559,15,7,3,3,1.2775477623876337,0.94,0.29,0,-0.32162620345456266,1,-1.3087771456849908,0.3615320419309026,0,1,2.18,0,2.45,2,1,0,1,0,0,0,0,1,0,0,0,0,0,0,0,0,0,0
1560,11,2,2,3,1.410390412110794,0.78,0.73,0,0.8421439546013453,2,-0.5692970037300403,0.2494869876134741,0,0,3.49,1,1.23,1,1,0,0,0,0,0,0,0,1,0,0,0,1,1,0,0,0,0
1561,4,6,9,0,1.5432330618339545,0.21,0.94,2,-1.0024537692403566,2,0.17018313822491013,0.3615320419309026,0,1,3.84,0,2.65,0,0,0,0,0,1,0,1,0,0,0,1,0,0,0,0,0,0,0
1562,10,5,7,1,0.08196391487919008,0.7,0.36,1,-0.7271261268337563,2,1.2794033511573357,1.2578924764703305,0,0,2.4,1,4.07,0,0,1,0,0,0,0,0,0,1,1,0,0,0,0,1,0,0,0
1563,1,8,2,3,0.4804918640486713,0.8,0.79,2,-1.6443794815389867,0,0.7864165898540355,0.1374419332960456,0,2,4.76,0,4.01,1,1,0,0,0,0,0,0,0,0,0,0,0,0,1,0,1,0,0
1564,10,6,2,2,0.4804918640486713,0.81,0.79,1,-1.5783636679879156,0,-1.1239071101962532,0.6976672048831881,0,0,3.31,0,3.16,2,1,0,0,0,0,1,0,0,0,0,0,0,0,0,0,0,1,1
1565,11,1,5,3,-1.1136199326292535,0.48,0.43,1,-0.4715111637812085,2,-0.13793358758965255,-0.4227833382910969,0,2,2.27,1,3.01,2,0,0,0,0,0,0,0,0,1,1,0,0,0,0,1,0,1,0
1566,11,2,8,1,-0.9807772829060931,0.88,0.23,1,-0.2902158901981055,1,-0.13793358758965255,0.4735770962483311,2,1,2.65,0,3.65,2,1,0,0,0,0,0,0,0,1,1,0,0,0,0,1,1,0,0
1567,1,7,9,3,-0.7150919834597723,0.06,0.92,1,-1.588382474802475,1,-0.014686897263827485,0.1374419332960456,1,1,3.94,0,2.86,1,1,1,1,0,0,1,0,0,1,0,0,0,0,0,0,0,0,0
1568,10,8,9,2,-0.8479346331829327,0.23,0.8,1,0.9752767478578805,0,1.3410266963202482,-0.19869322965623987,0,1,2.58,0,2.74,0,0,0,1,1,1,1,0,0,1,1,0,0,0,0,0,0,0,0
1569,8,9,8,0,0.3476492143255109,0.19,0.95,0,0.7144447845000936,1,-1.000660419870428,-0.5348283926085253,0,1,2.31,1,4.24,1,1,0,0,0,1,0,0,0,1,1,0,0,0,1,0,0,0,0
1570,1,8,3,0,-0.8479346331829327,0.28,0.91,2,-0.7772562647148952,1,0.9712866253427731,-1.3191437728305249,0,0,3.61,1,3.13,2,0,0,1,0,0,0,0,0,0,0,1,1,1,0,0,1,1,0
1571,8,9,1,2,1.5432330618339545,0.61,0.21,0,0.4546598315841885,0,-1.2471538005220781,0.025396878978617116,1,0,3.98,1,4.57,1,0,0,0,1,1,0,1,0,1,0,1,1,0,0,0,0,0,0
1572,12,6,2,3,0.8790198132181525,0.8,0.31,0,-0.0047791814560937075,1,-0.014686897263827485,-0.6468734469259538,2,2,2.62,1,3.52,2,1,1,0,0,1,0,0,1,1,0,0,0,1,0,0,0,0,0
1573,14,6,2,1,-0.7150919834597723,0.23,0.77,0,-1.1161988174179063,2,0.7247932446911229,1.594027639422616,0,2,4.74,1,3.71,0,0,0,0,0,0,0,0,1,1,0,0,0,1,0,1,0,0,0
1574,7,5,5,1,1.1447051126644732,0.51,0.8,0,1.4458357338671155,0,-1.6168938714995533,-1.2070987185130964,1,1,3.19,0,4.51,1,0,0,0,0,0,1,1,0,0,0,0,0,1,0,0,1,1,0
1575,10,3,6,3,-0.7150919834597723,0.43,0.27,2,-0.33512902777400516,0,0.6015465543652979,-0.4227833382910969,0,0,2.27,1,1.92,2,0,1,1,0,1,0,1,0,0,0,0,0,0,0,0,0,1,1
1576,10,1,2,3,-0.4494066840134515,0.2,0.28,2,-0.07662576005419686,0,0.9712866253427731,-0.19869322965623987,2,0,3.81,0,4.67,2,1,0,0,0,1,0,0,0,0,0,0,0,1,1,0,0,0,0
1577,7,5,2,1,0.3476492143255109,0.76,0.43,2,-0.03012405491130396,0,0.23180648338782264,-0.9830086098782393,2,1,2.45,1,1.06,0,0,0,0,0,0,0,0,0,1,0,1,0,0,1,0,0,0,0
1578,1,0,8,0,1.410390412110794,0.93,0.48,2,0.10344198404532044,2,0.2934298285507352,-0.08664817533881138,1,0,2.64,1,2.7,2,0,0,1,0,0,0,0,1,1,0,1,0,0,1,0,0,0,1
1579,7,1,9,3,-0.8479346331829327,0.59,0.44,0,0.7133075145373597,1,-0.07631024242674002,-0.6468734469259538,1,2,4.32,1,3.66,1,0,0,1,0,0,0,0,0,0,1,0,0,0,0,0,0,1,0
1580,6,3,2,3,-1.2464625823524138,0.77,0.82,1,1.1721688666441898,2,1.3410266963202482,0.8097122592006165,0,0,3.1,1,1.06,2,0,0,0,1,0,0,1,0,1,0,0,1,0,1,0,0,0,0
1581,8,6,7,1,1.410390412110794,0.28,0.59,0,-0.7346898746811446,2,-1.1855304553591657,0.1374419332960456,0,1,3.98,0,2.75,0,0,0,0,1,1,0,1,0,0,0,0,0,1,1,1,0,0,0
1582,14,0,7,2,-0.7150919834597723,0.13,0.62,1,0.8096144232863247,2,-1.5552705263366409,0.4735770962483311,1,0,2.96,1,3.01,2,0,1,0,0,0,0,1,0,0,1,0,0,1,0,0,0,0,0
1583,10,1,3,3,1.6760757115571148,0.09,0.88,0,1.307341525071978,0,-1.0622837650333405,-0.7589185012433823,2,2,4.32,1,2.43,1,0,0,1,0,1,0,0,0,0,0,1,0,0,0,0,0,1,0
1584,14,9,1,1,0.4804918640486713,0.67,0.51,0,-0.6318662285266734,1,-0.877413729544603,-0.5348283926085253,1,2,3.87,0,2.71,2,0,0,1,0,0,1,0,0,0,0,1,1,0,0,1,0,1,0
1585,10,4,1,3,-1.3793052320755743,0.28,0.42,2,0.29174139644652997,1,-1.2471538005220781,1.145847422152902,1,1,4.96,1,3.91,1,1,0,0,0,0,0,0,0,0,0,0,0,0,1,0,0,0,1
1586,0,8,3,1,-0.3165640342902911,0.88,0.26,0,0.9197851944381397,0,-0.8157903843816905,-0.9830086098782393,2,2,2.39,0,3.86,1,0,1,0,1,0,0,0,1,1,0,1,0,0,0,1,0,0,0
1587,13,3,5,3,-0.8479346331829327,0.72,0.81,0,-1.6219590165593776,1,-1.3087771456849908,1.4819825851051875,2,1,2.55,0,4.24,2,0,0,1,1,0,1,1,0,0,0,0,0,0,0,1,1,0,0
1588,4,3,3,1,-0.8479346331829327,0.55,0.5,1,1.3506299912725437,0,1.4026500414831609,0.921757313518045,1,1,4.63,0,1.48,0,0,0,0,0,0,0,0,0,1,1,0,1,0,0,0,0,0,0
1589,12,8,6,1,1.0118624629413129,0.44,0.72,1,-1.381128563022369,0,-1.1239071101962532,0.4735770962483311,2,0,2.49,0,1.07,1,0,1,0,1,0,0,0,0,0,0,0,1,0,0,1,0,0,0
1590,4,0,3,2,-0.9807772829060931,0.92,0.37,2,-1.079715919089573,1,0.5399232092023853,1.369937530787759,1,1,4.0,1,2.91,1,0,0,0,0,1,0,0,0,0,0,0,1,0,0,1,0,0,0
1591,1,7,6,1,-0.05087873484397031,0.52,0.48,1,-1.0134473788801166,1,-1.4320238360108157,0.8097122592006165,2,2,4.37,1,3.88,1,1,0,0,0,0,0,0,0,1,1,0,0,0,0,0,0,0,0
1592,13,4,1,3,-1.5121478817987346,0.44,0.59,0,-1.3030540774854857,1,0.41667651887656026,-1.4311888271479534,2,0,4.19,1,4.5,1,0,0,0,0,0,0,0,0,1,1,0,0,0,0,0,0,1,1
1593,12,3,8,1,0.08196391487919008,0.37,0.89,2,0.6592240096429083,1,-1.2471538005220781,1.145847422152902,1,0,3.02,0,3.22,1,1,0,0,0,0,1,0,0,0,0,0,0,0,1,0,0,1,0
1594,0,7,5,1,-0.18372138456713072,0.56,0.52,2,0.8466388787397693,1,-1.4320238360108157,-1.2070987185130964,2,1,4.38,1,3.08,2,0,0,1,0,0,0,0,0,0,0,0,0,0,0,0,1,0,1
1595,5,4,4,3,-1.2464625823524138,0.77,0.52,1,-1.5434512853224052,1,1.4642733866460733,1.0338023678354735,0,1,2.82,0,2.05,1,0,0,1,1,1,0,0,0,1,0,0,0,0,0,0,1,0,0
1596,0,1,8,3,-0.5822493337366119,0.78,0.78,1,0.6286260320741182,2,-0.014686897263827485,0.4735770962483311,0,1,4.05,0,3.29,0,0,0,0,0,0,0,0,0,0,1,1,0,1,0,0,1,0,1
1597,18,5,7,3,0.08196391487919008,0.65,0.72,2,-0.37054686375628615,2,1.649143422134811,-0.9830086098782393,0,0,3.6,0,2.62,2,0,0,0,1,1,0,0,1,0,1,0,1,0,0,0,0,1,0
1598,12,2,6,3,-1.2464625823524138,0.14,0.94,1,-0.392624342556658,2,0.9712866253427731,0.8097122592006165,1,0,2.96,1,1.54,1,0,0,0,0,0,0,0,0,1,0,0,0,0,1,0,0,1,0
1599,5,1,0,1,1.5432330618339545,0.4,0.31,2,1.6586315802275275,2,0.6631698995282104,0.1374419332960456,2,2,4.42,0,4.5,1,1,1,0,0,1,0,0,1,0,0,0,0,0,0,0,0,1,1
1600,16,8,8,1,-0.18372138456713072,0.19,0.59,1,0.5792721260723056,1,-0.877413729544603,-1.4311888271479534,0,1,2.97,0,1.72,0,1,1,1,0,0,1,0,0,0,0,0,0,0,1,0,0,1,0
1601,18,7,4,3,-1.3793052320755743,0.05,0.45,1,0.7279115050111953,1,-1.3087771456849908,-0.4227833382910969,2,2,4.32,1,3.5,1,0,0,0,0,1,0,0,0,0,0,1,0,0,0,1,1,0,1
1602,7,8,5,0,-0.4494066840134515,0.7,0.61,0,0.013272722714283968,1,-0.7541670392187779,-1.2070987185130964,2,0,4.15,1,1.03,0,0,0,1,0,0,0,0,0,0,0,1,1,0,1,0,0,0,0
1603,4,7,9,3,0.4804918640486713,0.15,0.84,2,1.5601584429781172,2,1.0329099705056857,1.594027639422616,2,0,4.53,0,4.5,2,0,0,0,1,0,0,1,0,1,1,0,0,0,0,0,0,0,0
1604,17,0,1,0,0.3476492143255109,0.89,0.54,0,0.7677701094193893,0,1.7107667672977236,0.6976672048831881,0,0,2.24,1,3.61,0,0,0,0,0,1,0,0,1,0,0,0,0,1,0,0,0,1,0
1605,2,5,5,3,0.21480656460235048,0.52,0.69,1,0.31497419711380603,2,1.7107667672977236,-1.2070987185130964,1,1,4.3,0,3.01,1,1,0,0,0,1,1,1,0,0,0,0,0,1,1,0,0,0,0
1606,11,0,5,1,-1.3793052320755743,0.33,0.79,1,-1.1376264276681447,0,0.9712866253427731,0.2494869876134741,2,0,2.08,1,4.94,2,1,0,0,0,1,1,0,0,0,0,0,0,0,1,0,0,0,0
1607,15,9,0,3,-0.05087873484397031,0.19,0.98,0,0.344128022348966,1,0.41667651887656026,-1.2070987185130964,0,0,4.91,0,2.28,1,0,0,0,1,0,1,1,1,1,0,0,0,0,0,0,0,0,0
1608,15,6,5,0,-1.2464625823524138,0.24,0.74,1,-0.7264582063794524,0,-1.1855304553591657,-0.31073828397366837,2,1,3.97,1,2.92,2,0,0,0,0,1,1,1,0,0,0,1,1,0,0,0,0,1,0
1609,15,4,3,2,-0.18372138456713072,0.05,0.85,2,-1.6725224001406056,0,1.4026500414831609,1.369937530787759,0,2,4.79,0,3.83,2,0,0,0,1,0,0,1,0,0,1,0,0,0,0,0,0,0,0
1610,9,0,2,0,-0.5822493337366119,0.6,0.58,0,-1.164975062486267,2,-1.0622837650333405,0.4735770962483311,1,0,3.4,1,1.1,0,0,0,0,0,0,0,0,0,0,1,0,1,1,1,0,0,0,1
1611,5,5,6,3,1.0118624629413129,0.59,0.59,2,1.622094526186683,0,0.35505317371364775,0.1374419332960456,0,1,4.51,0,3.05,0,0,0,0,0,1,0,1,0,0,1,0,0,1,0,0,0,0,0
1612,8,6,8,3,-0.4494066840134515,0.6,0.37,0,0.3238918377739726,1,-0.877413729544603,-0.9830086098782393,2,1,2.5,1,4.48,2,0,0,1,0,1,0,1,0,1,0,0,0,0,0,0,0,0,0
1613,14,0,0,3,-0.4494066840134515,0.46,0.74,1,-0.267199712380874,2,1.1561566608315106,1.369937530787759,1,2,2.02,1,1.88,2,0,1,0,0,1,0,0,0,0,1,0,0,0,0,0,1,1,0
1614,5,2,1,0,1.6760757115571148,0.39,0.77,0,-0.9777046086227689,0,0.41667651887656026,-1.2070987185130964,2,0,4.49,1,4.43,1,1,0,0,0,0,0,1,0,1,0,1,0,0,0,0,1,0,1
1615,2,3,2,0,-1.6449905315218951,0.74,0.31,1,-0.5074525049844304,0,1.3410266963202482,-0.4227833382910969,0,0,4.99,0,3.28,1,1,0,0,1,1,1,0,0,0,1,0,0,0,0,0,0,0,1
1616,8,4,8,0,-0.5822493337366119,0.08,0.42,0,-0.07734783622101196,2,-0.877413729544603,-0.5348283926085253,0,0,2.83,1,1.45,1,0,0,0,0,0,0,0,1,0,1,0,0,0,0,0,0,0,1
1617,8,9,6,1,0.3476492143255109,0.21,0.22,0,0.09530057526448012,1,-0.5076736585671278,0.2494869876134741,0,0,4.81,0,2.01,1,0,0,1,0,1,0,0,0,1,0,0,1,0,0,1,0,0,0
1618,9,3,3,0,-1.3793052320755743,0.57,0.93,0,0.8698897313112157,1,0.23180648338782264,0.3615320419309026,2,1,2.63,0,1.77,1,0,0,0,0,0,0,0,0,0,0,1,1,0,0,1,0,0,0
1619,9,3,2,2,1.6760757115571148,0.43,0.59,0,0.5652819003402628,2,-1.4320238360108157,-0.9830086098782393,1,1,3.46,1,3.34,0,1,1,0,0,0,1,1,0,0,0,1,0,0,1,0,0,0,0
1620,2,0,4,1,1.1447051126644732,0.44,0.59,1,-1.1280769703620148,2,-1.2471538005220781,-0.4227833382910969,2,1,2.28,1,1.9,0,0,0,0,0,0,1,0,0,0,1,0,0,1,0,0,0,0,0
1621,12,3,8,1,-0.5822493337366119,0.22,0.36,0,-0.5562468019569613,0,-1.678517216662466,-1.4311888271479534,2,0,3.57,0,1.39,2,0,1,0,0,1,0,0,1,0,0,0,0,1,0,0,1,0,0
1622,4,5,7,0,0.4804918640486713,0.93,0.72,0,0.956033418012258,1,-0.19955693275256509,-0.08664817533881138,0,0,3.14,1,2.55,0,0,1,0,0,0,0,0,0,0,0,1,0,1,0,1,1,0,0
1623,13,1,3,0,1.1447051126644732,0.77,0.8,2,0.42310510309436833,1,-0.2611802779154776,0.1374419332960456,1,0,3.7,1,4.58,2,0,0,1,0,0,0,0,0,0,0,0,0,0,0,0,0,1,1
1624,1,8,1,1,1.1447051126644732,0.61,0.32,1,0.5689644887910199,2,0.9712866253427731,0.4735770962483311,2,2,4.03,1,3.5,0,0,1,1,0,0,0,1,1,1,0,1,0,0,0,0,0,0,0
1625,5,1,1,1,1.5432330618339545,0.67,0.89,0,1.5048654605042504,2,0.9712866253427731,0.4735770962483311,1,1,4.83,0,4.95,2,0,0,0,1,0,0,0,1,0,0,1,0,0,1,1,1,0,0
1626,2,2,7,3,0.3476492143255109,0.85,0.24,0,0.06632726907102394,2,1.4642733866460733,1.0338023678354735,1,0,3.18,0,3.94,1,0,1,0,0,1,0,0,0,0,1,0,0,0,1,1,0,0,0
1627,9,5,2,2,0.21480656460235048,0.29,0.55,1,-1.3740161127792403,2,0.848039935016948,-1.5432338814653819,0,0,2.39,1,4.1,0,0,0,0,1,0,0,0,0,0,1,1,0,1,0,1,0,0,1
1628,15,5,2,2,-0.3165640342902911,0.66,0.79,2,1.1474738617391131,1,0.04693644789908505,1.145847422152902,1,2,3.66,1,4.09,2,1,0,0,1,1,1,0,0,1,0,0,0,0,0,0,1,0,0
1629,10,0,8,1,-0.7150919834597723,0.23,0.62,1,0.1620926206948775,0,-0.19955693275256509,-0.6468734469259538,0,0,2.13,0,4.25,0,0,0,0,0,0,0,1,0,1,0,0,0,0,1,0,0,0,0
1630,2,2,3,1,-0.3165640342902911,0.13,0.2,2,0.083584889457905,1,1.4642733866460733,0.921757313518045,2,2,3.08,1,4.48,2,0,1,0,0,1,0,1,0,0,0,0,0,0,1,0,1,0,1
1631,15,1,9,0,-0.8479346331829327,0.3,0.54,2,1.5284773511591043,2,-0.9390370747075155,1.2578924764703305,0,0,3.42,1,2.34,0,0,1,0,0,0,0,1,1,0,1,0,0,1,1,0,0,0,0
1632,12,1,9,3,1.6760757115571148,0.84,0.22,0,1.2285991190807906,1,0.9712866253427731,1.369937530787759,0,2,2.34,0,4.91,2,0,0,0,0,0,0,0,0,0,0,0,1,1,0,0,0,1,0
1633,19,7,2,2,0.21480656460235048,0.83,0.22,0,-1.3319551760622603,2,-0.6309203488929528,0.8097122592006165,1,0,3.77,0,1.09,2,1,0,1,1,0,0,0,0,0,1,0,0,0,1,1,0,0,0
1634,12,5,0,3,-1.5121478817987346,0.47,0.77,1,0.7533466379872574,1,0.7864165898540355,1.369937530787759,0,0,4.04,1,4.77,1,0,0,0,0,0,1,0,0,0,0,0,0,0,0,1,0,1,1
1635,12,9,3,2,0.8790198132181525,0.25,0.29,0,-0.8567929544895792,0,0.35505317371364775,1.7060726937400446,1,0,2.31,1,4.64,0,0,0,1,0,0,0,1,0,0,0,0,0,0,0,1,0,0,1
1636,10,4,9,3,1.0118624629413129,0.5,0.97,1,0.570787731112228,1,-1.6168938714995533,1.2578924764703305,1,2,2.12,1,4.86,1,0,1,0,0,0,1,0,1,1,0,0,0,0,0,1,1,0,0
1637,6,0,3,2,0.21480656460235048,0.71,0.6,2,-0.8157429244061404,2,1.7107667672977236,-0.5348283926085253,0,2,4.07,1,4.47,2,0,1,0,1,0,0,0,0,0,1,0,0,1,0,0,0,0,0
1638,5,6,2,3,1.6760757115571148,0.06,0.29,1,0.39288621551315606,1,1.2177800059944233,1.7060726937400446,2,2,3.48,0,3.98,1,1,0,0,0,0,1,0,0,0,0,0,0,1,0,0,0,1,0
1639,2,8,2,0,1.0118624629413129,0.64,0.91,2,1.036183872528735,2,0.7864165898540355,1.4819825851051875,1,2,2.02,0,1.62,1,0,1,0,1,0,0,0,1,0,1,0,0,0,0,0,0,1,0
1640,17,3,4,3,-0.05087873484397031,0.24,0.92,2,-1.5658717503020143,1,-1.6168938714995533,1.7060726937400446,0,1,4.73,0,4.4,2,0,0,1,0,0,1,0,0,1,0,0,0,0,0,0,0,0,0
1641,19,8,8,3,-0.8479346331829327,0.59,0.67,2,-0.07306953493263245,1,-1.2471538005220781,-1.2070987185130964,0,0,3.07,1,3.23,2,1,0,0,1,0,0,1,1,0,0,0,0,0,0,0,1,0,0
1642,17,8,0,0,1.6760757115571148,0.23,0.72,2,0.7715249054868278,2,0.35505317371364775,1.369937530787759,2,0,2.1,1,4.64,0,0,0,0,0,1,0,0,0,0,0,0,0,1,0,0,1,0,0
1643,12,3,7,0,0.7461771634949921,0.25,0.61,0,0.3539843620259922,0,-1.1239071101962532,-0.7589185012433823,0,2,3.91,0,1.95,0,0,0,0,0,0,0,1,1,1,1,0,0,1,0,0,0,0,0
1644,7,7,8,2,-1.2464625823524138,0.66,0.8,0,-1.0911427744294222,2,-1.000660419870428,1.369937530787759,1,2,3.94,0,4.1,1,1,0,0,0,0,1,0,0,0,1,0,1,0,0,1,0,0,0
1645,10,1,4,2,-0.4494066840134515,0.27,0.94,1,-1.158097286997353,0,0.2934298285507352,-0.08664817533881138,1,1,4.03,0,1.06,1,0,0,0,0,0,0,0,0,0,1,1,0,0,0,0,0,1,0
1646,10,2,3,2,0.08196391487919008,0.81,0.78,0,0.6708313840244611,2,-1.5552705263366409,-0.8709635555608108,1,1,3.33,0,3.38,2,0,1,1,0,0,0,0,1,1,0,0,0,1,0,0,0,0,0
1647,14,2,8,3,0.21480656460235048,0.51,0.26,1,-1.4511699512034344,2,0.04693644789908505,1.0338023678354735,1,0,3.49,0,2.09,1,0,0,0,0,0,1,0,0,1,1,0,0,0,1,1,0,0,0
1648,10,0,7,3,0.8790198132181525,0.25,0.55,2,-0.3795367120331342,1,0.23180648338782264,-1.5432338814653819,0,2,4.62,0,3.4,2,0,0,1,0,0,0,0,0,1,0,0,1,1,0,0,0,0,0
1649,17,0,4,2,1.6760757115571148,0.81,0.28,1,0.2730937794385298,0,1.649143422134811,0.025396878978617116,2,1,2.99,1,2.37,0,0,1,0,1,0,0,0,1,1,0,0,0,0,0,1,0,0,0
1650,16,4,8,0,0.3476492143255109,0.61,0.83,2,0.032859038739143746,0,0.17018313822491013,-0.31073828397366837,1,1,4.42,0,4.27,0,0,1,0,0,1,0,0,0,0,1,0,0,0,0,1,0,0,0
1651,11,7,5,2,0.6133345137718317,0.89,0.85,2,-1.4801252054927203,2,-0.32280362307839017,-0.4227833382910969,0,2,4.66,0,4.69,0,1,1,1,1,0,0,0,0,0,0,0,0,0,0,0,0,0,0
1652,12,1,0,1,0.6133345137718317,0.39,0.97,0,1.369331763993055,2,1.2794033511573357,-1.6552789357828104,1,0,3.74,1,3.01,1,0,0,0,0,0,0,0,1,0,0,0,0,0,1,1,0,0,0
1653,12,6,5,0,-1.3793052320755743,0.48,0.49,0,-0.184702510322248,0,0.6015465543652979,-0.08664817533881138,0,1,2.67,0,4.55,1,0,0,0,0,0,0,0,0,0,0,0,1,1,1,0,0,0,0
1654,14,6,5,1,-1.3793052320755743,0.57,0.96,2,0.7050577943314972,2,-0.2611802779154776,1.145847422152902,0,1,3.79,1,1.43,0,0,0,0,1,0,0,0,0,0,0,0,1,0,0,1,0,1,0
1655,8,0,4,3,-0.7150919834597723,0.09,0.68,1,-0.846124279124886,0,-1.5552705263366409,-1.0950536641956679,2,0,4.01,1,3.17,1,0,0,0,0,1,1,0,0,0,0,0,0,0,0,0,0,1,1
1656,14,4,0,3,0.08196391487919008,0.24,0.43,1,0.3839324710446487,1,1.2177800059944233,1.4819825851051875,1,1,4.22,1,2.2,1,0,1,0,1,0,1,0,1,0,0,0,1,1,0,0,0,0,0
1657,12,7,8,3,-0.4494066840134515,0.72,0.52,1,-0.36229714355042353,1,-0.6925436940558654,-0.08664817533881138,0,0,2.58,1,4.05,1,0,0,0,0,0,1,0,0,0,1,0,0,1,0,0,0,0,0
1658,5,9,7,2,-0.5822493337366119,0.34,0.27,0,1.535102399989633,0,-1.0622837650333405,-0.6468734469259538,1,0,3.34,1,2.22,2,0,1,0,0,0,0,1,0,0,0,1,0,1,0,1,0,0,1
1659,17,0,4,2,-1.6449905315218951,0.35,0.55,2,-0.2730846331404171,0,-0.19955693275256509,1.145847422152902,0,1,4.54,0,2.07,1,0,0,0,0,0,1,1,0,0,0,1,0,0,1,0,0,1,1
1660,10,2,2,0,-0.5822493337366119,0.94,0.34,1,-1.086304864111761,0,0.23180648338782264,-1.2070987185130964,2,1,2.68,1,1.92,1,0,1,0,0,0,0,0,0,0,0,1,1,0,0,1,0,1,1
1661,14,5,7,0,-1.5121478817987346,0.42,0.93,1,1.600341981661378,2,-0.44605031340421525,0.3615320419309026,1,0,4.4,0,3.7,2,0,0,1,1,0,0,0,0,0,0,0,1,0,0,0,0,1,1
1662,17,1,7,3,-0.5822493337366119,0.1,0.48,0,-1.4270345553276396,2,0.6631698995282104,-0.7589185012433823,2,2,4.75,1,2.87,2,0,1,0,1,0,0,0,0,1,0,1,0,0,0,0,1,0,1
1663,16,2,1,3,0.21480656460235048,0.77,0.34,1,-1.4537694254039688,2,1.0945333156685981,-1.3191437728305249,1,1,2.15,0,1.33,1,0,0,1,1,1,1,0,0,0,1,0,0,0,0,1,0,0,0
1664,3,0,2,2,0.6133345137718317,0.77,0.52,1,1.2241583506548777,1,0.41667651887656026,-1.4311888271479534,0,2,4.97,1,4.33,1,0,0,0,0,0,0,0,1,1,0,0,0,0,0,0,1,0,0
1665,19,2,2,0,0.6133345137718317,0.65,0.75,2,-1.5192256299257583,1,-0.13793358758965255,-1.5432338814653819,0,0,3.85,1,3.95,2,0,0,0,0,0,0,1,1,0,1,0,1,0,1,1,0,0,0
1666,9,9,3,3,-0.18372138456713072,0.16,0.26,0,-0.4797969877954118,0,-1.6168938714995533,-0.5348283926085253,2,2,2.06,1,2.41,1,0,0,0,0,1,0,0,0,1,0,0,0,0,0,0,0,1,0
1667,12,9,5,1,-0.7150919834597723,0.79,0.24,2,-1.7150526863660154,2,-1.4320238360108157,-1.6552789357828104,0,1,4.69,1,1.43,1,0,0,1,1,0,1,0,1,0,1,0,0,1,0,0,0,0,0
1668,0,7,2,1,0.8790198132181525,0.3,0.55,2,-1.0111006313379676,2,-0.5692970037300403,-0.8709635555608108,2,1,3.24,0,2.41,0,0,0,0,0,0,0,1,0,0,0,1,0,1,1,1,0,1,0
1669,14,8,0,0,-0.5822493337366119,0.86,0.96,1,-0.13679275665406565,2,-0.3844269682413027,-0.5348283926085253,2,2,3.37,1,4.58,1,0,0,0,0,0,0,1,0,0,0,0,0,0,1,0,0,1,1
1670,6,5,0,3,-1.5121478817987346,0.46,0.45,1,-1.7080665994520792,0,-1.678517216662466,-0.5348283926085253,1,1,4.32,1,1.33,1,1,0,0,0,0,0,0,0,0,0,0,1,0,0,0,0,1,1
1671,2,3,2,0,-1.6449905315218951,0.78,0.97,0,-0.017433566279528457,2,-0.6309203488929528,0.1374419332960456,1,0,3.75,0,4.87,2,0,1,0,0,0,0,0,0,0,0,0,0,0,1,0,0,0,1
1672,14,0,9,0,-0.5822493337366119,0.22,0.88,2,1.5975980922274806,2,0.9712866253427731,-0.7589185012433823,1,0,3.58,0,3.51,1,1,1,0,0,1,0,0,0,0,0,0,0,1,0,0,0,1,0
1673,4,5,3,1,1.5432330618339545,0.32,0.88,1,1.3429218281917923,1,-1.4936471811737284,0.4735770962483311,2,1,2.85,0,3.89,0,0,0,1,0,1,0,0,1,1,0,0,0,0,0,0,1,0,0
1674,1,8,9,2,-1.2464625823524138,0.75,0.75,1,-0.8288666587380049,2,-0.8157903843816905,-0.08664817533881138,1,1,3.92,1,1.38,2,0,0,0,0,0,1,1,1,1,0,0,0,0,1,0,1,0,0
1675,18,2,6,0,-0.8479346331829327,0.15,0.35,0,1.5857740949958832,0,1.2177800059944233,0.025396878978617116,2,2,3.93,0,2.52,0,0,1,0,1,0,0,0,0,0,0,0,0,0,0,0,0,1,0
1676,10,0,9,1,-1.5121478817987346,0.13,0.95,0,-0.6242122211584332,2,1.1561566608315106,-0.4227833382910969,0,1,4.32,1,1.99,1,0,1,0,0,0,1,0,0,1,0,0,0,1,0,0,1,0,1
1677,18,7,3,1,-0.05087873484397031,0.31,0.59,1,0.7120619331496038,0,1.0945333156685981,1.145847422152902,0,2,4.78,0,4.31,1,1,0,0,0,0,0,0,0,0,0,0,0,0,1,0,0,0,1
1678,9,8,4,2,-0.05087873484397031,0.5,0.94,2,0.06405272914555636,1,0.17018313822491013,0.2494869876134741,0,2,3.28,1,2.8,1,0,1,0,0,0,0,0,0,1,0,1,0,0,1,0,1,0,0
1679,3,6,0,1,1.410390412110794,0.8,0.72,2,-1.437667126883992,1,0.6631698995282104,1.4819825851051875,2,2,4.52,1,3.36,1,0,1,0,0,1,0,0,0,0,0,0,0,0,0,1,1,0,0
1680,12,1,8,1,-0.18372138456713072,0.09,0.89,0,-1.1013059964773448,0,1.0329099705056857,0.1374419332960456,1,2,4.47,0,4.14,0,0,1,0,0,0,0,0,0,0,1,0,1,0,0,0,0,0,0
1681,11,1,4,3,-0.4494066840134515,0.84,0.28,1,0.9204531148924436,1,0.23180648338782264,-0.08664817533881138,2,0,2.95,0,2.56,1,0,1,0,1,1,0,0,0,0,0,0,1,0,0,0,0,0,1
1682,2,5,0,0,1.410390412110794,0.37,0.84,0,-1.17611308735939,0,0.9096632801798605,-0.08664817533881138,1,0,3.59,1,2.41,0,0,0,0,0,1,1,0,0,0,0,0,0,0,0,0,0,1,0
1683,12,0,5,1,0.6133345137718317,0.84,0.77,2,0.22433558627433972,0,-1.2471538005220781,0.025396878978617116,0,2,2.79,0,4.78,2,0,0,1,0,1,0,1,0,1,1,0,0,0,0,1,0,0,0
1684,5,7,2,0,-0.18372138456713072,0.65,0.95,1,1.353139205952226,0,0.6015465543652979,0.3615320419309026,1,1,2.53,1,4.09,0,0,1,0,0,0,0,1,0,1,1,0,0,1,0,1,0,0,0
1685,12,4,4,1,0.7461771634949921,0.63,0.3,1,0.060875594011569896,0,0.5399232092023853,-0.9830086098782393,2,2,2.72,1,1.85,0,0,0,0,1,0,0,0,0,0,0,0,0,0,1,0,0,1,1
1686,14,9,5,0,-0.7150919834597723,0.34,0.51,1,-1.1170653088180844,2,-1.000660419870428,-0.19869322965623987,0,1,2.16,0,4.1,2,1,0,0,0,0,0,0,0,0,1,0,0,0,1,0,1,0,0
1687,10,0,3,2,-1.2464625823524138,0.55,0.52,1,1.3997492225201413,1,0.5399232092023853,-1.0950536641956679,2,1,3.74,1,2.76,2,1,0,1,0,0,0,0,1,0,0,0,1,0,0,0,0,1,0
1688,9,8,5,2,0.3476492143255109,0.67,0.84,0,0.3346507726595177,0,0.23180648338782264,0.921757313518045,1,0,2.24,0,1.82,0,0,0,0,0,1,0,1,0,0,1,1,0,1,0,0,1,0,0
1689,4,5,7,2,-1.5121478817987346,0.27,0.93,0,-1.38260881916434,1,0.10855979306199759,-1.0950536641956679,2,0,2.82,1,3.93,0,0,0,1,0,0,1,0,0,0,0,1,0,1,1,0,0,0,0
1690,7,6,0,3,-1.6449905315218951,0.28,0.36,0,-1.2693692243035608,0,-0.44605031340421525,-0.5348283926085253,2,2,3.72,0,1.91,1,0,1,0,0,0,0,0,0,1,1,0,1,1,1,0,0,0,0
1691,10,9,3,0,-0.18372138456713072,0.11,0.44,1,0.5589817857848011,0,-1.1239071101962532,-1.3191437728305249,2,1,4.55,1,3.02,1,0,0,1,1,0,0,0,0,1,0,0,0,0,0,0,0,1,1
1692,2,6,3,1,-1.2464625823524138,0.58,0.49,2,-0.22573448850151645,2,1.0945333156685981,0.025396878978617116,2,1,2.9,0,2.58,1,0,0,1,0,1,0,0,0,0,0,1,0,0,1,1,0,0,1
1693,11,7,0,0,-1.6449905315218951,0.4,0.44,2,-0.16249866819268344,1,1.5875200769718985,-0.8709635555608108,1,0,2.75,0,3.49,1,0,0,0,0,0,1,0,0,0,0,0,0,1,0,1,0,0,0
1694,8,7,2,2,-0.05087873484397031,0.49,0.88,1,0.36041083991064665,1,1.4642733866460733,0.4735770962483311,1,2,3.42,1,3.88,0,0,0,0,0,1,0,1,0,0,0,0,0,1,0,0,1,0,0
1695,2,5,8,1,-0.5822493337366119,0.95,0.48,0,0.10658301537096616,0,-1.3704004908479033,0.921757313518045,2,1,4.74,1,2.16,0,0,0,0,0,0,0,1,1,0,0,0,1,1,0,0,1,1,0
1696,4,6,5,2,-1.2464625823524138,0.86,0.47,2,-0.5468959155967056,1,0.9712866253427731,-0.9830086098782393,1,2,3.08,1,1.56,2,0,0,0,1,0,0,0,0,0,0,1,1,0,1,0,1,0,1
1697,3,5,7,0,0.7461771634949921,0.55,0.55,2,1.1544780005572197,0,-0.3844269682413027,-1.0950536641956679,0,2,3.78,1,1.34,1,0,0,0,0,0,0,0,0,0,1,1,0,0,0,1,0,0,0
1698,14,4,3,1,-0.4494066840134515,0.56,0.92,2,-0.46530130874659853,1,-0.877413729544603,1.2578924764703305,0,2,4.08,0,4.61,1,0,0,1,0,0,1,0,0,0,0,0,0,1,0,0,0,0,0
1699,13,8,1,3,-0.4494066840134515,0.34,0.2,2,-1.1733691979254925,1,-1.4936471811737284,0.4735770962483311,0,0,2.91,0,2.74,1,0,0,1,0,0,1,0,0,0,0,0,0,1,1,0,0,0,0
1700,3,0,0,3,1.1447051126644732,0.54,0.57,1,1.0940763292031361,0,-1.3087771456849908,1.594027639422616,1,2,4.87,1,4.98,2,0,0,0,1,0,0,0,1,1,0,0,0,1,0,0,0,1,1
1701,11,2,2,1,-0.18372138456713072,0.14,0.35,1,0.7037761091354003,0,1.3410266963202482,-1.0950536641956679,2,2,2.55,0,4.74,0,0,1,1,0,1,0,0,0,0,0,0,0,0,0,0,1,0,0
1702,8,2,9,0,-0.3165640342902911,0.9,0.58,2,-1.3580762813967968,2,-1.0622837650333405,-0.8709635555608108,0,2,3.32,1,4.25,2,0,0,0,1,1,0,0,0,0,0,0,1,0,0,0,0,0,1
1703,10,6,7,3,1.2775477623876337,0.64,0.7,1,1.3839538063710608,2,-0.5076736585671278,-1.5432338814653819,0,0,4.63,0,2.95,0,0,0,1,0,1,0,0,1,1,0,0,0,1,0,0,1,0,0
1704,0,8,2,0,1.2775477623876337,0.21,0.43,2,1.5118876512265274,2,1.649143422134811,-1.4311888271479534,2,0,4.02,0,4.87,0,0,1,0,0,0,0,0,0,0,0,1,0,0,0,0,0,1,0
1705,7,6,4,0,0.7461771634949921,0.44,0.43,2,-1.4382628397216144,2,1.649143422134811,-0.19869322965623987,0,0,4.14,0,3.8,0,0,1,0,0,1,0,0,1,1,0,0,1,0,0,0,0,0,0
1706,13,9,6,3,0.4804918640486713,0.87,0.71,2,1.4289210996594714,2,1.2177800059944233,1.594027639422616,2,2,2.54,1,2.41,2,0,0,0,0,0,1,0,0,0,1,0,0,0,1,0,0,0,0
1707,10,3,8,1,1.0118624629413129,0.26,0.85,2,0.27314793515104097,2,-0.7541670392187779,-0.6468734469259538,0,2,4.16,0,1.03,2,0,0,0,0,0,0,0,1,1,0,0,1,1,0,0,0,0,0
1708,10,7,4,3,-0.8479346331829327,0.06,0.64,1,-0.33659123201180574,2,-0.19955693275256509,0.1374419332960456,1,0,4.87,1,4.07,0,1,0,0,0,0,0,0,0,1,1,0,0,0,0,0,0,0,0
1709,19,5,3,0,-0.9807772829060931,0.6,0.85,1,0.8697092122695119,0,-0.3844269682413027,-0.5348283926085253,2,1,4.45,1,3.83,1,0,0,0,0,0,0,0,0,1,0,1,1,0,0,0,0,0,0
1710,3,4,9,3,0.3476492143255109,0.42,0.72,1,-0.06754565225649688,2,-1.3087771456849908,0.6976672048831881,2,2,2.69,0,3.94,0,1,0,0,0,0,0,0,0,1,0,0,1,1,0,0,0,1,0
1711,17,0,3,0,0.08196391487919008,0.5,0.93,0,-1.0708885379502584,2,1.5875200769718985,0.1374419332960456,1,1,4.98,1,4.53,1,0,0,1,1,0,0,1,0,0,0,0,1,0,0,0,1,0,0
1712,18,3,2,2,-0.4494066840134515,0.12,0.25,0,0.7461078244149361,2,1.2177800059944233,0.6976672048831881,0,2,4.63,1,1.28,0,0,0,1,1,1,0,0,0,0,0,0,0,0,1,0,0,0,0
1713,16,3,2,0,-1.2464625823524138,0.85,0.37,2,-1.3296625842326224,0,0.2934298285507352,-0.31073828397366837,2,1,2.16,0,3.93,2,1,0,0,0,0,0,1,1,0,0,1,0,0,0,1,0,0,1
1714,7,7,6,2,1.2775477623876337,0.14,0.83,2,-0.5924950255310797,0,-1.5552705263366409,1.594027639422616,2,1,2.2,1,2.22,1,0,0,0,1,0,0,1,0,0,1,0,0,0,0,1,1,0,0
1715,7,6,7,3,1.0118624629413129,0.52,0.97,0,-1.4479567122611072,1,-1.000660419870428,1.0338023678354735,2,2,3.7,0,4.45,0,0,1,0,0,0,0,0,1,0,1,0,1,0,0,0,1,0,0
1716,2,0,3,2,-1.1136199326292535,0.63,0.72,2,-0.5340249079232263,1,-0.07631024242674002,-0.4227833382910969,2,1,4.41,0,4.37,0,0,0,1,1,1,0,0,0,0,0,0,0,0,0,0,1,0,0
1717,11,9,4,2,-1.1136199326292535,0.23,0.39,2,-0.010754361736488718,0,0.17018313822491013,1.0338023678354735,2,0,4.04,1,3.39,2,0,0,1,0,0,0,0,0,0,0,0,0,1,0,0,1,0,0
1718,5,3,6,3,1.2775477623876337,0.75,0.76,0,1.094311003957351,2,0.23180648338782264,-0.19869322965623987,1,0,3.31,0,4.46,0,0,1,0,0,1,0,1,0,0,0,0,1,0,1,0,0,0,1
1719,8,3,7,0,-1.5121478817987346,0.53,0.62,1,0.970565200869412,0,0.17018313822491013,-0.8709635555608108,2,2,3.08,0,2.28,1,0,1,1,0,1,0,0,0,0,0,0,1,1,0,0,0,0,1
1720,6,9,4,3,1.5432330618339545,0.3,0.63,1,1.499774823528204,0,0.9712866253427731,-1.5432338814653819,2,0,3.9,1,2.39,2,0,1,1,0,0,0,0,1,1,0,0,1,0,0,1,0,0,0
1721,11,0,0,0,-1.5121478817987346,0.15,0.98,1,1.2724832981189786,2,1.525896731808986,-0.6468734469259538,0,1,4.3,1,2.79,1,0,1,0,0,0,0,0,1,0,0,1,0,1,1,0,0,0,0
1722,6,2,9,3,1.0118624629413129,0.33,0.53,2,0.41371811292577193,2,-0.9390370747075155,-0.08664817533881138,0,0,2.84,1,3.75,2,0,0,1,1,0,0,0,0,0,1,0,0,0,0,1,1,0,0
1723,1,6,4,3,0.21480656460235048,0.29,0.94,1,-1.5741575743162175,0,0.2934298285507352,1.369937530787759,0,0,4.92,1,3.58,1,0,0,0,0,0,1,1,1,1,0,1,0,0,0,0,0,0,0
1724,19,8,4,2,0.3476492143255109,0.75,0.74,2,-1.7012790834840172,1,1.4026500414831609,-1.0950536641956679,1,2,2.32,0,2.47,2,0,0,1,0,0,0,1,1,0,0,0,0,0,0,0,0,1,0
1725,7,1,7,1,0.4804918640486713,0.91,0.98,1,0.8673624647273629,2,-0.6309203488929528,-1.2070987185130964,1,1,4.31,0,4.29,2,0,0,1,1,0,0,0,0,0,0,0,0,0,0,0,1,0,0
1726,14,9,7,1,-0.7150919834597723,0.12,0.84,2,-1.1886772126619727,1,-0.44605031340421525,-0.08664817533881138,2,0,2.86,0,1.9,0,1,0,0,1,0,0,0,0,0,0,0,0,0,0,1,0,0,0
1727,12,7,4,1,1.5432330618339545,0.43,0.62,2,1.158936820887303,0,1.3410266963202482,-1.5432338814653819,1,1,3.54,1,4.21,2,0,0,0,0,1,0,1,0,0,0,1,0,1,1,1,0,0,0
1728,3,4,2,1,-1.3793052320755743,0.47,0.42,0,0.7511623575826418,2,1.3410266963202482,-0.6468734469259538,2,1,2.74,0,4.69,1,0,0,0,1,1,1,0,0,0,0,0,0,0,0,0,0,0,1
1729,0,8,2,2,-0.7150919834597723,0.59,0.91,1,0.5014684190979778,2,-0.9390370747075155,0.921757313518045,2,2,4.66,0,2.18,1,0,0,1,0,0,1,1,1,1,0,0,1,0,0,0,0,0,0
1730,3,4,5,2,-1.2464625823524138,0.84,0.73,0,-0.7720934201221671,1,-1.2471538005220781,0.3615320419309026,2,0,2.41,0,1.05,0,0,0,0,0,1,1,0,0,0,0,0,0,0,1,0,0,1,1
1731,4,7,3,0,1.0118624629413129,0.08,0.89,1,-0.9091795803920152,2,0.848039935016948,1.7060726937400446,2,0,4.26,1,3.24,1,0,0,0,0,0,0,0,0,0,1,0,0,0,1,0,0,1,1
1732,11,3,4,2,-0.5822493337366119,0.8,0.29,0,1.498962487840537,1,-0.07631024242674002,1.145847422152902,0,1,3.6,0,2.26,2,0,0,1,0,0,0,0,0,0,0,1,0,0,0,1,0,1,0
1733,5,4,3,2,-1.5121478817987346,0.7,0.69,2,-1.46052083756369,1,-1.1855304553591657,-0.9830086098782393,1,0,3.11,1,4.3,1,0,0,0,1,1,0,0,0,0,1,0,1,0,0,0,0,0,1
1734,12,5,9,3,1.2775477623876337,0.51,0.22,0,-1.6119943654573292,0,-1.3704004908479033,0.3615320419309026,0,0,4.46,1,2.44,2,0,0,0,0,0,1,0,0,0,0,1,0,0,1,0,0,0,0
1735,19,7,3,3,-0.5822493337366119,0.68,0.59,0,0.5383484593180594,1,-1.5552705263366409,-0.6468734469259538,1,2,4.42,1,2.74,2,0,0,0,1,0,1,0,0,1,1,0,0,0,0,0,0,0,0
1736,9,0,7,3,0.7461771634949921,0.91,0.73,2,-0.021332777580330035,0,-0.32280362307839017,1.4819825851051875,0,2,3.96,0,1.08,0,0,0,0,0,0,0,0,0,0,0,0,1,1,0,1,0,0,1
1737,9,0,4,3,-1.5121478817987346,0.47,0.88,2,-0.5459933203881867,2,-1.4936471811737284,0.3615320419309026,0,1,2.42,0,2.87,2,0,0,1,1,0,0,0,1,0,0,0,0,0,0,0,1,0,0
1738,12,7,2,1,1.1447051126644732,0.89,0.83,1,1.5994935421653702,1,-0.877413729544603,-1.2070987185130964,1,1,3.95,1,4.0,1,0,0,0,0,1,0,0,0,1,0,1,0,0,0,0,0,0,1
1739,8,1,1,3,0.7461771634949921,0.46,0.65,1,-1.0096925828126782,0,-0.07631024242674002,0.921757313518045,1,2,4.78,0,3.42,1,0,0,0,1,1,0,1,1,0,0,0,1,0,0,0,0,0,0
1740,16,2,7,1,0.4804918640486713,0.7,0.77,2,0.5884605452950278,1,1.649143422134811,-1.2070987185130964,0,2,4.71,1,1.85,0,0,1,1,0,0,0,1,0,1,0,0,1,0,0,0,0,0,0
1741,19,8,3,3,-0.3165640342902911,0.88,0.41,0,-1.6007299772550134,2,-1.3087771456849908,-1.4311888271479534,2,0,3.13,1,4.83,0,1,0,0,0,1,0,1,0,0,0,0,0,0,1,0,0,1,1
1742,16,5,4,2,-0.9807772829060931,0.59,0.23,0,1.3306465333559354,0,-1.1855304553591657,-0.08664817533881138,1,2,3.44,0,1.73,1,0,0,0,1,1,0,0,1,1,0,0,0,0,0,0,1,0,0
1743,2,2,7,0,0.8790198132181525,0.73,0.85,1,0.4171299228139733,0,0.6015465543652979,-1.0950536641956679,2,2,2.36,1,1.55,0,0,1,0,1,0,0,0,0,0,0,1,0,0,1,0,0,0,0
1744,14,1,4,3,1.6760757115571148,0.61,0.95,1,1.5533348232017146,1,1.7107667672977236,0.025396878978617116,2,2,4.71,0,1.99,0,0,1,1,0,1,1,0,0,0,0,1,1,0,0,0,0,0,0
1745,9,8,7,0,-0.7150919834597723,0.46,0.22,1,0.9449495488516461,2,1.649143422134811,1.2578924764703305,2,1,4.95,0,4.96,2,0,0,0,1,0,1,0,0,0,0,0,0,0,1,0,1,1,0
1746,1,5,4,1,0.4804918640486713,0.1,0.97,2,-0.9878497787665211,2,0.41667651887656026,0.8097122592006165,2,1,3.82,0,1.6,0,0,0,0,0,0,0,0,1,0,0,1,0,1,0,0,0,0,0
1747,18,5,4,3,1.5432330618339545,0.93,0.47,2,-0.5837218001042761,1,-0.7541670392187779,-0.9830086098782393,2,2,4.43,0,4.78,0,0,0,1,1,0,1,0,0,0,0,0,1,1,0,0,0,0,1
1748,5,8,0,1,0.8790198132181525,0.06,0.94,1,0.7434902983102313,1,0.10855979306199759,-0.5348283926085253,2,1,4.86,0,1.49,0,0,1,1,0,0,0,0,1,1,0,0,1,0,0,0,1,0,0
1749,12,5,5,2,-1.6449905315218951,0.49,0.48,0,1.5711159488095365,2,0.5399232092023853,1.0338023678354735,2,2,3.01,0,3.47,2,0,1,0,0,0,0,0,0,0,0,0,0,0,0,1,0,1,0
1750,13,6,0,2,-1.2464625823524138,0.31,0.51,0,0.36273953554862537,1,-0.5692970037300403,1.0338023678354735,0,1,2.12,1,3.61,2,0,0,0,0,0,0,1,0,0,0,0,0,1,0,1,0,0,1
1751,2,7,4,0,0.7461771634949921,0.49,0.5,1,1.3900192461723078,1,-0.014686897263827485,1.145847422152902,0,2,3.35,1,2.77,1,0,0,0,1,0,0,0,0,0,1,0,1,0,0,0,0,1,1
1752,15,1,7,0,0.08196391487919008,0.12,0.79,1,-1.486190645293967,1,0.2934298285507352,-0.08664817533881138,0,1,3.96,0,3.15,2,0,0,0,0,1,0,1,1,1,0,1,0,1,0,0,0,0,0
1753,3,1,3,2,1.1447051126644732,0.92,0.42,0,-0.7377406464859384,0,0.35505317371364775,-1.2070987185130964,1,1,4.96,0,3.19,2,1,1,0,0,0,0,0,1,0,0,0,0,0,0,0,0,1,0
1754,1,5,0,0,0.08196391487919008,0.23,0.47,0,0.6639355566313768,0,-1.1855304553591657,1.0338023678354735,2,1,4.0,1,2.88,0,0,0,0,0,0,0,1,1,0,0,1,0,1,0,0,1,1,0
1755,17,0,9,1,0.6133345137718317,0.85,0.98,1,-1.4021229275725182,2,0.9096632801798605,0.1374419332960456,0,2,4.36,1,2.47,0,1,0,1,0,1,1,0,0,0,0,0,0,0,1,0,0,0,0
1756,6,5,7,0,0.08196391487919008,0.06,0.63,0,1.6814311351947144,0,-1.5552705263366409,0.8097122592006165,2,1,2.61,0,1.29,0,0,0,0,0,0,1,0,0,0,0,1,0,0,1,0,1,0,1
1757,18,3,7,3,-1.6449905315218951,0.44,0.94,0,-0.481241140129042,2,1.4642733866460733,-1.5432338814653819,1,1,2.07,0,4.75,0,0,0,0,1,1,1,0,0,0,0,1,0,1,1,0,0,0,0
1758,12,7,3,0,-0.05087873484397031,0.76,0.78,0,-1.3691059948448976,2,-1.3704004908479033,0.6976672048831881,0,0,4.48,0,1.95,1,1,1,0,0,0,0,1,0,0,1,0,0,0,0,0,1,0,0
1759,11,7,5,3,0.08196391487919008,0.69,0.83,2,-1.715179049695208,0,-1.1239071101962532,-0.6468734469259538,0,0,3.5,1,2.1,2,0,1,0,0,0,1,1,1,0,0,0,1,0,0,1,0,0,0
1760,13,1,2,2,1.1447051126644732,0.71,0.6,0,0.48014912027276174,1,-1.3704004908479033,0.5856221505657596,2,1,2.61,1,3.3,1,0,0,0,1,0,0,1,0,1,0,0,1,0,0,0,0,1,0
1761,17,8,3,2,0.4804918640486713,0.46,0.85,1,-0.7431381658328813,2,-0.07631024242674002,-0.08664817533881138,1,1,3.09,0,1.44,2,1,0,1,0,0,0,0,0,0,0,1,0,0,0,0,1,0,0
1762,3,1,3,2,0.21480656460235048,0.58,0.38,0,-1.3446095608856952,2,0.23180648338782264,1.594027639422616,0,2,4.26,0,4.73,2,0,0,0,1,0,1,0,0,0,0,0,0,1,1,0,1,0,1
1763,11,2,4,3,-0.4494066840134515,0.56,0.3,1,0.6221634503811229,2,-1.000660419870428,-1.4311888271479534,1,2,2.19,0,3.12,1,0,0,0,1,0,0,1,0,0,1,0,0,0,1,0,1,0,1
1764,5,5,9,3,0.8790198132181525,0.18,0.2,2,-1.380171812101339,0,1.525896731808986,0.2494869876134741,1,0,2.7,0,4.14,2,1,1,0,0,1,0,0,1,1,1,0,0,0,0,0,0,0,0
1765,2,3,9,0,-0.9807772829060931,0.18,0.53,2,0.2987455352646365,2,-0.7541670392187779,-1.5432338814653819,2,1,3.63,1,5.0,0,1,0,0,0,0,0,0,0,0,0,0,0,0,0,0,0,1,1
1766,6,1,5,2,0.4804918640486713,0.15,0.89,0,-0.5007371966330499,2,-0.3844269682413027,0.1374419332960456,1,2,3.11,0,2.42,1,0,1,1,0,0,0,0,0,0,0,0,1,0,0,0,1,0,0
1767,1,6,2,2,-1.3793052320755743,0.6,0.94,1,-0.10514776864339358,0,0.41667651887656026,-0.9830086098782393,0,0,3.37,1,3.63,2,0,0,1,0,1,0,0,0,0,1,1,1,0,1,0,0,0,0
1768,10,5,6,3,1.1447051126644732,0.64,0.36,1,0.823153351414108,1,0.10855979306199759,0.5856221505657596,0,1,2.98,0,4.62,1,0,1,1,0,0,0,0,1,0,0,0,0,0,0,1,0,0,1
1769,16,9,0,0,0.7461771634949921,0.29,0.54,2,1.1077957763726232,2,1.4642733866460733,1.4819825851051875,0,0,2.85,0,3.1,2,0,0,1,0,1,0,0,0,0,0,0,0,0,0,1,0,0,0
1770,0,4,9,0,1.0118624629413129,0.44,0.65,1,1.1240966458384742,1,0.6631698995282104,1.0338023678354735,2,0,4.36,0,4.42,1,1,1,0,0,0,0,0,0,0,0,0,0,0,1,0,0,0,0
1771,4,3,9,2,-0.18372138456713072,0.14,0.3,0,-0.015754739191683333,2,-1.0622837650333405,1.2578924764703305,1,0,2.81,1,1.6,0,0,1,0,0,0,0,0,0,0,0,0,1,0,1,0,1,0,0
1772,9,8,6,0,-0.4494066840134515,0.26,0.37,2,1.4643930913542638,0,-1.1855304553591657,-0.31073828397366837,2,2,2.72,1,4.82,0,0,0,1,0,0,0,0,1,0,1,1,0,0,0,1,0,0,1
1773,16,4,3,0,-1.5121478817987346,0.9,0.67,2,0.7495376862073078,2,0.35505317371364775,-0.6468734469259538,2,2,2.15,0,2.48,1,1,0,0,0,0,1,0,0,0,0,1,0,0,0,0,0,1,0
1774,18,9,9,0,-0.5822493337366119,0.58,0.94,1,0.9291360807983953,1,-0.5076736585671278,1.594027639422616,2,1,2.07,1,2.87,0,0,0,0,0,0,1,1,0,0,0,0,0,0,0,1,0,1,0
1775,8,9,0,2,-0.3165640342902911,0.17,0.89,1,0.5018655609897261,2,-0.13793358758965255,-1.4311888271479534,1,1,3.33,0,4.79,2,0,1,0,0,0,0,1,0,0,1,1,0,0,0,0,0,0,0
1776,3,5,2,0,1.6760757115571148,0.21,0.51,0,0.28076583871094035,0,1.7107667672977236,-1.2070987185130964,0,2,2.54,1,4.33,0,0,0,1,0,0,0,1,0,0,1,0,0,1,0,0,0,1,0
1777,10,8,0,0,0.3476492143255109,0.8,0.38,0,-0.5636119788584754,0,0.41667651887656026,0.4735770962483311,0,2,3.51,0,4.25,2,0,1,1,0,1,0,0,0,0,0,0,0,0,1,0,0,1,0
1778,1,4,4,1,-1.1136199326292535,0.83,0.88,1,-0.6985319106278781,2,0.6631698995282104,-0.8709635555608108,0,0,4.36,0,2.85,0,0,0,0,0,1,0,0,0,0,0,0,1,1,1,0,0,0,0
1779,15,5,4,1,-1.5121478817987346,0.22,0.34,2,1.5972912098565841,0,-0.6309203488929528,1.2578924764703305,1,1,3.18,1,2.57,2,0,0,0,0,0,1,0,1,0,0,1,1,0,1,0,0,0,0
1780,6,8,7,0,-0.9807772829060931,0.28,0.32,1,1.6036635320287274,2,1.0945333156685981,0.1374419332960456,2,2,2.47,1,4.39,1,0,0,0,0,0,1,0,0,0,0,0,0,1,1,1,0,1,0
1781,2,8,9,1,0.7461771634949921,0.87,0.35,2,0.01643180594410006,1,0.9096632801798605,-0.19869322965623987,2,0,4.93,0,3.06,2,1,0,0,0,0,0,0,0,0,1,1,0,1,0,0,1,1,0
1782,16,9,9,0,-0.4494066840134515,0.42,0.58,1,0.8710992088906311,2,0.7864165898540355,-0.9830086098782393,2,1,4.14,0,2.41,1,0,1,0,1,0,1,0,0,0,0,1,0,1,1,0,0,0,0
1783,1,5,7,0,-0.3165640342902911,0.42,0.36,2,-1.1715640075084546,0,-0.2611802779154776,-1.3191437728305249,0,2,3.19,0,2.44,1,0,0,0,0,1,1,0,1,1,0,0,1,1,0,0,0,0,0
1784,8,9,5,0,-0.9807772829060931,0.76,0.71,0,-0.6624822579996339,2,1.2177800059944233,-0.7589185012433823,0,2,3.91,1,1.03,0,0,1,0,0,0,0,0,0,0,1,1,0,0,0,1,1,0,0
1785,9,0,7,0,-0.7150919834597723,0.29,0.48,1,1.0373572462998095,2,-0.07631024242674002,-1.5432338814653819,1,1,2.85,0,2.23,0,0,0,0,0,1,0,0,0,1,0,1,1,0,0,0,0,0,0
1786,5,2,1,1,0.8790198132181525,0.76,0.32,2,1.0490187763938734,2,0.7864165898540355,1.0338023678354735,2,2,4.68,1,3.42,0,1,0,1,0,0,0,0,0,0,0,0,1,0,0,0,0,1,0
1787,1,1,4,2,-0.8479346331829327,0.86,0.64,0,-1.623547584126371,1,0.41667651887656026,-0.08664817533881138,0,1,3.98,0,4.01,2,1,0,0,0,0,0,0,0,0,0,0,1,1,1,0,0,1,0
1788,15,3,3,0,0.08196391487919008,0.32,0.54,0,0.11107793950939021,1,0.9712866253427731,1.7060726937400446,0,0,2.93,0,3.02,1,0,1,0,1,1,0,0,0,0,0,0,1,0,0,0,1,1,0
1789,13,3,7,0,-0.05087873484397031,0.21,0.82,1,0.2769027312184795,0,1.2794033511573357,1.369937530787759,2,1,4.42,1,2.31,1,0,0,0,0,0,1,0,1,0,0,1,0,1,0,0,1,0,0
1790,18,2,7,1,1.410390412110794,0.8,0.53,0,0.812213897486859,2,0.10855979306199759,-1.0950536641956679,2,0,4.04,0,3.55,2,1,0,0,0,0,0,1,0,1,0,0,0,1,0,0,0,0,0
1791,5,8,0,3,-0.9807772829060931,0.59,0.79,0,-1.333182705545846,0,-0.19955693275256509,1.0338023678354735,0,0,3.56,0,4.77,1,1,0,1,0,1,1,0,0,0,0,0,0,0,0,0,0,1,1
1792,18,5,1,3,0.8790198132181525,0.07,0.39,0,1.3314047133310913,2,-0.07631024242674002,1.145847422152902,2,1,4.0,0,1.19,1,0,1,0,1,0,0,0,1,0,1,0,0,0,0,0,0,0,0
1793,19,9,0,1,1.6760757115571148,0.07,0.51,2,-0.8425500020991512,0,1.5875200769718985,1.145847422152902,2,2,4.9,1,3.53,1,0,0,1,1,0,0,1,0,0,1,0,0,0,0,0,0,0,0
1794,2,4,6,2,-0.9807772829060931,0.89,0.22,2,0.07995645671965909,1,0.7864165898540355,-1.2070987185130964,2,0,2.3,1,1.86,0,0,0,0,0,0,1,0,1,0,0,0,1,0,0,0,0,0,0
1795,4,2,7,1,-0.9807772829060931,0.74,0.67,2,-0.9049193310078061,1,0.4782998640394728,0.4735770962483311,1,2,2.56,1,1.73,2,0,0,0,0,1,0,0,0,0,0,0,1,0,1,0,0,0,1
1796,6,8,9,1,1.0118624629413129,0.49,0.45,0,0.9778401182500742,0,1.2794033511573357,0.921757313518045,2,2,3.13,0,4.37,0,0,1,1,0,0,0,1,0,0,0,0,0,0,0,0,0,0,0
1797,12,4,5,1,-0.3165640342902911,0.94,0.82,1,0.6703259307076905,0,0.23180648338782264,-0.6468734469259538,1,0,2.35,0,4.91,0,0,0,0,0,1,0,1,0,0,1,0,0,1,0,0,0,0,0
1798,0,3,2,1,0.6133345137718317,0.87,0.87,0,-1.492689330795303,1,-0.5692970037300403,0.5856221505657596,0,0,3.92,1,4.35,0,1,1,0,1,1,0,0,0,0,0,0,1,0,0,0,1,0,0
1799,2,2,3,1,0.6133345137718317,0.39,0.67,2,1.6161735016187992,1,0.9712866253427731,0.921757313518045,1,1,4.13,0,1.64,0,0,0,0,0,0,0,0,1,0,0,0,0,0,0,0,1,0,1
1800,9,7,8,0,-0.9807772829060931,0.15,0.54,1,0.9243884300015859,2,0.9712866253427731,-1.6552789357828104,2,0,4.27,0,2.78,0,0,0,0,0,0,1,1,0,0,0,0,1,0,0,0,0,0,0
1801,13,5,1,2,-0.8479346331829327,0.71,0.95,0,-1.7111715269693841,2,1.7107667672977236,-0.7589185012433823,2,2,3.33,1,1.68,0,0,1,0,0,0,0,0,0,0,1,0,0,0,0,1,0,0,0
1802,6,5,2,1,0.8790198132181525,0.82,0.42,0,1.4435431420374774,2,1.3410266963202482,-1.4311888271479534,2,0,3.03,0,2.29,2,1,0,1,0,0,0,0,1,0,0,1,1,0,0,0,0,0,0
1803,1,8,2,3,0.4804918640486713,0.2,0.43,1,0.571311236333169,2,0.04693644789908505,0.4735770962483311,1,1,4.2,1,4.98,1,0,0,0,1,0,0,0,1,0,0,1,0,0,0,0,0,0,0
1804,6,4,7,0,0.21480656460235048,0.89,0.38,2,-0.19396313716165173,2,0.848039935016948,0.4735770962483311,1,1,4.79,1,3.19,1,0,0,0,1,0,1,0,0,0,0,0,0,1,0,1,1,0,1
1805,4,0,3,1,0.08196391487919008,0.06,0.29,2,-0.9985365060353847,2,0.41667651887656026,-1.6552789357828104,2,0,3.79,0,1.12,2,0,0,1,0,1,0,1,0,0,0,0,0,0,0,0,0,0,0
1806,19,9,1,1,0.21480656460235048,0.11,0.57,2,1.630705284475953,0,-0.13793358758965255,-0.7589185012433823,0,2,4.82,0,3.27,1,0,0,0,0,0,0,0,0,0,0,1,1,0,0,0,0,0,1
1807,18,8,3,2,0.6133345137718317,0.28,0.24,0,1.3798379722202148,1,-0.7541670392187779,0.2494869876134741,0,0,2.36,1,4.66,0,0,1,0,0,0,1,0,0,0,0,0,1,0,1,1,0,0,1
1808,10,5,8,2,0.7461771634949921,0.41,0.55,1,-1.4075204469194613,0,-1.6168938714995533,-1.3191437728305249,1,1,3.7,1,2.8,2,1,0,0,0,0,0,0,0,1,0,1,0,0,0,1,0,0,1
1809,2,6,9,2,1.2775477623876337,0.09,0.9,1,1.4046051847419727,1,-0.5076736585671278,-0.08664817533881138,0,1,3.32,1,2.29,0,1,1,0,0,0,0,0,1,0,0,0,1,0,0,0,0,0,1
1810,8,5,6,3,-0.9807772829060931,0.29,0.65,1,0.4999159553393253,1,0.7247932446911229,0.4735770962483311,2,1,3.89,0,3.8,1,0,0,0,1,0,1,0,0,1,0,0,0,0,0,0,0,1,0
1811,14,1,0,0,1.2775477623876337,0.85,0.68,0,0.9779845334834373,0,-0.5076736585671278,1.0338023678354735,1,2,3.6,0,1.54,2,0,0,0,1,0,1,0,0,0,0,0,0,0,0,0,1,0,0
1812,17,0,4,1,0.6133345137718317,0.73,0.83,0,-0.1034328377472077,0,-0.07631024242674002,0.6976672048831881,1,2,2.5,1,2.89,2,0,0,0,0,0,0,1,0,1,1,1,0,0,0,0,0,0,0
1813,7,1,2,0,-0.5822493337366119,0.62,0.24,2,-1.2507216072955607,1,-0.6925436940558654,0.8097122592006165,2,1,3.12,1,2.02,1,0,0,0,0,0,0,1,0,0,0,0,0,1,1,0,1,0,0
1814,13,0,2,2,0.21480656460235048,0.77,0.62,2,0.2410155457277687,2,-0.6309203488929528,-0.7589185012433823,1,2,4.4,1,3.96,1,1,0,0,0,0,1,0,0,0,0,0,1,0,1,1,0,0,0
1815,19,3,3,2,0.7461771634949921,0.13,0.28,1,-0.13783976709594753,2,0.848039935016948,-0.6468734469259538,2,1,3.9,0,1.72,1,0,1,0,1,0,0,0,0,0,0,0,1,1,1,0,0,0,0
1816,7,7,7,0,-0.5822493337366119,0.12,0.69,0,-1.1624297439982436,2,-0.5692970037300403,-1.0950536641956679,0,0,4.64,0,1.69,2,0,1,1,0,0,1,1,0,0,0,0,0,0,0,0,0,0,1
1817,9,0,9,1,0.21480656460235048,0.74,0.65,1,-1.1849765723070453,1,-0.6925436940558654,-0.4227833382910969,0,1,4.39,1,4.43,2,1,0,0,0,0,1,0,0,0,0,1,0,0,1,0,0,0,0
1818,11,0,1,1,1.410390412110794,0.78,0.64,0,-0.5138428790607441,1,-1.1855304553591657,-0.7589185012433823,1,2,4.71,1,3.97,1,0,0,0,0,0,0,1,0,0,1,1,0,0,0,0,0,1,0
1819,6,1,0,3,-1.2464625823524138,0.11,0.41,0,0.2228914339407095,1,-0.19955693275256509,1.145847422152902,0,0,3.24,0,4.65,1,0,0,0,0,0,1,0,0,1,0,1,0,1,1,0,1,0,0
1820,15,5,9,3,-1.3793052320755743,0.59,0.75,1,-1.5696084944652824,2,-1.3704004908479033,-0.4227833382910969,0,1,2.31,1,2.27,0,1,0,0,0,1,0,0,0,0,0,0,1,0,0,0,0,0,0
1821,12,2,6,3,1.6760757115571148,0.87,0.8,0,-0.8584898334815947,1,0.7864165898540355,-1.2070987185130964,2,1,2.18,0,4.55,2,0,0,0,0,0,0,0,0,0,0,0,1,0,0,1,1,1,0
1822,18,9,6,2,-0.9807772829060931,0.61,0.8,2,1.179389628312341,1,0.848039935016948,-1.4311888271479534,1,1,2.83,0,1.55,2,0,0,0,0,1,0,1,0,1,0,0,0,0,0,1,0,1,0
1823,7,4,5,2,-0.9807772829060931,0.2,0.76,0,0.7789081342925123,0,1.5875200769718985,-0.5348283926085253,0,0,4.13,0,2.83,2,1,0,0,0,0,0,1,0,0,1,0,0,0,0,0,0,0,0
1824,11,5,7,3,0.7461771634949921,0.5,0.67,1,-1.60869086699415,0,1.525896731808986,0.4735770962483311,0,0,4.55,1,2.56,2,1,0,0,0,0,0,0,0,1,0,0,0,1,1,1,0,0,1
1825,19,6,1,2,-1.6449905315218951,0.09,0.66,1,1.1195656178917093,1,0.5399232092023853,-1.5432338814653819,2,2,4.92,0,3.97,0,1,0,1,0,0,0,0,0,0,0,0,0,1,0,0,0,0,0
1826,9,7,7,3,-1.6449905315218951,0.06,0.69,1,-0.7438241381913557,2,1.649143422134811,-1.4311888271479534,2,1,2.17,0,1.52,0,0,0,0,0,0,0,0,0,1,1,0,0,0,1,1,0,0,1
1827,19,5,4,2,-1.5121478817987346,0.14,0.22,0,-1.1262898318491474,2,1.4026500414831609,0.4735770962483311,0,1,2.96,0,1.96,0,0,1,0,0,0,0,0,1,0,0,0,0,1,0,0,0,0,1
1828,7,5,5,3,-0.7150919834597723,0.9,0.46,1,0.37196405857968834,2,0.4782998640394728,1.145847422152902,0,0,3.06,1,2.32,0,1,1,0,0,0,0,1,0,1,0,0,0,0,0,0,0,0,1
1829,4,9,5,0,-0.9807772829060931,0.76,0.87,1,-1.5014445043179363,0,1.2794033511573357,0.5856221505657596,2,0,2.82,0,2.31,0,0,0,0,0,0,0,1,0,0,0,1,0,1,0,1,0,0,0
1830,18,8,8,1,-0.7150919834597723,0.84,0.95,0,0.9231428486138299,0,-0.3844269682413027,-0.7589185012433823,2,2,2.0,0,4.04,2,1,0,0,1,0,0,0,0,0,0,1,0,0,0,0,0,0,1
1831,11,0,6,2,-1.3793052320755743,0.42,0.78,0,0.47854250080159816,1,0.9712866253427731,1.7060726937400446,0,2,3.13,1,2.33,1,0,0,0,0,1,0,0,0,0,1,0,0,1,0,0,0,0,0
1832,0,6,5,0,-1.6449905315218951,0.44,0.33,1,-0.46158261648750076,1,-0.877413729544603,-0.7589185012433823,1,1,2.21,0,3.1,0,0,0,0,0,0,0,0,1,1,0,0,1,1,0,1,0,0,0
1833,2,6,9,2,-1.2464625823524138,0.95,0.91,0,-0.8521175113094513,0,-1.4320238360108157,0.025396878978617116,2,2,2.14,1,1.81,1,1,0,0,0,1,1,0,1,0,0,1,0,0,1,0,0,0,0
1834,8,1,0,1,1.1447051126644732,0.3,0.62,2,-0.31846712022474655,0,-1.6168938714995533,0.5856221505657596,0,1,2.26,0,4.64,1,0,0,0,0,1,0,0,1,1,0,0,0,0,0,0,0,1,0
1835,7,9,7,3,0.21480656460235048,0.57,0.93,2,0.5530066055044061,2,-0.3844269682413027,1.0338023678354735,1,2,2.93,0,2.2,1,0,0,0,0,0,1,0,0,0,0,0,1,0,0,0,0,1,0
1836,19,0,5,1,-1.2464625823524138,0.6,0.84,2,1.5481358748006457,1,-0.19955693275256509,0.4735770962483311,2,0,2.95,1,1.94,0,0,0,1,1,0,0,0,0,0,0,0,0,0,1,0,0,0,0
1837,4,7,6,2,-0.3165640342902911,0.9,0.26,0,-0.016260192508453907,1,0.10855979306199759,-1.6552789357828104,2,2,2.75,0,1.55,2,0,0,0,0,0,0,1,0,0,1,1,0,0,1,0,0,0,0
1838,16,7,6,3,0.08196391487919008,0.7,0.45,2,-1.161111954993806,1,-0.07631024242674002,1.7060726937400446,1,0,4.95,0,3.64,2,0,1,0,0,0,0,0,0,0,0,0,0,1,0,0,0,0,1
1839,13,5,8,1,-0.9807772829060931,0.44,0.46,2,0.5173540947679102,0,1.4642733866460733,1.0338023678354735,1,0,3.86,0,2.85,0,0,0,0,0,1,1,1,0,0,0,0,0,1,0,0,1,1,0
1840,10,3,3,2,-1.3793052320755743,0.94,0.64,1,-1.344086055664754,0,1.1561566608315106,-0.5348283926085253,0,0,2.2,0,2.25,2,1,0,0,1,0,1,0,0,1,0,0,0,0,0,0,0,0,0
1841,6,7,1,2,-0.9807772829060931,0.18,0.85,1,-1.7166412539330085,1,1.649143422134811,0.921757313518045,0,2,3.49,0,2.32,2,0,0,0,1,0,1,0,0,0,0,0,0,1,0,1,0,0,1
1842,0,4,3,3,0.21480656460235048,0.74,0.67,2,-0.1041549139140228,0,0.7247932446911229,0.6976672048831881,2,2,3.47,0,4.61,1,1,0,0,0,0,0,0,1,0,0,0,1,0,0,0,0,0,0
1843,12,8,7,0,-0.5822493337366119,0.67,0.73,0,0.43899077876430065,2,-1.5552705263366409,0.6976672048831881,2,1,3.24,1,3.65,0,0,0,0,0,0,0,0,1,0,0,0,0,0,0,0,1,1,1
1844,9,7,8,0,-1.1136199326292535,0.48,0.87,0,0.5637655403899512,2,0.23180648338782264,0.6976672048831881,0,2,4.76,0,3.72,2,0,1,0,0,1,1,0,0,0,1,0,1,0,0,0,0,0,1
1845,7,1,1,3,0.08196391487919008,0.47,0.75,0,-0.01824590196719545,0,-0.5076736585671278,-1.5432338814653819,0,1,3.26,1,2.55,2,0,1,0,0,0,1,0,1,1,1,0,1,0,0,0,0,0,0
1846,8,0,4,2,0.08196391487919008,0.16,0.53,2,-1.4050292841439491,1,-1.1855304553591657,-0.7589185012433823,1,1,3.53,0,2.58,2,0,0,0,0,0,0,0,0,1,1,1,0,0,0,0,0,0,0
1847,1,7,6,3,0.7461771634949921,0.63,0.54,1,0.940978129934163,0,-0.5076736585671278,0.1374419332960456,1,0,4.26,0,3.96,0,0,0,0,0,1,0,0,0,0,1,0,1,0,0,0,0,0,0
1848,10,2,8,2,0.7461771634949921,0.1,0.76,0,0.09474096623519841,1,-0.014686897263827485,-0.7589185012433823,2,1,2.01,1,1.54,2,0,0,0,0,0,0,1,0,1,1,1,1,0,0,0,0,1,0
1849,7,0,7,1,0.4804918640486713,0.73,0.27,1,0.632922385266668,0,-0.32280362307839017,-0.8709635555608108,1,1,3.26,1,1.7,0,1,0,1,0,0,0,0,1,0,0,0,0,0,1,0,1,1,0
1850,15,3,3,0,1.5432330618339545,0.71,0.59,0,0.023905294270636417,0,-0.5076736585671278,1.145847422152902,2,1,4.4,1,4.35,1,0,0,1,0,0,0,1,0,1,0,1,0,0,1,1,0,0,0
1851,16,6,8,3,-0.4494066840134515,0.23,0.37,0,-1.1413992756397535,2,-0.877413729544603,0.921757313518045,1,1,4.05,1,4.15,2,1,0,0,0,0,1,0,0,0,0,0,0,0,1,0,0,0,0
1852,6,1,4,2,0.4804918640486713,0.06,0.39,0,0.8110044199074438,2,-1.1855304553591657,0.6976672048831881,2,0,3.0,1,3.84,0,0,0,1,0,1,0,0,1,0,0,0,0,0,0,0,0,0,0
1853,15,1,0,3,-0.7150919834597723,0.77,0.22,1,-0.7550885263936713,0,1.1561566608315106,1.7060726937400446,0,2,3.44,1,3.6,0,0,1,0,0,0,0,1,1,0,0,0,1,0,0,0,0,0,0
1854,0,2,4,2,-1.6449905315218951,0.23,0.74,2,1.1473113946015798,2,-0.2611802779154776,-0.9830086098782393,1,0,4.07,1,3.64,0,0,0,1,1,0,1,0,1,0,0,1,0,0,0,0,1,0,0
1855,11,8,2,1,-0.18372138456713072,0.42,0.86,1,1.0097919886316427,0,0.10855979306199759,0.2494869876134741,2,2,4.37,1,3.8,2,0,1,0,0,1,1,0,0,1,0,1,0,0,0,0,0,0,0
1856,18,6,2,0,-1.6449905315218951,0.59,0.6,0,-0.9875428963956246,1,-0.44605031340421525,-1.3191437728305249,1,0,3.4,0,2.65,1,0,0,0,1,1,0,0,1,0,0,0,0,1,0,0,0,0,1
1857,9,2,6,0,-1.1136199326292535,0.42,0.48,0,0.21422651993892824,2,-1.3087771456849908,1.2578924764703305,0,0,2.98,0,3.83,1,0,0,0,0,0,0,1,0,0,0,0,1,0,0,0,0,0,1
1858,19,5,7,3,1.6760757115571148,0.57,0.43,1,1.43027499247225,2,-1.4320238360108157,0.921757313518045,2,0,3.61,0,2.37,2,0,0,0,1,1,0,0,0,0,0,0,0,1,0,0,0,0,0
1859,14,0,8,0,0.7461771634949921,0.58,0.77,0,0.3546342305761258,0,1.2177800059944233,1.145847422152902,1,0,4.27,0,4.23,0,0,0,0,0,0,0,0,0,1,0,0,1,0,0,0,0,1,0
1860,8,1,9,3,0.6133345137718317,0.39,0.64,2,-0.19629183279963044,2,-1.1855304553591657,-1.6552789357828104,0,1,2.09,1,4.71,1,0,1,0,0,1,0,0,0,0,0,0,1,0,1,0,1,0,0
1861,7,1,7,3,-0.7150919834597723,0.06,0.92,1,1.1789924864205927,1,-1.6168938714995533,-0.9830086098782393,0,2,2.67,0,3.01,2,1,0,1,0,0,0,0,0,0,1,0,1,0,0,0,0,0,0
1862,9,1,5,3,1.6760757115571148,0.14,0.7,1,-1.7326893967404744,1,0.6015465543652979,-0.19869322965623987,1,2,2.1,0,2.56,2,1,0,0,0,0,0,1,0,0,0,1,0,0,0,1,1,0,0
1863,19,1,6,3,1.410390412110794,0.7,0.2,2,-0.12749602600632112,0,0.9096632801798605,-1.5432338814653819,1,0,4.9,0,3.14,0,0,0,0,0,1,0,1,0,0,0,0,1,0,0,0,0,0,1
1864,7,2,5,2,0.3476492143255109,0.92,0.83,0,0.25441005862218896,1,0.9712866253427731,-1.5432338814653819,0,2,3.55,0,1.06,0,0,0,1,0,0,0,0,0,0,0,1,1,0,1,0,0,0,0
1865,6,4,4,1,-1.5121478817987346,0.47,0.78,1,-1.5511052926906452,1,0.35505317371364775,0.1374419332960456,1,2,3.18,1,3.52,1,0,0,1,0,0,0,0,0,0,1,1,0,1,0,0,0,0,1
1866,5,3,3,1,-0.8479346331829327,0.79,0.7,2,-1.591090260428032,0,0.35505317371364775,-0.5348283926085253,0,2,3.49,1,1.57,0,1,0,1,0,0,0,1,0,0,1,0,0,1,0,0,0,0,1
1867,13,5,1,1,-1.3793052320755743,0.89,0.63,0,-0.546769552267513,0,-1.5552705263366409,-0.9830086098782393,1,0,2.9,1,3.31,0,0,0,0,0,1,0,0,0,1,0,0,0,1,0,0,0,0,0
1868,0,0,8,0,0.6133345137718317,0.61,0.78,0,1.045661122218183,0,0.04693644789908505,0.6976672048831881,1,2,3.17,0,1.15,1,0,0,0,0,0,1,1,0,0,0,1,1,1,0,0,0,0,0
1869,6,0,4,3,0.6133345137718317,0.85,0.82,2,-0.2788070867624268,0,0.10855979306199759,-0.6468734469259538,1,0,4.1,1,1.09,0,0,1,0,0,0,1,0,1,0,0,1,0,0,0,1,0,1,0
1870,18,9,9,0,-0.05087873484397031,0.73,0.72,1,1.2539259406318304,1,0.2934298285507352,-1.0950536641956679,2,2,2.37,0,3.24,1,0,0,0,0,0,1,1,0,1,0,0,0,0,0,1,0,0,0
1871,7,8,5,3,0.21480656460235048,0.14,0.84,1,0.6657949027609258,2,0.23180648338782264,-1.4311888271479534,0,1,4.96,1,4.05,0,0,1,1,0,0,0,1,1,0,0,0,0,0,0,1,0,0,0
1872,9,6,4,0,-0.7150919834597723,0.34,0.55,0,-1.5860718310686668,1,-0.877413729544603,-0.19869322965623987,2,2,3.31,0,1.44,1,0,1,0,0,1,0,0,1,0,0,0,0,0,0,0,0,0,0
1873,4,0,0,2,0.7461771634949921,0.34,0.79,1,0.4574759286347674,2,-0.6925436940558654,0.8097122592006165,1,1,4.08,0,2.27,2,1,0,0,1,0,1,0,0,0,0,0,0,0,1,0,0,0,0
1874,5,2,5,0,1.410390412110794,0.93,0.43,1,0.7076933723403723,0,1.5875200769718985,1.7060726937400446,0,0,4.9,1,4.27,2,0,1,0,0,1,1,0,1,1,0,0,0,0,0,0,0,0,0
1875,8,6,5,1,-0.3165640342902911,0.71,0.58,1,-0.5631606812542159,2,-0.5692970037300403,0.921757313518045,1,2,4.98,0,1.24,2,0,0,1,0,0,0,0,0,0,1,1,0,0,0,0,0,0,0
1876,19,1,5,1,-0.9807772829060931,0.94,0.88,1,-0.6876827162214811,2,0.2934298285507352,1.7060726937400446,1,1,2.75,0,3.99,2,0,0,0,0,0,0,0,1,0,1,0,0,0,1,0,0,0,0
1877,17,7,5,3,-1.5121478817987346,0.19,0.44,1,-0.04304921829729438,1,-0.44605031340421525,1.369937530787759,1,0,3.41,1,2.61,1,0,0,0,1,0,0,1,0,0,1,0,0,1,1,0,0,0,1
1878,1,4,0,1,1.1447051126644732,0.95,0.78,0,-1.056771948889023,0,0.9096632801798605,-0.31073828397366837,2,0,4.79,0,3.32,2,0,0,0,1,0,1,0,0,0,0,0,0,0,1,0,0,0,0
1879,5,5,3,3,0.6133345137718317,0.62,0.22,1,1.4947563941688389,0,-1.000660419870428,-0.19869322965623987,0,1,3.71,1,4.67,1,1,1,1,0,0,1,0,0,0,0,0,0,0,0,1,0,0,0
1880,8,2,6,1,1.5432330618339545,0.76,0.96,1,1.5759899629355385,1,-0.32280362307839017,-0.8709635555608108,0,0,2.75,1,4.65,2,0,0,0,1,0,1,0,0,0,0,0,1,0,0,0,0,0,1
1881,14,0,1,2,1.5432330618339545,0.54,0.33,2,0.804993135818708,1,-0.8157903843816905,-0.4227833382910969,1,1,2.08,1,3.02,2,0,0,0,1,0,0,0,0,1,0,1,0,0,0,1,0,1,0
1882,15,5,7,1,0.08196391487919008,0.33,0.55,0,0.8423425255472194,0,1.0945333156685981,-0.19869322965623987,0,1,2.28,1,4.12,2,1,0,0,0,0,0,0,0,0,0,1,0,1,1,1,1,0,0
1883,11,1,3,0,-0.4494066840134515,0.82,0.52,1,0.793042775257918,2,-1.4936471811737284,0.6976672048831881,0,0,4.47,1,1.84,1,0,0,0,0,0,1,0,1,0,0,0,0,0,0,1,0,0,0
1884,15,9,2,3,-0.8479346331829327,0.59,0.71,2,-0.374698801715473,2,-0.9390370747075155,-0.8709635555608108,2,0,2.88,1,1.41,0,0,1,0,1,0,1,0,0,1,0,0,0,0,0,0,0,0,0
1885,14,7,7,2,0.7461771634949921,0.85,0.45,2,-1.5122214911076517,0,-1.3704004908479033,-0.19869322965623987,2,2,4.56,1,4.43,1,0,1,1,0,1,0,0,1,1,0,0,0,0,0,0,1,0,0
1886,7,0,0,3,-0.9807772829060931,0.69,0.74,2,0.0924122705972197,0,-0.6309203488929528,-0.4227833382910969,1,2,2.22,1,3.13,2,0,0,1,0,0,0,1,0,0,0,0,0,0,0,0,0,1,0
1887,6,6,3,3,-1.3793052320755743,0.12,0.86,2,1.2549548991695418,2,1.1561566608315106,1.0338023678354735,1,0,2.13,1,1.73,2,1,1,0,0,1,1,0,0,0,0,0,0,1,0,0,0,0,1
1888,11,0,6,1,1.410390412110794,0.62,0.55,1,1.1538100801029159,1,-0.5076736585671278,-0.7589185012433823,2,1,3.25,0,3.18,2,0,0,0,0,0,0,0,0,0,0,0,0,1,0,1,1,0,0
1889,19,2,2,0,-0.18372138456713072,0.44,0.24,1,-0.90367374962005,0,-0.6925436940558654,1.369937530787759,2,2,2.23,1,3.57,0,1,1,0,0,1,0,1,0,0,0,0,0,0,0,0,0,1,0
1890,6,1,0,3,-1.2464625823524138,0.65,0.22,1,-0.10697101096460172,0,-0.3844269682413027,-0.8709635555608108,2,0,2.6,1,3.0,0,0,0,1,0,0,1,0,1,1,0,0,1,0,0,0,1,0,0
1891,13,7,4,0,-0.9807772829060931,0.78,0.33,2,0.8695106413236378,1,0.2934298285507352,1.7060726937400446,0,0,2.22,1,1.19,1,1,1,0,0,1,0,0,0,1,0,1,0,0,0,0,0,0,0
1892,7,3,0,0,-0.3165640342902911,0.54,0.29,2,-0.9972548208392878,2,1.2794033511573357,-1.5432338814653819,1,0,2.68,1,2.11,1,0,1,1,0,1,0,0,0,0,0,0,0,0,1,1,0,0,0
1893,13,5,9,0,0.3476492143255109,0.1,0.85,1,1.5111655750597122,0,-0.13793358758965255,1.2578924764703305,2,1,3.68,0,2.18,1,0,0,0,0,0,0,1,0,0,1,0,0,1,0,0,0,0,0
1894,17,6,5,1,-0.8479346331829327,0.24,0.66,2,-0.48573606426746607,1,0.35505317371364775,-0.19869322965623987,0,2,4.46,0,3.23,1,1,0,0,0,1,0,0,0,1,0,0,0,0,0,0,0,0,1
1895,14,9,1,2,0.7461771634949921,0.07,0.97,2,-0.45560743620710575,2,-1.2471538005220781,0.2494869876134741,2,1,3.4,1,1.42,1,0,0,0,0,1,0,0,0,0,0,1,0,0,0,0,0,1,1
1896,10,4,1,3,-1.2464625823524138,0.28,0.65,1,-0.6490516412968729,2,1.649143422134811,0.8097122592006165,2,1,2.6,0,2.43,1,1,0,0,1,0,0,0,0,0,0,0,0,1,0,0,0,0,0
1897,18,1,0,3,-1.6449905315218951,0.73,0.58,1,-0.4283851647181762,1,-0.8157903843816905,-0.31073828397366837,1,0,2.17,0,4.4,2,1,0,0,0,0,0,1,1,0,0,1,0,0,0,0,0,0,1
1898,18,0,6,0,-0.18372138456713072,0.54,0.35,2,0.7008336487556288,0,0.9712866253427731,1.7060726937400446,0,0,2.85,0,1.86,0,0,0,1,1,1,0,0,0,0,0,0,0,0,0,0,1,1,0
1899,1,5,8,3,0.08196391487919008,0.6,0.76,0,0.5417963730146015,2,0.4782998640394728,1.594027639422616,2,1,4.0,1,2.71,2,0,0,1,0,0,0,0,0,0,0,0,1,0,1,0,1,0,1
1900,11,0,7,3,-0.5822493337366119,0.8,0.64,2,-0.5686484601220108,0,1.5875200769718985,1.4819825851051875,0,1,4.27,1,1.05,1,0,1,0,0,1,1,0,1,0,1,0,1,0,0,0,0,0,0
1901,5,5,2,0,0.8790198132181525,0.84,0.51,0,0.7252398231939794,2,-0.7541670392187779,-0.6468734469259538,0,1,2.28,0,3.48,1,0,1,0,0,1,0,1,1,1,0,0,0,0,0,0,0,0,0
1902,1,8,3,1,0.7461771634949921,0.23,0.89,1,0.3826868896568927,2,0.41667651887656026,-1.4311888271479534,0,2,3.09,0,4.91,2,0,1,0,0,1,0,1,0,1,0,1,0,1,0,0,0,0,0
1903,6,5,7,0,-0.05087873484397031,0.65,0.81,0,-0.5576548504822507,0,0.6015465543652979,-1.3191437728305249,2,0,4.6,1,2.17,0,1,1,0,0,0,0,1,0,0,0,0,0,0,0,0,1,1,1
1904,3,6,6,3,1.1447051126644732,0.48,0.76,1,-0.9801055118774291,1,0.9712866253427731,0.921757313518045,1,0,3.76,0,2.28,2,0,1,1,1,0,0,0,0,0,0,1,0,0,0,1,1,0,0
1905,5,5,7,3,0.21480656460235048,0.74,0.29,2,-0.4967477258113965,1,-0.19955693275256509,-0.5348283926085253,1,0,2.48,1,3.21,0,0,0,0,0,1,0,1,0,0,1,0,0,0,0,1,0,0,0
1906,10,4,4,3,-1.6449905315218951,0.87,0.33,0,0.9880394441063376,0,-0.5692970037300403,-1.3191437728305249,0,0,3.04,0,4.5,0,1,0,0,0,0,1,0,0,1,0,0,0,0,0,0,0,0,0
1907,10,1,7,1,0.3476492143255109,0.23,0.62,2,-0.00118685252618855,2,1.2794033511573357,0.4735770962483311,1,2,3.64,1,2.08,2,0,0,1,1,0,0,1,0,0,1,0,0,0,1,0,0,1,0
1908,0,2,2,1,-1.5121478817987346,0.08,0.55,0,0.1970411071687287,2,-0.5076736585671278,1.0338023678354735,2,2,4.31,0,1.64,2,0,0,0,1,0,0,0,0,0,0,0,0,0,0,0,1,1,0
1909,19,7,4,3,0.7461771634949921,0.76,0.32,0,-0.7691148559340548,0,-1.1239071101962532,1.4819825851051875,1,1,4.39,0,3.76,2,0,0,0,0,0,1,0,1,1,0,1,0,0,0,0,0,0,0
1910,8,9,1,1,1.2775477623876337,0.86,0.56,1,0.9068419791479788,1,0.6015465543652979,0.921757313518045,0,1,3.06,1,4.18,1,0,1,0,1,0,1,0,1,1,0,1,0,0,0,0,0,0,0
1911,16,0,9,2,-1.5121478817987346,0.05,0.7,2,0.5054217861112905,2,-0.19955693275256509,1.7060726937400446,2,1,2.88,1,4.6,2,0,1,1,0,0,0,0,1,1,0,1,0,0,1,0,0,0,0
1912,1,3,7,1,0.21480656460235048,0.95,0.55,1,-1.0075444062164032,1,1.2177800059944233,1.7060726937400446,1,1,3.23,0,1.71,1,1,1,0,0,0,0,1,0,1,0,0,1,0,0,0,0,0,1
1913,7,9,0,0,-0.9807772829060931,0.62,0.58,1,1.6592453449693203,1,-1.1239071101962532,0.921757313518045,1,2,2.74,1,2.59,0,0,0,1,1,0,1,0,0,0,0,0,0,1,0,1,1,0,0
1914,17,5,0,1,-0.4494066840134515,0.95,0.42,1,0.5386733935931262,2,0.2934298285507352,-1.0950536641956679,0,1,4.05,0,3.48,2,0,0,0,0,0,0,0,1,0,0,1,0,1,0,0,0,0,0
1915,8,7,9,3,-0.7150919834597723,0.65,0.35,2,-1.4385516701883405,1,-1.1239071101962532,1.145847422152902,0,1,4.45,0,2.54,2,0,0,0,0,0,0,0,0,1,0,1,0,0,0,0,0,1,0
1916,3,1,4,2,-0.7150919834597723,0.62,0.42,1,1.223508482104744,1,1.0329099705056857,-1.0950536641956679,0,0,3.3,1,2.87,1,0,0,1,0,0,1,0,0,1,0,1,0,1,0,0,1,0,0
1917,1,0,8,1,-0.7150919834597723,0.93,0.61,1,-0.16908761321487129,2,1.649143422134811,0.2494869876134741,0,0,3.15,0,2.33,2,0,0,0,0,0,0,1,0,1,0,0,1,0,0,0,0,0,0
1918,9,9,9,2,-0.9807772829060931,0.08,0.21,0,-0.09881155027959102,2,-1.5552705263366409,0.2494869876134741,1,0,3.48,0,2.16,0,0,0,1,0,0,0,0,0,0,0,1,0,0,0,1,0,1,0
1919,17,1,2,2,0.08196391487919008,0.89,0.64,2,1.0791293525500634,1,-0.19955693275256509,0.5856221505657596,2,2,4.0,1,2.46,2,0,1,0,0,0,1,0,0,0,0,1,0,0,0,1,0,0,0
1920,1,0,3,2,1.6760757115571148,0.58,0.37,1,-0.9275203150291189,0,0.848039935016948,-1.6552789357828104,0,1,3.87,0,2.69,0,0,0,0,1,1,0,1,0,1,0,0,1,0,1,0,0,0,0
1921,15,4,5,0,1.2775477623876337,0.74,0.51,1,1.4886729024634215,2,-0.7541670392187779,-1.2070987185130964,2,1,4.54,0,4.61,2,0,0,0,1,0,0,0,0,0,0,0,0,0,1,1,0,0,0
1922,13,3,7,1,0.8790198132181525,0.15,0.62,0,-1.2328321702627165,0,-0.6309203488929528,-1.5432338814653819,0,0,4.64,0,1.99,2,0,0,1,0,0,0,0,1,0,0,0,0,0,0,0,1,0,0
1923,6,8,6,1,-0.3165640342902911,0.49,0.93,0,-0.5627635393624676,0,1.4642733866460733,0.3615320419309026,0,1,2.99,1,3.19,2,0,0,1,0,1,0,0,0,0,0,0,0,0,0,0,0,0,1
1924,5,4,9,2,-0.05087873484397031,0.69,0.22,0,-1.586848062947993,1,-0.3844269682413027,1.7060726937400446,0,0,4.16,0,4.24,1,0,0,0,0,0,0,0,0,0,1,0,0,1,1,0,0,0,0
1925,7,3,3,3,-1.6449905315218951,0.95,0.28,2,1.5757913919896642,0,-1.4320238360108157,-1.0950536641956679,1,2,4.89,0,4.1,0,0,0,1,0,0,1,1,0,0,0,0,0,0,0,0,0,0,0
1926,19,3,6,2,0.7461771634949921,0.41,0.33,0,0.41821303706419594,0,-0.44605031340421525,0.4735770962483311,2,1,3.17,1,1.0,0,0,0,0,0,1,0,0,0,1,0,0,0,0,1,0,0,0,0
1927,3,1,0,2,0.3476492143255109,0.43,0.74,0,0.5999235044432176,0,-1.3087771456849908,-0.9830086098782393,2,2,4.94,0,4.4,2,0,0,0,1,0,0,0,0,1,0,0,0,0,0,1,0,0,0
1928,14,1,8,2,-0.8479346331829327,0.14,0.41,2,-1.5578206010420257,1,1.649143422134811,-0.8709635555608108,2,2,4.99,0,4.57,1,0,0,0,0,0,0,0,1,0,0,1,0,1,0,0,0,0,1
1929,9,5,7,2,-0.3165640342902911,0.14,0.37,0,0.9457257807309724,2,-1.2471538005220781,0.1374419332960456,0,1,4.06,1,3.31,2,0,1,1,1,0,0,0,0,0,0,0,1,0,1,0,0,0,1
1930,17,9,6,2,0.7461771634949921,0.29,0.84,0,-0.42309595679625556,0,-1.2471538005220781,0.3615320419309026,2,1,3.3,0,2.49,1,0,0,0,0,0,0,1,1,1,0,0,0,0,0,0,0,0,0
1931,13,2,2,3,0.6133345137718317,0.18,0.56,2,1.5127902464350462,1,1.4642733866460733,-1.0950536641956679,1,2,2.69,0,1.49,0,0,0,0,0,0,1,0,0,1,0,0,0,0,0,1,0,0,1
1932,14,8,1,3,0.3476492143255109,0.89,0.87,2,-1.1095015609706962,0,-1.6168938714995533,-0.19869322965623987,2,0,2.89,1,1.53,2,1,0,0,0,0,0,0,0,0,0,1,1,0,0,0,0,1,1
1933,16,0,4,1,-1.6449905315218951,0.65,0.42,0,1.2960410330613215,1,-1.000660419870428,1.7060726937400446,2,0,4.1,0,4.35,1,0,1,0,1,0,1,1,0,0,0,0,0,0,0,0,0,0,1
1934,17,8,1,1,1.1447051126644732,0.91,0.4,2,0.5366696322302142,2,-1.678517216662466,0.2494869876134741,2,0,2.75,0,4.38,0,0,1,0,0,0,0,1,0,0,0,1,0,0,1,1,0,1,0
1935,8,0,3,0,-1.1136199326292535,0.76,0.79,1,1.304615687542251,1,0.6015465543652979,-0.8709635555608108,0,1,2.4,1,2.44,2,1,1,0,0,0,0,1,0,1,0,0,1,0,0,0,1,0,0
1936,3,6,6,2,-0.9807772829060931,0.45,0.47,2,-0.9644545109617116,1,-0.5692970037300403,0.1374419332960456,1,2,4.99,1,3.84,0,0,1,0,0,1,1,1,1,0,1,0,0,0,0,0,0,0,0
1937,16,9,5,0,-0.18372138456713072,0.78,0.21,0,1.4125299706727685,0,1.4026500414831609,0.4735770962483311,1,2,4.26,1,4.52,1,1,0,0,0,0,0,0,0,0,0,0,1,1,0,0,0,0,1
1938,11,7,0,1,0.08196391487919008,0.17,0.7,0,-1.0337377191676211,0,1.0945333156685981,0.5856221505657596,1,0,4.85,0,3.98,2,0,0,1,0,0,1,0,1,0,0,1,0,0,0,0,0,0,0
1939,10,5,4,2,1.5432330618339545,0.72,0.26,0,-0.6806605254992042,2,1.4026500414831609,0.3615320419309026,2,0,4.92,1,3.85,2,0,0,1,0,0,0,0,1,1,0,0,1,0,1,1,0,0,0
1940,12,3,0,0,-0.05087873484397031,0.61,0.56,0,0.5946884522338081,1,0.2934298285507352,1.594027639422616,0,2,4.65,0,2.17,1,1,0,0,0,0,1,1,0,0,0,1,0,0,0,0,1,1,0
1941,6,8,6,1,-1.6449905315218951,0.19,0.88,2,-1.105042740640613,1,1.2177800059944233,-0.7589185012433823,2,0,4.45,0,3.38,2,1,1,0,1,0,0,0,0,0,0,1,1,0,0,1,0,0,0
1942,10,8,4,3,0.21480656460235048,0.34,0.47,2,-0.5456322823047792,0,1.0329099705056857,1.145847422152902,0,1,3.99,1,1.01,2,0,0,0,0,0,0,1,0,0,1,1,1,0,0,0,0,0,0
1943,16,3,0,3,-0.18372138456713072,0.64,0.58,0,1.4420267820871657,0,-1.1855304553591657,0.4735770962483311,1,0,2.6,1,4.8,2,1,0,0,0,1,1,0,1,0,0,0,1,0,0,0,0,0,0
1944,2,7,2,0,-0.3165640342902911,0.19,0.46,2,-0.8925898804594381,2,0.10855979306199759,-0.4227833382910969,0,2,4.04,0,2.78,2,0,1,1,0,0,0,0,0,0,1,0,0,0,0,0,0,0,0
1945,16,3,7,1,-0.5822493337366119,0.09,0.73,2,-1.7016401215674246,2,0.17018313822491013,-1.4311888271479534,0,0,3.88,1,4.82,2,1,0,0,0,0,1,0,0,0,0,1,0,0,0,0,0,0,1
1946,7,3,7,2,0.3476492143255109,0.95,0.51,2,1.6057395010083209,0,-1.3704004908479033,-0.08664817533881138,2,1,2.87,1,2.47,2,1,0,0,1,0,0,0,0,0,0,0,0,0,0,0,0,1,0
1947,9,2,5,2,0.6133345137718317,0.73,0.51,1,0.9661244324434991,0,1.2177800059944233,1.4819825851051875,1,2,2.62,1,2.9,1,0,0,0,0,1,1,0,0,0,0,0,0,0,1,0,0,1,0
1948,16,9,0,2,1.410390412110794,0.52,0.38,1,1.0729194975154535,0,0.9712866253427731,1.7060726937400446,2,1,4.04,1,2.04,1,1,0,0,0,0,1,0,0,0,0,0,0,0,0,0,0,1,0
1949,11,1,3,2,-0.7150919834597723,0.57,0.34,0,0.3442002299656475,1,0.6015465543652979,-0.5348283926085253,2,0,3.82,0,2.57,2,0,0,1,0,0,0,1,0,0,1,0,0,0,0,0,0,0,1
1950,0,5,1,3,-0.5822493337366119,0.4,0.76,2,-1.1856083889530085,2,0.2934298285507352,-0.08664817533881138,0,0,4.54,1,4.48,1,0,0,1,0,0,0,0,0,0,0,0,0,0,0,0,1,1,1
1951,12,0,4,3,-0.18372138456713072,0.74,0.9,2,-0.8198587585569864,2,0.7864165898540355,1.4819825851051875,2,0,2.95,0,2.76,2,0,0,0,0,0,0,0,0,1,0,0,1,0,1,0,0,0,0
1952,12,4,8,3,0.8790198132181525,0.52,0.66,0,-1.5698070654111564,1,-0.44605031340421525,-0.6468734469259538,0,0,2.55,0,1.04,1,0,0,0,0,0,0,0,0,1,0,1,0,1,0,0,0,0,0
1953,2,9,3,3,-1.6449905315218951,0.93,0.51,2,0.9619002868676307,1,-0.7541670392187779,-0.19869322965623987,0,0,2.86,0,3.0,0,1,0,1,0,0,0,1,0,0,0,0,0,0,1,0,0,0,0
1954,10,5,0,1,0.3476492143255109,0.68,0.71,1,-1.4458626913773434,0,-0.2611802779154776,-0.5348283926085253,0,0,2.47,1,3.77,2,0,0,0,1,0,0,0,1,0,1,0,1,0,0,0,0,0,0
1955,2,8,8,0,0.6133345137718317,0.07,0.98,0,0.3242348239532098,1,0.6631698995282104,1.594027639422616,2,1,3.07,1,3.17,2,1,0,0,0,0,0,0,1,0,1,1,0,0,0,0,0,0,0
1956,7,6,3,3,-0.5822493337366119,0.63,0.44,1,-1.003284156832194,2,0.9712866253427731,-0.4227833382910969,1,1,3.36,1,4.59,0,0,0,1,0,0,1,0,0,1,0,0,0,1,1,0,0,0,1
1957,0,6,7,2,-0.05087873484397031,0.7,0.24,0,0.8407720098843966,2,1.525896731808986,1.594027639422616,1,1,4.24,0,3.17,1,0,0,1,0,0,0,0,0,1,0,0,0,0,0,0,1,0,0
1958,5,1,7,3,1.6760757115571148,0.15,0.64,1,1.2923042888980534,2,0.23180648338782264,-0.19869322965623987,2,0,2.64,0,2.51,2,0,0,0,0,0,0,0,1,0,0,1,0,0,0,0,1,0,0
1959,19,3,0,0,-0.8479346331829327,0.26,0.85,1,0.3503017735752351,0,1.7107667672977236,-1.2070987185130964,2,0,3.29,1,3.01,1,0,1,1,0,0,0,1,0,0,0,1,0,0,0,0,0,0,1
1960,12,0,3,2,-1.5121478817987346,0.25,0.43,1,0.8553579484540617,1,-1.2471538005220781,0.4735770962483311,1,1,2.96,1,2.01,0,0,0,0,0,0,1,0,0,1,0,0,0,0,0,0,1,0,0
1961,1,0,0,3,-1.6449905315218951,0.29,0.95,0,0.5591081491139936,0,1.2794033511573357,0.921757313518045,1,0,2.34,1,2.76,2,1,0,0,0,0,0,0,0,0,0,0,1,1,0,1,1,1,0
1962,14,9,3,2,1.0118624629413129,0.45,0.62,1,-0.08796235587319402,2,-1.2471538005220781,-0.8709635555608108,2,0,3.84,0,4.84,2,0,0,1,0,0,1,1,0,0,0,0,0,1,0,1,0,0,1
1963,12,9,3,0,0.21480656460235048,0.21,0.58,0,0.5149170877049092,1,-1.3704004908479033,-1.2070987185130964,2,0,2.82,0,2.78,2,0,0,0,0,0,1,1,1,0,0,0,1,1,0,1,0,0,0
1964,5,0,8,0,0.8790198132181525,0.35,0.59,2,1.4203825489868829,0,1.3410266963202482,-1.6552789357828104,2,2,3.77,0,2.15,1,1,0,0,0,0,0,0,1,0,0,0,1,0,0,0,0,0,0
1965,11,3,1,0,-0.5822493337366119,0.34,0.49,1,-1.5911805199488838,1,-0.5692970037300403,-0.19869322965623987,2,0,4.22,0,1.41,0,0,1,0,0,0,0,1,0,0,0,0,0,0,0,0,0,0,1
1966,2,5,2,2,0.8790198132181525,0.93,0.52,1,-0.624248324966774,2,1.525896731808986,0.3615320419309026,0,0,2.06,0,4.99,0,0,0,0,0,0,0,1,0,0,1,0,0,0,0,0,0,1,1
1967,11,9,6,0,1.5432330618339545,0.49,0.59,0,1.2329496279858516,2,-0.9390370747075155,-0.08664817533881138,1,1,2.14,0,2.82,1,0,0,1,1,0,0,0,0,0,0,0,0,0,0,0,1,0,1
1968,14,5,5,1,1.6760757115571148,0.56,0.72,2,0.6148524291921199,0,0.848039935016948,-0.6468734469259538,1,2,3.99,0,3.82,1,0,0,0,0,0,0,0,0,0,1,0,0,0,0,1,1,0,1
1969,15,5,8,3,0.4804918640486713,0.26,0.34,2,-1.0462657406618632,2,-0.5692970037300403,-0.31073828397366837,2,1,3.0,0,3.68,1,0,0,0,0,0,1,1,1,0,0,0,1,1,0,0,1,0,0
1970,1,2,3,2,0.6133345137718317,0.45,0.36,2,0.8635535129474132,0,0.6015465543652979,1.145847422152902,0,2,4.01,0,1.03,2,1,0,1,0,0,0,1,0,0,0,0,0,0,0,1,0,1,0
1971,17,1,6,0,0.8790198132181525,0.4,0.69,1,0.5137256620296642,1,1.3410266963202482,-0.08664817533881138,0,0,4.92,0,1.33,0,1,0,1,0,0,0,0,0,1,0,0,0,0,1,0,1,0,0
1972,3,5,0,0,0.6133345137718317,0.21,0.82,1,0.785876169302278,1,1.525896731808986,1.594027639422616,2,2,4.6,0,1.9,1,0,1,0,0,0,0,0,0,0,1,0,0,0,0,1,0,0,0
1973,8,8,0,0,0.7461771634949921,0.13,0.57,2,0.5242499221609944,0,-0.2611802779154776,0.1374419332960456,2,1,3.22,0,3.73,1,0,0,1,0,1,1,0,0,0,0,0,0,1,0,0,0,0,0
1974,7,5,0,1,-0.05087873484397031,0.45,0.36,1,0.12306440387852098,2,-0.2611802779154776,1.594027639422616,1,0,3.07,1,3.94,2,0,0,1,0,0,0,0,1,0,0,0,0,0,1,1,0,0,0
1975,17,5,9,2,-1.5121478817987346,0.62,0.9,2,0.5334563932878871,2,1.0329099705056857,1.2578924764703305,0,0,3.95,1,1.1,1,0,0,1,0,0,0,0,0,1,0,1,0,0,0,0,1,0,1
1976,12,2,9,1,-1.1136199326292535,0.36,0.6,1,-0.041984155951242094,1,-1.6168938714995533,1.145847422152902,1,1,3.11,0,3.94,2,0,1,1,0,0,0,0,1,0,0,1,1,0,0,0,0,0,0
1977,3,4,5,2,1.0118624629413129,0.52,0.29,1,1.475837998598283,2,-1.3704004908479033,-0.8709635555608108,0,2,2.05,0,2.76,1,0,0,1,0,0,0,0,1,0,0,0,0,0,0,0,1,0,1
1978,5,3,8,0,1.0118624629413129,0.33,0.64,1,-1.584068069705755,1,-0.13793358758965255,1.369937530787759,0,0,4.05,0,2.24,2,0,1,0,0,0,0,0,1,0,1,0,0,0,0,1,0,1,0
1979,0,0,0,0,0.6133345137718317,0.68,0.91,2,0.6509020818203641,2,-0.5692970037300403,0.025396878978617116,2,1,2.91,0,4.08,1,1,0,0,0,0,0,0,0,1,0,1,0,0,0,1,0,0,0
1980,13,7,3,3,-0.05087873484397031,0.26,0.25,0,-0.34012940522919977,1,0.9096632801798605,0.4735770962483311,2,1,4.19,0,2.43,1,1,0,0,0,0,0,1,0,0,0,0,0,0,0,0,0,1,0
1981,16,8,4,3,-1.2464625823524138,0.62,0.87,0,-1.250107842553768,2,-1.4936471811737284,0.3615320419309026,0,0,4.84,1,1.29,0,1,0,0,1,0,0,0,0,0,0,0,0,0,0,1,0,0,0
1982,5,7,0,1,1.1447051126644732,0.25,0.21,2,1.2211256307542542,0,-1.3087771456849908,-0.4227833382910969,2,1,3.14,0,2.04,2,0,0,1,0,0,0,0,0,0,0,0,0,0,0,1,0,0,1
1983,17,9,0,3,-0.05087873484397031,0.83,0.37,2,-1.23348203881285,1,1.4026500414831609,1.0338023678354735,0,2,4.78,0,2.95,2,0,1,1,0,1,0,0,0,1,0,0,1,0,0,0,0,1,0
1984,8,4,5,3,-1.2464625823524138,0.16,0.91,1,1.3409541706372212,1,-0.6309203488929528,-1.0950536641956679,1,1,2.8,0,2.79,2,0,1,0,0,0,0,0,0,0,1,0,0,0,0,0,0,1,0
1985,9,6,8,3,1.410390412110794,0.38,0.54,0,-0.40096432228337253,2,1.1561566608315106,-0.4227833382910969,1,1,3.98,1,4.34,1,0,0,0,1,0,0,0,1,0,1,0,0,0,0,0,0,1,1
1986,2,6,2,3,-0.7150919834597723,0.8,0.31,0,1.1086622677728013,2,-0.44605031340421525,0.921757313518045,2,2,4.7,0,3.68,0,1,0,0,1,0,0,1,0,0,1,0,0,1,0,0,0,1,0
1987,7,4,2,2,-0.8479346331829327,0.85,0.2,1,-0.9384056132438566,1,-0.44605031340421525,-0.4227833382910969,1,2,2.26,1,1.57,2,0,0,1,0,1,0,0,0,0,1,0,0,1,1,0,0,0,1
1988,6,3,5,2,-1.1136199326292535,0.83,0.48,0,-1.4019965642433256,2,1.3410266963202482,-1.2070987185130964,1,2,2.02,0,4.61,1,0,0,0,1,0,0,0,0,0,0,0,1,0,1,0,0,1,0
1989,4,2,0,0,-0.8479346331829327,0.68,0.55,1,0.48339846302342976,1,1.0329099705056857,0.6976672048831881,2,0,3.85,0,3.12,0,0,0,0,1,0,1,0,1,0,0,0,0,0,0,0,0,0,0
1990,17,9,7,3,0.21480656460235048,0.46,0.39,1,0.1929072211137122,2,0.7247932446911229,-0.5348283926085253,0,0,4.58,0,4.05,1,1,0,0,0,1,0,0,0,0,0,0,1,0,0,1,0,0,0
1991,2,1,7,2,1.0118624629413129,0.6,0.35,1,-1.3994873495636433,1,1.7107667672977236,1.2578924764703305,0,2,3.23,0,3.84,1,1,1,0,0,1,0,0,1,0,0,0,0,1,0,1,0,0,0
1992,14,0,8,1,-0.8479346331829327,0.63,0.91,2,1.3132083939273507,2,-1.2471538005220781,1.4819825851051875,0,0,4.33,1,2.93,1,0,0,0,0,0,0,1,0,0,0,1,0,0,0,0,0,0,1
1993,5,0,2,0,-1.2464625823524138,0.09,0.36,0,1.4761087771608388,2,1.4026500414831609,0.6976672048831881,0,1,3.54,1,2.59,2,0,0,0,0,0,0,1,0,0,0,1,0,1,0,0,0,0,0
1994,18,0,6,2,-0.8479346331829327,0.17,0.25,2,-1.1803372329352582,1,-0.32280362307839017,-0.7589185012433823,0,1,3.69,1,2.44,0,0,0,0,0,0,1,1,0,0,0,0,0,0,0,1,0,0,0
1995,7,2,2,3,-0.18372138456713072,0.39,0.54,2,0.6220370870519303,2,-0.13793358758965255,-1.5432338814653819,2,2,4.74,1,4.24,2,0,0,0,0,0,0,0,1,0,1,1,1,0,0,0,1,0,0
1996,17,1,1,0,-0.3165640342902911,0.62,0.63,2,1.5505006742469651,2,-1.1855304553591657,-1.4311888271479534,2,0,2.87,1,2.29,2,0,1,0,0,1,1,0,1,0,1,0,0,0,0,0,0,1,0
1997,12,5,8,3,0.4804918640486713,0.11,0.65,1,1.150524633543907,2,-0.2611802779154776,-1.5432338814653819,0,1,3.26,1,4.05,1,0,0,0,1,1,0,0,0,1,0,0,0,1,0,0,1,0,1
1998,0,6,7,1,-0.5822493337366119,0.91,0.57,2,-0.8172412324522816,0,-1.6168938714995533,-0.9830086098782393,0,1,3.81,1,1.1,0,0,0,1,0,0,0,1,0,0,0,0,0,1,0,0,0,1,0
1999,16,9,3,2,1.0118624629413129,0.48,0.7,1,1.3406833920746655,0,0.35505317371364775,0.8097122592006165,0,0,3.85,1,1.92,2,1,0,0,0,0,1,0,0,0,1,0,0,0,0,0,1,0,1
2000,13,2,4,3,1.1447051126644732,0.19,0.82,0,-0.764006167053838,1,1.3410266963202482,-0.5348283926085253,1,1,2.34,1,3.2,2,0,0,1,0,0,0,0,0,0,1,1,1,0,0,0,0,0,0
2001,18,7,7,1,-1.5121478817987346,0.53,0.82,1,-0.03622559852089161,0,1.5875200769718985,1.2578924764703305,0,1,4.21,0,4.01,0,0,0,0,1,0,0,1,0,1,0,1,0,1,0,0,0,1,0
2002,6,7,5,0,0.6133345137718317,0.37,0.7,1,-0.014942403504016337,2,-1.5552705263366409,-1.6552789357828104,0,2,4.24,1,3.47,0,1,0,0,0,0,1,1,1,0,1,0,0,0,0,1,0,0,0
2003,9,3,6,1,-0.4494066840134515,0.62,0.26,2,-0.6702626286970667,1,-0.7541670392187779,-1.3191437728305249,1,0,3.26,0,2.06,0,0,1,1,0,1,0,0,0,0,0,0,0,0,0,0,0,1,0
2004,2,0,5,0,-1.6449905315218951,0.08,0.9,1,1.4599703748325212,1,-1.000660419870428,1.145847422152902,1,1,4.06,1,1.31,2,0,0,0,0,0,0,0,0,0,0,0,1,1,0,0,0,0,1
2005,0,6,8,0,-1.2464625823524138,0.26,0.5,2,-0.35883117794971103,1,0.17018313822491013,-1.4311888271479534,0,2,2.36,0,2.27,1,0,0,1,0,1,0,0,1,0,0,0,0,0,0,1,0,0,1
2006,4,3,9,1,1.5432330618339545,0.62,0.49,1,0.8774354272544336,2,1.3410266963202482,-0.08664817533881138,2,0,3.07,0,4.99,2,0,0,1,0,0,0,0,1,0,0,1,0,1,0,0,0,1,0
2007,6,2,8,3,0.3476492143255109,0.21,0.29,2,1.341567935379014,1,-0.13793358758965255,-0.19869322965623987,1,0,3.27,1,2.18,0,1,0,1,0,0,1,0,0,0,0,0,1,0,0,1,0,0,0
2008,0,5,7,1,0.3476492143255109,0.31,0.72,1,0.9999898046671276,1,-1.1239071101962532,-1.2070987185130964,0,2,4.59,0,3.78,1,0,1,0,0,0,0,1,1,1,0,0,0,0,0,0,0,0,0
2009,14,3,1,3,1.410390412110794,0.47,0.92,0,1.2104208515812203,1,-1.3087771456849908,0.025396878978617116,2,2,4.6,1,1.37,2,0,0,1,1,0,1,0,0,0,1,0,0,0,0,0,0,0,1
2010,16,1,7,0,-1.3793052320755743,0.68,0.6,0,-0.02082732426355946,1,0.04693644789908505,-1.4311888271479534,0,2,4.69,0,1.37,0,0,0,1,1,1,1,0,0,0,0,0,0,0,0,0,0,0,0
2011,2,7,9,1,1.0118624629413129,0.1,0.48,2,-1.7213166971131364,2,-0.13793358758965255,1.4819825851051875,2,2,2.09,1,1.83,0,0,1,0,0,0,1,0,1,0,0,1,0,1,0,0,0,0,1
2012,14,4,7,0,-1.6449905315218951,0.24,0.38,2,-1.3164305384757355,2,0.17018313822491013,0.3615320419309026,1,2,4.87,0,2.04,0,0,1,1,0,1,0,0,0,0,0,0,0,0,0,0,0,0,0
2013,0,9,6,0,-0.4494066840134515,0.82,0.82,2,1.6758530968060679,1,-0.07631024242674002,1.369937530787759,1,1,2.81,1,2.21,1,0,0,0,0,0,0,0,0,0,0,1,1,1,0,0,0,0,0
2014,7,2,3,0,-1.1136199326292535,0.34,0.43,2,0.12820919656707863,1,0.848039935016948,-0.19869322965623987,1,1,4.23,1,2.69,1,1,0,1,1,0,0,0,0,0,0,0,0,0,0,0,0,0,0
2015,3,5,4,0,-0.7150919834597723,0.9,0.67,1,-0.09915453645882819,0,-0.014686897263827485,-0.31073828397366837,1,1,2.19,0,2.15,2,0,0,0,1,0,0,1,0,0,1,0,0,0,0,0,0,1,1
2016,6,1,9,2,1.0118624629413129,0.83,0.66,1,-0.2564227255911585,1,-1.3087771456849908,0.8097122592006165,2,2,4.94,1,4.73,1,0,0,1,0,0,0,1,0,0,1,0,0,0,1,0,0,0,1
2017,0,9,6,3,0.7461771634949921,0.06,0.59,0,1.0882275122519338,0,-0.44605031340421525,-0.08664817533881138,0,2,2.16,1,4.94,2,0,0,1,0,0,0,1,0,0,0,1,0,0,0,1,0,0,1
2018,8,7,2,2,1.0118624629413129,0.49,0.86,0,-0.6067379779215076,0,0.17018313822491013,-0.8709635555608108,1,0,3.43,1,3.66,1,0,0,0,1,0,0,0,0,0,0,1,0,1,0,0,0,0,0
2019,0,7,9,0,0.3476492143255109,0.78,0.75,2,-0.23136668260267426,1,1.2177800059944233,-1.3191437728305249,0,2,3.86,0,2.07,0,0,0,0,0,1,0,1,0,1,0,1,0,0,0,0,0,1,0
2020,9,9,4,0,0.4804918640486713,0.64,0.48,2,1.0898341317230973,0,-0.6309203488929528,-0.08664817533881138,0,1,3.17,1,2.59,0,0,0,0,0,0,1,0,0,1,0,1,0,0,0,0,1,0,1
2021,0,1,8,3,0.4804918640486713,0.14,0.67,0,-0.4696879214600003,0,-1.6168938714995533,0.1374419332960456,0,0,4.24,1,2.58,0,0,0,0,0,0,0,0,0,0,0,1,1,1,0,1,0,0,0
2022,17,6,8,0,-0.8479346331829327,0.46,0.66,2,1.1073986344808748,1,-1.000660419870428,-0.5348283926085253,1,2,3.5,0,1.01,1,0,0,1,0,1,0,0,0,0,1,0,0,0,0,0,0,0,0
2023,3,7,1,0,-0.5822493337366119,0.43,0.74,2,1.5646714190207116,2,0.848039935016948,0.8097122592006165,1,1,2.43,0,3.6,0,0,0,0,0,0,0,0,1,1,0,0,0,0,0,1,0,1,0
2024,0,9,4,0,0.3476492143255109,0.19,0.68,1,-0.8684725364878135,1,-0.2611802779154776,0.5856221505657596,0,2,2.2,0,1.57,0,0,0,1,1,1,1,0,0,1,0,1,0,0,0,0,0,0,0
2025,9,5,6,3,0.3476492143255109,0.78,0.2,0,0.9749157097744731,0,0.6631698995282104,-0.8709635555608108,1,2,4.01,1,2.95,2,0,0,0,0,1,0,1,1,0,0,1,0,0,0,1,0,0,0
2026,4,2,4,0,-1.3793052320755743,0.61,0.53,2,1.4781305904279212,2,-1.3087771456849908,-1.3191437728305249,0,0,2.22,1,1.2,0,0,1,0,1,1,0,1,0,1,0,0,0,0,0,0,0,0,0
2027,19,6,3,1,-0.9807772829060931,0.21,0.41,2,0.9848262051640104,1,1.525896731808986,0.921757313518045,2,1,2.68,1,4.63,1,0,0,0,0,0,0,0,0,1,1,1,0,0,1,0,1,0,1
2028,10,7,2,1,-0.7150919834597723,0.48,0.94,1,1.660418718740395,1,0.35505317371364775,-0.4227833382910969,0,2,4.88,1,2.92,0,0,1,0,0,0,0,1,1,1,0,1,0,0,0,0,0,0,1
2029,17,1,9,1,0.8790198132181525,0.78,0.79,0,-0.8653134532579975,1,0.04693644789908505,-1.4311888271479534,1,1,3.87,1,4.7,1,0,0,1,0,0,0,1,0,0,0,0,0,0,0,1,0,0,0
2030,8,6,1,1,-0.7150919834597723,0.62,0.98,2,0.3265635195911885,2,-1.4936471811737284,0.6976672048831881,1,0,2.8,1,2.22,2,0,0,1,1,0,0,1,1,0,0,0,0,0,0,0,1,0,0
2031,8,5,5,0,-0.8479346331829327,0.84,0.21,1,-0.22614968229743512,0,1.1561566608315106,-1.3191437728305249,0,1,4.34,1,3.67,0,0,1,0,0,0,0,1,0,0,0,0,0,1,0,1,1,0,0
2032,19,9,7,0,-0.3165640342902911,0.89,0.78,0,0.7868690240316488,2,1.2177800059944233,-0.4227833382910969,2,2,2.21,0,2.7,2,0,0,0,0,0,0,0,1,0,0,1,0,0,0,0,0,1,1
2033,15,1,0,3,-1.5121478817987346,0.72,0.55,0,-1.6682079950438853,0,1.0329099705056857,-0.31073828397366837,2,1,2.27,1,3.87,1,0,0,0,0,0,0,1,0,0,0,1,0,0,1,0,0,0,0
2034,12,0,1,0,-0.5822493337366119,0.72,0.22,0,-0.5856533538505065,1,-0.8157903843816905,0.025396878978617116,1,0,2.23,0,1.03,0,0,0,1,0,0,0,0,1,0,0,1,0,0,0,0,0,0,0
2035,16,5,6,0,-1.5121478817987346,0.57,0.89,1,-1.675645379562081,1,1.4642733866460733,-1.3191437728305249,1,1,4.48,0,4.9,2,0,0,0,1,0,0,0,0,0,0,0,0,0,1,1,1,1,1
2036,0,1,5,0,0.7461771634949921,0.48,0.32,0,-0.22427228426371584,0,-1.6168938714995533,-0.5348283926085253,0,1,3.15,0,3.5,0,0,1,0,1,0,0,0,0,0,0,0,0,1,0,1,0,0,0
2037,9,9,6,1,-0.7150919834597723,0.86,0.78,1,1.1959973801490884,0,1.0329099705056857,-0.5348283926085253,2,0,2.3,0,3.16,1,0,1,0,0,0,1,0,1,0,0,0,0,0,0,0,1,0,0
2038,5,4,7,2,-0.4494066840134515,0.45,0.99,2,1.5538763803268258,1,-0.44605031340421525,-0.7589185012433823,2,0,3.08,1,4.89,2,0,0,0,1,0,1,0,0,1,0,1,0,0,0,1,0,0,0
2039,12,5,4,0,-1.5121478817987346,0.76,0.24,2,0.11781129976494108,1,-0.8157903843816905,1.4819825851051875,1,0,2.24,1,2.4,1,1,0,0,1,0,0,0,0,0,0,0,0,1,0,1,1,0,0
2040,7,5,3,2,-1.6449905315218951,0.56,0.87,2,-0.45851379277853654,1,-1.5552705263366409,1.4819825851051875,1,1,2.07,0,2.02,2,1,0,0,0,0,0,0,0,0,0,0,0,0,0,0,1,0,1
2041,13,5,0,1,-0.4494066840134515,0.92,0.84,0,-0.0835396393514515,0,0.6631698995282104,-1.2070987185130964,1,2,3.27,0,2.77,0,0,1,0,0,1,0,0,0,1,0,0,0,0,1,0,0,0,1
2042,4,6,1,0,1.1447051126644732,0.68,0.68,2,-1.3701710571909498,2,-0.32280362307839017,-1.0950536641956679,0,0,3.12,1,2.47,2,0,0,0,0,0,0,0,1,0,0,0,0,0,1,0,0,1,0
2043,12,7,1,3,1.1447051126644732,0.35,0.22,1,-1.4103004401616994,2,1.4642733866460733,0.025396878978617116,0,0,3.16,1,4.27,0,0,0,1,0,0,0,1,0,0,0,0,0,1,0,0,0,0,0
2044,0,2,5,2,-0.05087873484397031,0.16,0.56,2,0.48812806191606867,2,0.2934298285507352,-0.7589185012433823,1,2,3.14,0,2.13,1,0,0,0,0,0,1,1,0,0,1,0,0,0,0,0,0,0,0
2045,4,0,7,0,-0.5822493337366119,0.54,0.35,0,-1.4260417005982688,0,0.9712866253427731,-0.7589185012433823,1,0,3.79,1,4.12,2,0,0,0,1,0,0,0,0,0,0,1,1,1,0,0,0,0,0
2046,10,7,0,2,1.5432330618339545,0.94,0.22,0,-1.7210820223589214,2,-0.13793358758965255,-0.8709635555608108,0,1,3.93,0,3.24,1,1,0,0,1,0,0,0,1,0,0,0,1,1,0,0,0,0,0
2047,7,7,4,3,-0.8479346331829327,0.41,0.7,1,0.5143033229631163,0,-1.5552705263366409,-0.5348283926085253,2,2,4.57,0,1.45,0,1,0,1,0,0,0,1,0,0,1,0,0,0,0,0,1,0,1
2048,7,1,0,1,1.2775477623876337,0.45,0.55,0,0.4214984836232047,1,0.6015465543652979,-1.3191437728305249,0,1,4.68,1,2.52,2,0,0,1,1,1,0,0,1,0,0,0,0,1,0,1,0,0,0
2049,14,5,0,3,-0.3165640342902911,0.44,0.66,0,-1.6712407149445088,1,-1.6168938714995533,0.5856221505657596,1,0,3.31,1,4.19,1,0,0,1,0,0,0,1,0,0,0,1,0,0,1,0,0,0,0
2050,19,8,5,3,0.21480656460235048,0.45,0.96,2,-1.2193835016557852,1,-0.2611802779154776,1.7060726937400446,0,1,4.09,0,2.47,2,1,0,0,0,1,0,0,0,0,0,0,0,1,0,1,0,1,1
2051,2,9,3,2,1.410390412110794,0.34,0.49,0,1.2363794897782232,2,-0.32280362307839017,-0.5348283926085253,0,2,4.13,0,2.56,1,0,0,0,0,0,0,1,0,0,0,1,0,1,0,0,0,1,1
2052,6,3,5,0,1.5432330618339545,0.05,0.91,2,-0.16419554718469895,0,0.04693644789908505,-1.0950536641956679,1,0,3.41,1,2.9,1,0,0,0,0,1,0,1,0,1,0,1,1,0,1,0,0,0,0
2053,7,1,9,0,0.08196391487919008,0.57,0.42,1,-0.9988253365021107,0,0.41667651887656026,-1.6552789357828104,0,1,4.33,0,3.73,2,1,0,0,1,0,0,0,1,1,0,0,0,0,0,0,0,1,0
2054,18,1,1,3,-0.18372138456713072,0.37,0.24,2,0.5360919712967621,2,0.23180648338782264,1.369937530787759,1,0,3.58,1,2.11,0,0,0,1,0,0,1,0,0,1,1,0,0,1,0,0,0,0,0
2055,12,2,5,0,-0.18372138456713072,0.44,0.46,2,1.5045224743250132,1,-0.19955693275256509,0.4735770962483311,2,2,3.28,0,3.12,2,1,0,1,0,0,0,0,0,0,0,1,1,1,1,0,0,0,0
2056,2,7,4,1,-1.1136199326292535,0.09,0.61,2,-0.813865526372421,2,-0.5076736585671278,-0.8709635555608108,2,2,3.72,1,4.03,2,1,0,0,0,0,0,0,0,0,0,1,0,0,1,0,0,1,0
2057,18,4,1,0,0.7461771634949921,0.66,0.7,1,1.1458491903637793,2,-0.6925436940558654,-1.5432338814653819,2,1,4.97,1,3.21,1,0,0,1,0,0,0,0,0,1,0,0,1,0,1,0,1,0,0
2058,17,8,2,0,0.7461771634949921,0.58,0.28,0,-1.3560183643213737,1,-0.2611802779154776,0.4735770962483311,1,2,4.04,0,1.62,1,0,0,0,1,0,0,0,0,1,0,0,0,0,0,1,0,0,0
2059,13,6,6,2,-0.05087873484397031,0.66,0.9,2,-0.38646864323455926,2,1.1561566608315106,0.025396878978617116,2,2,3.88,0,1.21,0,1,0,0,0,0,1,0,0,0,1,0,0,0,1,1,0,0,0
2060,1,3,2,1,-0.05087873484397031,0.76,0.74,2,-1.3692143062699198,2,-1.5552705263366409,1.7060726937400446,1,2,2.59,0,2.77,1,1,1,0,0,0,1,0,0,0,0,0,0,0,0,0,0,0,0
2061,1,9,4,0,1.410390412110794,0.47,0.51,0,0.8976535599252566,0,0.35505317371364775,0.3615320419309026,1,0,2.24,1,4.42,2,0,0,0,1,0,0,1,0,1,0,0,0,1,0,0,0,0,0
2062,4,8,3,1,0.21480656460235048,0.76,0.5,1,1.173179773277731,0,1.7107667672977236,1.369937530787759,2,0,3.13,0,2.25,1,1,1,0,0,1,1,1,1,0,0,0,0,0,0,0,0,0,0
2063,16,8,3,1,1.2775477623876337,0.65,0.24,2,-1.658207240133496,2,1.4642733866460733,-1.3191437728305249,0,1,2.4,0,2.0,1,1,0,1,0,0,0,0,0,0,1,1,0,0,0,0,0,1,0
2064,16,3,0,0,1.6760757115571148,0.38,0.62,1,-1.272817138000103,2,-1.6168938714995533,-1.4311888271479534,0,1,3.11,1,3.65,0,0,1,0,0,0,1,0,0,0,0,0,0,0,1,0,0,1,0
2065,4,0,7,1,1.2775477623876337,0.38,0.55,2,-0.6786567641362923,0,1.0329099705056857,0.8097122592006165,2,0,4.08,0,3.27,0,0,0,0,0,0,0,0,1,0,0,1,0,1,0,0,0,0,0
2066,1,0,7,0,-0.7150919834597723,0.06,0.95,0,1.5946736837518793,2,1.4642733866460733,0.5856221505657596,0,1,2.25,1,1.39,2,0,0,1,0,0,0,1,0,1,0,0,0,0,0,1,1,0,1
2067,13,7,9,1,0.08196391487919008,0.77,0.64,2,-0.9965869003849839,1,0.35505317371364775,-0.31073828397366837,1,2,4.54,0,4.71,0,0,0,0,0,0,1,0,0,0,1,0,1,0,0,1,0,0,0
2068,12,4,1,1,1.6760757115571148,0.36,0.77,2,-0.4349560578361937,2,-0.3844269682413027,-1.5432338814653819,2,2,4.24,1,3.83,1,0,0,1,1,0,0,0,0,0,0,1,1,0,0,0,0,0,0
2069,19,9,7,3,0.08196391487919008,0.59,0.35,2,1.581134755624096,2,-0.6925436940558654,1.594027639422616,0,2,3.13,0,2.89,0,0,0,0,0,1,0,1,0,0,0,0,0,0,1,1,0,1,0
2070,19,6,0,1,1.5432330618339545,0.28,0.24,0,1.0505531882483554,2,-0.3844269682413027,1.369937530787759,1,1,4.22,1,2.99,2,0,0,0,0,0,1,0,0,0,1,0,0,1,1,1,0,0,0
2071,6,4,4,3,1.1447051126644732,0.39,0.49,1,0.8881221545232972,2,0.23180648338782264,-1.5432338814653819,0,1,3.2,0,4.4,2,0,0,1,0,0,0,0,0,0,1,0,0,1,0,0,0,0,0
2072,17,3,3,0,1.410390412110794,0.13,0.44,1,-0.42432348627984123,2,1.4026500414831609,0.5856221505657596,2,0,3.62,0,4.39,0,0,0,0,1,0,0,0,0,0,1,0,0,1,0,0,0,0,0
2073,7,6,3,3,-1.5121478817987346,0.64,0.97,1,-0.908024258525111,1,-0.6925436940558654,-1.4311888271479534,1,0,3.69,1,2.18,0,0,1,1,1,0,0,1,0,0,0,1,0,0,0,0,0,0,0
2074,8,1,5,3,-1.1136199326292535,0.44,0.26,0,-0.4920722826312686,1,0.6631698995282104,0.921757313518045,0,2,3.17,1,3.73,2,0,1,0,0,0,0,0,0,0,0,1,1,0,0,1,1,0,1
2075,4,9,5,1,1.2775477623876337,0.08,0.59,0,-1.6787864108877266,0,-1.678517216662466,-1.6552789357828104,1,2,3.66,1,3.03,2,0,1,1,0,0,1,0,0,0,0,0,1,0,0,0,1,0,0
2076,7,1,7,0,1.2775477623876337,0.44,0.58,2,-1.5281252186817544,0,1.1561566608315106,-1.0950536641956679,2,0,4.28,0,3.34,0,0,1,1,1,0,0,0,0,0,0,1,0,0,0,1,0,0,0
2077,18,9,6,0,-0.8479346331829327,0.19,0.95,1,-0.024221082247590463,2,-0.6309203488929528,1.145847422152902,0,1,4.69,1,1.68,0,0,0,0,0,1,1,0,0,0,0,0,0,0,1,0,1,1,0
2078,5,8,1,0,1.1447051126644732,0.4,0.78,2,0.7795941066509866,2,1.2794033511573357,-0.31073828397366837,2,1,3.6,0,1.38,0,0,1,0,1,0,0,0,0,0,0,1,0,1,0,0,0,0,1
2079,15,2,9,3,1.2775477623876337,0.79,0.23,2,-1.413964976708286,2,-1.4936471811737284,-0.8709635555608108,1,2,3.86,1,2.27,2,1,0,0,0,1,0,0,0,1,0,0,0,0,0,0,0,0,0
2080,5,1,2,3,-1.5121478817987346,0.93,0.52,2,-0.10146518019263653,2,-0.7541670392187779,1.369937530787759,1,0,3.46,1,4.24,1,0,0,0,0,0,0,0,1,1,0,0,1,0,1,1,0,0,1
2081,15,3,3,1,0.8790198132181525,0.09,0.63,1,-1.6517266065363305,0,1.4642733866460733,1.594027639422616,1,1,4.47,0,4.65,1,0,0,0,1,0,1,0,0,0,1,1,0,0,0,0,0,0,0
2082,5,7,6,2,-0.7150919834597723,0.63,0.55,0,-0.21789996209157253,0,-0.8157903843816905,1.7060726937400446,2,1,2.83,1,1.9,2,0,0,1,0,0,0,0,0,0,0,0,0,1,0,0,1,1,0
2083,9,3,9,2,-0.4494066840134515,0.83,0.74,1,0.48103366357711025,0,-1.4936471811737284,0.5856221505657596,1,0,3.66,1,1.23,2,1,0,0,0,1,0,0,0,0,0,0,0,1,1,0,1,1,0
2084,9,4,2,1,1.1447051126644732,0.19,0.56,2,-0.5005566775913461,2,0.7864165898540355,1.145847422152902,2,1,4.69,0,4.66,2,1,0,0,0,1,0,0,0,0,0,0,0,0,0,0,1,0,0
2085,13,6,8,2,1.6760757115571148,0.21,0.44,2,0.06695908571698717,2,-1.0622837650333405,-0.4227833382910969,1,1,2.55,0,3.77,1,1,0,0,1,1,0,0,0,0,0,0,0,0,1,0,1,0,0
2086,1,4,1,3,0.6133345137718317,0.16,0.46,0,-0.5478346146135653,2,0.9712866253427731,1.0338023678354735,1,1,4.16,1,1.83,1,0,1,0,0,0,0,0,0,1,0,1,1,0,0,0,1,0,0
2087,16,4,8,1,1.2775477623876337,0.51,0.48,2,-1.3064297835653462,2,-0.6925436940558654,0.5856221505657596,2,2,4.2,0,1.27,2,0,0,0,1,0,0,0,1,0,0,0,1,0,0,0,0,0,0
2088,5,3,4,2,0.21480656460235048,0.68,0.31,2,0.06630921716685358,0,0.10855979306199759,1.2578924764703305,0,1,2.13,1,3.7,0,1,0,0,0,1,0,0,0,0,1,0,0,0,1,0,0,0,0
2089,1,4,8,2,-1.2464625823524138,0.42,0.53,2,-1.5298943052904515,2,-0.877413729544603,0.4735770962483311,1,0,2.26,0,3.14,0,0,0,0,0,0,1,0,0,0,1,0,0,0,0,0,0,1,1
2090,9,0,1,2,1.410390412110794,0.22,0.44,1,0.2785454544979839,0,0.6631698995282104,1.145847422152902,1,2,4.86,1,2.47,1,0,0,0,0,0,0,0,0,0,1,0,0,1,0,1,0,0,1
2091,5,9,4,3,0.08196391487919008,0.76,0.93,2,-1.2344929454463913,1,0.9712866253427731,1.0338023678354735,2,1,2.6,0,1.62,0,0,0,1,0,0,0,0,0,1,1,0,0,1,0,0,0,0,1
2092,11,8,4,0,0.3476492143255109,0.65,0.51,2,-1.05758428457669,2,-1.678517216662466,-1.6552789357828104,1,1,4.32,0,4.72,2,0,0,0,0,0,0,1,1,0,1,0,0,0,0,0,0,1,0
2093,11,9,6,3,0.08196391487919008,0.4,0.78,2,0.45168126739607617,2,0.2934298285507352,-1.6552789357828104,1,1,4.91,0,1.77,0,1,1,0,0,0,0,0,0,0,0,1,1,0,0,0,0,1,0
2094,5,2,3,3,0.3476492143255109,0.46,0.27,2,1.0038348602554181,0,0.9712866253427731,-0.08664817533881138,1,1,3.57,0,1.55,0,0,0,0,0,0,0,0,0,0,1,0,0,1,1,0,0,1,0
2095,5,3,0,1,-1.6449905315218951,0.5,0.71,1,0.26006030462751717,2,1.649143422134811,1.145847422152902,0,0,4.72,1,4.5,0,0,1,0,1,0,0,0,0,0,0,1,1,0,1,0,0,0,1
2096,6,1,6,1,1.1447051126644732,0.65,0.5,1,0.6384643198469739,0,-1.1855304553591657,-1.0950536641956679,0,2,2.3,0,4.97,2,1,0,0,1,0,1,0,0,0,0,0,1,1,0,0,0,1,0
2097,5,8,4,2,1.410390412110794,0.55,0.62,1,-0.4933720197315358,2,0.35505317371364775,-0.08664817533881138,0,0,2.13,0,4.59,1,0,0,1,0,0,0,0,0,0,0,0,0,0,1,0,0,1,0
2098,1,2,0,1,-0.9807772829060931,0.77,0.63,2,1.5303366972886534,1,-1.4320238360108157,0.6976672048831881,0,0,2.09,0,3.99,2,0,1,0,1,0,0,0,0,0,0,0,0,0,1,1,0,0,0
2099,12,6,9,0,0.21480656460235048,0.32,0.71,0,0.7691962098488491,1,0.848039935016948,1.0338023678354735,1,0,4.77,1,2.76,0,1,1,0,0,0,0,0,1,0,0,1,0,0,0,0,0,1,0
2100,5,4,2,3,-0.8479346331829327,0.35,0.95,0,0.558169450097134,1,-0.5692970037300403,1.2578924764703305,2,1,4.52,0,2.55,0,1,0,0,0,1,0,0,1,0,1,0,0,0,0,0,1,1,0
2101,13,9,2,1,-0.18372138456713072,0.8,0.59,0,0.832666704911897,0,0.17018313822491013,-0.19869322965623987,1,1,2.1,0,4.3,2,1,1,1,1,0,0,0,1,0,0,0,0,0,0,0,0,0,0
2102,15,2,1,3,0.4804918640486713,0.35,0.55,0,0.178032452077321,2,1.5875200769718985,-0.19869322965623987,1,0,2.38,0,3.66,2,0,0,0,1,0,0,0,0,0,1,0,0,0,0,0,1,1,1
2103,18,8,7,0,-1.1136199326292535,0.46,0.68,0,0.9648607991515726,2,0.17018313822491013,0.4735770962483311,1,1,3.3,1,1.4,2,0,0,0,1,0,0,0,0,0,0,1,0,0,1,1,0,0,0
2104,5,1,6,0,-0.7150919834597723,0.44,0.93,0,-0.6401520525408767,1,1.4642733866460733,-0.9830086098782393,0,0,4.25,0,1.55,2,0,0,0,0,0,1,1,1,0,0,0,0,0,0,0,0,0,0
2105,0,0,5,3,-0.18372138456713072,0.42,0.54,1,-1.3334534841084016,2,0.848039935016948,0.2494869876134741,2,0,4.74,1,2.96,0,0,0,0,0,0,0,0,1,0,1,0,1,1,0,1,0,0,0
2106,0,8,1,0,0.08196391487919008,0.61,0.2,1,0.14257851228669924,2,1.649143422134811,-0.31073828397366837,0,1,3.76,0,1.3,1,0,0,1,0,1,1,1,0,0,0,0,0,0,0,1,0,0,0
2107,10,5,3,2,-0.4494066840134515,0.59,0.54,0,-0.06171488720946489,1,-1.5552705263366409,-1.5432338814653819,2,2,4.66,0,4.42,0,0,0,0,0,0,0,0,0,0,0,0,1,0,0,0,1,1,0
2108,5,3,6,3,1.1447051126644732,0.21,0.76,2,-0.13621509572061355,1,0.23180648338782264,1.0338023678354735,2,1,2.33,0,2.49,2,0,1,0,0,0,1,0,1,0,0,1,0,1,0,0,1,0,0
2109,4,4,7,1,-0.8479346331829327,0.61,0.74,0,0.16730962100011665,2,-1.678517216662466,0.5856221505657596,2,2,2.1,1,2.63,0,0,1,0,0,0,0,0,0,0,1,0,0,0,0,0,0,1,0
2110,7,5,8,3,1.1447051126644732,0.33,0.65,0,-0.29366380389464763,2,-1.4936471811737284,1.369937530787759,1,1,2.85,0,3.69,2,0,1,1,1,0,0,0,0,0,0,0,0,0,0,1,0,0,0
2111,9,0,6,3,-0.3165640342902911,0.19,0.5,1,0.9670450795561883,0,0.7864165898540355,1.4819825851051875,0,2,4.77,1,1.24,1,0,0,0,0,0,0,0,0,0,0,0,1,0,0,1,1,0,0
2112,8,8,1,3,-0.5822493337366119,0.92,0.96,0,-0.9652307428410378,1,-1.6168938714995533,1.594027639422616,0,1,3.88,1,3.41,2,0,0,0,0,0,1,0,0,1,0,1,0,0,0,0,0,0,0
2113,16,5,7,3,0.3476492143255109,0.7,0.31,0,1.5784811257110505,0,1.1561566608315106,-0.6468734469259538,0,1,2.88,0,4.77,0,0,1,1,1,0,0,0,1,0,0,0,0,1,0,0,0,0,1
2114,2,7,1,1,0.08196391487919008,0.83,0.78,1,0.6685387921948232,0,1.4026500414831609,0.6976672048831881,2,1,2.1,0,3.24,2,1,0,0,1,0,0,0,0,0,1,0,1,0,0,0,0,0,1
2115,17,6,8,3,-0.18372138456713072,0.39,0.41,0,-1.171491799891773,2,0.6631698995282104,0.025396878978617116,2,1,2.85,1,1.01,1,0,0,0,0,0,1,1,1,0,0,0,0,0,0,0,0,1,0
2116,19,5,0,2,-1.2464625823524138,0.8,0.79,0,-0.662825244178871,1,1.3410266963202482,-0.8709635555608108,1,1,4.76,0,1.22,2,1,0,0,0,0,0,0,0,1,0,0,1,0,0,1,0,0,1
2117,10,5,4,2,-0.7150919834597723,0.82,0.37,1,-0.6119730301309172,2,0.41667651887656026,0.921757313518045,0,2,4.57,1,3.97,0,0,0,0,0,0,0,0,1,0,0,0,0,0,0,1,1,0,0
2118,13,1,3,0,-1.2464625823524138,0.12,0.28,0,-1.4068344745609869,0,-1.3704004908479033,-0.5348283926085253,1,2,4.3,1,4.07,1,0,0,0,0,1,1,0,1,0,0,0,0,0,0,0,0,0,0
2119,6,1,8,3,1.1447051126644732,0.45,0.69,2,1.3091828192973565,1,0.04693644789908505,-0.31073828397366837,2,2,4.14,1,1.52,2,1,0,0,0,0,1,0,0,0,1,0,0,0,0,1,1,1,0
2120,14,3,2,3,0.8790198132181525,0.28,0.59,0,0.5328606804502646,2,0.23180648338782264,0.6976672048831881,1,1,4.1,1,3.48,1,1,0,0,1,1,0,0,1,0,0,0,0,1,0,0,1,0,0
2121,10,6,2,2,0.21480656460235048,0.38,0.41,0,1.4679312645716578,0,-1.1239071101962532,0.1374419332960456,2,2,4.43,1,1.4,2,0,0,1,1,1,0,0,1,0,0,0,0,0,1,0,0,0,1
2122,12,4,5,2,1.410390412110794,0.48,0.42,2,0.8268720436732058,1,-0.877413729544603,-1.4311888271479534,0,2,3.72,1,1.28,1,0,0,0,0,0,1,0,0,0,1,1,0,0,0,0,0,0,0
2123,3,9,0,2,1.0118624629413129,0.39,0.25,2,0.2572442075769382,1,-1.2471538005220781,1.145847422152902,2,1,4.36,1,2.99,2,1,1,0,0,0,0,0,0,0,0,1,0,1,0,0,0,0,0
2124,11,0,6,1,1.0118624629413129,0.05,0.3,1,-1.1519415876752541,1,-1.3087771456849908,0.4735770962483311,0,1,2.99,1,4.55,2,0,1,0,0,0,0,0,1,1,0,0,0,0,0,0,1,0,1
2125,15,2,8,3,0.4804918640486713,0.83,0.95,0,-0.3865047470429,0,0.17018313822491013,-0.5348283926085253,2,1,2.23,0,1.65,2,0,1,0,0,0,1,0,0,1,1,0,0,0,0,0,0,0,0
2126,18,0,1,2,1.0118624629413129,0.64,0.55,1,0.36629576067018976,2,0.848039935016948,0.4735770962483311,1,1,3.78,0,3.64,2,1,0,0,0,1,0,0,0,0,1,0,0,0,0,1,0,0,0
2127,17,9,7,1,-0.18372138456713072,0.92,0.95,1,1.6463923892000114,1,0.9096632801798605,0.5856221505657596,1,0,2.99,0,1.24,1,0,0,0,1,1,1,0,1,0,0,0,0,0,1,0,1,0,0
2128,2,4,6,3,0.21480656460235048,0.13,0.92,2,-1.6001523163215614,1,0.17018313822491013,-0.4227833382910969,0,1,2.82,0,2.66,0,0,0,0,0,1,0,0,0,1,1,0,0,0,0,0,0,0,0
2129,8,7,9,1,-1.6449905315218951,0.7,0.24,2,-0.46537351636328006,2,0.848039935016948,-0.4227833382910969,1,2,3.14,0,2.85,2,1,1,0,0,0,0,0,0,0,1,0,0,0,0,0,1,1,1
2130,4,8,5,1,0.08196391487919008,0.63,0.58,0,-0.3208499715752364,2,0.7247932446911229,-1.6552789357828104,0,1,2.72,1,3.45,2,0,1,0,0,0,0,0,0,1,1,0,1,1,1,0,0,0,0
2131,15,5,2,3,-0.7150919834597723,0.07,0.53,2,-1.2823485434020625,2,-0.877413729544603,1.0338023678354735,1,1,3.63,1,4.8,1,0,0,1,0,0,1,1,0,1,0,1,0,1,0,0,0,0,0
2132,15,4,5,1,0.3476492143255109,0.11,0.65,2,1.3282456301012753,1,-0.014686897263827485,-0.31073828397366837,2,2,3.81,1,2.73,2,0,0,0,0,1,0,0,0,0,0,0,0,0,1,1,0,0,0
2133,12,9,4,3,1.1447051126644732,0.16,0.56,2,0.9722801317655979,1,0.6631698995282104,0.3615320419309026,1,2,3.33,0,3.69,1,0,0,0,1,0,0,0,0,0,0,1,0,0,0,0,0,1,0
2134,6,6,7,2,1.2775477623876337,0.59,0.93,1,-0.708279938879882,2,1.649143422134811,0.3615320419309026,0,0,4.72,1,2.02,0,1,1,0,1,0,0,0,1,0,0,0,1,0,0,1,0,0,0
2135,14,2,2,1,1.5432330618339545,0.95,0.55,2,-0.5443144933003417,0,1.0945333156685981,-0.08664817533881138,2,2,2.77,0,3.36,2,0,0,0,1,0,0,0,1,1,0,1,0,0,1,0,0,0,1
2136,4,4,5,3,0.21480656460235048,0.4,0.88,0,1.3685916359220693,0,-1.4320238360108157,-0.7589185012433823,2,0,2.48,1,4.79,2,0,0,1,0,0,0,0,1,0,0,0,0,0,1,0,0,0,0
2137,13,0,1,2,0.7461771634949921,0.76,0.24,1,-0.4263994552594347,0,-0.7541670392187779,0.025396878978617116,0,1,4.39,1,4.53,1,0,1,1,0,0,0,1,0,0,0,0,0,0,1,0,0,1,0
2138,6,8,3,3,0.8790198132181525,0.69,0.5,2,1.0011090227256911,2,-0.014686897263827485,0.921757313518045,1,2,3.8,1,4.08,1,0,0,1,0,0,0,0,0,1,0,0,1,0,0,0,0,0,0
2139,5,3,1,1,0.8790198132181525,0.6,0.92,0,0.5955549436339862,1,-0.014686897263827485,1.145847422152902,0,0,2.16,0,4.83,0,0,0,1,0,0,0,1,0,0,0,1,0,0,0,0,0,0,0
2140,15,4,1,3,1.5432330618339545,0.44,0.7,1,1.6744992039932893,0,-1.1239071101962532,1.2578924764703305,0,2,2.49,1,2.64,2,0,0,0,0,1,0,0,1,0,0,0,1,1,0,1,0,1,0
2141,5,2,3,1,-0.5822493337366119,0.72,0.79,0,-0.11366826741181184,0,0.17018313822491013,0.025396878978617116,0,0,3.77,0,3.81,0,0,0,0,0,0,0,0,0,0,1,1,0,0,0,0,1,0,0
2142,7,4,7,2,0.7461771634949921,0.13,0.25,0,0.7158167292170423,0,-0.014686897263827485,-1.0950536641956679,2,0,2.93,0,3.53,2,0,0,1,0,0,0,1,0,0,1,0,0,0,0,0,1,1,0
2143,9,4,4,1,-1.3793052320755743,0.83,0.94,2,-0.8873367763458582,1,1.7107667672977236,1.369937530787759,1,1,2.64,1,4.93,2,0,0,1,1,0,1,0,0,0,1,0,0,1,0,1,0,0,0
2144,18,5,5,2,-0.8479346331829327,0.2,0.6,0,-0.6335089518061777,2,-0.6925436940558654,0.2494869876134741,2,1,2.72,1,1.47,2,1,0,0,0,1,0,0,0,0,1,1,0,1,0,0,0,1,0
2145,2,3,6,2,-0.18372138456713072,0.65,0.49,2,-1.2587727565555493,1,-0.877413729544603,0.025396878978617116,1,1,3.51,1,3.44,0,1,0,0,1,0,0,0,1,0,0,0,0,0,0,0,0,1,1
2146,8,2,3,0,-0.5822493337366119,0.78,0.32,0,1.6501471852674499,1,-1.3087771456849908,0.921757313518045,2,0,3.05,0,4.17,2,0,1,0,0,0,1,0,0,0,0,1,0,0,0,0,0,0,0
2147,7,7,5,2,1.410390412110794,0.85,0.5,0,-1.6862960030226037,1,-0.5076736585671278,1.145847422152902,0,1,3.84,0,1.17,1,0,0,1,0,0,1,1,0,0,0,0,0,0,0,1,1,0,0
2148,10,0,7,1,1.5432330618339545,0.71,0.61,1,-0.8941964999306017,1,0.7864165898540355,0.5856221505657596,1,0,4.86,1,2.52,1,1,0,0,0,0,1,0,1,0,0,0,0,0,0,0,0,0,1
2149,2,4,0,3,-0.18372138456713072,0.79,0.31,2,-1.0650036171907153,1,-1.3704004908479033,-0.4227833382910969,2,1,3.91,0,3.99,0,0,0,0,0,1,0,0,0,1,1,0,0,0,0,0,0,0,0
2150,14,1,2,3,-1.3793052320755743,0.73,0.87,2,0.833623455832927,2,0.6015465543652979,0.3615320419309026,0,2,2.02,1,4.45,1,0,1,1,0,0,1,1,0,0,0,0,0,1,0,0,0,0,0
2151,17,0,4,3,1.6760757115571148,0.55,0.99,1,-0.9124830788551943,2,1.0329099705056857,0.921757313518045,1,1,4.28,0,4.17,2,0,0,0,1,0,1,1,1,0,0,0,0,1,0,0,0,0,0
2152,17,8,6,0,1.6760757115571148,0.34,0.5,1,-0.944687675895148,2,1.5875200769718985,-0.7589185012433823,0,2,4.4,1,3.35,1,0,0,1,0,0,0,0,1,0,0,1,1,1,0,0,0,0,0
2153,7,3,4,0,0.8790198132181525,0.66,0.94,0,-1.5346419560872608,2,-0.3844269682413027,-1.4311888271479534,2,2,3.97,1,3.07,0,1,0,1,1,0,0,1,0,0,0,0,0,0,1,0,0,1,0
2154,16,2,7,2,1.2775477623876337,0.51,0.78,1,-1.6749594072036065,1,1.2794033511573357,-1.5432338814653819,2,2,3.95,1,2.44,1,0,0,0,0,1,0,0,0,0,0,0,1,1,0,0,0,0,1
2155,4,2,2,2,-0.9807772829060931,0.67,0.5,0,-0.32453256002599346,0,0.41667651887656026,0.4735770962483311,0,0,4.38,1,3.71,1,1,0,0,0,0,1,0,0,0,0,1,0,0,0,1,1,0,0
2156,2,1,9,0,1.5432330618339545,0.14,0.67,1,-0.9191803353024044,0,-1.6168938714995533,0.1374419332960456,0,2,4.94,0,2.04,2,0,0,0,0,0,0,1,1,0,1,0,1,0,0,0,1,1,0
2157,12,9,0,0,0.6133345137718317,0.23,0.54,2,1.6340087829391323,1,1.0945333156685981,0.3615320419309026,2,0,4.77,1,4.2,0,1,0,1,0,1,0,0,0,0,0,0,0,0,0,1,0,0,0
2158,19,2,1,1,0.6133345137718317,0.35,0.81,2,0.6812112289224282,1,1.4642733866460733,0.1374419332960456,0,2,2.84,1,3.39,1,1,0,0,0,0,0,1,0,0,1,0,0,1,0,0,0,1,0
2159,15,8,2,1,-1.1136199326292535,0.37,0.75,0,-0.2815329242921538,1,-1.3087771456849908,-1.2070987185130964,2,2,3.58,0,4.15,0,0,0,1,0,0,1,0,0,0,1,0,0,0,1,0,0,0,0
2160,4,6,5,0,-1.6449905315218951,0.33,0.63,1,-1.309715230124355,1,-1.6168938714995533,1.369937530787759,1,1,3.14,1,4.46,0,0,0,0,0,1,1,1,1,0,0,0,0,0,0,1,0,0,0
2161,1,3,8,2,-1.3793052320755743,0.14,0.23,2,-1.4159506861670277,2,1.7107667672977236,0.5856221505657596,2,1,2.58,1,1.3,1,0,0,1,0,0,1,0,1,0,0,0,1,1,0,0,1,0,0
2162,18,7,9,1,1.5432330618339545,0.85,0.9,1,-1.3140837909335865,2,0.7247932446911229,-0.31073828397366837,2,0,2.71,0,1.14,2,0,0,0,0,0,1,0,0,0,0,1,0,1,0,1,1,1,0
2163,10,6,9,3,1.410390412110794,0.3,0.24,2,1.629495806896538,0,0.9712866253427731,1.4819825851051875,1,1,2.72,1,2.45,0,1,0,0,0,1,1,0,0,1,0,1,0,0,0,0,1,0,0
2164,15,4,7,0,-1.5121478817987346,0.33,0.86,1,-0.45692522521154333,0,-1.4320238360108157,1.145847422152902,0,2,2.3,1,3.63,0,0,0,0,0,1,1,0,0,0,1,0,0,0,0,1,1,1,0
2165,16,8,7,2,-1.3793052320755743,0.8,0.85,0,-1.0355609614888293,1,-0.3844269682413027,0.3615320419309026,0,0,3.26,0,1.96,1,0,1,0,0,0,0,0,0,0,1,0,0,1,1,1,0,1,0
2166,12,7,2,0,0.8790198132181525,0.64,0.61,2,-0.031983401040852864,0,-0.44605031340421525,1.369937530787759,0,1,4.11,1,4.18,2,0,0,0,0,0,0,1,0,0,1,0,0,0,0,0,0,0,1
2167,16,1,6,0,1.0118624629413129,0.49,0.23,2,1.6312287896968942,2,-0.13793358758965255,-0.4227833382910969,2,1,2.68,0,4.07,2,0,0,0,0,1,0,0,0,0,1,0,0,0,0,0,0,0,1
2168,14,4,4,1,-1.1136199326292535,0.31,0.33,2,-1.2823304914978921,1,-1.678517216662466,-1.3191437728305249,1,2,2.32,1,2.62,0,0,0,0,0,0,0,0,1,1,0,0,0,1,0,1,0,0,1
2169,13,1,7,3,1.0118624629413129,0.46,0.47,1,0.9923899530113987,1,-0.6309203488929528,-0.31073828397366837,2,2,3.94,1,3.69,1,1,0,0,0,0,0,0,0,1,0,0,0,0,0,0,0,1,0
2170,12,2,9,0,-1.6449905315218951,0.84,0.89,1,0.8964621342500116,0,0.23180648338782264,-1.4311888271479534,2,1,3.15,0,1.91,2,0,0,0,1,0,0,0,0,1,1,0,0,0,1,1,0,0,0
2171,3,3,7,2,-0.3165640342902911,0.7,0.76,2,0.47489601615918187,1,1.7107667672977236,-0.6468734469259538,1,0,3.1,1,4.83,0,0,0,0,1,1,0,0,1,0,0,0,1,1,0,0,0,0,1
2172,2,5,0,2,-1.1136199326292535,0.7,0.48,1,0.4817918435522661,0,-1.1855304553591657,0.3615320419309026,1,1,3.24,1,1.15,1,0,0,0,0,1,0,0,0,0,0,0,0,0,0,1,1,0,0
2173,19,1,3,3,-1.5121478817987346,0.34,0.71,2,-1.1936234344046561,1,-0.07631024242674002,-1.6552789357828104,1,2,2.34,1,4.14,0,0,0,0,1,0,1,0,1,0,0,0,0,0,0,0,0,0,0
2174,4,0,3,1,0.21480656460235048,0.34,0.92,1,1.3821847197623638,1,-1.000660419870428,0.2494869876134741,2,0,3.04,1,2.97,2,1,0,0,0,0,1,0,0,1,1,0,0,0,0,0,0,0,0
2175,9,6,3,0,0.6133345137718317,0.93,0.55,2,-1.5733993943410618,2,-0.9390370747075155,0.4735770962483311,2,1,4.27,0,3.47,0,0,0,1,0,0,0,1,0,0,0,0,0,0,0,0,0,0,1
2176,3,2,9,3,-0.4494066840134515,0.64,0.97,1,0.309522522054352,2,1.1561566608315106,-0.19869322965623987,1,2,2.78,0,2.53,2,0,0,0,0,0,1,0,0,0,1,0,0,0,0,1,0,0,0
2177,16,0,4,0,-0.18372138456713072,0.1,0.74,1,1.3255378444757187,1,0.6015465543652979,0.3615320419309026,2,0,3.3,1,1.58,2,0,0,0,1,0,0,0,0,1,1,0,0,0,0,0,0,0,0
2178,17,8,2,0,1.1447051126644732,0.82,0.45,0,-0.1660909971225886,0,1.2794033511573357,-0.19869322965623987,1,0,2.35,1,4.44,1,0,0,1,1,0,0,1,1,0,0,1,0,0,0,0,0,0,0
2179,11,0,9,3,0.3476492143255109,0.78,0.81,2,-1.5424764824972048,1,1.1561566608315106,0.6976672048831881,0,1,4.44,1,3.25,1,0,0,0,0,0,1,0,0,1,0,0,0,0,1,0,0,0,0
2180,4,3,1,1,-0.3165640342902911,0.47,0.52,2,-1.0710871088961325,2,-1.3087771456849908,0.3615320419309026,1,1,3.81,0,2.17,2,0,0,1,0,0,0,1,0,0,0,1,0,0,0,1,1,0,0
2181,7,9,2,2,-0.7150919834597723,0.85,0.4,2,0.4066778702993246,0,0.7864165898540355,-0.5348283926085253,0,2,3.24,0,3.43,1,0,0,0,1,0,0,0,0,0,0,0,0,1,0,1,1,1,0
2182,19,0,7,1,-0.8479346331829327,0.2,0.58,0,-0.9524138908800697,0,0.7247932446911229,-1.4311888271479534,0,0,4.96,0,2.64,2,0,0,1,0,0,1,0,0,1,1,0,0,0,1,0,0,0,1
2183,15,6,2,0,0.7461771634949921,0.33,0.22,0,0.3770185917473941,2,-0.19955693275256509,1.145847422152902,0,0,2.26,0,1.13,2,0,0,0,1,0,0,1,0,0,0,0,1,0,0,0,0,0,0
2184,7,0,7,2,1.410390412110794,0.19,0.41,0,-0.6195367779783054,1,0.10855979306199759,-0.8709635555608108,0,1,2.2,1,3.1,2,1,0,1,0,0,0,0,0,0,0,0,0,0,0,0,1,0,0
2185,7,6,8,3,-1.2464625823524138,0.82,0.58,2,-1.1799400910435098,1,1.2177800059944233,-0.6468734469259538,1,2,4.78,1,1.1,0,0,0,0,0,0,1,0,0,0,0,0,1,1,1,0,0,0,0
2186,9,1,3,3,-0.8479346331829327,0.33,0.42,2,-0.21313425939059283,0,-1.3087771456849908,1.0338023678354735,1,0,3.6,1,2.62,0,1,1,0,0,0,1,1,0,1,0,0,0,0,0,0,0,0,0
2187,9,9,6,1,-0.05087873484397031,0.09,0.44,1,1.4160320400818218,2,-1.678517216662466,0.1374419332960456,0,1,4.67,0,4.59,1,1,1,1,1,0,0,0,0,0,1,0,0,0,0,0,1,0,0
2188,5,6,8,3,-1.3793052320755743,0.9,0.84,1,-0.8710900625925183,1,-0.6925436940558654,0.8097122592006165,1,1,4.78,0,1.87,2,0,0,0,0,1,0,0,1,0,0,0,0,1,0,0,0,0,0
2189,17,2,4,0,0.4804918640486713,0.13,0.27,0,0.3916406341254,1,-0.5076736585671278,-0.5348283926085253,2,0,2.69,1,2.11,0,0,0,0,1,0,0,0,0,1,0,0,1,0,1,0,0,0,0
2190,2,6,0,1,-0.8479346331829327,0.42,0.66,2,0.5139964405922199,0,0.17018313822491013,0.5856221505657596,2,0,2.48,0,4.24,1,1,0,0,0,0,0,0,0,0,0,0,0,1,0,0,0,0,1
2191,13,5,6,0,-1.5121478817987346,0.36,0.36,2,0.9984012371001344,1,-0.9390370747075155,-0.31073828397366837,1,1,3.22,1,1.98,2,0,0,0,0,0,0,0,0,1,1,0,1,0,0,0,0,0,0
2192,16,3,9,3,-0.9807772829060931,0.41,0.32,1,0.588947946707628,0,0.9712866253427731,-0.7589185012433823,0,0,2.21,0,3.78,0,1,1,0,0,0,0,0,1,0,0,0,0,0,0,0,0,0,0
2193,1,3,2,2,1.0118624629413129,0.21,0.6,0,-0.5930185307520206,1,1.2794033511573357,-1.5432338814653819,0,1,4.9,1,4.15,1,1,0,0,0,0,0,0,0,0,0,0,1,0,0,1,0,0,0
2194,10,6,8,0,1.5432330618339545,0.27,0.45,2,0.25119681967986174,1,0.04693644789908505,-1.0950536641956679,0,2,4.44,0,1.4,1,0,0,0,1,0,0,0,0,1,0,0,0,0,0,1,0,0,0
2195,15,9,6,1,-1.3793052320755743,0.26,0.24,0,1.5443991306373774,0,-0.6309203488929528,-0.31073828397366837,1,1,4.98,0,3.82,0,0,0,0,0,0,1,0,0,0,0,1,0,0,0,1,0,0,0
2196,0,6,2,3,-1.1136199326292535,0.44,0.98,1,-0.9947095023512647,0,0.04693644789908505,-0.6468734469259538,0,2,3.21,1,4.27,1,0,0,0,1,1,0,0,0,0,1,0,0,0,0,0,1,0,0
2197,6,1,2,2,1.0118624629413129,0.77,0.56,2,0.18250932431157466,0,-0.7541670392187779,-0.19869322965623987,0,0,4.58,1,2.71,2,1,1,0,0,0,0,1,0,0,1,0,1,0,0,0,0,0,1
2198,8,0,7,2,0.08196391487919008,0.91,0.53,2,1.6075446914253586,0,-0.6309203488929528,-0.4227833382910969,2,2,3.45,0,3.86,1,0,0,1,1,0,0,0,0,0,0,1,1,0,0,1,0,0,0
2199,14,0,7,2,-0.4494066840134515,0.42,0.62,0,1.4787082513613732,0,-1.0622837650333405,-0.9830086098782393,0,2,2.11,1,2.07,2,0,0,1,1,1,0,0,1,0,0,1,0,0,0,0,0,0,0
2200,12,6,8,2,1.6760757115571148,0.5,0.25,0,-1.1741454298048186,0,0.41667651887656026,1.594027639422616,2,2,4.28,1,4.85,2,0,0,0,0,0,1,0,0,1,0,0,0,0,0,0,0,0,1
2201,16,0,7,2,-1.3793052320755743,0.51,0.85,0,-1.5981124511503086,1,-0.014686897263827485,0.4735770962483311,0,1,3.54,0,2.28,0,0,0,1,0,0,1,0,0,0,0,0,0,1,1,0,1,0,1
2202,12,6,2,0,1.1447051126644732,0.6,0.67,2,-1.729999663019088,1,-1.1855304553591657,0.4735770962483311,1,1,2.5,0,4.18,1,0,0,1,0,0,0,0,1,0,0,0,0,0,0,1,0,0,0
2203,12,7,6,3,-0.8479346331829327,0.39,0.49,0,-0.23338849586975657,1,0.4782998640394728,-1.4311888271479534,2,0,4.72,0,3.68,0,1,0,0,0,0,1,0,0,1,0,0,0,0,1,0,0,1,0
2204,3,8,4,3,-1.6449905315218951,0.24,0.77,2,-0.40134341227095044,0,-0.014686897263827485,1.594027639422616,1,1,3.22,1,3.64,0,0,0,0,0,0,1,1,0,0,0,1,0,0,0,0,0,1,1
2205,16,5,0,3,1.2775477623876337,0.07,0.75,0,-0.3567010532576065,1,0.2934298285507352,-1.4311888271479534,1,1,2.69,0,4.47,2,0,1,0,0,0,0,0,1,0,0,0,0,0,0,0,0,0,1
2206,19,2,0,1,-0.18372138456713072,0.76,0.5,2,-0.8429110401825587,1,1.7107667672977236,0.1374419332960456,0,1,4.44,0,3.43,1,0,1,0,0,1,0,0,0,1,0,1,0,0,1,0,0,0,0
2207,3,6,7,2,0.4804918640486713,0.82,0.77,0,1.4993776816364557,1,-0.5692970037300403,-1.3191437728305249,1,0,2.06,0,4.92,2,0,0,0,1,0,0,0,1,1,1,0,0,0,0,0,0,1,1
2208,1,3,9,0,-0.9807772829060931,0.4,0.92,0,-0.6034886351708396,0,0.6631698995282104,-0.9830086098782393,2,0,3.94,0,2.18,0,0,0,1,1,0,0,0,0,1,0,1,1,0,0,0,0,0,1
2209,18,3,4,1,-1.5121478817987346,0.69,0.46,1,0.3353547969221624,1,-0.3844269682413027,-0.31073828397366837,1,0,3.46,1,1.23,1,0,0,0,1,0,0,0,0,0,0,0,1,0,1,1,0,0,0
2210,4,5,1,1,-0.4494066840134515,0.52,0.36,2,1.5575048130650717,1,-0.13793358758965255,0.025396878978617116,1,2,4.86,0,3.42,1,0,1,0,0,0,0,0,0,1,1,0,0,0,0,1,0,0,0
2211,4,3,0,3,-0.3165640342902911,0.59,0.58,1,0.4696790158539427,2,0.6015465543652979,-1.3191437728305249,2,1,4.51,0,2.34,1,0,0,0,1,1,0,0,0,0,1,0,0,0,0,1,0,0,0
2212,17,1,4,3,-0.05087873484397031,0.23,0.93,0,0.7555489702960435,2,-1.2471538005220781,-0.8709635555608108,0,2,3.16,0,4.07,1,0,0,0,1,0,1,0,0,0,0,0,0,1,0,0,0,0,0
2213,16,4,6,0,-0.3165640342902911,0.52,0.38,0,-1.3720665071288396,1,1.2177800059944233,0.921757313518045,0,2,3.83,0,4.16,2,0,0,0,1,0,0,1,1,0,1,0,0,0,0,0,1,0,1
2214,12,6,0,1,-1.5121478817987346,0.38,0.42,0,-1.0320949958881167,2,-0.6925436940558654,-0.08664817533881138,0,1,3.65,0,4.62,2,0,1,0,1,0,1,1,0,0,0,0,1,0,0,0,1,0,0
2215,5,2,6,1,-0.7150919834597723,0.39,0.21,1,0.37940144309788393,2,0.35505317371364775,1.7060726937400446,0,0,4.07,1,3.24,1,0,1,1,0,1,0,1,0,0,0,0,1,0,0,0,0,0,0
2216,3,0,4,0,1.6760757115571148,0.85,0.57,0,-1.605441524243482,0,-1.000660419870428,-0.5348283926085253,1,2,4.51,0,3.77,2,1,0,0,0,0,0,1,1,0,1,0,0,0,0,0,1,0,0
2217,1,6,0,1,-0.05087873484397031,0.52,0.34,2,0.1785198534899212,1,1.2794033511573357,0.2494869876134741,1,1,4.37,1,1.97,0,1,0,0,0,0,0,1,0,0,1,0,1,0,0,0,0,1,1
2218,6,3,3,3,-0.05087873484397031,0.79,0.61,1,-0.30996467336049865,2,0.5399232092023853,0.025396878978617116,1,1,4.33,1,2.58,2,0,0,0,0,1,0,0,0,0,0,1,0,1,0,1,0,0,0
2219,13,8,6,1,-1.3793052320755743,0.17,0.72,0,0.05502677706036753,1,1.7107667672977236,0.1374419332960456,0,1,4.69,1,3.13,0,0,0,0,1,0,0,0,0,0,0,1,0,1,0,0,0,1,0
2220,9,1,6,3,0.8790198132181525,0.4,0.22,1,1.2508390650186958,0,-1.5552705263366409,-1.5432338814653819,2,0,2.51,1,1.75,2,0,0,0,0,0,0,1,0,1,0,0,0,0,0,1,1,0,0
2221,1,5,6,2,1.2775477623876337,0.91,0.93,2,1.2710933014978596,2,-0.014686897263827485,0.1374419332960456,1,1,3.95,1,2.92,1,0,1,0,1,0,0,0,0,0,0,0,0,1,0,0,1,0,0
2222,16,2,9,1,0.6133345137718317,0.35,0.94,1,1.16834186296007,2,1.4026500414831609,-0.5348283926085253,1,2,4.89,1,2.66,1,0,0,0,0,0,0,1,1,0,1,0,0,0,0,1,0,0,0
2223,16,4,7,0,1.1447051126644732,0.11,0.37,2,0.7854248716980186,0,-0.07631024242674002,-0.4227833382910969,2,1,2.77,0,2.48,2,0,0,0,0,1,0,0,0,1,0,0,0,0,0,1,0,1,0
2224,19,1,7,0,0.08196391487919008,0.77,0.37,1,0.8185862196590024,2,0.9712866253427731,-1.5432338814653819,2,0,4.83,1,3.82,1,0,0,0,0,1,0,0,0,0,1,1,1,0,0,1,0,0,0
2225,19,2,5,3,-1.1136199326292535,0.93,0.47,0,1.286978977167792,0,1.7107667672977236,-0.19869322965623987,0,0,2.01,1,4.34,0,0,0,0,0,0,0,0,0,0,0,1,0,1,1,0,0,0,0
2226,19,3,1,2,-1.6449905315218951,0.74,0.81,1,0.4473668622993559,0,0.41667651887656026,1.4819825851051875,2,0,2.78,0,3.69,2,0,1,1,0,0,0,0,0,1,0,1,1,0,0,0,0,0,0
2227,7,4,1,2,1.5432330618339545,0.41,0.22,0,1.2240861430381962,2,-0.877413729544603,0.5856221505657596,1,1,2.98,1,1.93,2,1,0,0,0,0,0,0,0,1,0,0,1,0,0,1,1,0,0
2228,5,8,5,2,1.1447051126644732,0.75,0.41,2,-1.1402078499645087,1,0.6015465543652979,-1.0950536641956679,0,1,2.32,0,4.74,0,0,0,0,0,0,0,1,1,0,1,0,0,1,0,0,0,0,1
2229,8,7,2,0,1.410390412110794,0.67,0.66,0,-1.5650052589018362,1,-0.19955693275256509,-1.2070987185130964,2,2,4.04,0,3.83,1,1,0,0,0,0,1,1,0,0,1,0,0,0,0,1,1,0,0
2230,5,0,2,0,0.8790198132181525,0.4,0.47,0,0.34976021645012384,2,-0.877413729544603,-1.4311888271479534,2,0,4.05,1,4.88,1,1,0,0,0,1,1,1,1,0,0,0,0,1,0,0,0,0,0
2231,11,9,8,0,0.8790198132181525,0.9,0.21,1,0.9332158111409006,0,-0.9390370747075155,-1.6552789357828104,0,1,3.68,0,4.25,1,0,1,0,1,0,1,0,0,0,1,0,0,0,0,0,0,0,1
2232,11,1,7,1,-0.8479346331829327,0.36,0.53,2,1.4227473484332023,2,-1.3087771456849908,1.7060726937400446,0,0,3.52,0,3.08,2,0,1,0,0,1,0,0,0,0,1,0,0,0,0,0,1,0,1
2233,17,8,3,3,1.6760757115571148,0.08,0.47,0,1.3929256027437384,1,0.10855979306199759,-0.6468734469259538,2,0,2.06,0,4.3,1,0,0,0,0,1,0,0,0,0,1,0,0,0,0,0,0,1,0
2234,19,8,7,0,1.0118624629413129,0.09,0.44,2,-0.5359745135736271,0,0.17018313822491013,-1.4311888271479534,0,0,3.87,1,1.48,0,1,0,0,0,0,0,0,0,0,1,0,1,1,1,0,0,0,0
2235,4,1,4,2,-1.1136199326292535,0.87,0.68,1,1.3264223877800672,1,0.7864165898540355,1.0338023678354735,1,2,3.99,0,2.93,0,1,0,0,0,0,0,0,0,0,0,0,0,0,1,0,0,0,1
2236,6,6,2,1,1.1447051126644732,0.38,0.98,2,1.602255483503438,1,0.848039935016948,-1.6552789357828104,2,0,3.16,1,1.71,2,1,0,0,0,0,1,1,0,1,1,0,0,0,1,0,0,0,0
2237,19,0,9,3,-1.6449905315218951,0.11,0.78,1,0.042065509866036355,1,0.4782998640394728,1.369937530787759,0,1,2.29,0,1.56,0,1,0,0,0,1,0,0,0,0,1,0,0,0,0,0,0,1,0
2238,0,1,7,0,0.3476492143255109,0.08,0.24,1,0.11732389835234087,0,0.41667651887656026,1.4819825851051875,0,1,2.22,1,3.17,0,0,0,0,1,0,0,1,1,0,0,0,0,0,0,0,0,1,1
2239,5,8,1,1,0.21480656460235048,0.5,0.4,2,1.1924772588358648,0,-0.32280362307839017,1.0338023678354735,1,2,3.39,0,3.96,1,0,1,0,0,0,1,0,0,0,0,0,0,0,0,0,1,0,0
2240,15,9,5,2,1.5432330618339545,0.85,0.84,1,-0.6802092278949448,0,-1.3704004908479033,1.2578924764703305,2,0,4.28,1,3.97,2,0,1,0,0,0,0,0,0,1,1,0,0,1,0,0,1,0,0
2241,11,0,2,2,-0.8479346331829327,0.74,0.63,2,-0.37691918592842943,2,0.7247932446911229,1.2578924764703305,0,1,2.08,0,4.39,0,0,0,1,0,0,0,0,0,0,1,1,1,0,0,0,0,0,1
2242,2,3,0,2,1.6760757115571148,0.36,0.41,0,-0.1014832320968069,1,-0.014686897263827485,-0.9830086098782393,0,1,3.02,1,2.88,0,0,1,0,0,1,0,0,0,0,0,0,0,0,0,0,0,0,1
2243,15,0,2,1,0.6133345137718317,0.2,0.58,2,-0.9151186568640695,0,-0.6925436940558654,0.2494869876134741,0,0,2.04,0,4.52,0,0,0,0,1,0,0,0,0,1,0,0,0,0,1,0,0,1,0
2244,0,1,5,3,0.3476492143255109,0.32,0.75,2,-0.6482934613217171,1,-1.3087771456849908,-1.2070987185130964,1,1,4.11,1,1.0,1,0,0,0,0,0,1,0,0,1,0,0,0,0,0,0,1,0,0
2245,4,5,8,3,0.3476492143255109,0.93,0.92,2,-1.1355685105927216,0,0.04693644789908505,-1.3191437728305249,2,1,3.36,1,4.74,1,0,1,0,0,0,0,0,1,0,0,0,0,0,0,1,0,0,0
2246,9,3,3,3,0.6133345137718317,0.14,0.57,0,-0.6314329828265843,2,-0.9390370747075155,0.5856221505657596,1,2,4.93,0,1.69,2,0,0,0,1,1,0,0,1,1,0,0,0,0,1,1,0,0,0
2247,15,1,9,0,1.410390412110794,0.66,0.65,2,-1.3260702553027173,0,0.848039935016948,-0.8709635555608108,0,2,4.22,1,1.4,1,1,1,1,0,0,0,0,1,0,1,0,0,0,0,0,0,0,1
2248,3,3,4,3,1.410390412110794,0.77,0.84,0,-0.08287171889714752,0,1.2177800059944233,-0.8709635555608108,2,1,2.17,0,2.95,2,0,1,0,0,0,0,0,0,1,0,0,0,0,0,0,0,1,0
2249,18,5,2,0,1.6760757115571148,0.13,0.7,0,1.295589735457062,2,-1.3704004908479033,-0.31073828397366837,2,0,4.45,1,2.74,1,0,0,0,0,0,0,0,0,1,0,1,1,0,0,1,0,0,0
2250,6,3,6,1,-0.18372138456713072,0.1,0.85,2,-0.8311953543759836,0,0.35505317371364775,-0.9830086098782393,1,1,2.82,1,2.63,2,0,0,0,0,0,0,0,0,0,0,1,0,0,0,1,0,0,1
2251,16,9,8,2,1.2775477623876337,0.88,0.96,1,-0.5670779444591879,1,1.0945333156685981,-0.19869322965623987,1,2,2.43,0,3.98,0,1,0,0,0,0,0,1,1,0,0,1,0,1,0,0,0,1,0
2252,17,1,6,0,1.410390412110794,0.32,0.68,1,-0.793214148001509,0,0.17018313822491013,-1.6552789357828104,0,0,4.85,1,3.33,2,1,0,0,0,0,0,0,0,0,0,0,0,1,0,1,0,0,0
2253,17,1,8,3,0.3476492143255109,0.55,0.48,2,0.7455662672898247,1,-1.3087771456849908,1.369937530787759,2,2,3.56,1,3.68,1,0,0,0,0,0,1,0,0,0,0,0,0,0,0,1,0,1,0
2254,19,9,0,2,1.2775477623876337,0.77,0.69,2,-0.550596555951633,1,-0.5076736585671278,-0.31073828397366837,0,2,3.55,0,4.76,0,0,1,0,0,1,0,1,0,0,1,0,0,0,0,0,1,0,1
2255,17,6,3,2,-0.5822493337366119,0.14,0.49,0,1.364710476525438,2,-1.6168938714995533,0.8097122592006165,0,2,2.02,1,2.42,2,1,0,0,0,0,1,1,0,0,1,0,1,0,0,0,0,1,0
2256,16,4,2,0,-1.2464625823524138,0.43,0.62,2,0.7050758462356675,2,-0.014686897263827485,-1.5432338814653819,1,0,4.32,1,2.4,2,0,0,0,0,0,0,1,1,0,0,1,0,0,1,0,0,1,0
2257,5,4,0,1,1.1447051126644732,0.31,0.95,2,0.8159325897459568,2,1.4642733866460733,-0.8709635555608108,1,1,3.46,0,2.25,0,0,0,0,1,1,0,0,0,1,0,0,1,0,0,0,0,0,0
2258,8,3,1,0,0.7461771634949921,0.14,0.73,0,0.4439550524111545,0,-0.7541670392187779,1.7060726937400446,1,0,2.75,1,3.7,0,0,0,1,0,0,0,0,1,0,1,1,0,0,0,0,1,0,0
2259,14,5,2,1,0.7461771634949921,0.68,0.92,2,0.07815126630262133,0,0.04693644789908505,-0.6468734469259538,1,2,3.71,0,1.06,1,1,1,0,0,1,0,1,0,0,0,0,1,0,0,1,0,0,0
2260,19,4,4,3,-0.3165640342902911,0.2,0.7,0,0.15945704268600236,0,-0.5692970037300403,-1.5432338814653819,2,0,3.7,0,2.68,2,0,0,0,0,0,1,0,0,0,0,0,0,0,1,0,1,0,0
2261,5,1,5,3,-0.9807772829060931,0.52,0.93,1,-0.6183092484947197,1,-1.678517216662466,0.2494869876134741,2,2,3.74,1,3.68,0,0,1,0,0,0,0,0,0,0,0,1,1,0,0,1,0,0,0
2262,5,2,6,3,0.4804918640486713,0.05,0.93,0,0.41360980150074966,2,0.7864165898540355,-1.0950536641956679,0,0,4.54,1,1.2,0,0,0,0,0,0,0,1,0,0,1,0,0,0,0,0,1,0,0
2263,10,2,8,0,1.2775477623876337,0.94,0.63,0,0.2623528964571551,2,-0.19955693275256509,1.7060726937400446,0,2,2.5,0,2.08,2,0,1,0,0,0,0,0,0,0,0,0,1,0,0,0,0,1,0
2264,1,2,4,0,1.2775477623876337,0.05,0.82,0,-1.1441070612653101,2,1.649143422134811,1.2578924764703305,2,0,3.68,1,2.33,0,0,1,0,0,0,0,0,0,0,1,0,0,0,0,0,0,1,0
2265,12,7,4,2,-0.18372138456713072,0.74,0.7,0,0.81369415362883,1,-1.4936471811737284,0.4735770962483311,2,0,2.69,1,2.44,1,0,0,0,1,0,1,0,0,0,0,0,0,1,1,0,0,0,1
2266,3,1,1,1,-0.18372138456713072,0.64,0.71,1,1.137238432074509,0,0.23180648338782264,-0.4227833382910969,2,1,4.09,1,3.35,0,0,1,0,0,1,0,1,1,0,0,0,0,0,1,0,0,0,0
2267,0,2,7,1,-0.5822493337366119,0.56,0.7,1,-1.0024357173361862,2,0.41667651887656026,-1.4311888271479534,2,0,4.86,1,2.89,0,0,0,0,0,0,0,1,0,0,0,0,1,1,1,0,0,1,0
2268,0,3,8,3,-0.9807772829060931,0.49,0.66,0,-1.5414475239594931,0,-0.13793358758965255,-0.4227833382910969,0,0,4.52,0,3.63,0,0,0,0,1,0,0,0,1,1,0,1,0,1,0,0,0,0,0
2269,12,7,2,2,0.21480656460235048,0.46,0.22,1,0.9520439471906045,0,-1.1239071101962532,0.6976672048831881,0,1,2.99,0,4.49,2,0,0,0,0,0,0,0,0,1,1,0,0,0,0,0,1,0,0
2270,3,5,6,1,-1.1136199326292535,0.79,0.78,2,-1.7377800337165208,2,1.649143422134811,-1.2070987185130964,1,0,2.56,0,4.14,1,0,0,0,1,0,0,0,0,0,1,0,0,0,0,1,0,0,0
2271,1,2,3,2,1.5432330618339545,0.15,0.75,1,0.1158616941145403,1,0.7247932446911229,1.7060726937400446,1,2,4.07,1,4.35,1,0,0,0,0,1,0,0,0,1,0,0,0,0,0,0,1,0,0
2272,1,2,6,1,0.8790198132181525,0.9,0.62,2,-0.16733657851034467,0,-1.4936471811737284,-1.5432338814653819,0,0,4.49,1,2.07,2,1,1,1,0,0,0,0,0,0,0,0,0,1,1,0,1,0,0
2273,17,2,2,1,-0.3165640342902911,0.85,0.31,0,1.4636529632832782,2,-0.32280362307839017,-0.08664817533881138,2,1,4.95,0,4.97,1,0,0,0,0,1,0,0,1,0,0,0,1,0,0,1,1,0,0
2274,9,2,5,3,0.6133345137718317,0.91,0.48,1,-0.054096983649565514,2,0.41667651887656026,-0.4227833382910969,2,0,4.87,0,2.07,1,1,0,0,0,0,1,0,1,0,0,0,0,0,0,0,0,0,1
2275,0,2,5,2,-0.5822493337366119,0.48,0.38,1,-1.5019499576347068,0,-0.6925436940558654,-0.5348283926085253,2,1,2.86,0,1.54,2,0,0,0,1,1,1,0,1,0,0,0,0,0,0,1,0,0,1
2276,0,5,0,0,1.5432330618339545,0.16,0.75,2,0.015222328364684757,2,-1.5552705263366409,-0.19869322965623987,0,2,3.95,1,3.09,1,0,1,0,0,1,0,0,0,0,0,0,0,1,0,1,1,0,0
2277,19,2,8,1,1.1447051126644732,0.64,0.48,2,0.9236663538347708,1,0.848039935016948,-1.2070987185130964,1,1,3.85,0,4.39,2,1,1,1,0,0,1,0,0,0,0,0,0,0,1,1,0,0,0
2278,1,9,3,0,-0.05087873484397031,0.82,0.76,2,0.041487848932584274,2,0.41667651887656026,0.4735770962483311,2,0,3.56,1,2.75,2,0,0,0,0,0,0,0,1,0,0,0,1,0,0,0,1,0,0
2279,16,9,0,0,1.2775477623876337,0.95,0.36,0,1.264468252667331,2,-1.3704004908479033,-0.31073828397366837,0,0,2.27,0,4.22,2,1,0,0,1,1,0,0,0,0,0,0,0,0,0,1,0,0,0
2280,11,2,1,3,0.7461771634949921,0.22,0.82,0,0.21577898369758072,1,0.7864165898540355,1.145847422152902,2,2,2.58,1,1.54,2,0,0,0,1,1,0,0,1,0,0,1,0,0,0,0,0,1,0
2281,5,7,5,2,0.6133345137718317,0.32,0.31,1,1.2282741848057237,2,0.5399232092023853,-0.5348283926085253,1,0,4.61,1,3.56,2,1,0,0,0,0,0,0,0,1,0,1,0,0,0,0,0,0,0
2282,3,6,2,2,0.7461771634949921,0.52,0.56,1,-0.7522182736305814,1,-1.0622837650333405,0.921757313518045,2,0,4.97,0,3.33,0,1,0,0,0,0,0,1,0,0,0,0,0,0,0,0,0,1,0
2283,4,4,0,0,1.6760757115571148,0.21,0.47,0,0.6212428032684336,2,-0.6309203488929528,1.0338023678354735,2,2,2.31,0,3.39,1,0,0,0,0,0,1,0,1,1,0,0,0,0,0,0,0,1,0
2284,0,2,6,1,-1.5121478817987346,0.23,0.57,1,1.255388144869631,1,1.3410266963202482,0.5856221505657596,1,2,2.7,0,2.1,0,1,0,0,0,1,0,0,0,1,0,0,1,0,1,0,1,0,0
2285,9,1,3,1,1.2775477623876337,0.39,0.96,1,-0.5821693363456236,0,-1.000660419870428,0.3615320419309026,0,0,4.83,1,4.25,2,0,0,0,0,0,1,0,0,1,0,1,0,0,0,1,1,0,0
2286,9,4,7,0,1.0118624629413129,0.66,0.96,2,-0.6667605592880134,0,-0.19955693275256509,1.594027639422616,0,2,2.13,0,3.14,0,0,0,1,0,1,0,0,0,1,0,0,1,0,0,0,0,0,0
2287,0,5,5,0,-1.5121478817987346,0.47,0.89,1,-0.530901928501751,1,-1.2471538005220781,-0.8709635555608108,0,1,2.01,0,3.62,1,0,0,0,0,1,1,1,1,0,0,1,0,0,0,0,0,1,0
2288,9,1,6,0,-0.7150919834597723,0.29,0.6,1,-1.5753489999914625,2,-0.32280362307839017,-0.31073828397366837,2,0,3.11,1,3.1,0,1,0,1,0,0,1,0,0,1,0,0,0,0,0,0,0,0,0
2289,9,5,7,0,-0.8479346331829327,0.4,0.64,0,-1.537331689808647,1,0.10855979306199759,0.4735770962483311,0,1,3.22,0,1.0,1,0,1,0,1,0,0,0,0,0,0,0,0,1,1,0,0,0,1
2290,6,5,0,3,-0.18372138456713072,0.07,0.56,1,-0.2556645456160026,0,0.6631698995282104,1.0338023678354735,0,0,4.9,1,3.58,2,0,0,0,1,0,1,1,0,0,0,0,0,1,0,0,1,0,0
2291,0,1,2,1,0.7461771634949921,0.21,0.4,2,-1.6587126934502665,1,1.525896731808986,-0.19869322965623987,0,2,4.51,1,3.96,0,1,0,1,0,1,1,0,1,0,0,0,1,0,0,0,0,0,0
2292,17,8,8,3,-1.2464625823524138,0.77,0.87,2,1.6566458707687859,1,-0.877413729544603,-1.0950536641956679,0,2,4.04,1,2.08,1,0,1,0,0,0,0,1,1,0,0,1,1,0,0,0,0,0,1
2293,13,7,2,1,-1.1136199326292535,0.18,0.78,2,-1.0054142815242986,0,-1.1855304553591657,1.0338023678354735,0,1,2.05,1,1.76,2,0,0,0,0,0,0,0,0,0,1,1,1,1,0,0,0,0,0
2294,12,3,1,0,-0.3165640342902911,0.26,0.25,2,1.0287284361063689,1,0.6631698995282104,-0.5348283926085253,1,1,3.91,0,4.99,0,0,0,0,1,0,1,0,0,0,1,1,0,0,0,0,0,0,0
2295,18,9,7,2,-0.8479346331829327,0.77,0.43,1,0.7982958793714979,1,-0.6309203488929528,-1.6552789357828104,0,1,2.0,0,1.16,0,0,0,0,1,0,0,1,1,1,0,0,0,0,0,1,0,0,0
2296,11,1,7,0,0.08196391487919008,0.9,0.92,2,1.6688489579879613,2,1.2177800059944233,1.594027639422616,2,2,2.56,1,2.17,1,0,0,0,0,0,0,1,1,0,1,0,1,0,0,0,1,0,1
2297,17,4,3,3,-0.9807772829060931,0.21,0.44,0,0.6331209562125422,1,-1.0622837650333405,-1.0950536641956679,2,0,4.56,1,3.09,0,0,1,0,1,0,0,0,0,1,1,0,0,0,1,1,0,0,0
2298,15,2,7,1,1.5432330618339545,0.2,0.47,0,-1.612319299732396,0,-0.5692970037300403,1.594027639422616,2,0,4.06,0,2.2,0,0,0,0,0,0,1,0,1,1,0,1,0,0,0,0,0,0,0
2299,6,6,4,0,0.7461771634949921,0.28,0.49,0,0.3507169673711538,1,1.7107667672977236,0.8097122592006165,0,2,2.1,0,4.64,1,0,0,0,0,0,1,0,1,0,0,1,1,1,0,0,0,0,0
2300,5,0,2,3,0.4804918640486713,0.37,0.36,0,-0.1261421331935428,0,-0.2611802779154776,1.145847422152902,0,1,4.19,1,2.36,0,0,1,0,1,0,0,0,0,0,0,0,0,0,1,0,0,1,0
2301,9,9,8,0,-0.9807772829060931,0.1,0.75,0,-0.8683281212544505,0,0.9712866253427731,-0.9830086098782393,2,1,3.45,0,4.5,0,1,0,0,0,0,1,0,0,1,0,1,0,1,0,0,0,0,0
2302,13,3,1,2,0.6133345137718317,0.31,0.77,2,-0.08792625206485327,0,-0.2611802779154776,1.7060726937400446,0,2,4.61,1,3.22,2,0,0,0,0,0,0,1,1,0,1,1,0,1,1,0,0,0,0
2303,9,7,1,1,1.410390412110794,0.21,0.85,0,1.4614325790703218,1,1.2794033511573357,1.369937530787759,1,2,4.22,1,3.61,0,0,1,0,0,1,0,0,0,1,0,0,0,0,0,0,1,0,0
2304,10,7,9,2,0.7461771634949921,0.86,0.6,1,1.3188766918368493,2,0.17018313822491013,-1.5432338814653819,2,1,3.27,0,1.68,2,0,1,0,0,0,0,0,0,0,1,0,0,0,1,1,0,0,0
2305,17,1,1,2,-0.7150919834597723,0.29,0.77,1,-0.6802092278949448,1,1.0329099705056857,0.6976672048831881,2,2,2.21,1,4.56,1,0,0,0,0,1,1,0,0,0,1,0,0,0,1,0,1,0,0
2306,5,0,9,2,-0.7150919834597723,0.35,0.87,0,0.20159018701966386,1,1.2177800059944233,-1.0950536641956679,2,2,2.49,0,2.1,2,1,0,1,0,0,0,0,0,0,0,0,0,1,1,0,0,1,0
2307,16,2,6,3,1.0118624629413129,0.64,0.73,2,-0.3700053066311748,1,0.10855979306199759,0.6976672048831881,0,1,3.38,1,3.94,1,0,1,0,0,0,0,1,0,0,1,0,0,0,1,0,0,1,0
2308,14,8,5,3,0.8790198132181525,0.31,0.86,0,-0.372261794652472,2,-1.1855304553591657,-1.3191437728305249,2,0,3.53,0,3.87,1,0,0,1,0,1,0,0,0,0,0,0,0,0,0,0,0,1,0
2309,0,9,8,0,1.2775477623876337,0.58,0.85,2,1.3686999473470916,0,1.5875200769718985,1.145847422152902,1,0,2.52,1,2.13,1,0,0,0,1,0,0,0,1,0,0,0,0,0,0,0,1,0,0
2310,0,9,9,2,1.1447051126644732,0.85,0.27,2,-1.3973030691590276,1,-1.6168938714995533,1.145847422152902,1,2,4.36,1,1.35,1,0,0,0,0,0,0,0,0,0,1,0,0,1,0,1,1,0,0
2311,3,7,1,2,0.4804918640486713,0.74,0.55,2,-0.051750236107416414,2,-1.4320238360108157,-0.5348283926085253,1,1,3.7,1,2.06,0,0,1,0,0,0,0,0,0,0,1,1,0,0,1,0,1,1,0
2312,11,4,1,1,1.2775477623876337,0.26,0.51,1,-1.2490247283035454,1,1.7107667672977236,0.921757313518045,1,1,2.77,0,3.47,2,1,0,0,0,1,1,0,1,0,0,0,0,0,0,0,0,1,1
2313,6,7,7,0,-0.3165640342902911,0.63,0.53,1,-0.2036931135094853,1,-1.2471538005220781,1.369937530787759,0,1,3.49,0,4.59,0,0,0,1,0,0,0,0,0,0,0,0,0,0,0,0,0,1,1
2314,11,2,3,1,0.6133345137718317,0.71,0.63,0,-0.29566756525755955,2,1.1561566608315106,1.145847422152902,2,0,3.83,1,2.27,0,0,1,0,0,1,1,0,0,0,0,0,0,0,0,0,1,0,0
2315,18,3,2,1,0.7461771634949921,0.06,0.94,2,1.354475046860834,0,1.5875200769718985,-0.7589185012433823,2,1,4.43,1,1.66,1,0,0,1,0,0,0,0,0,0,0,1,0,0,0,1,0,1,0
2316,11,3,3,0,1.6760757115571148,0.82,0.44,1,-1.3807855768431319,2,0.7864165898540355,-0.9830086098782393,1,0,2.99,1,1.59,2,0,1,1,1,1,1,1,0,0,0,0,0,0,0,0,0,0,0
2317,7,7,6,1,-1.3793052320755743,0.44,0.67,2,0.11855142783592656,2,-1.4320238360108157,1.7060726937400446,2,0,3.92,1,3.8,2,1,0,0,1,0,1,1,0,1,0,0,0,0,0,0,0,0,0
2318,14,0,0,3,0.21480656460235048,0.43,0.57,0,1.1776927493203255,1,-1.678517216662466,0.025396878978617116,2,0,4.07,1,2.01,0,0,0,0,1,0,0,0,0,1,0,0,0,0,1,0,1,0,0
2319,1,3,8,1,0.6133345137718317,0.72,0.28,2,-0.06243696337628,0,-0.7541670392187779,1.145847422152902,1,2,2.25,0,3.57,0,0,0,1,0,0,0,1,0,1,0,0,1,0,0,0,0,0,0
2320,15,8,6,3,0.7461771634949921,0.71,0.74,1,0.060081310228073274,1,-1.3704004908479033,1.369937530787759,2,0,2.81,1,3.5,1,0,1,0,0,1,0,0,0,0,0,1,0,0,0,0,0,0,0
2321,7,0,2,0,0.7461771634949921,0.73,0.22,0,0.7570111745338441,0,-0.32280362307839017,-1.5432338814653819,1,2,4.11,0,2.71,1,1,0,1,0,0,0,0,0,0,1,0,0,0,0,0,0,0,1
2322,18,8,6,0,-1.5121478817987346,0.36,0.93,1,1.4675341226799095,0,0.7247932446911229,-1.0950536641956679,1,1,4.08,1,2.41,2,1,0,0,0,0,0,0,1,1,0,1,0,0,0,0,1,0,0
2323,19,0,0,1,-0.05087873484397031,0.31,0.25,2,-1.1445222550612288,2,-1.678517216662466,0.8097122592006165,2,0,3.91,1,2.76,0,0,1,0,0,0,0,0,1,1,1,0,1,1,0,0,0,0,0
2324,12,6,3,1,-0.7150919834597723,0.6,0.62,2,0.21009263388391175,1,0.04693644789908505,-0.08664817533881138,1,0,4.5,1,4.9,2,0,0,1,0,0,0,0,1,0,0,0,0,1,0,0,0,0,0
2325,11,0,1,2,0.21480656460235048,0.76,0.42,1,0.5917459918540365,0,0.9096632801798605,1.369937530787759,2,1,3.86,1,3.86,0,1,1,0,0,0,0,0,1,1,0,1,0,0,0,0,1,0,0
2326,15,9,5,0,1.5432330618339545,0.31,0.54,1,-0.040666366946804526,1,-0.44605031340421525,-0.8709635555608108,1,0,4.1,0,2.14,1,0,0,1,0,0,0,1,1,0,1,0,0,0,1,0,0,1,0
2327,6,0,7,1,-1.6449905315218951,0.1,0.63,2,1.6399298075070161,1,-0.7541670392187779,0.5856221505657596,2,1,3.51,1,2.03,0,1,0,1,0,0,0,0,0,0,0,0,1,0,0,0,1,0,0
2328,3,1,0,1,0.7461771634949921,0.52,0.84,2,-0.07151707117397997,2,-0.13793358758965255,-0.7589185012433823,1,2,4.69,1,2.12,1,0,1,0,0,0,1,1,0,1,1,0,0,0,0,0,1,0,0
2329,1,2,0,1,-1.6449905315218951,0.16,0.33,1,0.4617542299231469,2,1.3410266963202482,0.5856221505657596,2,1,4.17,1,3.98,0,0,0,0,0,0,0,0,1,0,0,1,1,0,0,1,0,0,1
2330,11,1,6,3,-0.5822493337366119,0.86,0.76,0,1.0367795853663573,0,-0.877413729544603,1.369937530787759,2,0,3.75,0,2.41,1,0,0,0,0,0,0,0,0,1,0,1,1,1,0,1,0,0,0
2331,7,4,3,2,-0.5822493337366119,0.26,0.43,2,0.34181737861515765,0,1.0945333156685981,1.369937530787759,2,0,4.03,0,4.62,2,0,0,0,0,0,1,0,0,0,1,0,0,0,0,0,0,1,0
2332,18,7,7,3,1.5432330618339545,0.44,0.38,2,0.4693540815788759,1,0.35505317371364775,0.8097122592006165,2,0,2.76,1,1.05,2,0,0,0,0,0,0,0,1,0,0,1,0,0,0,0,0,1,0
2333,4,5,1,0,-1.2464625823524138,0.23,0.52,1,1.3714979924935002,2,-0.13793358758965255,0.921757313518045,2,0,4.79,0,1.18,0,1,0,0,0,0,1,0,0,0,0,1,0,0,0,1,0,0,0
2334,7,5,6,0,1.5432330618339545,0.69,0.3,0,0.004066251587391353,1,0.4782998640394728,1.2578924764703305,1,2,4.11,1,3.51,2,0,1,0,1,0,0,0,1,0,0,1,1,0,0,1,0,0,0
2335,19,1,0,1,0.4804918640486713,0.55,0.35,2,-0.8052908718914916,2,-0.5692970037300403,0.4735770962483311,0,2,4.99,1,3.42,2,0,1,0,0,0,0,1,0,0,0,1,0,1,0,0,1,0,0
2336,12,8,7,1,0.8790198132181525,0.36,0.94,2,-1.6397220902630292,2,1.0945333156685981,0.1374419332960456,0,2,3.55,1,1.3,0,0,0,0,0,0,1,1,0,0,1,0,0,0,0,1,0,1,0
2337,19,5,3,1,0.4804918640486713,0.21,0.62,2,1.108463696826927,1,1.3410266963202482,0.025396878978617116,0,0,2.32,0,4.01,1,0,0,0,1,0,0,1,0,0,0,1,0,0,0,0,0,1,0
2338,0,0,4,2,1.1447051126644732,0.87,0.38,2,-1.1157655717178172,0,1.0945333156685981,1.145847422152902,2,2,3.53,0,2.79,2,0,0,0,0,1,0,1,0,1,0,0,0,0,0,0,1,0,1
2339,15,8,2,3,0.21480656460235048,0.34,0.83,2,1.2699921353434664,1,-0.19955693275256509,-1.4311888271479534,1,1,4.92,0,2.12,2,0,0,1,0,0,0,0,0,1,0,1,0,0,0,0,1,1,0
2340,4,7,6,0,1.2775477623876337,0.6,0.55,1,1.6095304008841003,0,-0.7541670392187779,-0.19869322965623987,1,0,3.03,0,3.11,1,0,0,0,0,1,0,1,0,0,0,0,0,0,0,1,0,0,0
2341,6,4,7,2,1.5432330618339545,0.4,0.41,2,0.10578873158746954,0,-0.19955693275256509,-0.6468734469259538,2,0,2.18,1,2.31,1,1,0,1,0,0,0,0,1,1,0,0,0,0,0,0,1,0,1
2342,12,9,7,3,-0.3165640342902911,0.52,0.69,1,0.890595265394639,1,-1.1855304553591657,-0.8709635555608108,1,2,4.29,0,2.38,0,0,0,0,0,1,0,1,0,0,0,1,0,0,0,1,0,0,0
2343,7,5,8,0,1.1447051126644732,0.2,0.85,1,1.3070707465094222,2,-0.2611802779154776,-0.31073828397366837,2,2,3.11,0,2.36,2,0,0,0,1,1,0,0,0,0,1,1,0,0,0,0,1,0,1
2344,11,0,0,2,1.0118624629413129,0.59,0.49,2,-0.0503060837737862,1,0.9712866253427731,-1.5432338814653819,0,2,3.31,0,2.03,2,0,0,0,0,0,0,1,0,0,1,0,0,1,0,0,0,0,0
2345,5,9,0,0,0.21480656460235048,0.69,0.96,2,-1.4224854754767045,2,1.649143422134811,-0.8709635555608108,0,0,2.99,1,4.46,1,0,0,0,0,0,0,0,0,1,1,1,0,1,1,0,0,0,1
2346,10,3,7,0,0.6133345137718317,0.75,0.38,1,-1.1225169838775386,2,-0.6309203488929528,1.369937530787759,2,2,2.18,0,4.28,1,0,0,0,0,1,0,1,0,1,0,1,1,0,0,1,0,0,0
2347,5,3,9,3,-0.05087873484397031,0.68,0.9,2,1.18985973273116,2,0.9096632801798605,-1.0950536641956679,1,1,2.92,0,1.41,2,0,0,0,0,0,0,0,0,0,0,0,0,1,0,1,0,0,1
2348,15,2,1,3,-0.8479346331829327,0.13,0.9,1,-1.1644335053611554,2,1.649143422134811,-1.4311888271479534,2,0,3.58,0,1.79,2,0,1,0,1,0,0,1,0,0,1,0,0,0,1,0,0,0,1
2349,3,1,8,2,1.410390412110794,0.41,0.53,0,1.6546782132142148,0,-0.13793358758965255,0.4735770962483311,0,0,3.57,0,2.92,2,0,0,1,0,0,0,0,0,0,0,0,1,0,1,0,0,0,0
2350,13,2,3,3,-0.05087873484397031,0.33,0.65,0,1.232787160848318,0,-0.014686897263827485,-0.08664817533881138,2,0,3.37,0,4.37,0,0,0,0,0,1,0,0,1,0,1,0,1,0,0,0,0,0,0
2351,13,0,5,0,0.8790198132181525,0.35,0.62,0,1.5294160501759642,1,-1.6168938714995533,1.145847422152902,0,1,2.88,1,1.89,2,0,1,0,0,0,0,0,1,1,0,0,1,1,0,0,0,0,0
2352,4,5,5,0,-0.9807772829060931,0.95,0.58,2,-1.29083293836214,0,-1.2471538005220781,1.2578924764703305,0,2,2.25,1,4.13,0,0,0,0,1,0,0,0,0,0,1,1,1,0,0,0,0,0,0
2353,2,4,0,2,-0.3165640342902911,0.93,0.68,2,-1.1910600640124627,0,-0.9390370747075155,-0.9830086098782393,1,2,2.48,0,4.95,0,0,1,0,0,0,0,1,0,0,0,1,0,0,1,1,1,0,0
2354,16,1,7,2,1.5432330618339545,0.13,0.28,0,-0.14841818293978887,1,-0.5692970037300403,0.3615320419309026,0,0,3.82,0,2.88,0,0,0,0,0,0,1,1,0,1,1,0,0,0,0,1,0,0,0
2355,9,6,2,0,-1.5121478817987346,0.44,0.72,2,-1.1485658815953934,2,1.4642733866460733,1.594027639422616,2,2,2.92,0,4.22,0,1,0,0,0,0,0,0,0,1,0,0,0,0,0,0,1,0,0
2356,16,7,4,1,-1.6449905315218951,0.26,0.7,0,-0.32350360148828194,2,-0.9390370747075155,1.0338023678354735,2,2,4.58,1,3.26,1,1,1,0,1,0,0,1,1,0,0,0,0,0,1,0,0,0,0
2357,17,3,4,0,1.5432330618339545,0.18,0.98,2,-0.3508161324980633,1,0.7247932446911229,1.2578924764703305,2,2,3.34,1,3.57,1,0,0,0,1,0,0,0,0,0,0,0,0,0,0,0,1,0,1
2358,14,9,8,1,-1.2464625823524138,0.1,0.66,2,-0.7647823989331641,1,-0.877413729544603,0.1374419332960456,2,0,3.78,1,3.35,1,1,0,0,1,0,0,0,0,0,0,0,1,0,0,1,0,1,0
2359,9,3,5,2,0.3476492143255109,0.75,0.95,1,1.4617936171537294,1,-0.014686897263827485,0.2494869876134741,2,0,3.88,0,3.05,0,0,0,1,0,0,0,0,0,1,0,0,0,0,0,0,1,0,0
2360,19,1,6,1,-1.3793052320755743,0.83,0.46,0,1.553695861285122,1,-1.2471538005220781,1.2578924764703305,1,1,4.75,0,1.0,2,0,0,0,0,0,0,0,1,0,0,0,0,1,0,0,1,0,0
2361,10,5,4,0,0.7461771634949921,0.16,0.98,2,-0.48550138951325117,0,0.17018313822491013,0.4735770962483311,0,1,3.79,1,3.41,0,0,1,0,1,0,1,0,0,1,0,0,0,0,1,0,0,1,0
2362,10,2,9,2,0.7461771634949921,0.63,0.45,1,1.564924145679097,0,0.7864165898540355,-0.9830086098782393,1,1,4.7,1,4.56,0,0,0,0,0,0,0,1,0,0,0,0,1,1,0,0,0,0,1
2363,7,8,4,3,-0.4494066840134515,0.85,0.85,2,-0.7191652370946198,0,-0.5076736585671278,-0.4227833382910969,0,1,3.97,0,1.83,0,0,0,1,0,0,1,0,1,0,0,0,0,0,0,0,1,1,1
2364,6,5,2,0,1.6760757115571148,0.38,0.46,1,1.2400620782289804,2,1.2177800059944233,-1.0950536641956679,1,0,4.97,1,4.46,2,0,0,1,0,0,0,0,0,0,0,0,0,0,0,1,0,1,0
2365,15,3,2,0,1.2775477623876337,0.35,0.48,1,-1.2842800971482928,1,1.5875200769718985,-0.5348283926085253,0,2,4.27,0,1.4,1,0,0,0,1,1,0,0,1,1,0,0,0,0,0,1,0,1,0
2366,4,1,0,3,0.21480656460235048,0.05,0.61,0,0.9961266971746668,1,0.7247932446911229,1.369937530787759,0,2,2.47,0,3.71,2,0,0,1,0,0,0,0,0,1,0,1,0,0,1,0,0,0,0
2367,14,3,8,2,1.5432330618339545,0.18,0.21,0,0.6914466585870325,0,-0.44605031340421525,0.025396878978617116,0,1,3.83,1,1.77,0,0,0,0,1,0,0,0,0,0,1,0,0,0,1,0,0,0,0
2368,5,1,4,2,0.4804918640486713,0.12,0.24,1,0.8665501290396959,1,1.0329099705056857,-1.5432338814653819,1,2,3.56,1,4.22,2,1,1,0,0,0,0,0,0,0,0,0,0,0,1,0,0,0,1
2369,5,4,2,3,-1.3793052320755743,0.06,0.25,1,-1.404343311785475,1,-1.678517216662466,-1.5432338814653819,1,0,4.46,0,3.91,0,0,0,1,1,0,0,0,0,1,0,0,0,0,0,0,0,0,0
2370,11,2,5,2,-0.7150919834597723,0.84,0.66,0,1.4656747765503606,0,-0.19955693275256509,-1.2070987185130964,1,2,3.29,0,2.08,0,0,0,1,1,0,0,0,0,0,0,0,0,0,1,0,1,0,0
2371,19,4,7,3,-1.2464625823524138,0.17,0.46,2,1.0417980147257224,1,1.649143422134811,-0.6468734469259538,0,1,2.47,1,3.4,1,0,0,1,0,0,0,0,0,0,1,1,1,1,0,0,0,1,0
2372,10,7,6,1,1.2775477623876337,0.4,0.82,0,1.6358861809728515,1,-1.678517216662466,-1.4311888271479534,2,1,4.13,1,4.91,0,1,0,0,0,1,0,0,0,0,0,0,1,0,0,1,0,1,0
2373,1,0,8,0,0.6133345137718317,0.35,0.49,0,0.10190757219083835,0,1.4642733866460733,-0.9830086098782393,1,0,2.92,0,1.96,2,0,1,0,0,0,0,0,0,0,0,0,0,0,0,1,0,0,1
2374,2,6,4,1,-0.3165640342902911,0.65,0.71,0,-0.25969012024599686,0,-0.2611802779154776,-1.6552789357828104,0,0,4.91,1,3.1,0,0,0,0,0,1,1,1,0,1,1,0,0,0,0,0,1,0,0
2375,14,9,8,3,-0.4494066840134515,0.49,0.27,2,1.5686428379381947,1,1.5875200769718985,1.7060726937400446,1,0,2.24,0,3.96,1,0,0,0,0,0,1,1,1,0,1,0,1,0,0,0,0,0,1
2376,9,2,4,3,-0.5822493337366119,0.13,0.45,2,-0.05380815318283947,0,-0.44605031340421525,-1.2070987185130964,2,1,3.45,1,3.21,0,0,0,0,0,0,0,0,1,1,0,1,0,0,0,0,0,0,0
2377,18,4,7,0,-0.05087873484397031,0.1,0.33,1,-1.0114797213255455,1,0.848039935016948,0.5856221505657596,2,0,2.79,1,2.25,2,1,0,0,1,0,1,0,1,0,0,0,0,1,0,0,0,0,0
2378,9,0,9,0,-1.5121478817987346,0.91,0.88,2,-1.0953849719094608,2,1.649143422134811,-1.4311888271479534,2,1,2.05,1,1.84,2,0,0,1,0,1,1,1,1,0,0,0,0,0,0,0,0,1,0
2379,6,5,5,0,1.410390412110794,0.47,0.58,2,1.4633280290082114,2,0.17018313822491013,-1.6552789357828104,0,1,3.28,0,3.25,2,0,0,1,0,1,1,0,0,0,1,0,0,1,0,0,0,1,0
2380,4,4,2,2,-1.6449905315218951,0.58,0.71,1,-0.29785184566217526,0,-0.014686897263827485,1.145847422152902,1,0,3.87,0,1.67,2,1,1,0,0,0,1,0,1,0,0,1,0,0,1,0,0,0,0
2381,16,9,5,1,1.1447051126644732,0.45,0.92,1,1.1702553648021299,0,-1.000660419870428,-1.2070987185130964,2,1,2.2,0,4.26,0,1,0,0,1,0,0,0,0,0,1,0,0,0,1,1,1,0,0
2382,17,0,6,1,1.6760757115571148,0.7,0.39,1,1.6518982199719765,1,-0.877413729544603,-1.3191437728305249,1,1,3.29,0,3.95,1,0,1,0,0,1,0,0,0,1,1,0,0,1,0,0,0,0,0
2383,10,5,1,1,-1.2464625823524138,0.49,0.29,1,0.7495376862073078,2,0.41667651887656026,1.4819825851051875,1,1,2.72,1,4.65,2,0,0,0,0,0,0,1,1,0,1,0,0,1,0,1,1,0,0
2384,2,1,8,2,-0.3165640342902911,0.06,0.52,0,-1.1283116451162298,0,1.1561566608315106,-0.6468734469259538,0,2,4.22,1,2.78,2,0,0,0,0,0,0,0,0,1,0,1,0,0,0,0,0,0,1
2385,1,4,1,3,0.4804918640486713,0.65,0.48,1,1.538207327506938,0,-0.5076736585671278,-0.7589185012433823,2,1,2.47,0,4.3,1,1,0,0,1,0,0,0,0,1,1,0,0,0,0,1,1,0,0
2386,15,1,9,2,-0.4494066840134515,0.45,0.85,0,0.17676881878539455,2,1.4026500414831609,0.921757313518045,1,1,2.36,1,2.63,1,0,1,1,1,0,1,0,0,0,0,0,0,1,0,0,0,0,0
2387,7,9,6,2,-0.18372138456713072,0.79,0.57,0,1.038530620070884,1,0.10855979306199759,1.4819825851051875,2,0,4.96,1,3.56,1,1,1,0,0,1,0,1,0,0,0,0,0,0,0,0,0,0,0
2388,11,7,5,2,1.1447051126644732,0.34,0.43,1,-0.7336789680476035,0,0.10855979306199759,0.5856221505657596,2,0,3.38,1,2.9,2,1,0,0,0,0,0,0,0,0,0,1,0,0,0,1,0,0,0
2389,4,9,2,1,1.5432330618339545,0.92,0.22,1,-1.6513114127404118,1,-1.1239071101962532,0.025396878978617116,2,2,3.76,1,3.55,1,0,0,0,0,0,0,0,0,1,0,1,0,1,0,0,0,0,0
2390,13,5,1,3,0.3476492143255109,0.38,0.47,1,1.311168528756098,0,0.41667651887656026,-0.4227833382910969,1,2,2.47,0,2.23,0,1,1,0,0,1,0,0,0,0,0,0,0,0,0,0,1,0,1
2391,13,2,9,2,-1.3793052320755743,0.72,0.82,2,-1.6325554843073893,2,-0.5692970037300403,1.4819825851051875,0,2,2.13,1,2.5,0,0,1,0,1,0,0,0,0,0,0,0,1,1,1,0,0,0,0
2392,8,9,8,2,-1.5121478817987346,0.43,0.69,2,0.3916045303170593,0,-0.7541670392187779,-1.0950536641956679,2,0,3.72,0,3.88,1,0,1,1,1,0,0,0,0,0,0,0,0,0,0,0,0,0,0
2393,15,3,0,1,1.1447051126644732,0.05,0.78,0,-1.5473504966232068,2,0.41667651887656026,0.1374419332960456,1,2,4.01,1,1.87,2,1,0,0,0,0,1,0,0,1,0,0,0,0,0,0,0,1,0
2394,5,3,0,3,-0.05087873484397031,0.77,0.74,0,-1.5875340353064675,1,-0.5076736585671278,-1.5432338814653819,1,1,2.73,1,1.39,2,1,0,1,0,0,0,0,0,0,0,0,1,0,0,0,1,0,1
2395,10,1,9,2,0.4804918640486713,0.59,0.57,1,-0.8983123340814478,2,-0.8157903843816905,-1.4311888271479534,1,0,4.39,0,4.6,0,0,1,1,0,0,0,0,0,0,0,1,0,0,0,0,0,0,0
2396,1,9,8,0,-1.1136199326292535,0.25,0.82,0,-1.5304358624155627,2,-0.6925436940558654,0.4735770962483311,0,2,4.74,1,3.94,2,1,0,0,0,0,0,0,0,0,0,0,0,1,0,0,0,1,0
2397,12,6,7,0,0.4804918640486713,0.75,0.98,0,1.525155800791755,1,-1.2471538005220781,-1.3191437728305249,2,1,2.1,0,1.69,1,1,0,0,0,0,1,1,0,0,0,0,0,0,0,0,0,1,1
2398,1,9,5,1,-0.5822493337366119,0.88,0.33,1,-0.7490411384965948,0,1.4642733866460733,-1.6552789357828104,1,0,2.73,1,2.06,1,0,0,0,0,0,1,1,1,0,0,0,0,0,1,0,0,0,0
2399,3,1,5,2,1.0118624629413129,0.88,0.76,1,0.23404751071800292,1,0.10855979306199759,0.3615320419309026,2,1,3.98,0,1.22,0,0,0,0,1,1,0,0,0,0,1,0,0,0,0,1,1,1,0
2400,15,4,9,0,0.8790198132181525,0.72,0.23,1,0.4965041454511239,0,1.2794033511573357,0.5856221505657596,0,2,2.79,1,3.35,0,0,0,0,0,0,0,0,0,0,1,0,1,1,0,1,0,0,1
2401,0,5,9,0,-0.3165640342902911,0.2,0.72,1,0.4246756187571912,1,-0.7541670392187779,1.7060726937400446,1,1,4.94,0,2.59,2,1,1,0,0,0,0,0,0,0,0,0,0,0,1,1,1,0,0
2402,4,3,4,1,-0.05087873484397031,0.86,0.48,1,-1.335619712608847,2,1.1561566608315106,-0.8709635555608108,2,1,4.02,0,3.42,0,0,0,0,1,0,0,0,0,0,1,0,0,1,0,0,1,0,1
2403,13,9,8,1,-0.05087873484397031,0.15,0.47,0,1.6220223185700016,2,-1.1855304553591657,1.0338023678354735,2,1,4.64,1,4.7,0,1,0,0,0,0,0,0,1,0,0,1,0,0,0,0,0,0,0
2404,12,1,5,3,-0.9807772829060931,0.48,0.93,2,-1.3345907540711355,0,-0.6925436940558654,1.369937530787759,1,0,4.69,1,2.74,0,0,1,0,0,0,0,0,0,0,0,1,1,0,0,1,0,0,1
2405,12,6,2,3,1.0118624629413129,0.51,0.78,2,-0.824137059845366,2,1.5875200769718985,0.5856221505657596,0,1,4.56,0,3.09,2,0,0,0,0,1,0,1,0,0,1,1,0,0,1,0,1,0,0
2406,0,8,9,0,1.6760757115571148,0.58,0.53,2,-0.6155653590608223,2,-0.2611802779154776,-1.6552789357828104,0,1,4.08,1,2.12,0,1,0,0,0,0,0,0,0,0,1,0,0,0,0,0,1,0,0
2407,17,4,2,3,-0.4494066840134515,0.25,0.83,1,-0.4911877393269201,1,0.23180648338782264,1.2578924764703305,0,1,3.74,1,3.74,1,0,1,0,0,0,0,1,0,0,1,0,0,0,0,0,0,1,0
2408,8,0,0,0,-1.1136199326292535,0.42,0.89,1,1.1455784118012236,1,0.9712866253427731,0.025396878978617116,2,0,2.26,0,3.45,0,0,0,0,1,0,1,1,0,0,0,1,0,0,0,1,0,0,0
2409,5,8,3,1,0.8790198132181525,0.79,0.22,2,0.7836557850893215,1,-0.13793358758965255,0.921757313518045,2,2,2.44,0,4.11,2,0,0,0,1,0,0,0,1,0,0,0,1,1,0,0,1,0,1
2410,17,9,8,0,-1.1136199326292535,0.28,0.51,2,-0.6440151600333375,2,-0.32280362307839017,-0.8709635555608108,2,2,2.15,1,2.57,1,1,0,0,0,0,1,0,0,1,0,0,0,1,0,0,0,0,0
2411,11,4,0,1,0.6133345137718317,0.14,0.76,1,0.12290193674098758,1,1.3410266963202482,1.7060726937400446,1,0,4.35,1,1.9,1,0,1,0,1,0,1,0,0,0,1,0,0,0,0,0,0,0,0
2412,15,7,7,1,1.1447051126644732,0.81,0.71,2,0.17718401258131325,0,-1.3704004908479033,-0.9830086098782393,2,0,2.01,1,1.77,1,0,0,0,0,0,1,1,0,0,1,1,0,0,0,1,1,0,0
2413,7,0,0,2,1.6760757115571148,0.35,0.49,2,-1.487995835711005,2,0.10855979306199759,1.4819825851051875,0,2,3.95,0,2.42,1,0,0,0,1,0,0,0,0,0,0,0,1,0,0,0,0,0,1
2414,2,1,3,2,0.7461771634949921,0.42,0.79,0,-1.0919551101170892,0,1.4026500414831609,1.145847422152902,1,0,2.31,0,1.94,1,0,1,0,0,0,0,0,0,0,0,0,0,0,0,1,0,0,1
2415,7,2,0,0,-1.2464625823524138,0.93,0.43,1,-1.2543861438421475,2,0.17018313822491013,1.0338023678354735,1,0,4.7,1,1.72,0,0,0,0,1,0,0,0,0,0,1,0,0,0,1,0,0,0,0
2416,2,6,1,1,-0.7150919834597723,0.69,0.67,1,0.5248636869027873,2,-0.877413729544603,-1.3191437728305249,1,2,2.3,1,3.36,2,0,0,1,0,1,0,0,0,0,0,0,0,1,0,0,0,0,1
2417,3,8,3,2,-0.8479346331829327,0.71,0.39,0,0.49827323205982094,2,-1.3704004908479033,1.7060726937400446,2,2,3.95,1,4.94,1,0,0,0,1,0,0,0,0,0,1,1,0,0,0,0,1,0,0
2418,15,0,2,2,-0.5822493337366119,0.66,0.7,1,-1.4393098501634964,0,-1.3704004908479033,0.8097122592006165,1,2,4.6,1,1.97,1,0,1,0,0,0,0,1,0,0,0,0,1,1,0,0,0,1,0
2419,17,8,0,0,0.7461771634949921,0.77,0.63,0,-1.0785605972226688,0,1.1561566608315106,-0.7589185012433823,1,0,4.06,1,4.72,2,0,0,1,0,0,0,1,0,0,0,1,0,1,0,0,0,0,0
2420,14,4,0,0,-0.18372138456713072,0.93,0.8,1,1.3966984507153475,0,0.6631698995282104,-0.9830086098782393,2,2,2.97,0,2.35,0,0,1,1,0,0,0,0,0,0,0,1,0,1,0,1,0,0,0
2421,15,4,0,1,0.08196391487919008,0.25,0.57,2,-0.36850699858503344,2,-0.6309203488929528,-0.8709635555608108,2,2,4.05,0,4.01,1,0,0,1,0,0,0,0,1,0,0,0,0,0,0,1,0,0,1
2422,7,3,5,0,1.6760757115571148,0.5,0.41,2,-1.725360323647301,1,-1.3087771456849908,-0.08664817533881138,0,0,2.91,1,3.65,2,1,0,0,0,0,0,0,1,0,0,0,1,0,0,0,0,0,1
2423,18,0,1,1,1.0118624629413129,0.3,0.64,1,-0.9415105407611616,2,0.4782998640394728,1.594027639422616,0,2,2.94,0,3.76,2,0,1,0,0,1,0,0,1,0,0,0,1,0,0,1,1,0,0
2424,11,5,9,2,-0.05087873484397031,0.36,0.89,2,0.3993487972061513,2,-1.2471538005220781,-0.6468734469259538,0,1,3.62,0,1.2,1,0,0,1,0,1,1,0,0,0,0,1,0,0,0,0,1,0,0
2425,0,3,3,1,-0.5822493337366119,0.45,0.85,2,1.2473911513221536,2,0.9096632801798605,1.0338023678354735,2,0,3.06,1,2.63,1,1,1,0,0,1,1,0,0,0,1,0,0,0,0,0,0,0,1
2426,13,0,1,0,-1.1136199326292535,0.63,0.33,0,0.7296625397157219,0,-0.014686897263827485,0.025396878978617116,0,1,4.68,0,1.81,2,0,0,0,0,0,0,0,1,0,0,1,0,0,1,0,0,0,0
2427,10,2,8,2,1.2775477623876337,0.51,0.6,0,0.1095435276549081,0,-0.6309203488929528,-0.8709635555608108,1,0,3.22,0,2.62,1,0,1,1,0,0,0,0,1,0,1,0,0,0,1,0,0,0,0
2428,11,3,5,2,-0.8479346331829327,0.44,0.88,0,1.2694686301225255,2,-0.2611802779154776,1.145847422152902,2,2,4.0,0,3.01,1,1,1,1,0,0,0,0,0,0,0,0,1,0,0,0,0,1,1
2429,17,6,5,2,1.2775477623876337,0.77,0.68,0,0.4403627234812494,2,-1.2471538005220781,-0.08664817533881138,0,1,4.1,0,4.65,0,0,0,0,1,0,0,1,0,0,0,0,0,0,0,1,0,0,1
2430,10,1,7,3,-1.1136199326292535,0.37,0.44,1,-1.5875881910189786,1,0.4782998640394728,1.7060726937400446,1,2,2.79,0,1.09,2,0,1,1,1,0,1,0,0,0,0,0,0,0,0,0,0,1,0
2431,15,0,9,3,1.6760757115571148,0.38,0.93,0,0.2950268430055387,2,0.5399232092023853,1.145847422152902,0,2,2.96,1,3.33,2,1,1,1,0,0,0,0,0,0,0,0,0,0,0,0,1,0,0
2432,7,4,5,1,-0.5822493337366119,0.79,0.96,2,-0.4172471398450532,0,1.2177800059944233,-1.4311888271479534,1,1,3.54,1,1.56,1,0,0,1,0,0,0,1,0,0,0,0,1,1,0,0,1,0,0
2433,9,8,1,1,-0.4494066840134515,0.08,0.34,1,1.512393104543298,2,0.9712866253427731,1.2578924764703305,1,1,3.85,1,3.83,2,0,0,0,0,0,0,0,0,0,0,1,1,1,1,0,0,0,0
2434,12,5,7,2,-0.3165640342902911,0.67,0.22,1,1.1571857861827763,0,-0.5692970037300403,-0.6468734469259538,2,2,2.7,1,4.29,0,1,0,1,1,1,0,1,0,0,0,0,0,0,0,0,0,0,0
2435,0,6,8,2,-1.3793052320755743,0.24,0.43,2,-0.7989366016235188,1,-1.2471538005220781,-0.19869322965623987,2,2,3.99,0,3.65,1,0,0,0,0,0,0,0,0,0,0,1,1,1,0,1,1,0,0
2436,3,9,7,0,-0.8479346331829327,0.56,0.89,1,-0.3691207633268263,0,0.9712866253427731,0.5856221505657596,2,0,3.89,0,1.44,1,1,0,0,0,0,0,0,0,1,0,1,0,0,1,0,0,1,0
2437,2,3,8,0,-1.3793052320755743,0.39,0.21,0,0.3084033039957886,2,0.10855979306199759,0.5856221505657596,0,0,2.34,1,3.65,0,0,0,1,0,0,1,0,0,0,0,0,1,0,0,0,0,0,1
2438,12,8,8,2,0.21480656460235048,0.85,0.99,0,1.472967745835193,2,-0.7541670392187779,1.145847422152902,1,2,2.93,1,4.61,1,0,0,0,0,1,0,1,1,0,0,0,0,0,0,0,0,0,0
2439,10,1,8,2,1.6760757115571148,0.22,0.51,2,1.0560951228286615,0,-1.0622837650333405,-0.8709635555608108,0,0,2.79,1,1.23,0,0,1,0,0,0,0,0,0,1,1,0,0,1,0,0,0,0,0
2440,2,3,5,3,-1.1136199326292535,0.09,0.71,0,1.354529202573345,2,0.7247932446911229,-0.8709635555608108,0,2,2.71,1,1.1,1,0,0,0,1,0,1,0,0,1,0,0,1,1,0,0,1,0,0
2441,2,7,6,1,-0.9807772829060931,0.45,0.97,0,-0.2304640873941554,2,0.5399232092023853,-0.31073828397366837,1,0,3.85,1,1.94,1,0,1,0,1,0,0,1,0,0,1,0,1,0,1,0,0,0,0
2442,9,7,3,2,0.6133345137718317,0.07,0.2,1,-1.2150329927507242,2,0.6631698995282104,-1.2070987185130964,2,2,2.81,0,1.42,1,0,0,0,0,0,0,0,1,1,1,1,1,0,0,0,0,0,0
2443,18,8,8,2,1.5432330618339545,0.64,0.56,1,1.167349008230699,0,0.7864165898540355,0.4735770962483311,0,1,3.72,1,4.84,0,0,0,0,0,1,0,0,0,1,0,0,1,0,1,0,1,1,0
2444,14,4,9,0,1.5432330618339545,0.1,0.71,0,-1.1235278905110797,2,-1.000660419870428,0.4735770962483311,1,2,2.98,0,4.54,0,0,0,1,1,0,0,0,0,1,0,0,0,0,0,0,1,0,0
2445,7,0,2,1,1.6760757115571148,0.63,0.59,2,1.1290428675811577,1,-0.32280362307839017,-1.3191437728305249,1,2,3.29,1,1.47,0,0,1,0,0,0,0,0,0,0,0,0,0,0,1,1,1,0,0
2446,9,6,8,2,-0.05087873484397031,0.24,0.49,1,1.6485766696046271,2,-1.0622837650333405,-1.4311888271479534,0,1,3.79,0,4.38,0,0,0,1,0,0,1,0,1,0,0,0,0,1,0,1,0,1,0
2447,2,9,6,0,-0.18372138456713072,0.88,0.8,1,0.27888844067722107,2,1.3410266963202482,0.1374419332960456,1,0,3.29,0,4.98,2,0,0,0,0,0,1,1,0,0,1,0,1,1,0,0,0,0,0
2448,0,1,7,3,-0.5822493337366119,0.34,0.64,1,-0.015646427766661065,1,-1.3087771456849908,-0.4227833382910969,0,0,2.02,1,4.49,2,1,0,0,0,0,0,1,0,1,1,1,0,0,0,0,1,0,0
2449,12,3,5,1,1.410390412110794,0.43,0.5,0,1.1437551694800154,1,1.4026500414831609,1.0338023678354735,1,0,3.19,1,3.77,1,0,1,0,0,1,0,0,1,0,0,0,1,0,0,1,1,0,0
2450,1,5,9,0,-1.6449905315218951,0.69,0.28,0,-1.0715745103087326,0,-1.0622837650333405,-1.0950536641956679,1,1,2.33,1,3.24,0,1,0,0,1,0,1,1,1,0,0,0,0,0,0,0,1,0,0
2451,3,7,6,3,-0.5822493337366119,0.39,0.46,0,1.6575845697856455,2,0.7864165898540355,-1.4311888271479534,1,0,2.29,0,2.1,1,0,1,0,1,1,0,1,0,0,0,0,0,0,0,0,0,0,1
2452,14,7,4,1,0.08196391487919008,0.62,0.88,0,-0.1758751291829333,2,-0.8157903843816905,1.7060726937400446,1,0,3.94,0,1.57,1,0,1,0,0,0,0,1,0,0,1,1,0,0,0,0,0,0,0
2453,16,3,7,0,1.5432330618339545,0.09,0.63,2,0.6051405047484568,1,-1.3704004908479033,-0.6468734469259538,0,2,2.72,0,4.4,1,0,0,0,0,1,0,0,0,1,0,1,1,1,0,0,1,0,0
2454,18,1,1,3,1.0118624629413129,0.3,0.99,1,-0.21974125631695104,1,-1.6168938714995533,1.369937530787759,0,2,3.85,0,4.11,0,0,0,0,0,0,0,0,0,0,0,1,0,0,0,0,1,1,0
2455,14,7,1,0,0.6133345137718317,0.06,0.44,0,-1.6655724170350101,2,-0.44605031340421525,-0.7589185012433823,0,1,4.5,0,1.7,2,0,0,0,1,0,0,0,0,1,0,0,1,1,0,0,0,1,0
2456,0,3,2,3,-0.18372138456713072,0.35,0.9,1,1.1241688534551557,2,-1.678517216662466,1.2578924764703305,1,0,4.99,1,4.95,1,0,0,1,0,0,0,0,0,1,0,0,0,1,0,0,0,0,0
2457,19,6,2,3,0.8790198132181525,0.38,0.28,1,0.8201567353218252,2,0.6015465543652979,1.2578924764703305,1,0,4.91,0,2.85,0,0,0,1,1,0,0,0,0,0,0,0,1,0,0,1,0,1,1
2458,19,3,9,3,-1.6449905315218951,0.15,0.5,0,0.9213196062926218,0,-1.000660419870428,0.025396878978617116,1,1,2.06,1,3.85,2,1,0,0,0,1,0,0,0,0,1,1,0,1,0,1,0,0,0
2459,10,4,5,3,-0.8479346331829327,0.38,0.66,0,0.07136375033455933,2,0.6631698995282104,-0.7589185012433823,2,0,3.04,0,1.8,2,0,0,0,1,1,0,0,0,0,0,0,0,0,0,0,1,0,0
2460,14,9,9,1,0.6133345137718317,0.54,0.57,0,1.5998365283446074,1,0.7864165898540355,1.145847422152902,0,0,4.57,1,1.48,0,0,0,1,1,0,0,0,1,1,0,0,1,0,0,0,0,0,0
2461,19,4,7,1,1.1447051126644732,0.23,0.41,1,-0.957017126443516,1,-1.1239071101962532,0.025396878978617116,0,2,4.32,0,1.96,1,1,0,1,0,0,1,0,0,0,0,1,0,0,0,0,0,0,0
2462,17,2,9,2,-0.4494066840134515,0.21,0.24,0,0.6569675216216111,2,0.9096632801798605,1.2578924764703305,0,1,4.58,1,3.41,1,1,0,1,0,0,0,0,1,0,0,1,1,0,0,0,0,1,0
2463,16,2,5,1,-1.6449905315218951,0.48,0.83,0,-1.5818476854927985,0,-1.000660419870428,0.1374419332960456,1,1,2.4,1,2.99,1,0,0,0,1,0,0,0,0,1,0,0,0,0,0,1,0,0,0
2464,2,7,9,0,-1.5121478817987346,0.26,0.59,1,-0.4395773453038104,0,0.9096632801798605,0.025396878978617116,0,1,3.0,1,2.99,0,0,0,1,0,0,0,1,0,0,1,0,0,0,0,0,0,0,0
2465,0,4,5,0,0.8790198132181525,0.42,0.33,0,-0.9767659096059091,2,0.7247932446911229,-0.19869322965623987,0,2,5.0,0,1.7,0,1,0,1,0,0,0,0,1,1,0,0,0,0,0,0,0,0,0
2466,19,8,7,3,0.08196391487919008,0.51,0.95,1,-1.1165237516929731,0,0.7864165898540355,0.5856221505657596,1,0,4.45,0,1.61,1,0,1,0,0,0,0,0,1,0,0,0,1,0,1,0,1,1,0
2467,19,7,4,3,0.6133345137718317,0.62,0.28,0,-0.6096984902054495,0,-0.44605031340421525,-1.6552789357828104,0,1,4.46,1,4.37,1,0,0,1,0,0,0,1,0,0,0,1,0,0,0,0,1,0,0
2468,1,2,5,2,0.21480656460235048,0.87,0.66,2,1.065391853476406,0,1.2794033511573357,-1.5432338814653819,1,2,2.75,0,4.97,1,0,0,0,1,1,0,0,1,1,0,1,0,0,0,0,0,0,0
2469,19,1,5,1,-0.4494066840134515,0.26,0.4,1,-1.7356138052160754,2,-0.5076736585671278,-0.19869322965623987,0,2,3.45,1,4.19,1,0,1,0,0,0,0,0,0,1,0,0,0,0,0,1,0,0,0
2470,16,1,5,1,0.6133345137718317,0.73,0.62,0,0.11945402304444544,1,-1.6168938714995533,-0.7589185012433823,2,1,3.43,0,1.62,0,0,0,0,1,1,1,0,0,1,0,1,0,0,0,0,0,0,0
2471,2,9,7,3,-1.1136199326292535,0.36,0.62,0,1.1668977106264395,2,1.2177800059944233,-1.3191437728305249,1,2,4.51,1,2.03,0,1,0,0,0,0,0,1,0,0,0,0,0,0,0,1,0,0,0
2472,13,0,7,0,-1.5121478817987346,0.14,0.43,1,-1.0941574424258753,2,-1.4320238360108157,0.4735770962483311,1,2,2.65,0,1.2,1,0,0,0,0,1,0,0,1,0,0,0,0,0,1,0,1,0,1
2473,5,6,7,3,-0.8479346331829327,0.26,0.92,2,1.114294461873959,2,-1.0622837650333405,-1.3191437728305249,2,0,3.02,1,4.87,2,0,0,0,0,0,1,1,0,0,0,0,0,0,0,1,0,0,0
2474,9,4,9,2,1.5432330618339545,0.9,0.62,0,-0.41412416042357786,0,1.0945333156685981,0.8097122592006165,0,0,4.92,1,3.11,0,0,0,1,0,0,1,0,0,1,0,0,1,0,0,1,0,0,0
2475,6,1,3,0,-0.8479346331829327,0.55,0.43,0,1.2959868773488104,0,1.2177800059944233,0.5856221505657596,1,2,2.56,0,1.78,2,1,0,1,0,0,1,0,0,1,0,0,0,0,0,1,0,0,0
2476,2,2,3,0,-0.5822493337366119,0.1,0.93,2,0.9296234822109954,0,1.3410266963202482,1.2578924764703305,2,1,3.84,1,3.72,2,1,1,1,0,1,0,0,0,0,0,1,0,0,0,0,1,0,0
2477,14,9,8,2,-0.5822493337366119,0.17,0.71,1,-1.7265878531308867,0,-0.7541670392187779,1.2578924764703305,0,0,2.09,0,1.48,0,0,0,1,0,0,0,0,0,0,1,0,0,0,1,0,0,0,1
2478,7,3,1,1,-1.1136199326292535,0.61,0.63,1,1.038205685795817,1,0.5399232092023853,0.1374419332960456,0,1,3.41,1,4.99,2,1,0,0,0,0,1,0,0,1,0,0,0,0,0,0,0,0,0
2479,17,6,2,1,-1.3793052320755743,0.57,0.84,0,-0.061516316263590734,2,0.23180648338782264,0.1374419332960456,0,2,2.32,0,2.43,0,0,1,0,0,0,1,0,0,0,0,0,0,1,1,0,0,1,0
2480,17,9,7,3,-1.5121478817987346,0.39,0.43,2,-1.6459499972018097,0,1.7107667672977236,-1.2070987185130964,2,1,3.17,0,4.37,2,0,0,0,0,0,0,0,1,0,1,0,0,0,0,0,0,1,0
2481,9,9,3,0,0.7461771634949921,0.24,0.88,1,0.7987110731674165,0,-0.7541670392187779,0.2494869876134741,1,2,4.91,1,3.98,1,0,0,0,0,0,0,0,0,0,1,0,0,0,0,0,1,1,0
2482,3,2,4,1,0.6133345137718317,0.25,0.24,2,-0.9100099679838526,1,-0.07631024242674002,-0.9830086098782393,1,1,2.99,1,1.37,1,0,0,0,0,0,0,0,1,1,0,0,1,0,1,1,0,0,0
2483,6,5,9,3,1.6760757115571148,0.19,0.32,1,0.3407162124607646,0,-0.5692970037300403,0.2494869876134741,0,1,4.03,1,4.46,0,0,0,0,0,0,0,0,0,0,0,0,1,0,1,0,0,1,0
2484,19,9,0,0,1.6760757115571148,0.91,0.8,2,1.4373693908112084,2,0.6631698995282104,-1.4311888271479534,1,2,3.06,1,1.83,2,0,0,0,0,0,1,0,0,0,0,1,0,1,0,0,0,0,1
2485,7,1,7,3,1.410390412110794,0.89,0.55,2,-0.5348552955150637,1,-0.07631024242674002,1.594027639422616,0,2,3.17,0,2.22,2,0,0,0,0,0,1,0,0,1,0,0,0,1,0,1,0,0,0
2486,13,8,5,3,-0.5822493337366119,0.9,0.8,2,-0.3521519734066713,2,-0.5692970037300403,0.4735770962483311,1,0,2.16,0,1.92,0,0,0,0,1,0,0,0,0,1,0,1,0,0,0,0,0,0,0
2487,4,4,0,1,-1.2464625823524138,0.51,0.58,1,-0.6934773774601724,2,1.649143422134811,-0.5348283926085253,2,0,3.81,1,4.71,0,0,1,0,0,0,0,0,0,0,0,0,0,1,1,1,0,1,1
2488,2,9,4,1,1.2775477623876337,0.36,0.73,0,-0.5089327611264014,2,1.5875200769718985,0.2494869876134741,2,0,4.41,1,2.35,1,0,0,0,1,0,1,0,0,0,1,0,0,0,0,0,1,1,0
2489,9,3,7,3,-0.5822493337366119,0.34,0.7,2,0.3770185917473941,2,1.1561566608315106,-0.6468734469259538,2,0,3.74,1,3.92,2,0,0,0,0,1,0,1,1,1,0,0,0,0,1,0,0,0,0
2490,10,9,6,2,-1.5121478817987346,0.48,0.52,0,-0.534006856019056,2,0.35505317371364775,1.369937530787759,0,2,4.72,0,4.71,2,0,0,0,0,0,1,0,1,0,1,0,0,0,0,0,0,0,1
2491,1,6,4,2,-0.18372138456713072,0.53,0.63,2,0.16749014004182045,1,1.649143422134811,1.7060726937400446,0,1,4.04,1,4.21,2,0,0,1,0,0,1,0,1,0,0,0,0,0,0,0,0,1,0
2492,17,3,5,3,-0.8479346331829327,0.45,0.28,1,-1.704618685755537,1,1.4642733866460733,1.0338023678354735,0,2,3.05,1,2.46,0,0,1,1,0,1,1,0,0,0,1,0,1,0,0,0,0,0,0
2493,16,7,0,2,1.6760757115571148,0.25,0.7,2,-1.4365118050170878,0,0.17018313822491013,-1.0950536641956679,0,0,4.49,0,1.28,0,0,0,0,0,0,0,1,0,0,0,0,1,0,0,0,0,0,1
2494,8,2,6,2,-1.5121478817987346,0.91,0.51,2,1.6626932586658625,1,0.10855979306199759,-1.4311888271479534,2,1,4.25,0,1.11,2,1,0,0,1,0,0,0,0,0,0,1,0,0,0,1,0,0,0
2495,1,9,2,3,-0.8479346331829327,0.8,0.67,0,0.8670736342606368,1,-0.07631024242674002,1.145847422152902,0,1,3.34,1,2.96,2,0,0,0,1,0,0,0,1,0,0,0,0,0,0,1,0,0,0
2496,1,9,3,1,-1.6449905315218951,0.92,0.7,0,1.33994326400368,0,0.10855979306199759,-1.5432338814653819,2,0,2.65,0,3.52,1,0,0,0,0,0,0,0,0,0,0,0,1,0,0,0,1,1,0
2497,1,8,9,3,-1.5121478817987346,0.52,0.47,2,-0.5914660669933681,1,-1.678517216662466,1.594027639422616,2,1,2.4,1,1.68,2,1,0,0,0,0,0,0,0,0,0,0,1,0,1,0,1,1,1
2498,5,4,0,0,1.6760757115571148,0.72,0.3,1,-1.381832587285014,0,0.6015465543652979,-1.3191437728305249,2,2,4.75,0,3.46,2,0,0,1,0,0,0,0,0,0,0,1,0,0,0,1,0,1,0
2499,8,2,6,0,1.410390412110794,0.6,0.26,2,0.26919456813772824,2,-1.2471538005220781,0.3615320419309026,1,2,4.32,0,3.03,2,0,0,1,0,0,0,0,0,0,0,0,0,1,0,0,0,1,0
2500,6,2,5,2,-0.4494066840134515,0.15,0.91,0,0.549035186586923,2,-0.44605031340421525,-0.5348283926085253,2,1,4.12,1,4.6,0,0,1,0,0,1,0,0,0,0,0,0,0,0,0,1,0,0,0
2501,11,8,8,2,-1.1136199326292535,0.68,0.95,1,1.1784509292954812,0,1.3410266963202482,-1.2070987185130964,1,1,2.74,0,1.72,0,0,0,0,1,0,1,0,0,0,0,1,0,0,0,0,0,1,0
2502,6,1,1,0,0.8790198132181525,0.92,0.32,0,-1.0131224446050497,1,-1.678517216662466,-0.8709635555608108,2,0,3.25,0,4.33,2,0,1,0,0,0,0,1,0,0,1,1,0,1,0,0,0,1,0
2503,2,3,9,1,-0.4494066840134515,0.72,0.64,0,0.6167839829383504,2,-0.8157903843816905,-1.5432338814653819,0,0,4.74,0,2.57,2,0,0,0,1,0,1,0,1,0,0,0,1,1,0,0,0,0,0
2504,16,3,4,1,1.0118624629413129,0.69,0.87,2,1.334870678931804,2,1.4026500414831609,0.8097122592006165,1,1,4.95,0,4.29,1,0,0,0,0,0,1,0,1,0,0,1,1,0,0,0,0,1,1
2505,3,0,7,1,-0.18372138456713072,0.87,0.47,2,0.4408320729896792,2,-1.0622837650333405,-0.08664817533881138,0,0,3.75,1,3.08,2,0,0,0,1,1,0,0,0,1,1,1,0,0,0,0,0,0,0
2506,5,7,8,3,-0.4494066840134515,0.39,0.96,0,-0.5281219352595129,2,-0.014686897263827485,0.8097122592006165,1,2,3.88,1,1.76,1,0,1,0,0,1,1,0,0,0,0,0,0,0,0,0,0,0,1
2507,11,3,3,2,-0.8479346331829327,0.81,0.38,0,0.22267481109066498,0,-1.000660419870428,-0.9830086098782393,2,1,2.92,0,3.89,0,0,0,1,0,1,0,0,0,0,0,0,0,0,0,0,1,0,0
2508,9,9,5,2,0.8790198132181525,0.74,0.67,0,0.2211403992361829,1,0.9096632801798605,-1.6552789357828104,2,0,3.84,1,1.45,0,0,0,0,0,0,1,0,0,0,1,0,1,0,0,1,0,0,1
2509,16,4,1,1,-0.18372138456713072,0.46,0.97,0,-1.2746764841296518,0,-1.3087771456849908,0.5856221505657596,1,1,2.64,0,1.97,2,0,1,0,0,0,1,0,1,0,0,1,1,0,0,0,0,0,1
2510,11,8,4,1,-0.05087873484397031,0.54,0.89,2,0.17202116798858524,0,0.04693644789908505,1.4819825851051875,0,2,2.07,0,4.28,1,0,0,1,0,0,1,0,0,0,1,0,1,0,0,0,0,0,0
2511,0,8,4,2,-0.4494066840134515,0.64,0.68,2,-1.3069532887862871,1,-1.5552705263366409,-1.2070987185130964,1,2,2.68,1,3.71,2,0,0,1,0,0,0,0,0,1,0,0,1,0,0,0,1,0,0
2512,14,2,0,0,-0.9807772829060931,0.22,0.21,1,1.2504419231269475,2,-0.07631024242674002,0.921757313518045,2,0,3.92,1,2.24,0,1,1,0,0,1,0,0,0,0,0,1,0,1,1,0,0,0,0
2513,4,7,1,2,-0.9807772829060931,0.82,0.6,1,0.5067215232115577,0,-0.5692970037300403,-1.2070987185130964,0,1,2.09,0,3.68,2,0,1,0,0,0,0,1,0,0,0,1,0,0,0,0,0,0,0
2514,7,9,3,0,1.2775477623876337,0.8,0.77,0,-1.4453030823480617,0,0.6631698995282104,1.2578924764703305,1,2,4.62,0,3.13,1,0,0,1,1,0,0,0,0,1,1,0,0,1,1,0,0,0,0
2515,13,7,5,3,0.7461771634949921,0.77,0.95,0,0.5473383075949074,0,0.41667651887656026,-1.0950536641956679,2,2,3.02,0,1.11,1,0,0,0,1,0,1,1,1,0,0,0,1,1,0,0,0,0,0
2516,3,4,7,3,0.4804918640486713,0.32,0.67,1,0.14571954361234496,2,-0.2611802779154776,-0.9830086098782393,0,0,4.51,1,3.89,2,1,0,1,0,1,0,0,0,0,0,0,0,0,0,0,1,1,0
2517,6,8,8,2,1.410390412110794,0.24,0.65,1,-0.6029831818540691,1,0.6631698995282104,-0.5348283926085253,0,1,4.6,0,2.6,0,0,0,0,0,1,0,0,0,0,1,0,1,1,0,1,0,0,1
2518,12,8,1,0,-1.2464625823524138,0.19,0.49,0,1.6597327463819205,1,-1.4320238360108157,-0.08664817533881138,1,1,3.47,1,2.46,0,1,0,1,0,0,1,0,0,0,0,0,1,0,1,1,0,0,0
2519,8,6,7,3,-1.3793052320755743,0.36,0.66,1,-0.27066567798158647,1,-0.8157903843816905,-0.5348283926085253,0,0,2.65,1,4.65,2,1,1,0,0,1,1,0,0,0,0,0,0,1,0,0,0,1,0
2520,7,7,2,0,-1.2464625823524138,0.7,0.58,1,1.1463726955847202,1,1.3410266963202482,-1.2070987185130964,2,0,3.8,1,4.73,2,0,0,0,0,0,1,0,0,0,1,1,1,0,1,0,0,0,0
2521,15,9,8,1,1.2775477623876337,0.48,0.28,0,-0.6929358203350611,2,1.7107667672977236,1.7060726937400446,0,2,2.11,0,2.5,1,0,0,0,0,1,0,1,0,1,1,1,0,1,0,0,0,0,0
2522,16,4,0,2,0.7461771634949921,0.52,0.65,2,-0.44185188522927793,1,-1.3087771456849908,1.0338023678354735,2,1,2.96,0,2.25,0,0,0,0,0,1,0,0,0,0,0,1,0,0,0,0,0,0,1
2523,6,0,0,0,-0.9807772829060931,0.09,0.77,2,1.3612986666372369,0,-0.2611802779154776,0.921757313518045,2,0,2.98,1,1.58,1,0,0,1,1,1,0,0,0,0,0,0,0,0,0,0,0,0,1
2524,1,0,4,3,-1.3793052320755743,0.13,0.75,0,-1.451964234986931,0,-0.5692970037300403,0.1374419332960456,1,0,2.96,0,2.23,0,0,0,0,0,0,0,0,0,1,0,0,0,0,0,1,0,0,1
2525,12,9,3,1,1.0118624629413129,0.75,0.84,1,0.38835518756639126,2,1.525896731808986,1.2578924764703305,0,2,4.6,1,1.39,0,0,1,0,0,0,0,0,0,0,0,0,0,1,0,0,1,0,0
2526,7,0,9,2,0.21480656460235048,0.76,0.9,0,1.5953596561103538,2,0.10855979306199759,0.8097122592006165,0,2,3.21,1,2.81,0,0,0,0,0,0,1,1,0,1,0,0,0,0,0,1,0,0,0
2527,15,3,5,1,0.4804918640486713,0.94,0.54,1,-1.5334685823161862,0,-1.1239071101962532,-0.19869322965623987,2,1,3.26,0,2.49,1,0,1,0,0,0,0,0,0,1,0,1,0,0,0,0,1,0,0
2528,19,4,8,2,-1.6449905315218951,0.29,0.28,0,1.6112092279719452,2,-0.9390370747075155,0.3615320419309026,1,0,2.85,1,2.27,2,0,0,0,1,1,0,1,0,0,0,0,0,0,0,0,0,0,1
2529,14,9,1,3,1.0118624629413129,0.55,0.74,2,-1.7079943918353977,0,0.4782998640394728,-1.3191437728305249,0,1,4.13,1,2.91,1,0,0,0,0,0,0,0,0,0,1,0,1,0,0,0,1,0,0
2530,17,4,0,2,-1.6449905315218951,0.91,0.62,2,1.1133557628570994,0,-1.4320238360108157,-0.08664817533881138,0,2,3.37,1,1.41,0,0,0,1,0,0,0,1,1,0,0,0,0,0,0,0,0,0,0
2531,17,6,4,0,-0.9807772829060931,0.33,0.82,0,-0.16500788287236595,1,1.4026500414831609,1.2578924764703305,1,2,3.01,1,2.95,2,0,1,0,0,1,0,0,0,0,1,1,1,0,1,0,0,0,0
2532,10,0,1,0,-0.3165640342902911,0.6,0.84,2,-0.37392256983614675,0,1.4026500414831609,0.921757313518045,1,0,4.85,1,4.13,2,0,0,0,0,0,0,0,0,0,1,0,1,0,1,1,0,0,0
2533,11,1,0,2,-1.2464625823524138,0.11,0.88,1,-1.141038237556346,1,0.6631698995282104,-1.3191437728305249,1,1,3.41,0,2.01,1,1,0,0,0,0,1,1,0,0,0,1,0,0,0,1,0,0,0
2534,3,0,5,1,-0.8479346331829327,0.71,0.95,2,-0.3848981275717364,2,-0.13793358758965255,-1.6552789357828104,0,2,2.93,0,4.38,1,0,0,0,0,0,1,0,0,0,1,0,1,0,0,1,0,0,0
2535,19,6,8,1,0.4804918640486713,0.44,0.45,1,1.6098914389675076,1,0.7247932446911229,0.2494869876134741,0,1,2.32,1,4.58,2,0,1,0,0,1,0,0,0,1,1,1,0,1,0,0,0,0,0
2536,4,0,3,3,-0.18372138456713072,0.1,0.81,2,-0.13354341390339766,0,1.0945333156685981,0.6976672048831881,1,2,4.08,0,3.76,0,1,1,0,1,0,1,0,0,0,0,0,0,0,0,0,0,1,1
2537,8,6,2,2,-1.3793052320755743,0.26,0.27,2,-0.13816470137101433,2,-0.2611802779154776,1.0338023678354735,1,1,3.83,0,2.69,2,1,1,0,1,0,0,1,0,0,0,0,0,1,0,0,0,1,0
2538,18,0,2,3,0.21480656460235048,0.79,0.7,0,-0.626306242042197,2,0.10855979306199759,-0.7589185012433823,1,1,2.1,0,1.81,2,0,1,0,0,0,1,0,0,0,0,0,0,0,1,1,0,1,0
2539,2,7,9,0,-0.3165640342902911,0.94,0.24,0,-1.6866389892018407,0,-1.000660419870428,0.025396878978617116,0,0,2.34,0,1.79,1,0,0,1,0,0,1,0,1,0,0,0,0,0,0,0,0,0,0
2540,7,5,1,2,0.3476492143255109,0.06,0.51,0,-0.4127522157066291,0,0.23180648338782264,0.8097122592006165,0,0,3.4,0,2.4,1,0,0,0,0,0,0,0,0,0,0,1,1,0,1,0,0,1,0
2541,16,1,1,1,-0.05087873484397031,0.84,0.27,0,1.1023982570256803,0,-1.000660419870428,1.145847422152902,2,0,4.15,0,1.39,1,1,1,0,0,1,0,0,1,1,0,0,0,0,0,0,0,1,0
2542,18,3,6,2,-1.1136199326292535,0.52,0.54,2,1.380000439357748,1,-0.8157903843816905,-1.0950536641956679,1,2,2.18,1,4.98,2,1,0,0,0,1,0,0,0,0,0,0,0,0,1,0,0,0,1
2543,7,5,1,0,-0.8479346331829327,0.73,0.23,1,0.3516917701963542,1,1.5875200769718985,0.3615320419309026,1,0,3.12,0,1.21,1,0,0,1,1,1,0,0,1,0,0,0,0,0,0,0,0,0,0
2544,12,8,3,2,-0.8479346331829327,0.56,0.8,0,1.0502102020691184,2,0.41667651887656026,-0.08664817533881138,1,1,2.43,0,2.64,2,0,0,0,1,0,0,0,0,0,0,1,1,0,0,1,1,0,1
2545,19,0,1,2,1.410390412110794,0.62,0.52,2,-1.4216189840765263,0,0.2934298285507352,0.5856221505657596,2,0,4.64,0,1.98,0,0,0,1,0,1,0,0,0,0,0,1,0,0,1,0,0,0,0
2546,13,7,1,3,-1.5121478817987346,0.88,0.45,2,-1.604809707597519,2,1.0945333156685981,-0.7589185012433823,2,1,4.39,1,1.87,0,0,0,0,0,0,0,0,0,0,1,1,0,1,0,0,0,1,0
2547,12,1,8,1,1.5432330618339545,0.45,0.83,1,0.9638679444222019,2,0.6631698995282104,1.369937530787759,0,0,4.18,0,3.91,1,0,0,0,0,1,0,0,0,0,1,1,1,1,0,0,0,0,0
2548,17,4,5,1,0.3476492143255109,0.17,0.9,1,0.820192839130166,1,1.1561566608315106,1.594027639422616,1,0,3.7,1,1.32,0,0,0,1,0,0,0,1,0,0,1,0,0,0,0,0,0,1,0
2549,11,4,4,3,-0.05087873484397031,0.61,0.53,2,1.3023591995209536,2,-1.3704004908479033,-0.7589185012433823,1,2,2.15,0,2.27,1,0,0,0,1,0,0,0,0,0,1,0,0,0,0,1,0,1,1
2550,1,4,7,1,-0.9807772829060931,0.45,0.49,2,0.3780836540934464,0,0.6015465543652979,0.3615320419309026,2,0,3.97,1,2.97,1,0,0,1,0,0,1,0,1,0,1,0,0,0,0,1,0,0,1
2551,13,7,3,2,-0.9807772829060931,0.63,0.66,1,0.26137809363195474,0,1.649143422134811,-0.6468734469259538,2,1,4.1,1,1.88,1,1,0,0,0,0,0,0,1,0,1,0,1,0,0,1,1,0,0
2552,16,3,1,3,0.6133345137718317,0.86,0.47,0,0.9245508971391193,0,1.525896731808986,1.2578924764703305,1,0,3.95,0,3.79,1,0,0,0,0,1,0,0,1,0,0,0,0,0,1,1,0,1,1
2553,15,6,7,1,1.0118624629413129,0.57,0.33,0,0.8718934926741276,1,0.17018313822491013,-0.4227833382910969,1,0,4.38,0,4.14,2,0,0,0,0,0,1,0,0,1,0,0,0,0,1,0,1,0,0
2554,16,0,9,1,-0.7150919834597723,0.57,0.41,2,0.2360873758892556,1,-1.000660419870428,-0.4227833382910969,1,2,2.06,1,1.55,2,1,0,1,0,0,0,0,0,0,0,1,0,0,0,0,1,0,1
2555,9,9,2,1,-0.4494066840134515,0.56,0.86,0,-0.2529928637987867,1,0.9096632801798605,1.7060726937400446,1,2,2.53,0,2.97,2,1,0,0,0,0,0,1,0,1,0,0,0,1,0,0,1,0,1
2556,17,7,5,3,-0.5822493337366119,0.48,0.26,2,-1.5129074634661261,0,0.10855979306199759,0.5856221505657596,0,1,3.79,0,3.45,1,0,0,0,0,1,0,0,0,0,0,0,0,0,1,0,0,1,0
2557,7,6,6,0,0.6133345137718317,0.23,0.35,0,0.36649433161606393,2,0.35505317371364775,0.3615320419309026,0,1,3.04,1,4.84,0,0,0,0,1,0,0,1,0,0,1,0,0,0,1,0,0,0,0
2558,18,3,2,3,0.6133345137718317,0.18,0.46,1,0.5796692679640538,1,1.1561566608315106,0.5856221505657596,1,1,2.34,1,2.51,1,0,0,1,0,0,1,0,0,1,1,0,1,0,0,0,0,0,1
2559,9,8,6,3,0.21480656460235048,0.89,0.34,2,1.1742448356237833,0,-1.1239071101962532,-0.19869322965623987,0,0,3.3,1,4.59,2,0,1,1,0,0,0,0,0,0,0,0,0,0,1,0,1,0,1
2560,8,3,7,1,0.6133345137718317,0.82,0.96,2,1.4292640858387087,0,-1.5552705263366409,-0.4227833382910969,0,0,3.31,0,3.01,1,1,1,0,1,0,0,0,1,0,1,0,0,0,0,0,0,0,1
2561,7,2,3,0,-0.05087873484397031,0.67,0.42,2,1.419534109490875,1,1.0945333156685981,-0.8709635555608108,2,1,2.84,0,2.99,2,0,0,1,0,0,0,0,0,1,0,0,0,0,1,0,0,1,0
2562,15,4,2,0,0.7461771634949921,0.15,0.62,1,0.19021748739232594,1,-0.13793358758965255,-0.8709635555608108,1,2,2.55,0,2.61,0,0,0,1,1,0,0,0,1,0,0,0,0,1,0,0,0,0,1
2563,17,6,3,0,0.4804918640486713,0.52,0.23,0,0.4562483991511817,0,1.0329099705056857,-0.4227833382910969,0,1,2.08,0,2.73,1,1,0,0,0,1,0,0,0,1,0,1,0,0,0,0,0,0,1
2564,6,7,6,3,1.410390412110794,0.34,0.89,2,1.172078607123338,2,1.1561566608315106,0.4735770962483311,1,2,2.82,0,4.81,2,0,1,0,1,0,0,0,0,0,0,1,0,0,0,0,1,0,0
2565,10,3,7,3,-1.1136199326292535,0.69,0.58,2,1.6701667469923989,1,-1.1239071101962532,0.8097122592006165,1,2,4.61,0,3.92,0,0,0,0,0,0,0,0,0,0,1,0,0,1,0,0,0,1,1
2566,0,9,0,3,1.5432330618339545,0.5,0.31,0,-0.025286144593642746,2,1.0329099705056857,0.3615320419309026,2,0,4.08,0,1.43,2,0,0,0,0,0,0,1,0,0,1,0,1,0,0,0,1,1,0
2567,17,8,7,2,-1.6449905315218951,0.89,0.61,2,-1.411564073453626,1,-0.13793358758965255,0.4735770962483311,0,0,2.24,0,2.46,2,0,0,0,0,0,0,0,0,0,1,0,0,0,0,0,1,1,1
2568,13,0,8,0,-1.2464625823524138,0.34,0.95,1,-0.141684822684238,0,0.41667651887656026,0.4735770962483311,1,2,4.3,1,3.49,1,0,0,0,1,1,1,0,1,0,0,0,0,0,0,0,0,0,0
2569,5,4,5,3,0.7461771634949921,0.23,0.94,1,-0.6160888642817632,0,-1.5552705263366409,0.025396878978617116,2,2,4.21,0,3.39,1,0,1,0,0,0,0,0,1,0,0,0,1,1,0,0,0,0,1
2570,17,6,7,2,-1.5121478817987346,0.42,0.29,0,-1.443118801943446,0,0.848039935016948,-1.3191437728305249,2,2,4.48,1,3.75,1,0,0,0,0,0,0,0,0,0,0,0,0,0,1,1,1,0,0
2571,10,3,4,3,-1.1136199326292535,0.33,0.63,0,0.7135421892915746,0,-0.7541670392187779,-1.6552789357828104,0,1,3.66,1,2.44,0,0,0,0,0,1,0,0,1,0,1,0,1,0,0,0,0,0,0
2572,10,4,8,3,-1.5121478817987346,0.55,0.35,1,-1.2390059214889857,0,1.1561566608315106,0.2494869876134741,1,0,5.0,0,2.3,1,0,0,0,0,0,0,0,0,0,0,1,0,0,0,1,1,1,1
2573,5,1,5,2,0.21480656460235048,0.92,0.67,2,-0.6002753962285124,0,1.3410266963202482,-1.0950536641956679,1,0,4.53,1,3.75,2,0,0,0,1,0,0,0,1,0,1,0,0,0,0,0,0,0,0
2574,8,8,9,2,-0.05087873484397031,0.08,0.52,2,-1.0197113896272376,0,0.848039935016948,-0.6468734469259538,1,0,3.17,1,2.44,0,0,1,0,1,0,0,1,1,0,0,0,0,1,0,0,0,0,0
2575,7,8,5,1,-0.18372138456713072,0.41,0.5,0,0.03544046103550775,1,1.5875200769718985,0.1374419332960456,1,0,3.12,0,2.71,2,0,0,0,0,0,0,1,0,0,0,1,0,0,1,0,0,1,0
2576,1,2,4,1,1.2775477623876337,0.59,0.59,2,-0.6762739127858024,2,1.7107667672977236,-1.2070987185130964,2,0,4.37,0,4.23,0,1,1,1,0,0,0,1,0,0,0,0,0,0,0,0,0,0,0
2577,4,7,8,2,1.1447051126644732,0.43,0.82,0,0.6077580308531615,1,-1.0622837650333405,-1.4311888271479534,2,1,4.44,1,1.52,1,0,1,0,0,1,0,0,0,0,0,0,0,0,0,0,1,0,0
2578,8,8,4,0,-1.2464625823524138,0.89,0.29,1,-0.7072509803421705,2,-1.0622837650333405,-0.8709635555608108,1,0,4.76,1,1.83,2,1,0,1,0,1,0,1,1,0,0,1,0,0,0,0,0,0,0
2579,11,1,6,3,0.08196391487919008,0.62,0.83,0,0.22801817472509678,1,1.2177800059944233,0.6976672048831881,1,0,2.12,1,3.86,1,0,1,0,0,1,1,0,0,0,0,0,0,0,1,0,0,0,0
2580,11,7,2,2,0.21480656460235048,0.39,0.91,0,-1.306700562127902,1,0.4782998640394728,0.5856221505657596,2,2,3.36,0,3.48,1,0,0,1,0,0,0,1,0,0,0,1,0,0,1,1,0,0,0
2581,3,7,3,3,0.08196391487919008,0.36,0.8,2,1.2584930723869359,0,0.9096632801798605,0.4735770962483311,1,2,2.33,1,1.14,2,0,0,1,0,0,0,0,1,0,0,0,0,1,0,0,0,0,0
2582,11,0,0,0,0.3476492143255109,0.53,0.49,1,-0.26006921023357477,2,-0.014686897263827485,-0.4227833382910969,0,0,4.67,1,1.67,0,0,1,0,0,1,0,0,0,0,0,0,0,0,1,1,0,0,1
2583,13,1,0,2,0.4804918640486713,0.55,0.86,1,-0.8880227487043325,0,0.848039935016948,-1.3191437728305249,0,0,3.18,0,2.54,0,0,1,0,0,1,0,1,0,0,0,0,0,1,0,0,0,0,1
2584,2,4,5,1,1.0118624629413129,0.9,0.72,2,-0.7667320045835649,1,0.9712866253427731,-0.9830086098782393,1,2,2.34,1,4.78,0,0,0,0,1,0,0,0,0,0,0,1,0,0,1,0,0,0,1
2585,2,9,8,0,-0.7150919834597723,0.22,0.44,0,0.9889239874106861,0,-1.2471538005220781,0.025396878978617116,1,1,3.83,0,3.23,0,1,0,0,0,0,0,1,1,0,0,0,0,1,0,0,0,0,0
2586,12,7,9,3,-0.4494066840134515,0.16,0.7,1,-0.25824596791236665,2,-1.6168938714995533,1.369937530787759,1,1,3.83,1,3.3,2,0,0,1,1,0,0,0,1,0,1,1,0,0,0,0,0,0,0
2587,0,1,1,0,1.410390412110794,0.36,0.58,1,0.9609976916591119,2,-1.1239071101962532,-0.5348283926085253,2,1,3.52,0,2.04,2,1,0,0,0,0,0,0,0,1,0,0,0,0,0,1,0,0,0
2588,8,7,6,2,-1.6449905315218951,0.38,0.3,2,0.29968423428149615,2,1.649143422134811,1.0338023678354735,2,0,3.35,0,2.01,0,0,0,1,0,1,0,0,0,0,0,0,0,1,0,0,0,0,0
2589,6,4,5,3,0.8790198132181525,0.67,0.48,2,-0.8964890917602397,2,-0.014686897263827485,1.7060726937400446,0,1,3.14,0,4.97,2,0,0,1,0,0,0,1,0,0,0,1,0,1,1,0,0,0,0
2590,19,4,7,1,-1.6449905315218951,0.06,0.69,0,-0.7905244142801228,1,0.23180648338782264,-1.3191437728305249,0,2,3.45,1,3.63,2,1,0,0,1,1,0,1,1,0,0,0,0,0,1,0,0,0,0
2591,11,6,2,3,-0.8479346331829327,0.57,0.75,1,-0.0450529796602063,0,-1.5552705263366409,1.7060726937400446,1,1,3.78,0,3.91,1,0,0,1,0,1,0,0,0,1,0,0,0,1,0,0,0,1,0
2592,15,6,3,0,0.21480656460235048,0.86,0.61,0,-1.420030416509533,1,-0.9390370747075155,0.5856221505657596,2,0,3.81,0,4.71,2,0,0,0,1,0,0,1,0,0,1,0,0,0,0,0,0,0,0
2593,19,5,1,1,0.4804918640486713,0.65,0.5,2,-1.7323644624654075,0,0.17018313822491013,-0.8709635555608108,2,1,2.09,0,3.55,2,0,1,1,1,0,0,0,0,0,1,1,0,0,0,0,1,0,0
2594,18,5,9,2,-0.8479346331829327,0.24,0.59,2,0.27475455462220455,0,-0.19955693275256509,1.4819825851051875,2,2,3.76,0,2.86,2,0,1,0,0,1,1,0,0,0,0,0,1,0,0,0,0,0,0
2595,19,3,2,1,1.6760757115571148,0.73,0.72,1,-0.012342929303481952,1,0.5399232092023853,-0.08664817533881138,2,2,4.53,1,1.78,1,0,0,0,0,1,1,0,0,0,0,1,0,0,1,0,0,0,0
2596,6,3,6,3,-0.9807772829060931,0.62,0.85,1,1.6390091603943269,2,-1.678517216662466,0.8097122592006165,1,1,2.78,1,1.46,2,0,0,0,0,1,0,0,0,0,0,0,0,1,1,1,1,0,0
2597,0,2,5,2,-0.9807772829060931,0.44,0.53,1,1.6492806938672717,1,-1.5552705263366409,-0.19869322965623987,2,0,4.26,1,1.67,1,0,0,1,0,0,0,0,1,1,1,0,1,0,0,0,0,0,0
2598,10,7,5,0,-1.1136199326292535,0.22,0.71,1,-0.2340925201324013,1,0.848039935016948,0.025396878978617116,1,2,2.97,0,3.49,2,1,1,0,0,0,0,0,0,1,0,0,0,1,1,0,0,0,0
2599,18,5,0,0,0.6133345137718317,0.51,0.81,2,0.6834496650395551,2,0.23180648338782264,-0.19869322965623987,1,2,4.32,1,1.84,1,0,0,0,0,0,0,0,0,1,0,1,1,0,0,0,0,1,1
2600,14,9,5,0,1.0118624629413129,0.61,0.39,0,1.3030090680710873,2,-1.000660419870428,-1.4311888271479534,1,2,4.21,1,4.3,2,0,0,0,0,1,1,0,0,0,0,0,1,0,0,0,0,0,0
2601,7,6,2,0,-0.18372138456713072,0.52,0.7,2,1.1819710506087049,2,1.7107667672977236,-0.6468734469259538,2,1,3.87,1,4.75,1,1,1,0,1,0,0,0,0,0,0,1,0,1,0,0,0,0,0
2602,15,1,9,3,0.6133345137718317,0.11,0.35,0,-0.38867097554334534,0,0.7864165898540355,0.3615320419309026,0,0,4.95,0,2.88,2,0,0,0,0,0,1,0,1,0,0,1,1,0,0,0,0,0,0
2603,6,2,8,1,1.2775477623876337,0.65,0.26,2,-0.7350148089562114,1,0.6015465543652979,-0.5348283926085253,1,1,2.54,0,3.39,0,0,1,1,1,0,0,0,0,0,0,1,0,0,0,1,1,0,0
2604,13,1,2,0,0.08196391487919008,0.28,0.41,0,-1.1456414731197924,0,-1.1855304553591657,-1.3191437728305249,1,2,2.96,0,1.43,1,0,1,0,0,1,0,0,0,1,0,0,0,0,1,0,0,0,0
2605,1,9,6,1,1.5432330618339545,0.8,0.51,2,0.8276663274567023,0,-1.2471538005220781,0.5856221505657596,1,0,2.3,1,2.69,2,0,0,1,1,0,0,0,0,0,0,1,0,0,0,0,0,0,0
2606,18,8,2,0,1.2775477623876337,0.35,0.83,1,0.21702456508533677,0,0.5399232092023853,0.8097122592006165,2,1,2.11,0,2.78,1,0,0,1,0,0,1,0,0,0,0,0,0,0,1,0,0,0,1
2607,1,6,7,3,1.0118624629413129,0.37,0.47,2,-1.0932006915048451,0,-0.19955693275256509,-1.6552789357828104,2,1,2.99,0,1.09,1,0,0,0,1,0,1,1,0,1,0,0,0,0,1,0,0,1,0
2608,5,1,7,3,0.7461771634949921,0.7,0.21,0,1.548388601459031,0,0.5399232092023853,-0.9830086098782393,0,0,4.85,1,4.55,1,0,0,0,0,0,0,0,0,0,0,0,1,1,0,1,1,0,0
2609,18,8,9,0,-0.4494066840134515,0.21,0.96,2,-1.349573834532549,2,-0.3844269682413027,-1.3191437728305249,1,2,3.56,0,4.62,2,0,1,0,1,0,0,0,0,0,1,0,0,0,1,0,0,1,0
2610,10,3,0,3,0.08196391487919008,0.84,0.23,0,0.6437354758647242,2,1.4642733866460733,1.4819825851051875,0,2,4.44,0,1.85,0,0,0,0,0,0,0,0,1,0,0,1,1,0,1,0,0,0,0
2611,16,3,3,3,-0.8479346331829327,0.41,0.88,0,-1.3459815056026438,2,1.1561566608315106,-0.4227833382910969,0,2,4.25,1,1.07,2,0,1,0,0,0,1,0,0,1,0,1,1,0,0,0,0,1,0
2612,1,5,4,3,-1.5121478817987346,0.1,0.72,0,-1.063613620569596,0,0.41667651887656026,0.3615320419309026,1,0,3.15,0,3.43,2,1,1,1,0,0,0,0,0,0,0,1,1,0,0,0,0,1,0
2613,13,4,8,2,1.2775477623876337,0.29,0.42,0,-0.16675891757689257,2,-1.5552705263366409,-0.19869322965623987,2,0,4.91,1,4.03,1,0,0,1,1,0,1,0,0,0,0,0,0,0,1,0,0,1,0
2614,18,3,1,2,-1.2464625823524138,0.09,0.65,1,1.6652566290580562,0,-1.3087771456849908,-0.6468734469259538,2,2,4.36,0,1.06,0,0,0,0,1,0,0,0,0,0,1,0,0,0,0,0,0,1,0
2615,8,1,3,1,-0.9807772829060931,0.2,0.68,2,0.15559393519354156,2,-0.5076736585671278,-0.08664817533881138,2,2,4.08,1,3.8,1,1,0,0,1,0,0,0,0,1,1,0,0,0,0,0,0,0,0
2616,17,7,9,1,0.21480656460235048,0.89,0.51,1,-0.3758541235823772,0,0.7864165898540355,-0.7589185012433823,2,2,4.02,0,3.11,2,0,0,0,0,0,0,0,0,0,1,1,0,1,1,0,0,0,0
2617,3,2,8,2,1.6760757115571148,0.56,0.63,1,0.8530473047202534,2,-1.2471538005220781,1.594027639422616,1,1,4.34,1,3.42,2,0,1,0,0,0,1,0,0,0,0,0,0,0,0,1,1,0,0
2618,8,5,1,2,0.8790198132181525,0.58,0.21,2,0.31544354662223584,1,0.17018313822491013,-0.5348283926085253,0,1,2.71,0,1.22,1,0,1,0,0,0,1,0,0,0,0,0,0,0,0,0,1,0,0
2619,8,9,7,2,0.6133345137718317,0.05,0.51,1,-0.285269668455422,1,1.3410266963202482,-0.4227833382910969,2,2,2.26,1,1.14,0,1,0,0,0,0,0,1,1,0,0,0,0,1,1,0,0,0,0
2620,15,3,0,2,0.21480656460235048,0.23,0.89,1,-0.15141479903207156,1,-0.9390370747075155,1.594027639422616,2,1,4.77,0,1.37,2,0,1,0,0,0,0,1,1,0,1,0,0,0,0,0,1,0,0
2621,9,7,2,1,0.7461771634949921,0.42,0.54,0,-1.3332910169708683,1,-0.877413729544603,0.5856221505657596,0,2,4.07,1,1.99,2,0,0,0,0,0,1,0,0,0,1,0,1,1,0,0,0,0,0
2622,2,5,1,2,-0.3165640342902911,0.24,0.44,2,1.5956304346729093,1,0.2934298285507352,1.0338023678354735,0,1,2.64,0,3.75,2,0,0,0,0,0,0,1,1,0,0,1,0,0,1,0,0,1,1
2623,1,5,6,0,1.0118624629413129,0.59,0.52,2,0.3287297480916338,2,-1.000660419870428,-1.3191437728305249,0,0,3.49,0,2.18,2,0,1,0,0,1,1,0,0,1,0,0,0,0,1,0,0,0,0
2624,11,7,9,0,-0.4494066840134515,0.9,0.78,1,-1.3835294662770292,2,0.2934298285507352,-0.9830086098782393,2,2,4.67,1,1.43,0,0,1,0,0,1,0,0,0,1,0,0,1,0,1,0,0,0,0
2625,6,5,8,3,0.8790198132181525,0.29,0.29,0,-1.260920933151824,2,-0.9390370747075155,1.2578924764703305,1,2,2.5,1,3.92,0,1,0,0,0,0,0,0,0,0,0,1,0,0,1,0,1,0,0
2626,18,1,7,2,-0.05087873484397031,0.43,0.71,1,0.5319039295292346,0,1.649143422134811,1.594027639422616,2,2,3.79,0,3.84,0,0,0,1,1,0,0,1,0,0,0,1,0,1,1,0,0,0,0
2627,5,2,1,3,-1.6449905315218951,0.17,0.69,2,0.909910802856943,0,-0.07631024242674002,0.6976672048831881,1,1,3.81,0,1.28,1,0,0,0,0,0,0,1,0,0,1,0,0,0,1,0,0,0,0
2628,7,8,2,2,0.7461771634949921,0.46,0.53,1,-1.1616535121189173,0,-1.1239071101962532,-0.31073828397366837,2,2,3.55,1,4.36,1,0,0,1,0,1,0,0,1,1,1,0,0,0,0,0,0,0,0
2629,15,4,5,0,0.8790198132181525,0.73,0.65,2,0.055369763239604707,1,1.1561566608315106,-0.5348283926085253,1,0,3.8,0,4.19,0,0,0,0,0,1,0,0,1,0,0,1,1,0,0,0,0,1,1
2630,4,4,8,1,-1.1136199326292535,0.25,0.78,1,0.5393593659516005,1,-1.6168938714995533,1.2578924764703305,0,1,4.71,0,3.55,2,0,0,0,0,0,0,0,0,1,0,0,0,0,1,1,1,1,1
2631,2,0,5,0,-0.7150919834597723,0.47,0.32,2,-1.5282696339151176,0,0.41667651887656026,0.4735770962483311,0,2,2.2,1,4.83,1,0,0,0,0,1,0,0,0,0,1,0,0,0,0,0,0,1,0
2632,5,2,2,3,-1.6449905315218951,0.55,0.57,0,0.3262927410286328,0,1.0945333156685981,-0.6468734469259538,2,1,3.78,0,4.24,2,1,1,0,0,0,0,1,1,0,0,0,1,1,0,0,0,0,0
2633,19,0,9,3,-1.1136199326292535,0.77,0.5,2,0.4299106709666007,2,0.35505317371364775,-1.4311888271479534,1,0,4.03,0,4.24,1,0,0,1,1,1,0,0,0,0,0,1,0,1,0,0,0,0,0
2634,4,4,2,1,1.5432330618339545,0.1,0.87,2,0.687457187765379,0,-0.6309203488929528,-0.8709635555608108,0,1,3.76,0,4.59,1,0,1,0,0,1,0,0,1,0,0,0,0,0,0,0,0,0,0
2635,11,8,7,2,0.7461771634949921,0.27,0.35,1,1.2161252532990596,1,1.7107667672977236,-0.6468734469259538,1,1,4.54,1,2.76,1,0,1,0,0,0,0,0,0,0,0,0,1,0,0,1,0,0,0
2636,19,4,0,1,1.1447051126644732,0.52,0.97,1,1.3306826371642761,0,-0.877413729544603,0.6976672048831881,1,1,2.82,1,3.08,1,0,0,0,0,1,0,0,0,1,1,0,0,0,0,0,1,0,0
2637,11,9,3,1,-1.5121478817987346,0.51,0.35,2,-1.678569788037682,2,-0.07631024242674002,1.594027639422616,2,1,3.24,0,3.4,0,0,0,1,0,0,0,1,0,0,1,0,1,0,0,1,0,0,0
2638,12,6,1,1,0.08196391487919008,0.13,0.54,1,-0.2547800023116541,2,1.0945333156685981,-0.19869322965623987,1,0,2.82,0,1.43,0,0,0,0,1,1,1,0,0,1,0,0,0,0,1,0,0,0,0
2639,11,6,5,1,-1.2464625823524138,0.21,0.68,0,-1.2666253348696634,2,0.35505317371364775,-1.4311888271479534,2,1,2.28,0,1.18,0,0,1,1,0,0,0,0,0,0,1,0,0,0,0,0,0,1,0
2640,0,6,1,0,1.2775477623876337,0.51,0.21,2,-0.4636585854670942,2,-0.014686897263827485,-0.8709635555608108,2,2,3.49,0,2.58,0,0,0,0,1,0,0,1,0,0,0,1,1,0,0,0,0,0,1
2641,14,9,1,1,0.8790198132181525,0.55,0.42,2,0.47262147623371425,0,-0.8157903843816905,-0.6468734469259538,1,0,4.69,1,2.39,0,0,0,1,1,0,1,1,0,0,0,1,0,0,0,0,0,0,1
2642,6,2,6,0,-1.2464625823524138,0.94,0.98,2,0.8806125623884201,1,1.0945333156685981,-1.4311888271479534,0,2,4.52,1,2.24,0,1,0,0,1,0,0,1,0,0,0,0,0,0,0,0,0,0,0
2643,10,7,8,2,0.7461771634949921,0.33,0.65,1,0.7754421686917997,1,-0.5076736585671278,0.3615320419309026,2,1,4.79,0,2.68,1,0,0,0,1,1,0,1,0,0,0,0,0,0,0,0,1,0,1
2644,4,4,2,1,-0.8479346331829327,0.11,0.28,2,-0.02191043851378212,2,1.3410266963202482,-0.31073828397366837,1,1,3.43,0,3.81,0,0,0,0,1,0,0,1,0,1,0,0,0,0,0,0,1,0,0
2645,6,3,6,3,-1.1136199326292535,0.53,0.92,0,1.2886217004472962,2,1.3410266963202482,0.1374419332960456,2,0,2.32,0,3.3,1,0,0,0,1,1,0,0,0,1,1,0,0,0,0,1,0,0,1
2646,17,7,7,3,-0.9807772829060931,0.28,0.46,2,0.3372682987642225,1,1.3410266963202482,0.3615320419309026,1,1,3.95,0,1.61,1,0,1,0,1,0,0,1,1,0,0,0,0,0,0,0,0,0,0
2647,12,2,2,1,0.8790198132181525,0.58,0.93,2,-1.2263334847613805,1,0.04693644789908505,-1.5432338814653819,0,2,3.27,0,1.97,2,0,0,0,1,0,0,0,0,0,0,0,0,0,0,1,1,0,0
2648,0,7,7,1,1.5432330618339545,0.36,0.94,1,1.6607797568238023,0,0.10855979306199759,-1.4311888271479534,2,2,2.95,0,2.54,1,0,0,1,0,0,0,0,0,1,0,0,0,0,1,1,0,0,0
2649,3,4,1,0,-1.5121478817987346,0.43,0.28,1,0.42460341114050965,1,-1.3087771456849908,0.1374419332960456,0,0,2.05,0,3.5,1,0,1,1,0,0,0,0,0,0,0,1,0,0,1,1,0,0,0
2650,13,5,5,0,-0.18372138456713072,0.58,0.35,1,0.19222124875523786,2,-1.3704004908479033,-0.4227833382910969,2,0,4.14,1,1.75,1,1,0,0,0,0,0,0,0,1,0,1,0,0,0,1,0,0,0
2651,14,0,9,2,-0.8479346331829327,0.44,0.8,1,1.5263111226586592,1,-1.0622837650333405,0.3615320419309026,0,0,4.52,0,1.87,0,0,0,0,1,0,0,0,1,0,1,0,0,0,0,1,0,1,0
2652,6,3,9,2,-1.6449905315218951,0.86,0.63,2,-0.716692126223278,1,0.23180648338782264,1.594027639422616,1,2,3.66,1,1.42,2,0,0,0,0,0,0,1,1,0,0,0,1,0,0,0,0,0,0
2653,1,6,7,1,1.1447051126644732,0.71,0.32,0,-0.07909887092553859,0,-1.5552705263366409,0.4735770962483311,1,0,2.17,0,3.94,1,0,0,0,0,0,0,0,0,0,1,1,0,0,0,1,0,0,0
2654,10,4,6,0,1.5432330618339545,0.41,0.88,0,1.070518594260793,2,-0.6309203488929528,0.1374419332960456,0,1,3.14,0,3.35,2,0,0,0,1,0,0,0,0,0,0,0,0,0,1,0,0,0,1
2655,4,9,7,2,-0.9807772829060931,0.91,0.73,0,0.5032916614191859,2,1.0945333156685981,1.594027639422616,0,0,4.12,1,3.76,1,0,0,0,0,0,0,0,0,0,0,0,0,0,1,1,0,0,1
2656,19,4,8,2,-0.3165640342902911,0.88,0.63,2,-1.3284711585573774,2,1.2794033511573357,1.2578924764703305,1,1,3.08,0,2.35,2,0,1,0,1,0,0,0,0,1,0,0,0,0,0,0,0,0,0
2657,4,6,6,3,0.21480656460235048,0.29,0.87,0,0.7837099408018328,0,1.0945333156685981,-0.4227833382910969,2,1,2.68,1,4.68,0,0,0,0,0,0,1,0,0,0,0,1,0,0,0,1,0,0,0
2658,8,7,4,2,-0.8479346331829327,0.32,0.33,0,-1.2655241687152705,0,-1.000660419870428,0.2494869876134741,0,1,4.81,0,1.07,2,0,1,0,1,0,0,0,0,1,1,0,0,0,0,1,0,1,0
2659,13,0,0,0,0.3476492143255109,0.7,0.83,2,0.33780985588933377,1,-1.4936471811737284,0.1374419332960456,0,0,2.03,0,2.27,2,1,0,0,0,0,0,0,0,0,0,1,0,1,0,1,0,0,0
2660,0,3,5,2,0.8790198132181525,0.92,0.34,1,-1.4471985322859513,0,-0.07631024242674002,-1.3191437728305249,1,2,4.41,1,1.23,2,0,0,1,0,0,0,0,1,0,1,0,0,1,0,0,0,0,1
2661,6,3,4,2,-1.2464625823524138,0.41,0.53,2,0.4576564476764712,1,-0.877413729544603,0.8097122592006165,1,2,4.19,1,2.27,1,0,0,0,1,0,0,0,1,0,0,0,1,0,0,0,0,0,0
2662,1,3,5,2,-1.6449905315218951,0.08,0.62,2,-0.10511166483505283,1,1.2794033511573357,-0.7589185012433823,1,2,2.22,0,4.41,2,0,0,0,0,1,0,0,0,1,0,1,1,1,0,0,0,1,0
2663,13,8,8,1,0.21480656460235048,0.19,0.49,1,-1.0122379013007012,0,0.5399232092023853,-1.0950536641956679,0,1,3.69,1,2.28,2,1,1,0,0,0,0,0,0,1,0,0,0,0,0,0,0,1,0
2664,1,2,9,0,-1.1136199326292535,0.69,0.75,0,-1.6079507389231646,2,0.35505317371364775,0.4735770962483311,2,1,2.68,0,4.56,2,1,0,1,0,0,0,1,0,0,0,0,0,0,0,0,0,0,0
2665,11,0,8,2,-1.2464625823524138,0.89,0.51,1,0.8358438400458834,0,-0.5692970037300403,-1.2070987185130964,1,0,4.93,1,4.55,2,1,0,0,0,1,0,0,1,0,0,0,0,1,0,1,0,0,0
2666,5,5,0,2,-0.18372138456713072,0.53,0.73,2,0.33280947843413916,0,0.6015465543652979,-1.0950536641956679,1,1,3.35,1,2.06,1,1,0,0,0,0,1,0,0,0,0,0,0,1,0,1,0,0,1
2667,12,0,5,1,-1.3793052320755743,0.36,0.35,0,0.7226584008976155,2,0.17018313822491013,0.1374419332960456,1,1,2.78,1,2.09,1,0,0,0,0,0,0,0,0,1,1,0,1,0,1,0,0,0,0
2668,4,8,2,1,0.4804918640486713,0.23,0.55,0,1.6676214285043756,2,1.649143422134811,1.0338023678354735,2,2,3.46,0,4.87,2,1,1,0,0,0,0,1,0,0,0,0,0,1,1,0,0,0,1
2669,12,6,3,3,-0.9807772829060931,0.68,0.73,2,-0.20941556713149503,1,-0.13793358758965255,-0.9830086098782393,1,2,2.99,0,4.43,0,1,1,0,0,0,1,0,0,0,0,1,0,1,0,0,1,0,0
2670,14,2,4,3,0.8790198132181525,0.85,0.73,2,-0.6398812739783211,0,1.2177800059944233,1.2578924764703305,0,2,3.98,0,2.26,0,1,0,0,0,1,0,1,0,0,0,0,1,0,0,0,0,1,0
2671,10,0,4,3,0.21480656460235048,0.14,0.21,2,-0.08861222442332763,1,1.525896731808986,0.8097122592006165,1,2,4.08,1,1.74,2,0,1,0,0,0,0,0,0,0,1,0,0,0,0,1,0,1,1
2672,18,5,7,3,1.6760757115571148,0.91,0.5,2,-1.0149817907345988,2,-1.2471538005220781,-0.31073828397366837,0,1,2.42,1,1.64,2,0,0,0,1,1,0,0,0,0,0,0,0,0,0,0,0,0,1
2673,19,3,6,1,-1.5121478817987346,0.5,0.25,0,-1.3552962881545587,0,-0.6925436940558654,-0.08664817533881138,0,2,4.45,0,2.44,1,0,0,0,0,0,0,0,0,0,1,0,1,0,1,0,0,0,0
2674,17,4,6,0,0.08196391487919008,0.26,0.68,1,-0.8538143903014669,0,1.4642733866460733,0.921757313518045,1,0,3.55,0,3.35,1,0,1,0,1,0,0,1,0,0,0,0,1,1,1,0,0,0,0
2675,2,2,4,3,-0.3165640342902911,0.59,0.84,0,0.6085162108283174,2,1.2794033511573357,-0.5348283926085253,1,1,3.42,1,2.86,1,0,0,0,1,0,0,0,1,0,0,0,0,0,0,0,0,0,1
2676,5,3,9,1,-0.05087873484397031,0.6,0.42,1,0.9242079109598822,1,0.5399232092023853,-0.6468734469259538,1,0,2.6,1,4.27,0,0,0,0,1,0,0,0,0,0,0,0,0,1,0,1,0,0,1
2677,19,7,0,0,-1.3793052320755743,0.58,0.59,2,-0.4782806278451001,0,0.35505317371364775,0.6976672048831881,1,1,4.06,1,3.32,0,0,1,0,1,0,0,0,0,0,1,1,0,1,0,0,0,0,1
2678,13,4,5,1,-1.1136199326292535,0.67,0.31,0,-1.5644637017767247,0,0.2934298285507352,-0.4227833382910969,2,1,3.15,0,1.13,2,1,0,0,1,0,0,1,0,0,1,0,0,1,0,0,0,1,0
2679,5,9,7,3,-0.18372138456713072,0.95,0.59,2,-1.7387909403500619,0,-1.4936471811737284,1.0338023678354735,2,1,2.53,0,1.11,0,0,0,0,0,0,1,0,0,0,0,1,0,0,0,0,0,0,1
2680,16,1,3,0,-1.3793052320755743,0.43,0.95,2,0.7726621754495616,1,-1.1855304553591657,-0.9830086098782393,2,0,4.8,0,4.24,0,0,1,1,0,0,0,0,1,0,0,0,1,1,0,0,0,0,0
2681,18,1,3,2,0.8790198132181525,0.54,0.63,0,-1.379449735934524,2,0.41667651887656026,-1.2070987185130964,2,2,2.62,1,3.72,0,1,0,0,0,0,1,1,0,1,0,0,0,0,0,1,1,0,0
2682,12,6,1,2,-1.2464625823524138,0.61,0.74,2,-1.6453903881725278,2,0.10855979306199759,-1.6552789357828104,0,2,3.35,1,2.83,1,0,0,0,0,0,0,0,1,1,1,0,0,0,1,0,0,0,0
2683,18,9,1,1,-0.7150919834597723,0.71,0.95,2,-0.20244753212172925,2,1.4642733866460733,1.0338023678354735,0,2,4.4,0,1.84,1,0,0,0,1,1,0,0,0,0,0,1,0,1,0,0,0,0,0
2684,7,0,4,2,0.08196391487919008,0.4,0.43,0,1.1012970908712871,2,-0.2611802779154776,0.1374419332960456,2,0,2.3,1,4.2,0,0,0,0,0,1,1,0,0,0,0,0,0,1,0,0,0,0,0
2685,12,5,9,0,0.3476492143255109,0.39,0.74,0,1.544561597774911,1,0.6631698995282104,-1.2070987185130964,1,2,2.55,1,1.69,1,1,0,0,0,0,0,0,0,1,1,0,1,0,0,0,0,0,0
2686,16,3,7,1,-0.05087873484397031,0.93,0.94,0,1.6345142362559029,0,1.525896731808986,-0.5348283926085253,0,0,3.86,1,3.25,2,0,0,1,0,0,1,1,1,0,0,0,0,0,1,0,1,0,0
2687,13,4,1,1,0.4804918640486713,0.22,0.46,1,-1.6186013623836875,1,0.9712866253427731,-1.5432338814653819,2,1,3.61,1,1.72,0,0,0,0,0,0,0,1,0,1,1,0,1,0,1,0,0,0,0
2688,15,8,6,1,-0.4494066840134515,0.58,0.65,1,-0.04400596921832439,2,-1.4320238360108157,1.369937530787759,1,1,4.51,1,4.46,2,0,0,0,1,1,1,1,0,0,0,0,0,0,0,0,1,0,0
2689,3,9,2,1,1.6760757115571148,0.86,0.68,1,-1.2731420722751698,2,-0.44605031340421525,-1.5432338814653819,0,2,3.54,0,2.85,2,0,0,0,1,0,1,1,1,0,1,0,0,0,0,0,0,0,1
2690,0,2,3,2,-1.6449905315218951,0.16,0.22,1,-0.09594129751650096,1,-1.1855304553591657,0.921757313518045,1,1,4.8,0,1.62,2,0,1,0,0,0,1,0,0,0,0,0,0,0,1,0,0,0,0
2691,7,1,7,3,1.5432330618339545,0.44,0.44,0,0.7959491318293488,0,1.1561566608315106,0.8097122592006165,1,2,3.84,1,2.11,1,0,0,0,1,0,0,0,0,0,0,1,0,0,0,1,0,0,0
2692,1,7,2,3,0.4804918640486713,0.06,0.75,1,-0.7426327125161107,2,1.1561566608315106,-1.3191437728305249,2,2,2.72,1,1.76,0,0,1,0,0,0,0,0,1,0,1,0,0,0,0,1,1,0,0
2693,17,0,2,2,-0.3165640342902911,0.43,0.81,2,-0.9664402204204532,1,-0.3844269682413027,-0.7589185012433823,2,2,3.48,0,2.85,2,1,0,0,0,0,0,1,1,0,0,1,0,0,0,0,0,0,0
2694,14,1,8,2,0.3476492143255109,0.59,0.87,0,-1.164505712977837,1,0.7247932446911229,-0.9830086098782393,0,1,4.87,1,2.14,0,0,1,0,0,0,1,0,1,0,0,0,1,0,0,0,1,1,0
2695,6,6,7,2,0.3476492143255109,0.62,0.73,1,-1.5181786194838764,2,-0.3844269682413027,-1.3191437728305249,0,1,2.33,1,3.94,1,0,1,0,0,0,1,1,0,1,0,0,1,0,0,0,0,0,1
2696,15,6,5,1,-1.2464625823524138,0.72,0.42,0,-0.5325627036854258,1,0.7864165898540355,0.2494869876134741,2,1,3.52,0,4.41,1,1,0,0,0,0,0,0,0,0,0,1,0,0,1,0,0,1,0
2697,4,9,7,0,-0.7150919834597723,0.3,0.46,1,-1.5272045715690652,0,-1.5552705263366409,-1.4311888271479534,2,2,3.08,0,1.18,2,0,0,0,0,0,1,1,0,1,1,0,0,0,1,0,0,0,0
2698,13,9,7,2,0.08196391487919008,0.61,0.62,0,0.09183460966376761,0,0.6631698995282104,0.8097122592006165,0,0,2.0,1,2.2,1,1,0,1,0,0,1,0,0,0,0,0,1,1,0,0,0,1,0
2699,13,6,4,0,-1.3793052320755743,0.13,0.78,0,0.887111247889756,1,0.17018313822491013,-0.5348283926085253,0,2,2.91,0,3.25,0,0,1,0,0,0,0,0,0,1,0,0,0,0,1,0,1,1,1
2700,3,7,4,0,0.4804918640486713,0.94,0.75,0,-0.8065184013750774,0,-0.07631024242674002,0.3615320419309026,2,0,4.06,1,3.64,2,1,0,0,0,0,0,1,0,0,0,1,0,0,0,0,0,0,0
2701,19,2,8,1,0.08196391487919008,0.3,0.67,0,0.06334870488291164,0,0.9096632801798605,-1.2070987185130964,1,2,3.59,1,1.22,0,0,0,0,0,1,1,0,0,0,1,1,0,0,1,1,0,0,0
2702,16,3,1,1,0.4804918640486713,0.61,0.95,0,-0.5427800814458595,2,1.5875200769718985,-0.8709635555608108,1,0,4.74,1,4.69,1,0,1,0,0,0,1,0,0,0,1,0,0,0,1,0,0,1,0
2703,2,7,9,3,0.7461771634949921,0.9,0.92,0,0.650270265174401,0,1.4642733866460733,-0.9830086098782393,2,0,2.24,1,2.54,2,0,1,0,0,0,1,0,0,0,1,0,0,0,0,1,0,0,0
2704,13,8,7,0,0.08196391487919008,0.16,0.38,2,-1.5389202573756404,2,-0.5076736585671278,-0.5348283926085253,1,2,2.32,1,3.01,1,1,1,1,0,0,0,0,0,0,0,0,0,0,0,0,0,0,0
2705,8,0,9,0,1.410390412110794,0.73,0.89,2,-1.31760391224681,2,1.525896731808986,0.2494869876134741,0,1,2.77,1,1.32,1,0,0,0,0,0,0,0,0,0,1,0,0,0,0,0,1,1,0
2706,10,2,7,3,-1.1136199326292535,0.62,0.88,1,-1.3754061094003593,2,-0.7541670392187779,0.5856221505657596,1,0,3.26,0,2.29,0,0,0,1,0,0,1,0,0,1,0,1,0,0,0,0,0,0,0
2707,2,1,5,3,-0.4494066840134515,0.62,0.79,1,-0.8167718829438518,1,0.7864165898540355,1.7060726937400446,0,1,2.87,0,3.97,1,1,1,1,0,0,0,0,0,1,0,0,0,0,0,1,0,0,0
2708,15,5,0,1,0.7461771634949921,0.25,0.61,1,-1.1232210081401832,0,0.7864165898540355,1.145847422152902,0,2,3.63,1,1.54,2,0,0,0,0,0,1,1,0,0,0,0,0,0,0,0,1,0,0
2709,14,1,0,2,0.21480656460235048,0.83,0.73,1,1.4499876718263023,0,1.1561566608315106,-0.19869322965623987,1,0,3.35,0,3.4,2,0,1,1,0,0,1,1,0,1,0,0,0,0,0,0,0,0,1
2710,1,5,9,3,0.4804918640486713,0.78,0.6,2,-1.5589037152922485,1,0.848039935016948,0.921757313518045,2,2,2.71,1,3.26,2,1,0,0,0,0,0,0,0,1,0,1,0,0,1,1,0,0,1
2711,0,9,2,2,-0.5822493337366119,0.5,0.84,1,0.3792209240561802,1,1.2177800059944233,0.921757313518045,1,1,2.24,0,4.98,0,0,0,0,1,0,1,1,0,0,0,0,1,1,1,0,0,0,0
2712,5,3,8,1,-0.9807772829060931,0.62,0.61,0,0.3319790908423018,0,-1.0622837650333405,0.3615320419309026,0,2,3.0,0,2.59,0,0,0,0,0,0,0,1,0,0,0,0,1,0,1,0,1,0,0
2713,18,3,1,1,0.08196391487919008,0.5,0.74,2,0.3311487032504644,1,0.9712866253427731,0.6976672048831881,0,1,3.04,0,1.9,2,0,0,0,0,0,0,0,1,0,1,0,0,0,1,0,0,0,0
2714,5,1,7,1,-1.2464625823524138,0.46,0.7,0,-0.39462810391957,2,1.2794033511573357,1.0338023678354735,2,2,3.83,0,4.31,2,1,1,0,0,0,0,0,0,0,0,0,1,1,0,1,0,0,0
2715,18,7,1,3,-1.1136199326292535,0.8,0.97,0,-1.5220958826888484,0,1.3410266963202482,0.8097122592006165,1,2,2.54,1,3.02,2,0,0,0,1,0,1,0,0,0,0,0,0,0,1,1,0,0,0
2716,9,1,0,3,-1.5121478817987346,0.85,0.39,2,-1.2664267639237894,0,1.7107667672977236,0.4735770962483311,2,0,3.4,0,1.44,2,1,0,0,0,0,0,0,1,0,1,0,0,0,0,0,0,1,0
2717,6,2,8,1,-0.7150919834597723,0.87,0.88,2,0.8596543016466116,0,0.6015465543652979,0.5856221505657596,1,1,2.94,1,4.68,2,1,0,0,0,0,1,0,1,0,0,0,0,0,0,0,0,1,1
2718,19,4,3,3,-0.18372138456713072,0.32,0.94,1,0.5385831340722743,2,-0.44605031340421525,-1.4311888271479534,2,1,4.58,0,2.46,0,1,0,0,0,0,0,1,0,0,0,0,1,0,0,0,0,0,0
2719,2,0,6,3,1.2775477623876337,0.22,0.75,1,0.062391953961881616,0,-0.13793358758965255,-0.5348283926085253,2,1,3.34,0,2.05,2,0,0,0,0,0,0,0,0,1,0,1,1,1,1,1,0,0,0
2720,19,9,9,3,1.0118624629413129,0.13,0.49,1,0.1370365777063933,0,-0.014686897263827485,1.369937530787759,0,0,3.44,1,4.29,0,0,0,0,0,0,0,0,0,0,0,1,1,1,0,0,1,0,0
2721,19,3,1,2,-0.8479346331829327,0.9,0.42,1,0.3054066879035059,1,0.5399232092023853,-1.6552789357828104,0,2,2.59,0,3.94,0,0,0,0,0,1,0,0,0,0,1,1,1,1,0,0,0,0,0
2722,9,4,2,0,0.21480656460235048,0.59,0.4,2,0.16736377671262778,1,-1.5552705263366409,-0.6468734469259538,0,0,3.75,1,2.72,2,0,0,0,0,0,0,0,0,0,0,0,1,1,1,0,0,1,1
2723,10,2,9,2,-1.5121478817987346,0.07,0.68,0,-1.2807780277392395,1,-0.19955693275256509,1.369937530787759,2,1,3.7,1,3.64,2,1,0,0,1,0,0,0,1,1,0,0,0,0,0,0,0,0,0
2724,3,3,8,2,0.7461771634949921,0.55,0.49,0,-1.1780265892014499,1,-1.1855304553591657,0.1374419332960456,0,1,2.01,1,2.71,0,0,0,0,0,1,0,1,0,0,0,1,0,0,0,1,0,0,0
2725,10,4,7,3,-0.05087873484397031,0.29,0.29,2,0.5925222237333628,0,1.0945333156685981,0.3615320419309026,1,1,3.47,1,1.38,0,0,0,0,0,0,1,0,1,0,0,0,0,0,1,0,0,0,0
2726,2,4,5,0,-0.18372138456713072,0.16,0.78,1,-0.03447456381636498,1,1.0945333156685981,1.0338023678354735,0,2,4.16,0,4.93,1,0,0,0,0,0,0,1,0,0,1,1,0,1,0,0,0,0,0
2727,12,4,0,0,0.6133345137718317,0.14,0.83,0,1.4029444095582981,0,0.41667651887656026,-1.0950536641956679,2,0,3.95,0,2.14,1,0,0,0,1,0,0,0,0,0,1,0,0,0,0,0,1,0,0
2728,14,1,3,3,-0.7150919834597723,0.17,0.59,2,-0.7416579096909104,0,-1.0622837650333405,-0.9830086098782393,2,1,2.76,0,1.8,1,1,0,1,0,0,0,0,0,0,0,0,0,0,1,0,0,0,1
2729,17,6,7,2,0.3476492143255109,0.36,0.28,1,-0.12448135800986806,0,-1.678517216662466,-0.7589185012433823,1,2,2.85,1,2.77,2,1,0,0,0,0,0,0,1,0,0,0,1,0,0,0,0,0,1
2730,0,1,5,0,1.5432330618339545,0.36,0.66,1,1.4152558082024957,1,-1.000660419870428,0.3615320419309026,2,0,2.38,0,4.34,1,0,0,0,1,0,0,0,0,0,1,0,1,0,0,0,1,0,0
2731,5,3,7,3,-0.3165640342902911,0.91,0.49,1,-1.7201613752462321,2,-1.1855304553591657,0.8097122592006165,0,1,4.23,0,1.11,2,0,0,1,1,0,0,0,0,1,0,0,0,1,0,0,0,0,0
2732,2,9,7,1,-0.5822493337366119,0.89,0.35,0,-0.3213373729878366,2,0.4782998640394728,1.594027639422616,1,1,2.85,0,3.34,0,0,0,0,0,0,1,0,1,1,0,0,0,0,1,0,1,1,0
2733,11,1,6,0,1.410390412110794,0.67,0.74,2,-1.717092551537268,0,1.649143422134811,-1.5432338814653819,0,1,2.06,0,3.57,0,0,1,1,1,0,1,0,0,1,0,0,0,0,0,0,0,0,1
2734,10,7,8,0,1.0118624629413129,0.21,0.29,1,1.3159342314570777,0,-0.6925436940558654,0.025396878978617116,0,1,2.63,1,2.96,1,0,0,0,0,1,1,0,0,0,1,0,0,0,0,0,0,1,0
2735,13,9,4,0,-0.18372138456713072,0.07,0.83,1,-0.9503920776129874,0,1.4026500414831609,0.3615320419309026,0,0,2.74,0,4.71,0,0,0,0,0,0,1,0,0,0,0,1,0,0,0,0,1,1,0
2736,1,9,9,1,-0.7150919834597723,0.09,0.2,1,1.3256642078049112,0,-1.3087771456849908,0.025396878978617116,2,2,2.15,0,3.17,0,0,0,0,0,1,1,1,0,0,0,0,1,0,0,1,0,1,0
2737,11,4,5,1,1.5432330618339545,0.2,0.73,2,0.8172142749420537,1,0.848039935016948,1.369937530787759,0,2,4.75,1,1.09,1,0,0,0,0,0,0,0,0,1,0,0,0,1,0,1,1,0,1
2738,8,1,3,3,-0.7150919834597723,0.15,0.98,1,-1.4490759303196707,1,1.0329099705056857,-0.4227833382910969,0,0,4.41,1,4.02,0,0,0,1,1,0,0,1,0,0,0,0,0,1,0,0,0,1,1
2739,17,3,7,3,1.0118624629413129,0.23,0.8,1,1.5615664915034067,1,-0.3844269682413027,-0.6468734469259538,0,1,4.43,0,3.69,1,1,0,0,1,0,0,0,1,1,0,0,0,0,0,1,0,0,0
2740,1,4,4,1,1.410390412110794,0.83,0.59,0,-1.5341545546746607,0,1.2177800059944233,1.594027639422616,2,1,3.1,1,2.61,0,1,0,0,0,0,0,1,0,0,0,1,1,1,0,0,0,0,0
2741,4,5,5,3,0.08196391487919008,0.29,0.96,2,1.2430225905129222,1,0.9096632801798605,0.5856221505657596,1,0,2.66,0,1.23,0,1,0,1,0,1,0,0,1,0,0,0,1,0,0,0,0,0,0
2742,14,6,4,2,0.8790198132181525,0.82,0.99,1,-1.2125598818793824,0,1.0945333156685981,1.4819825851051875,2,0,2.44,0,2.3,1,0,0,0,0,1,0,0,0,0,0,1,0,1,0,0,0,0,0
2743,3,7,2,1,-0.8479346331829327,0.64,0.53,1,0.8520544499908826,2,-1.6168938714995533,1.0338023678354735,0,1,4.1,1,4.56,0,1,0,1,0,0,0,0,1,0,1,0,0,0,1,0,0,0,0
2744,13,1,5,2,0.7461771634949921,0.21,0.86,0,-0.6315593461557769,2,-1.3704004908479033,0.6976672048831881,0,0,3.88,1,3.57,2,0,0,0,0,0,1,1,0,0,0,0,0,0,0,1,0,0,0
2745,10,6,9,0,-0.5822493337366119,0.36,0.89,1,0.15164056818022884,0,1.0945333156685981,-0.7589185012433823,0,0,2.61,0,3.47,0,0,1,0,0,0,0,0,0,0,0,1,1,1,0,0,0,1,0
2746,5,4,4,0,-0.8479346331829327,0.42,0.46,2,1.1573302014161395,1,-0.13793358758965255,0.025396878978617116,0,1,3.17,0,2.15,1,0,0,0,0,0,0,0,0,0,0,0,1,0,0,0,1,1,0
2747,6,1,3,1,0.4804918640486713,0.35,0.85,2,0.9380176176502211,1,-0.19955693275256509,-0.08664817533881138,2,1,3.73,0,3.5,2,0,1,0,0,0,0,0,0,1,0,0,0,0,0,0,1,1,0
2748,11,0,7,2,0.7461771634949921,0.8,0.22,1,0.06544272576667544,2,1.0329099705056857,-0.4227833382910969,0,0,2.59,1,1.34,2,0,0,0,0,0,1,0,0,0,0,1,0,0,0,0,1,0,0
2749,3,2,0,1,-1.6449905315218951,0.28,0.57,1,0.6690442455115937,0,1.4642733866460733,0.5856221505657596,0,0,4.62,1,1.7,0,0,1,1,1,0,0,0,0,0,0,1,0,1,0,0,0,0,1
2750,17,0,8,2,-0.3165640342902911,0.52,0.57,0,0.2610351074527175,0,-1.2471538005220781,-1.4311888271479534,0,0,4.15,1,1.66,2,0,0,0,0,0,0,1,0,0,0,1,0,0,1,0,1,1,1
2751,16,2,3,3,0.21480656460235048,0.08,0.99,1,-0.4853930780882289,0,1.4026500414831609,-1.6552789357828104,2,2,4.61,1,4.22,2,0,0,1,1,0,0,0,0,1,1,0,0,0,0,1,0,1,0
2752,16,9,4,2,-1.3793052320755743,0.28,0.89,0,0.8347787776998311,2,-1.4320238360108157,-0.7589185012433823,0,0,2.05,1,4.95,1,1,0,0,0,0,1,0,0,0,0,1,1,0,0,1,0,1,0
2753,13,5,8,1,0.08196391487919008,0.32,0.88,1,0.2560888857100341,1,0.4782998640394728,1.4819825851051875,0,2,4.45,1,4.18,1,1,0,0,0,1,0,0,0,0,1,1,0,0,0,0,1,0,0
2754,17,7,3,0,-1.6449905315218951,0.72,0.58,2,1.575394250097916,1,1.5875200769718985,1.0338023678354735,1,2,3.77,0,1.04,2,0,1,0,0,0,0,0,1,0,0,0,0,0,0,0,0,0,1
2755,1,6,2,3,-0.7150919834597723,0.38,0.25,1,0.4928035050961965,1,0.9712866253427731,1.145847422152902,0,2,4.2,1,4.5,1,0,0,1,1,1,0,0,0,0,0,0,0,0,0,0,0,0,0
2756,18,0,5,0,0.08196391487919008,0.75,0.53,2,-0.7682483645338767,1,0.10855979306199759,0.5856221505657596,1,1,4.58,0,2.34,0,0,1,1,0,1,0,0,0,0,0,0,0,0,0,0,0,0,1
2757,1,8,1,0,-0.8479346331829327,0.35,0.83,2,-1.0984176918100843,0,1.3410266963202482,1.369937530787759,2,0,3.88,1,1.21,2,1,0,1,0,1,0,0,0,0,0,0,0,0,0,1,0,0,0
2758,3,6,5,0,-0.7150919834597723,0.71,0.21,2,0.39989035433126263,1,-0.3844269682413027,-0.31073828397366837,1,0,3.52,0,4.4,0,0,0,0,1,0,0,1,0,0,0,0,0,0,0,0,0,1,1
2759,8,1,3,0,-1.2464625823524138,0.54,0.94,1,-0.6239955983083887,1,1.525896731808986,0.8097122592006165,0,2,2.76,0,4.01,2,0,0,1,1,1,0,0,0,0,0,1,0,0,1,0,0,0,1
2760,14,8,7,1,-1.2464625823524138,0.14,0.8,0,0.8679762294691558,1,1.7107667672977236,-1.4311888271479534,0,2,3.01,0,4.88,1,0,0,1,0,0,0,0,0,0,1,0,1,0,1,1,0,1,0
2761,2,7,9,1,0.3476492143255109,0.21,0.63,0,-0.843398441595159,0,-1.4320238360108157,0.3615320419309026,1,2,4.98,0,3.52,2,0,0,1,0,1,0,0,0,1,0,0,0,0,0,0,0,0,0
2762,3,2,9,0,-0.4494066840134515,0.46,0.28,1,0.552952449791895,0,0.17018313822491013,0.8097122592006165,1,1,3.9,0,2.36,2,0,0,1,0,1,1,0,0,0,1,0,0,0,1,0,0,0,1
2763,17,0,7,1,-0.05087873484397031,0.17,0.43,1,-0.9010020678028341,2,-0.8157903843816905,-0.9830086098782393,0,0,2.58,0,4.66,1,0,1,0,0,0,0,0,0,0,0,0,0,0,1,0,1,1,0
2764,6,3,4,0,1.410390412110794,0.91,0.68,2,0.34672749654950036,2,1.4642733866460733,0.025396878978617116,1,0,2.77,1,3.54,1,1,0,0,0,0,1,0,1,0,1,0,1,0,0,0,0,1,0
2765,3,8,3,3,-1.5121478817987346,0.12,0.26,2,1.1541350143779825,2,-1.000660419870428,0.5856221505657596,2,2,3.76,0,4.59,1,1,0,0,0,0,0,1,0,0,0,0,1,0,0,0,0,0,0
2766,13,2,7,0,0.7461771634949921,0.37,0.57,2,1.2504419231269475,0,0.6631698995282104,-1.6552789357828104,2,2,4.37,1,2.23,1,0,0,1,1,0,0,0,0,1,0,0,1,1,0,0,1,0,0
2767,11,7,2,2,0.8790198132181525,0.37,0.57,2,0.14313812131598094,0,0.5399232092023853,-1.3191437728305249,1,2,2.71,1,1.66,1,1,0,0,0,0,0,0,1,0,0,0,0,0,0,1,0,0,0
2768,4,1,9,2,1.1447051126644732,0.57,0.74,1,-1.433172202745568,0,0.9712866253427731,1.7060726937400446,2,0,2.47,1,1.85,1,0,0,0,1,1,0,1,1,0,0,1,0,0,0,0,0,0,0
2769,16,6,5,3,1.5432330618339545,0.77,0.83,0,0.7912556367450506,0,-0.5076736585671278,-0.6468734469259538,1,1,4.1,1,1.47,2,0,0,0,1,0,0,1,0,0,1,0,0,1,0,0,0,0,1
2770,10,4,3,0,0.6133345137718317,0.1,0.25,2,-0.7840257287787867,2,-0.13793358758965255,1.145847422152902,1,0,3.19,1,1.85,1,0,0,0,1,1,0,0,1,1,0,0,1,0,1,0,0,0,0
2771,10,4,2,3,-0.9807772829060931,0.88,0.91,2,1.6833987927492857,2,1.4026500414831609,-0.08664817533881138,1,0,4.58,1,1.24,1,1,0,0,1,0,0,0,0,1,1,1,0,0,0,0,0,0,0
2772,15,2,9,3,-0.3165640342902911,0.7,0.4,2,0.9021845878720214,0,-1.2471538005220781,1.2578924764703305,0,1,4.28,1,3.2,0,0,1,0,0,0,0,1,0,0,1,0,0,1,0,1,1,0,0
2773,16,6,5,2,-1.6449905315218951,0.06,0.39,1,0.6232465646313455,1,-0.13793358758965255,0.1374419332960456,2,2,2.28,1,2.06,0,0,0,0,0,0,0,0,1,0,0,1,0,0,1,0,0,0,0
2774,15,2,7,0,-0.4494066840134515,0.19,0.57,2,1.597435625089947,0,1.5875200769718985,-1.3191437728305249,1,2,4.62,0,4.47,2,1,0,0,0,0,0,0,1,0,1,1,0,0,1,0,0,0,1
2775,19,1,2,0,0.6133345137718317,0.23,0.23,1,-0.34359537082991226,2,-0.44605031340421525,-0.6468734469259538,1,1,2.27,1,1.56,1,0,1,0,1,0,0,0,0,0,0,1,0,0,0,0,0,0,0
2776,8,8,6,0,-1.6449905315218951,0.92,0.96,0,1.1261545629138972,0,-1.1239071101962532,0.5856221505657596,2,1,4.14,1,3.87,2,0,0,1,0,0,0,0,0,0,1,0,1,0,1,0,0,1,0
2777,15,6,2,0,0.6133345137718317,0.87,0.67,2,-1.5286487239026953,2,1.0945333156685981,-0.19869322965623987,1,2,2.18,1,3.66,1,1,0,0,0,0,0,0,1,0,0,0,0,0,0,1,0,0,0
2778,18,5,4,1,1.410390412110794,0.57,0.52,2,-0.015682531575001823,1,-1.3704004908479033,-0.9830086098782393,1,2,4.75,1,1.47,2,1,0,0,0,1,0,1,0,1,0,1,0,0,0,1,0,0,0
2779,1,8,0,3,1.0118624629413129,0.28,0.54,1,-0.6909320589721492,2,-0.5076736585671278,-0.6468734469259538,2,1,3.89,0,3.06,0,0,0,0,1,0,0,0,0,1,0,0,0,0,1,1,0,0,0
2780,13,8,5,2,-0.3165640342902911,0.91,0.8,2,0.5921070299374441,1,-1.3087771456849908,-0.31073828397366837,0,0,3.95,0,4.52,2,0,0,0,1,0,0,0,0,0,0,1,1,0,0,0,0,0,0
2781,14,0,0,1,0.21480656460235048,0.31,0.49,2,-0.07581342436652985,1,0.4782998640394728,0.1374419332960456,1,0,3.73,1,4.17,1,0,0,0,0,1,0,0,0,0,0,0,0,1,0,1,1,0,1
2782,13,6,5,2,-0.4494066840134515,0.62,0.47,0,1.680546591890366,1,-1.5552705263366409,-0.5348283926085253,2,0,2.63,0,1.41,2,1,0,0,0,0,0,0,1,0,0,0,0,0,1,0,1,1,1
2783,19,2,9,1,1.1447051126644732,0.07,0.7,0,0.6054473871193532,2,-1.4936471811737284,-1.0950536641956679,0,0,2.88,1,4.55,2,0,1,0,0,0,0,1,0,0,0,0,0,0,0,1,0,0,0
2784,3,5,4,1,1.410390412110794,0.89,0.6,1,1.027067660922694,2,-1.0622837650333405,1.4819825851051875,1,0,4.27,0,3.53,2,1,1,0,0,0,0,0,0,0,0,0,1,0,0,0,1,0,0
2785,1,9,4,2,1.6760757115571148,0.28,0.74,2,0.7076031128195205,2,1.0329099705056857,1.7060726937400446,1,0,3.77,1,1.54,0,1,0,1,0,0,0,0,0,0,0,0,0,1,0,0,0,0,0
2786,16,9,0,0,-0.7150919834597723,0.55,0.42,2,-1.6793099161086675,0,1.0329099705056857,1.594027639422616,0,2,3.41,1,2.22,2,0,1,0,0,0,0,0,0,0,0,0,1,0,1,0,0,1,0
2787,1,7,1,3,-0.3165640342902911,0.84,0.99,2,0.5757700566632523,2,-0.6309203488929528,1.594027639422616,1,0,3.13,0,3.22,2,0,0,0,0,1,0,1,1,0,0,0,0,1,0,0,0,0,0
2788,3,4,0,2,0.7461771634949921,0.26,0.25,1,1.595901213235465,1,-0.5076736585671278,-1.4311888271479534,1,1,3.29,0,2.2,1,0,1,1,0,1,0,0,0,0,0,0,0,0,0,0,0,0,1
2789,4,8,1,1,-1.6449905315218951,0.71,0.36,2,-0.20827829716876123,0,1.4642733866460733,1.594027639422616,0,0,2.61,1,4.14,1,0,0,0,0,1,0,1,0,0,0,1,0,0,0,1,0,0,0
2790,4,9,3,3,-0.5822493337366119,0.13,0.79,0,-1.5295152153028735,0,-1.3704004908479033,-0.5348283926085253,0,2,3.71,1,4.98,2,0,0,0,1,0,0,0,0,0,0,0,1,0,0,0,0,1,0
2791,5,2,3,3,1.410390412110794,0.72,0.34,2,-0.220264761537892,0,-1.6168938714995533,0.921757313518045,1,1,3.75,0,3.07,2,0,0,0,0,0,0,0,1,0,0,0,1,0,1,0,0,1,0
2792,1,8,8,3,0.8790198132181525,0.35,0.34,2,-0.2795291629292419,0,-0.44605031340421525,1.2578924764703305,0,2,3.2,0,3.43,0,0,0,0,1,1,0,0,0,1,0,0,1,0,1,1,0,0,0
2793,3,6,7,1,0.4804918640486713,0.18,0.82,1,-0.6301693495346579,0,-0.7541670392187779,-0.9830086098782393,1,0,2.83,1,3.33,2,1,1,0,0,0,1,0,0,0,0,0,0,0,0,0,0,0,0
2794,11,1,4,1,-1.1136199326292535,0.67,0.95,0,1.6592633968734907,2,-0.6309203488929528,-1.6552789357828104,2,2,3.55,0,3.77,1,0,0,0,0,0,1,0,0,0,1,0,0,0,0,0,1,0,0
2795,18,8,3,2,0.21480656460235048,0.84,0.84,1,0.4218053659941011,1,-0.32280362307839017,-0.8709635555608108,1,0,3.82,0,4.58,0,0,0,0,1,0,0,0,0,0,1,1,0,1,0,1,0,1,0
2796,13,3,7,1,0.08196391487919008,0.06,0.74,0,-1.679327968012838,2,1.1561566608315106,1.145847422152902,0,1,3.88,0,2.26,2,0,0,0,1,1,0,1,0,0,0,1,1,0,0,0,1,0,0
2797,5,4,0,1,-0.8479346331829327,0.91,0.3,1,0.6878723815612976,0,1.525896731808986,-0.9830086098782393,2,0,4.69,1,1.67,0,0,0,0,0,1,0,0,1,0,0,0,1,0,0,0,1,0,0
2798,0,6,2,1,-0.5822493337366119,0.11,0.81,0,0.11015729239670094,0,0.848039935016948,0.4735770962483311,1,0,4.81,1,4.96,0,1,0,0,1,1,0,0,0,0,0,0,0,1,0,0,0,0,0
2799,3,3,4,3,-1.3793052320755743,0.9,0.44,2,0.12553751474986272,0,1.0945333156685981,-1.3191437728305249,0,2,2.59,1,1.96,0,0,0,0,1,1,1,0,0,0,0,0,0,0,1,0,0,0,0
2800,1,2,8,3,-1.6449905315218951,0.65,0.85,0,-0.5267138867342234,1,1.7107667672977236,-0.7589185012433823,0,0,4.76,0,4.21,2,0,0,0,0,1,1,0,1,0,0,1,1,0,0,0,0,0,1
2801,9,8,6,0,1.6760757115571148,0.08,0.59,1,0.6930352261540257,2,1.649143422134811,-0.8709635555608108,2,0,2.15,1,2.6,0,0,1,1,0,0,1,0,0,0,0,1,0,0,0,0,0,0,0
2802,12,5,6,2,0.7461771634949921,0.91,0.79,0,0.06233779824937048,2,0.23180648338782264,1.7060726937400446,2,0,4.2,0,2.87,0,1,1,1,0,0,0,0,0,0,0,0,0,0,0,0,1,0,0
2803,0,2,2,2,1.6760757115571148,0.24,0.81,0,1.0465817693308723,1,-0.44605031340421525,-0.19869322965623987,0,0,2.87,0,2.52,0,0,0,0,1,0,0,1,0,0,1,1,0,0,0,0,0,0,0
2804,18,1,8,2,0.6133345137718317,0.72,0.91,2,0.43893662305178954,0,1.4642733866460733,0.4735770962483311,1,1,2.48,1,4.02,2,0,1,1,0,0,0,0,1,0,0,0,1,0,0,0,0,0,0
2805,6,4,1,3,-0.3165640342902911,0.1,0.58,0,1.5363299294732187,2,-0.3844269682413027,0.8097122592006165,1,2,3.38,0,2.92,2,1,1,1,0,0,0,1,1,0,0,0,1,0,0,0,0,0,0
2806,18,3,6,1,1.6760757115571148,0.69,0.88,0,-0.5122001557812398,2,-1.2471538005220781,0.8097122592006165,1,2,3.88,1,1.94,0,0,1,0,0,0,0,0,0,0,0,0,0,0,0,1,0,1,0
2807,5,9,1,2,1.2775477623876337,0.55,0.38,1,-1.173585820775537,0,-1.6168938714995533,1.145847422152902,2,0,3.88,1,4.11,0,1,1,0,0,1,0,1,0,0,0,0,0,0,0,0,1,0,0
2808,1,0,1,0,1.2775477623876337,0.24,0.85,0,-0.5648936640545722,2,1.4026500414831609,0.8097122592006165,2,2,3.65,1,4.08,1,0,0,0,1,0,0,0,0,1,0,0,0,0,1,0,0,0,0
2809,14,8,4,0,0.4804918640486713,0.63,0.31,2,0.5315067876374863,0,0.9096632801798605,0.3615320419309026,0,2,2.63,1,3.52,2,0,1,0,0,0,0,1,1,1,1,0,1,0,0,0,0,0,0
2810,0,0,6,1,-0.05087873484397031,0.46,0.53,0,-0.8146056544434066,1,0.5399232092023853,1.0338023678354735,1,0,3.18,1,2.87,2,1,0,0,1,0,0,0,0,0,0,0,0,0,0,1,1,0,0
2811,11,7,8,3,1.5432330618339545,0.54,0.26,2,-1.2439521432316691,2,-0.3844269682413027,1.4819825851051875,1,1,2.04,1,4.97,1,0,0,0,1,0,0,0,1,0,1,0,0,1,0,1,0,1,0
2812,6,2,8,3,1.6760757115571148,0.35,0.44,2,-0.6833683111247608,2,1.0329099705056857,1.594027639422616,1,1,2.34,0,4.37,0,1,0,0,0,1,0,0,1,0,0,0,0,0,0,0,0,0,0
2813,15,0,6,0,0.08196391487919008,0.29,0.43,1,0.08251982711185273,2,1.2794033511573357,-0.4227833382910969,0,2,2.4,0,2.86,1,0,0,0,0,1,0,1,0,1,0,0,1,0,0,1,0,1,0
2814,1,7,9,3,1.6760757115571148,0.88,0.95,0,-0.17650694582889653,1,-0.6925436940558654,0.8097122592006165,0,0,4.86,0,1.38,1,1,0,1,0,0,0,0,0,1,0,0,0,0,0,1,1,0,0
2815,15,8,5,0,1.5432330618339545,0.74,0.58,0,-0.8311050948551317,1,0.41667651887656026,1.594027639422616,2,1,4.35,1,1.13,1,0,0,0,0,1,1,0,0,0,0,0,0,1,0,0,0,1,1
2816,19,4,4,3,1.1447051126644732,0.71,0.36,0,1.2810399006957376,1,-0.877413729544603,1.594027639422616,2,1,2.95,1,3.5,0,0,0,1,1,0,0,1,0,0,1,0,1,0,0,1,0,0,0
2817,9,7,3,3,-0.9807772829060931,0.31,0.49,1,1.3777800551447916,0,0.23180648338782264,0.8097122592006165,0,1,2.87,0,4.27,1,1,0,0,1,0,1,0,0,0,0,1,0,0,0,0,0,0,0
2818,19,2,9,3,-1.2464625823524138,0.55,0.55,2,0.9899529459483977,2,-0.014686897263827485,0.4735770962483311,0,1,2.57,0,1.34,1,0,1,0,0,0,0,0,0,0,0,0,1,1,1,1,1,0,0
2819,10,8,4,1,-0.9807772829060931,0.49,0.88,0,0.5919445627999107,1,-1.000660419870428,1.7060726937400446,2,1,4.69,1,2.26,1,0,0,0,1,0,0,0,0,0,0,1,0,0,1,0,1,0,0
2820,13,2,5,1,0.8790198132181525,0.12,0.34,2,0.09517421193528748,1,-0.44605031340421525,-0.19869322965623987,2,0,4.6,0,1.92,1,1,0,0,0,0,0,0,0,1,0,0,0,0,0,1,0,0,0
2821,9,2,9,1,-0.5822493337366119,0.7,0.28,2,-0.9506087004630319,1,-1.5552705263366409,0.3615320419309026,2,0,2.47,1,1.61,2,0,0,0,1,0,1,0,0,0,1,0,0,0,0,0,1,0,0
2822,18,7,9,0,0.3476492143255109,0.22,0.28,1,-0.9425214473947028,1,-0.877413729544603,0.025396878978617116,1,0,3.61,0,3.12,2,0,1,1,1,0,0,0,0,0,1,0,0,0,0,1,1,0,0
2823,18,2,9,2,0.8790198132181525,0.55,0.84,0,-1.4214384650348224,2,-0.32280362307839017,-0.8709635555608108,0,2,2.27,0,1.16,2,1,0,1,0,0,0,0,0,0,0,0,0,0,0,0,0,0,1
2824,5,9,4,3,-0.9807772829060931,0.09,0.56,2,-0.9183679996147374,2,0.17018313822491013,1.145847422152902,0,0,4.12,1,1.52,0,0,0,0,1,0,0,0,0,1,0,0,0,0,1,0,1,1,0
2825,19,7,4,2,-0.3165640342902911,0.22,0.58,0,0.01968114869476804,1,-0.7541670392187779,0.6976672048831881,2,2,3.73,1,2.32,2,0,1,1,0,0,1,1,0,0,0,0,0,0,0,0,0,0,1
2826,6,9,5,1,0.08196391487919008,0.65,0.61,2,0.9221860976927999,0,-1.678517216662466,-0.31073828397366837,1,1,3.21,0,3.49,2,1,1,0,0,1,0,1,0,0,0,0,0,1,1,0,0,0,0
2827,3,9,0,2,0.6133345137718317,0.47,0.31,2,1.1765013236450805,1,-0.13793358758965255,-1.4311888271479534,1,0,4.0,0,2.21,0,0,1,0,0,0,0,0,0,0,0,0,0,0,1,0,0,1,0
2828,19,6,3,1,1.0118624629413129,0.07,0.85,1,0.7284169583279659,0,-1.000660419870428,1.145847422152902,2,0,2.67,0,3.85,0,0,0,0,0,0,1,0,0,1,0,0,1,0,0,0,0,0,1
2829,14,1,2,3,0.8790198132181525,0.11,0.72,2,-0.32462281954684535,0,1.2177800059944233,-1.5432338814653819,1,0,2.76,1,2.9,1,0,1,0,0,1,0,1,0,1,0,0,0,0,0,0,0,0,0
2830,7,4,9,2,-0.3165640342902911,0.6,0.26,1,-0.9850517336201126,1,0.848039935016948,-1.4311888271479534,1,2,4.05,0,1.42,0,0,0,1,0,0,1,1,0,0,1,1,0,0,0,0,0,0,0
2831,10,3,7,1,0.08196391487919008,0.78,0.35,0,0.4925507784378112,2,0.2934298285507352,0.5856221505657596,2,0,3.21,1,1.42,1,1,1,0,1,0,1,0,0,0,0,1,0,0,0,0,0,1,0
2832,11,7,5,3,-0.4494066840134515,0.13,0.71,1,0.6634481552187766,0,0.10855979306199759,-1.6552789357828104,1,1,3.56,0,3.95,1,1,0,1,0,0,0,0,0,0,1,0,1,1,0,0,0,0,1
2833,1,5,3,1,-1.3793052320755743,0.73,0.77,0,-0.9560423236183156,2,-0.014686897263827485,-0.4227833382910969,2,2,3.36,1,4.72,2,0,0,0,0,1,0,0,0,1,0,0,0,1,0,1,0,0,0
2834,9,2,7,0,-1.6449905315218951,0.56,0.26,2,-1.475612229450126,0,-0.44605031340421525,-0.7589185012433823,1,1,4.45,0,3.88,2,1,1,0,0,0,1,0,1,0,0,0,0,1,0,0,0,0,1
2835,12,5,5,0,0.4804918640486713,0.75,0.88,0,-0.6147530233731553,1,1.1561566608315106,1.145847422152902,2,1,3.96,0,3.33,1,0,0,0,0,1,0,0,1,0,0,1,0,1,0,0,0,1,1
2836,13,8,0,3,0.08196391487919008,0.57,0.33,1,1.2375528635492978,1,-0.6925436940558654,0.025396878978617116,0,2,4.75,1,1.14,0,0,1,0,0,0,0,0,0,1,0,1,0,1,0,0,0,0,0
2837,7,1,0,1,0.21480656460235048,0.09,0.36,0,-0.9505003890380097,1,0.2934298285507352,0.8097122592006165,0,2,4.39,0,3.78,1,0,0,0,0,1,0,0,0,0,0,0,1,0,0,0,1,0,0
2838,6,2,4,2,1.5432330618339545,0.68,0.81,2,-0.10872204566912835,2,-1.4936471811737284,1.0338023678354735,2,1,2.4,1,2.45,0,1,0,0,0,1,0,0,0,0,0,0,0,0,0,0,0,0,1
2839,1,1,0,1,-0.05087873484397031,0.93,0.26,2,1.0584960260833216,2,-1.1855304553591657,0.4735770962483311,2,1,3.59,1,4.28,0,0,1,0,0,0,0,0,0,0,0,1,1,1,1,0,0,0,0
2840,16,6,0,2,0.7461771634949921,0.33,0.22,2,-0.6985319106278781,2,1.2177800059944233,-0.5348283926085253,2,2,3.64,1,1.38,0,0,1,1,0,1,0,1,0,0,0,0,0,0,0,0,0,1,1
2841,15,2,1,3,-0.4494066840134515,0.66,0.42,2,0.6151954153713571,0,-1.6168938714995533,1.2578924764703305,0,1,3.36,1,2.19,2,0,0,1,0,0,0,1,0,0,0,1,0,0,0,1,0,0,0
2842,18,9,2,0,0.21480656460235048,0.57,0.35,0,-0.8473518086084717,2,-1.5552705263366409,-1.0950536641956679,0,2,4.09,0,1.86,2,0,0,0,1,0,0,0,0,0,1,1,0,0,0,1,0,0,1
2843,4,7,4,2,-1.1136199326292535,0.64,0.73,1,0.9373135933875764,1,-0.3844269682413027,0.3615320419309026,1,1,4.83,1,4.09,2,1,0,0,0,0,0,0,0,1,0,0,1,0,0,0,1,1,0
2844,9,3,4,1,-0.5822493337366119,0.92,0.88,1,-0.5322377694103589,1,1.3410266963202482,1.594027639422616,2,1,2.41,1,3.02,1,1,0,0,1,0,1,0,0,0,0,0,0,0,0,0,0,1,1
2845,17,4,8,1,1.6760757115571148,0.62,0.22,2,-0.38154047339604613,1,-0.5692970037300403,-0.19869322965623987,0,2,3.83,0,1.58,0,0,1,1,0,0,0,0,0,1,0,0,1,0,0,1,1,0,0
2846,11,1,6,3,-1.1136199326292535,0.33,0.34,2,1.4624795895122036,1,0.7247932446911229,-1.5432338814653819,0,0,2.97,0,2.13,0,0,0,0,0,0,0,0,1,0,0,0,0,1,0,1,0,0,0
2847,2,1,4,1,0.21480656460235048,0.24,0.78,2,1.1896431098811155,2,-0.6925436940558654,0.6976672048831881,0,0,3.48,1,2.34,1,0,0,0,0,0,0,1,0,1,0,0,1,0,1,1,1,0,0
2848,16,9,7,1,-1.5121478817987346,0.84,0.7,1,-1.4872196038316787,0,-0.9390370747075155,0.8097122592006165,2,0,4.85,0,1.52,0,0,0,0,0,0,0,1,0,0,1,1,1,0,0,0,0,0,0
2849,2,6,2,0,1.2775477623876337,0.19,0.87,1,-0.29193082109429136,1,1.7107667672977236,-1.2070987185130964,1,1,3.28,1,2.22,0,0,0,0,1,0,0,0,0,1,0,1,0,0,1,0,0,0,0
2850,7,9,5,1,-0.7150919834597723,0.28,0.95,0,-0.530234008047447,1,1.4026500414831609,0.4735770962483311,1,0,2.89,1,3.17,1,0,0,0,0,1,0,1,0,0,1,0,0,0,0,1,1,1,0
2851,6,7,3,0,-0.8479346331829327,0.81,0.84,2,-1.1723582912919512,2,1.2794033511573357,-1.5432338814653819,0,0,2.16,1,4.28,0,1,0,0,0,0,0,0,0,0,1,0,0,0,1,0,0,1,0
2852,11,6,3,0,-0.9807772829060931,0.31,0.62,1,0.023074906678799044,1,1.649143422134811,-0.08664817533881138,1,2,3.57,0,2.34,1,1,1,0,1,0,0,0,0,0,0,0,0,0,1,0,1,1,0
2853,2,2,5,0,1.2775477623876337,0.49,0.22,1,1.1089510982395272,2,-0.5076736585671278,0.4735770962483311,1,1,4.57,1,1.36,2,0,0,0,0,1,0,1,1,0,1,0,1,1,0,0,0,0,0
2854,18,6,7,1,1.2775477623876337,0.51,0.28,1,-0.44506512417160515,1,1.2177800059944233,-1.6552789357828104,0,0,2.67,0,2.83,2,0,0,0,0,0,1,0,0,1,0,0,0,0,1,0,0,0,0
2855,2,1,8,0,-1.3793052320755743,0.58,0.61,1,1.6209572562239491,2,0.7864165898540355,-0.4227833382910969,2,1,4.19,1,3.53,2,0,1,1,0,1,1,1,0,0,0,0,0,0,0,0,1,0,0
2856,9,6,8,3,1.6760757115571148,0.91,0.45,1,0.7933496576288144,2,-0.5076736585671278,1.594027639422616,0,2,4.57,1,2.38,1,0,0,0,0,0,0,0,0,1,1,0,0,0,1,1,0,1,1
2857,3,7,3,0,0.7461771634949921,0.51,0.45,0,0.7517580704202642,0,-0.9390370747075155,-0.19869322965623987,0,2,3.23,1,2.84,0,1,0,0,0,0,0,1,0,1,1,0,0,0,0,0,1,0,1
2858,3,8,7,2,1.6760757115571148,0.36,0.81,0,-0.022939397051493646,0,0.41667651887656026,-1.3191437728305249,0,0,3.2,0,4.54,0,0,1,1,0,0,0,0,0,1,0,0,1,0,0,0,0,0,1
2859,10,9,9,1,1.410390412110794,0.11,0.6,2,-1.1479882206619414,2,0.2934298285507352,-0.9830086098782393,0,1,3.07,0,1.67,2,0,0,0,0,0,0,1,1,0,1,0,0,0,0,0,1,1,0
2860,15,3,7,3,0.8790198132181525,0.63,0.97,2,-1.2878182703656869,2,-0.6309203488929528,-0.8709635555608108,1,1,4.56,1,3.94,0,0,0,0,0,0,1,0,0,0,1,0,0,0,0,0,0,1,1
2861,3,8,7,0,-1.1136199326292535,0.65,0.34,1,1.5976522479399917,2,-0.2611802779154776,0.4735770962483311,2,1,4.81,1,4.25,0,0,1,0,0,0,0,0,1,1,0,0,1,0,0,0,1,0,0
2862,1,2,1,1,1.0118624629413129,0.28,0.83,0,-1.3582387485343301,2,1.5875200769718985,-0.31073828397366837,2,1,4.37,0,4.05,1,0,0,0,0,0,0,0,1,1,0,1,0,0,1,0,0,1,0
2863,16,5,4,0,-1.2464625823524138,0.36,0.74,0,-0.32061529682102147,1,-0.8157903843816905,-1.3191437728305249,2,2,2.88,0,1.01,1,1,0,1,1,0,0,0,0,0,0,0,1,0,0,1,1,0,0
2864,19,8,7,3,-0.5822493337366119,0.81,0.22,1,-0.1260699255768613,1,0.848039935016948,0.2494869876134741,0,2,4.08,0,1.77,1,1,0,1,1,0,1,0,0,0,0,1,0,0,1,0,0,0,0
2865,18,7,6,1,1.5432330618339545,0.84,0.91,1,-0.6376969935737054,1,1.3410266963202482,-1.6552789357828104,1,0,4.55,0,3.67,1,0,0,0,0,0,0,0,0,0,0,0,1,1,1,0,0,0,0
2866,6,2,1,1,0.08196391487919008,0.2,0.77,1,0.0482573129964759,2,-1.1855304553591657,-0.5348283926085253,2,2,3.77,0,2.02,2,0,1,0,0,0,0,0,0,0,0,1,1,1,0,0,0,1,0
2867,5,0,9,3,-0.8479346331829327,0.32,0.31,0,-1.7078138727936938,2,-0.5692970037300403,-0.9830086098782393,0,2,2.31,0,1.67,2,0,1,1,0,0,0,1,0,0,0,0,0,0,0,0,0,1,1
2868,1,2,3,3,0.4804918640486713,0.35,0.74,0,0.9315550359572259,0,1.5875200769718985,1.7060726937400446,0,0,4.25,1,1.66,2,1,0,1,1,0,1,1,0,0,0,0,0,0,0,0,0,0,0
2869,15,3,9,0,-0.7150919834597723,0.45,0.55,0,1.3362967793612637,2,0.23180648338782264,1.369937530787759,2,1,4.78,1,2.36,2,0,0,0,0,0,1,0,0,0,0,1,1,0,0,0,1,0,0
2870,13,8,9,2,-1.6449905315218951,0.81,0.9,0,1.415418275340029,1,-0.877413729544603,0.6976672048831881,1,1,4.9,1,1.75,1,0,0,0,0,1,1,0,0,0,0,1,1,0,0,0,0,1,1
2871,17,4,5,3,-0.7150919834597723,0.37,0.23,0,-1.4874723304900639,1,-0.13793358758965255,-0.31073828397366837,1,0,2.84,1,2.63,2,0,1,1,0,0,0,0,0,1,0,0,0,1,1,0,0,0,1
2872,16,7,5,2,-0.7150919834597723,0.82,0.29,0,-0.7041821566332063,1,0.6631698995282104,-0.31073828397366837,1,2,2.57,0,3.33,0,1,0,0,1,0,1,0,0,1,0,0,1,1,0,0,0,0,0
2873,8,7,8,1,0.8790198132181525,0.41,0.53,2,-0.6581678529029136,1,-0.3844269682413027,-0.7589185012433823,0,1,3.14,1,2.18,2,0,0,0,0,0,0,0,1,0,0,0,1,0,0,0,0,1,1
2874,19,8,0,2,1.0118624629413129,0.11,0.73,1,1.4518109141475104,2,-0.13793358758965255,-0.4227833382910969,2,1,4.78,0,2.93,1,0,0,0,1,0,0,0,0,1,0,1,0,1,0,0,1,1,0
2875,19,5,0,0,0.7461771634949921,0.36,0.36,2,-0.5697135224680631,1,-0.5076736585671278,0.6976672048831881,0,2,3.27,0,1.43,1,0,1,1,0,0,0,0,0,1,0,0,0,0,0,0,1,0,1
2876,0,5,4,3,0.21480656460235048,0.79,0.44,1,0.15357212192645925,0,1.525896731808986,-0.4227833382910969,0,2,2.25,0,3.26,1,0,0,0,0,1,0,0,0,0,0,0,0,1,1,0,0,1,0
2877,15,3,2,0,-0.18372138456713072,0.33,0.58,0,1.0001342199004906,1,1.649143422134811,0.4735770962483311,2,2,3.93,1,4.7,0,0,0,0,1,0,0,1,0,0,0,0,0,1,0,0,0,1,0
2878,14,1,7,2,-0.5822493337366119,0.71,0.75,1,1.5130790769017723,0,-0.014686897263827485,1.2578924764703305,0,2,2.6,1,2.83,1,0,0,0,0,0,1,1,1,0,0,0,0,0,0,0,0,1,1
2879,17,1,4,3,1.1447051126644732,0.28,0.29,2,0.8513684776324082,0,1.0945333156685981,1.0338023678354735,1,0,2.17,1,2.37,1,0,0,1,1,0,0,0,0,0,0,0,0,0,0,0,0,0,1
2880,10,7,4,2,1.1447051126644732,0.57,0.66,2,1.0276092180478056,1,0.17018313822491013,-0.6468734469259538,2,2,2.24,1,1.57,2,0,0,0,1,1,0,0,0,1,0,0,0,0,0,0,1,1,1
2881,14,3,2,3,-1.6449905315218951,0.8,0.61,0,-0.1873561402352935,1,-1.4936471811737284,0.921757313518045,2,2,3.36,0,1.9,0,0,0,0,0,0,0,0,0,1,0,0,1,1,0,0,1,1,0
2882,19,1,9,1,-1.1136199326292535,0.63,0.66,0,-0.8954601332225282,0,-0.32280362307839017,-0.7589185012433823,0,0,3.71,0,4.6,2,0,0,0,0,0,0,0,0,0,0,0,0,1,0,0,1,1,0
2883,1,8,3,0,1.410390412110794,0.11,0.64,0,0.325534561053477,2,1.525896731808986,0.6976672048831881,1,0,2.06,1,2.29,1,0,0,1,1,0,0,0,0,0,0,1,0,0,0,0,0,1,0
2884,9,3,6,2,1.6760757115571148,0.72,0.62,0,-0.6930080279517425,0,0.23180648338782264,-0.31073828397366837,0,0,2.24,0,2.13,1,0,0,0,1,1,0,0,0,0,0,0,0,0,0,0,0,0,1
2885,18,0,7,1,1.2775477623876337,0.3,0.5,1,-0.08751105826893459,1,0.10855979306199759,-1.2070987185130964,2,2,2.42,0,3.85,0,1,0,1,0,0,1,0,0,0,1,0,1,0,0,0,0,0,0
2886,11,9,1,3,-0.9807772829060931,0.85,0.57,0,1.603067819191105,0,-0.6309203488929528,0.025396878978617116,0,2,4.75,0,4.86,1,0,0,1,1,0,0,1,0,0,0,0,1,0,0,1,0,0,1
2887,19,6,2,2,-0.05087873484397031,0.16,0.5,0,1.1414986814587182,1,-1.2471538005220781,-0.19869322965623987,1,0,3.02,0,2.82,2,0,0,0,1,0,0,0,0,0,1,0,0,0,0,1,0,0,0
2888,2,8,2,3,-1.3793052320755743,0.74,0.83,0,1.1570052671410727,0,0.5399232092023853,-0.9830086098782393,2,2,4.19,1,4.14,1,1,0,0,0,1,0,1,0,0,1,0,0,1,0,0,0,0,0
2889,15,6,2,3,1.410390412110794,0.95,0.98,0,-0.8489042723671242,1,0.9712866253427731,-0.9830086098782393,1,1,3.4,0,2.29,1,1,1,1,0,0,0,0,0,1,0,1,0,0,0,0,0,0,1
2890,19,1,5,2,-0.3165640342902911,0.75,0.75,1,-1.5585607291130112,2,-0.014686897263827485,-0.31073828397366837,2,0,3.16,1,2.56,1,0,1,0,0,0,0,0,0,0,0,0,0,1,0,0,0,0,1
2891,16,2,1,1,-0.7150919834597723,0.85,0.37,1,-1.469546789648879,0,1.2177800059944233,1.7060726937400446,0,0,4.45,1,2.21,1,0,0,0,0,1,0,0,1,0,0,0,0,0,1,0,0,0,0
2892,10,0,7,3,1.2775477623876337,0.21,0.36,0,0.3723973042797774,2,0.6631698995282104,-1.6552789357828104,2,1,3.8,1,3.48,0,1,1,0,0,0,0,0,1,0,0,0,0,0,1,0,0,1,1
2893,19,8,6,2,-1.5121478817987346,0.06,0.43,0,0.49989790343515494,2,1.0945333156685981,-0.6468734469259538,0,0,2.23,1,4.93,1,0,1,0,0,0,0,1,0,0,0,0,0,0,1,0,0,0,0
2894,18,0,6,0,1.5432330618339545,0.93,0.66,1,-0.26745243903925925,0,-0.8157903843816905,-1.4311888271479534,2,0,2.04,1,3.86,0,0,0,0,0,1,0,0,0,0,1,0,0,0,1,1,0,0,0
2895,15,4,3,1,-0.4494066840134515,0.44,0.56,1,-0.8041716538329282,0,-0.07631024242674002,-1.4311888271479534,0,2,4.66,0,1.35,1,0,1,0,0,0,0,1,0,0,1,0,0,0,1,0,0,0,0
2896,18,7,8,0,-0.9807772829060931,0.06,0.75,2,1.139910113891725,1,1.2177800059944233,0.4735770962483311,1,0,3.51,0,3.86,1,0,0,1,0,0,0,0,1,0,1,1,0,0,0,0,0,1,0
2897,18,6,1,1,0.3476492143255109,0.77,0.99,2,0.9032857540264144,1,-1.1239071101962532,0.921757313518045,2,0,4.68,0,2.2,1,0,1,0,0,1,0,0,0,0,0,0,1,0,0,0,0,1,0
2898,5,0,3,2,-0.5822493337366119,0.33,0.3,2,0.6638994528230361,2,-0.7541670392187779,0.025396878978617116,1,1,2.8,0,1.37,2,1,0,0,0,0,0,1,1,0,0,0,0,1,0,0,0,1,1
2899,14,0,1,1,0.8790198132181525,0.09,0.37,2,-1.126596714220044,2,0.04693644789908505,1.594027639422616,2,0,4.6,1,2.17,0,1,0,0,1,0,0,1,0,1,1,0,0,0,0,0,0,0,0
2900,17,5,9,2,0.8790198132181525,0.65,0.88,0,-0.32106659442528096,2,-0.877413729544603,-1.3191437728305249,2,2,4.29,0,4.36,2,0,1,0,0,0,1,1,0,0,0,0,0,1,0,0,1,1,0
2901,7,4,7,3,1.0118624629413129,0.8,0.93,0,1.1467156817639574,2,1.0329099705056857,-1.0950536641956679,0,2,2.38,1,2.21,1,0,1,0,0,0,0,0,1,0,0,0,1,0,1,0,0,0,1
2902,17,5,4,0,-0.8479346331829327,0.11,0.77,2,0.7498084647698634,2,-0.32280362307839017,-1.3191437728305249,2,2,3.24,1,4.38,2,1,0,0,0,1,0,0,0,1,1,0,1,0,0,0,0,1,0
2903,6,5,3,3,0.7461771634949921,0.94,0.44,2,0.22661012619980733,2,1.5875200769718985,-1.5432338814653819,0,2,3.93,0,3.63,0,0,0,0,0,1,0,0,0,0,0,1,0,0,0,0,1,0,0
2904,14,9,6,3,-0.3165640342902911,0.3,0.37,2,-1.6411481906924892,2,-0.8157903843816905,-1.0950536641956679,2,0,3.57,0,2.18,0,0,1,0,1,1,0,0,0,0,1,0,0,0,0,0,1,0,1
2905,2,9,7,1,-1.6449905315218951,0.21,0.93,2,-1.4624884951182613,1,1.525896731808986,-0.9830086098782393,1,0,2.42,0,4.22,0,0,0,0,0,0,0,0,0,0,0,1,0,0,1,1,0,1,0
2906,0,6,6,0,-0.9807772829060931,0.78,0.82,0,0.49545713500924204,2,1.649143422134811,-1.5432338814653819,1,1,3.14,0,1.9,2,0,1,0,0,0,1,0,0,1,0,1,0,1,0,0,0,1,0
2907,1,7,0,2,1.410390412110794,0.33,0.47,2,-0.25218052811111974,1,-0.8157903843816905,-1.5432338814653819,1,1,2.65,1,3.67,1,0,0,1,0,1,0,0,0,0,0,0,0,1,0,1,0,0,0
2908,6,1,8,0,-0.18372138456713072,0.51,0.48,0,-0.12054604290072574,0,-1.5552705263366409,0.921757313518045,0,0,4.41,0,3.45,1,0,0,1,0,0,1,0,0,0,1,1,1,0,0,0,0,0,0
2909,2,6,0,2,-0.3165640342902911,0.11,0.84,1,1.165291091155276,0,-0.3844269682413027,1.369937530787759,0,1,4.57,1,1.04,1,0,1,1,0,0,0,1,1,0,0,0,0,0,1,0,0,0,0
2910,10,2,7,2,-1.3793052320755743,0.73,0.95,2,1.4457996300587748,1,1.3410266963202482,0.921757313518045,1,2,2.98,1,3.73,1,0,0,0,0,0,0,0,0,1,0,0,0,1,1,0,0,0,0
2911,0,9,4,0,-0.5822493337366119,0.62,0.24,2,-0.48884099178477103,1,0.04693644789908505,1.2578924764703305,1,1,4.4,0,3.52,0,0,0,1,1,0,0,0,0,0,0,0,0,0,0,1,0,0,0
2912,16,3,4,3,-0.8479346331829327,0.82,0.55,2,-0.6013043547662239,1,-0.2611802779154776,-0.4227833382910969,2,0,4.28,0,4.45,2,0,0,1,0,0,0,1,0,0,1,0,0,0,0,0,0,0,0
2913,15,4,8,0,-0.5822493337366119,0.79,0.94,2,0.8406817503635446,0,0.9096632801798605,-1.5432338814653819,2,1,2.94,1,2.98,1,1,0,1,0,0,0,0,0,0,0,1,1,0,0,0,0,0,0
2914,12,7,9,3,-0.18372138456713072,0.63,0.35,0,0.9084666505233129,2,1.0945333156685981,0.1374419332960456,0,2,4.61,1,2.39,1,0,0,0,0,0,1,1,0,0,1,0,1,0,0,0,1,0,0
2915,17,6,6,2,-1.3793052320755743,0.21,0.7,1,1.0257137681099158,0,-0.8157903843816905,1.7060726937400446,0,2,4.63,0,2.87,1,0,0,0,0,0,1,0,0,0,0,0,0,1,0,1,0,0,0
2916,9,5,1,2,1.410390412110794,0.65,0.85,0,-1.7174896934290163,2,-1.678517216662466,1.145847422152902,1,2,4.6,1,3.95,0,1,0,0,0,0,0,0,0,0,0,0,0,1,1,1,0,0,0
2917,10,6,6,0,1.2775477623876337,0.61,0.64,1,-0.03310261909941628,0,0.17018313822491013,-0.6468734469259538,1,1,2.72,0,4.63,0,0,0,0,1,0,0,1,0,0,0,0,0,1,0,0,0,0,0
2918,0,6,1,1,-0.7150919834597723,0.6,0.38,0,-1.6493979108983516,1,-1.4320238360108157,-1.3191437728305249,0,2,2.04,0,2.49,1,0,0,0,1,1,0,0,0,0,0,0,0,0,0,0,1,0,0
2919,16,0,9,2,-0.8479346331829327,0.87,0.4,1,-0.29814067612890127,2,1.2794033511573357,0.5856221505657596,1,2,4.68,1,4.17,0,0,0,0,0,0,1,0,1,0,1,0,0,0,1,1,0,1,0
2920,4,3,5,1,0.3476492143255109,0.4,0.38,2,0.41884485371015917,1,0.23180648338782264,-1.3191437728305249,1,2,2.67,0,2.18,1,0,1,1,0,1,0,0,0,0,1,0,0,0,0,0,0,0,0
2921,1,2,9,0,-0.9807772829060931,0.87,0.76,2,0.8249765937353161,0,-0.8157903843816905,1.0338023678354735,2,1,3.44,0,3.44,0,0,0,1,0,0,0,0,1,0,1,0,0,0,0,1,0,0,1
2922,18,2,3,2,0.6133345137718317,0.39,0.47,2,-0.21264685797799263,1,-0.7541670392187779,0.921757313518045,0,1,2.36,1,3.02,1,1,0,0,0,0,0,0,0,0,0,0,1,1,0,0,1,0,0
2923,14,6,8,3,-0.7150919834597723,0.76,0.4,1,1.3758123975902203,0,1.3410266963202482,1.2578924764703305,1,0,2.14,0,3.63,2,1,0,0,0,0,0,0,0,1,1,1,0,0,0,0,1,0,0
2924,7,2,1,2,0.08196391487919008,0.79,0.31,2,-1.563849937034932,1,-0.877413729544603,-0.4227833382910969,1,2,2.57,1,2.89,0,0,0,0,0,0,0,0,0,0,1,0,1,0,1,0,0,0,0
2925,3,5,7,3,1.1447051126644732,0.62,0.29,2,-0.48986995032248254,0,-1.4936471811737284,0.921757313518045,1,2,3.69,1,4.01,1,0,0,1,0,1,0,0,0,1,0,1,0,0,0,0,0,0,1
2926,19,4,4,1,0.4804918640486713,0.53,0.49,2,-1.2473097974073595,2,-0.6309203488929528,-0.5348283926085253,0,2,2.83,0,2.4,1,0,0,0,0,0,0,0,0,1,1,0,1,0,0,1,0,0,0
2927,8,1,3,0,-0.18372138456713072,0.83,0.98,2,0.5034541285567193,2,-1.2471538005220781,-1.0950536641956679,2,2,3.18,1,3.0,1,1,0,0,0,0,0,0,0,1,0,0,0,0,1,0,1,0,0
2928,15,0,8,0,-1.3793052320755743,0.78,0.4,2,0.8075023504983905,1,-0.13793358758965255,-0.4227833382910969,0,2,4.83,0,2.13,2,0,0,0,0,0,0,0,1,0,0,1,0,0,1,0,0,0,0
2929,6,6,2,2,-1.5121478817987346,0.34,0.31,2,0.14853564066292388,0,0.6015465543652979,-0.08664817533881138,1,1,3.85,1,2.07,1,0,0,1,0,0,0,1,1,0,0,0,0,0,1,0,0,0,1
2930,13,4,5,2,-1.1136199326292535,0.69,0.89,0,0.09891095609855566,2,-1.1855304553591657,1.2578924764703305,1,2,4.54,1,4.72,1,1,0,1,1,0,1,0,0,0,0,0,0,1,1,0,0,0,0
2931,13,2,1,3,1.0118624629413129,0.13,0.51,1,-0.7092547417050824,2,0.6015465543652979,-0.7589185012433823,2,2,2.8,0,3.95,0,1,0,0,0,0,0,0,0,0,1,0,1,1,1,0,0,1,0
2932,18,4,0,0,0.21480656460235048,0.76,0.67,1,0.4150539538343799,1,1.4026500414831609,1.2578924764703305,1,1,3.73,1,4.01,0,1,0,0,0,0,0,1,1,1,0,1,0,0,0,0,0,0,0
2933,10,4,7,3,1.5432330618339545,0.24,0.37,2,0.8844395660725402,0,0.7864165898540355,-0.4227833382910969,1,1,3.87,1,1.43,2,0,1,0,0,0,1,0,0,0,0,0,0,0,0,0,0,1,0
2934,12,9,2,2,1.410390412110794,0.63,0.88,0,0.7443206859020687,1,-1.4936471811737284,-0.4227833382910969,0,0,3.87,1,2.2,2,0,0,0,0,1,0,0,0,0,1,0,0,0,0,0,0,0,1
2935,10,2,4,0,1.0118624629413129,0.66,0.56,1,1.4060132332672624,0,-1.3087771456849908,-0.31073828397366837,1,1,4.72,1,3.18,1,1,0,0,0,0,0,1,0,0,0,0,0,1,0,0,1,1,0
2936,1,1,2,3,-0.05087873484397031,0.78,0.54,2,0.5738565548211922,2,-1.1855304553591657,0.025396878978617116,2,2,2.03,0,2.44,0,0,0,0,0,0,0,1,0,0,1,1,0,0,0,0,0,0,1
2937,10,8,1,1,0.21480656460235048,0.91,0.38,1,0.6239144850856495,1,1.4026500414831609,0.2494869876134741,0,1,2.01,0,3.39,2,1,0,1,1,0,0,0,0,1,0,0,0,0,0,0,1,0,0
2938,7,7,9,0,0.6133345137718317,0.39,0.76,0,0.2155443089433658,1,-1.1855304553591657,1.4819825851051875,0,1,2.43,1,3.72,2,0,1,1,1,0,0,0,1,0,0,0,1,0,0,0,0,0,1
2939,15,1,8,3,-0.18372138456713072,0.68,0.48,1,0.30398058747404605,1,-0.5076736585671278,1.594027639422616,2,0,4.44,1,1.79,1,0,0,0,0,0,1,1,0,0,1,0,1,0,0,1,0,1,0
2940,15,3,1,3,-0.05087873484397031,0.61,0.76,1,-0.8585078853857651,0,0.4782998640394728,-0.4227833382910969,1,2,4.93,0,1.67,0,0,0,0,1,0,0,0,1,0,0,0,0,0,1,0,1,0,0
2941,11,7,7,0,-1.5121478817987346,0.66,0.89,0,-1.6223381065469555,1,-0.014686897263827485,-0.7589185012433823,1,0,2.98,1,3.35,2,0,1,0,1,0,0,0,0,0,1,1,0,0,0,0,0,1,0
2942,12,0,1,1,-1.6449905315218951,0.68,0.52,2,-1.538613375004744,2,0.5399232092023853,0.025396878978617116,1,2,3.15,1,1.21,0,1,0,1,1,0,0,0,0,0,1,0,0,1,0,0,0,1,0
2943,13,2,2,2,-0.3165640342902911,0.33,0.3,2,0.6765357857423004,1,-1.6168938714995533,0.4735770962483311,1,1,2.5,0,4.89,1,0,0,0,0,0,0,1,0,0,0,0,0,0,0,1,1,0,0
2944,6,3,3,1,-1.3793052320755743,0.37,0.99,2,1.3157717643195443,0,1.4026500414831609,-0.31073828397366837,1,2,3.04,0,3.78,0,0,0,1,0,1,1,0,0,1,0,0,1,0,0,0,1,0,0
2945,11,8,4,0,0.08196391487919008,0.25,0.44,2,1.1040590322093549,0,0.7247932446911229,1.145847422152902,1,2,4.03,0,1.61,1,0,0,0,1,0,0,0,0,1,0,1,0,1,0,1,0,0,1
2946,13,6,6,2,0.4804918640486713,0.06,0.28,0,-0.6261979306171748,0,-0.5692970037300403,-0.08664817533881138,2,0,3.98,1,2.66,1,0,0,1,0,0,0,0,0,0,0,0,0,1,1,1,0,0,0
2947,19,7,4,1,0.3476492143255109,0.76,0.57,2,-1.4612429137305052,0,-1.3087771456849908,-0.8709635555608108,0,2,2.76,1,4.51,2,0,0,0,0,1,0,1,0,0,1,0,0,0,0,0,0,0,0
2948,18,8,5,0,1.1447051126644732,0.18,0.83,0,0.54555116908204,0,0.23180648338782264,-0.5348283926085253,2,0,4.08,0,1.85,2,0,0,1,0,0,0,0,1,0,0,1,0,1,0,0,1,1,0
2949,2,0,6,1,-1.6449905315218951,0.72,0.57,1,0.5913307980581178,1,-0.6925436940558654,0.6976672048831881,2,1,3.96,0,3.92,1,0,1,0,0,0,0,1,0,0,0,0,0,1,0,0,0,1,0
2950,6,8,6,3,-0.18372138456713072,0.74,0.95,0,-1.0770622891765276,2,-1.000660419870428,0.8097122592006165,0,1,4.82,0,3.25,1,0,0,1,0,1,0,0,0,0,0,0,0,1,0,1,1,0,0
2951,1,7,0,3,-0.3165640342902911,0.86,0.25,1,-0.3971914743117636,1,-1.0622837650333405,0.8097122592006165,1,1,4.12,0,1.44,2,0,0,0,0,0,1,1,0,0,0,0,0,1,0,0,0,0,0
2952,10,9,4,0,-0.5822493337366119,0.21,0.38,1,-1.1965658947844278,0,1.0329099705056857,-0.31073828397366837,2,2,2.82,1,2.31,1,0,1,0,0,0,0,0,0,0,0,0,1,0,1,0,0,0,0
2953,1,2,7,0,-0.5822493337366119,0.4,0.98,2,-1.1588013112599977,2,0.5399232092023853,1.2578924764703305,1,2,2.79,1,4.96,0,0,1,0,0,0,0,0,0,0,1,1,0,0,0,0,0,1,0
2954,10,2,8,0,-1.5121478817987346,0.89,0.92,0,0.8651059767060657,1,-1.1239071101962532,-1.4311888271479534,2,1,4.64,1,2.01,2,0,1,1,0,0,1,0,0,0,0,0,0,0,1,0,1,0,1
2955,16,0,9,3,-1.1136199326292535,0.92,0.59,0,1.1866284418846624,2,-0.9390370747075155,1.0338023678354735,1,2,2.37,0,4.31,1,0,0,0,0,0,0,0,1,0,0,0,0,0,1,1,0,0,0
2956,0,2,7,3,-0.8479346331829327,0.61,0.39,0,0.05089289100535104,0,-0.5692970037300403,0.2494869876134741,1,2,4.33,0,3.88,1,0,0,0,1,1,0,1,1,0,0,1,0,0,1,0,0,0,0
2957,9,5,8,1,-1.2464625823524138,0.94,0.94,2,1.1238619710842592,0,1.525896731808986,0.4735770962483311,1,1,2.24,1,2.34,2,0,0,0,0,1,0,0,1,0,0,0,0,0,0,0,0,1,0
2958,18,2,6,1,-1.6449905315218951,0.29,0.29,1,-1.1273909980035406,1,1.649143422134811,-0.9830086098782393,0,0,4.01,1,2.01,1,0,1,1,0,0,0,0,0,0,1,1,0,0,0,0,0,1,1
2959,14,5,4,1,-0.05087873484397031,0.5,0.46,0,0.8142898664664525,1,-0.5076736585671278,-0.8709635555608108,0,0,3.43,0,3.49,1,0,0,0,0,0,1,0,0,1,0,1,0,1,0,0,1,0,1
2960,10,5,4,2,-1.5121478817987346,0.76,0.66,1,-1.5792121074839234,0,0.848039935016948,-1.2070987185130964,2,0,3.58,1,1.75,0,0,0,0,1,0,0,0,1,0,0,0,1,0,0,0,1,0,1
2961,13,3,2,0,-0.8479346331829327,0.84,0.46,1,-1.6499755718318039,2,0.04693644789908505,-1.5432338814653819,1,1,3.69,1,2.41,1,1,1,0,1,0,0,0,0,0,0,0,0,0,1,1,1,0,0
2962,8,0,8,2,0.4804918640486713,0.14,0.38,0,0.024139969024851327,0,1.4026500414831609,-0.7589185012433823,0,0,2.05,1,2.69,2,0,1,1,0,1,0,0,0,0,0,1,0,1,0,0,0,0,0
2963,16,7,3,2,-1.6449905315218951,0.79,0.27,2,-0.20163519643406225,0,-0.5076736585671278,1.0338023678354735,1,0,2.22,1,2.56,1,0,0,1,0,1,1,0,0,0,0,1,1,0,0,0,0,0,0
2964,10,9,2,1,0.8790198132181525,0.27,0.58,0,1.4654762056044863,0,-0.3844269682413027,1.7060726937400446,2,0,2.91,0,1.04,0,1,0,1,0,0,0,0,0,0,0,0,0,0,0,0,1,0,0
2965,6,7,3,1,-1.2464625823524138,0.21,0.73,2,-0.3326920207110042,1,0.04693644789908505,0.2494869876134741,1,2,4.89,1,4.6,2,0,0,1,0,0,1,0,0,0,0,1,0,1,0,0,1,1,0
2966,18,8,3,0,-1.3793052320755743,0.38,0.23,2,-1.0045838939324612,0,-0.014686897263827485,0.2494869876134741,1,2,3.37,0,2.53,2,0,0,0,1,0,1,0,0,0,0,0,1,0,0,0,0,0,1
2967,14,4,0,2,-0.8479346331829327,0.95,0.23,2,-0.409015471543361,0,0.6015465543652979,0.6976672048831881,0,1,4.06,0,4.79,0,0,0,0,0,0,0,1,0,0,1,0,0,0,1,0,0,0,1
2968,13,9,2,0,-0.5822493337366119,0.89,0.57,1,-1.475576125641785,2,0.41667651887656026,1.0338023678354735,2,1,2.91,0,2.12,2,0,0,1,0,0,0,0,0,0,0,0,0,1,0,0,0,0,1
2969,2,3,0,3,1.0118624629413129,0.26,0.81,0,1.2480049160639466,2,1.0945333156685981,0.6976672048831881,1,0,4.46,1,4.8,0,0,0,0,0,0,1,0,1,0,1,0,0,0,0,0,0,0,0
2970,6,1,1,3,1.1447051126644732,0.13,0.38,0,-0.29758106709961957,0,-0.5692970037300403,-0.31073828397366837,2,2,3.19,1,4.65,2,0,0,0,1,0,1,0,0,0,1,1,1,1,0,0,0,0,0
2971,7,3,1,0,-0.5822493337366119,0.65,0.33,2,-1.3495918864367193,0,1.2794033511573357,0.1374419332960456,0,1,2.47,0,3.24,0,0,0,0,0,0,1,0,0,1,0,0,0,1,0,1,1,0,0
2972,0,7,3,1,-0.4494066840134515,0.59,0.41,2,0.3178444498768961,2,-1.3087771456849908,-0.6468734469259538,2,0,4.03,0,2.5,2,0,0,0,0,0,1,0,0,0,0,1,0,0,0,0,0,1,1
2973,6,9,8,2,0.21480656460235048,0.41,0.39,1,1.658649632131698,2,1.0329099705056857,-1.6552789357828104,1,0,2.65,1,3.47,2,0,0,0,1,0,0,0,0,0,0,0,0,0,0,0,0,1,1
2974,12,9,7,0,-0.4494066840134515,0.39,0.77,0,-0.6833322073164201,1,-0.6925436940558654,-1.0950536641956679,1,0,2.94,1,1.7,1,1,1,0,0,0,0,0,0,0,0,0,0,1,1,0,0,0,0
2975,19,3,4,3,0.21480656460235048,0.18,0.97,0,-0.9899618515544553,0,0.6631698995282104,1.369937530787759,1,0,4.97,1,3.33,1,0,0,1,1,1,0,0,0,1,0,0,0,0,0,1,0,0,1
2976,6,7,9,3,0.3476492143255109,0.81,0.47,2,-1.317459497013447,1,-0.44605031340421525,1.145847422152902,0,2,3.51,0,3.08,0,0,0,1,0,0,1,0,0,0,0,0,0,0,0,1,0,0,0
2977,5,1,5,1,-0.9807772829060931,0.87,0.69,2,1.231631838981414,2,-0.6925436940558654,-1.3191437728305249,1,1,3.51,0,3.0,2,0,1,0,1,0,1,0,0,0,1,0,0,0,1,0,0,1,0
2978,8,0,0,0,0.3476492143255109,0.95,0.93,2,-1.0302175978543975,2,-0.2611802779154776,1.0338023678354735,2,0,3.68,1,4.25,1,1,1,1,0,0,0,0,0,0,0,0,0,1,1,0,1,0,0
2979,13,3,9,2,-0.18372138456713072,0.83,0.49,0,-1.423424174493564,0,1.4642733866460733,-0.19869322965623987,2,0,3.65,0,1.55,0,0,0,0,0,1,1,0,1,0,0,0,0,0,1,0,0,0,1
2980,15,1,0,1,-0.18372138456713072,0.76,0.79,0,-1.6408232564174223,0,-1.5552705263366409,0.3615320419309026,1,0,2.47,0,1.84,1,0,0,0,1,0,1,0,0,0,1,0,0,0,0,1,0,1,0
2981,0,2,1,1,0.08196391487919008,0.2,0.95,0,0.5700114992329018,0,-0.19955693275256509,-0.31073828397366837,0,1,2.48,1,3.1,0,0,0,0,0,0,0,1,1,0,0,1,0,0,0,0,0,0,0
2982,12,6,1,2,-0.5822493337366119,0.82,0.67,0,-1.2974038314801575,0,1.0329099705056857,-0.9830086098782393,1,1,4.22,1,2.26,1,0,1,0,0,0,0,0,1,1,0,0,0,0,1,0,0,0,1
2983,10,0,3,3,1.2775477623876337,0.63,0.81,1,-0.39634303481575583,1,-1.4936471811737284,-0.8709635555608108,1,0,2.43,0,3.19,2,1,0,0,0,0,0,1,1,0,0,0,0,0,0,0,0,0,1
2984,4,1,9,3,-0.4494066840134515,0.35,0.48,0,0.916174813604064,1,-0.2611802779154776,-0.08664817533881138,0,2,4.55,0,1.11,1,0,0,0,0,0,0,0,0,0,1,0,1,0,0,1,0,1,1
2985,12,0,9,3,-0.4494066840134515,0.82,0.88,0,-0.39937575471637926,0,-1.6168938714995533,-1.2070987185130964,1,0,3.49,1,4.78,2,1,0,0,0,0,1,0,0,0,0,0,0,0,0,0,0,0,1
2986,9,2,1,3,-0.4494066840134515,0.76,0.66,1,0.12591660473744065,0,-0.13793358758965255,-0.5348283926085253,0,0,4.73,0,1.78,1,0,0,1,0,0,0,0,0,0,0,0,0,1,0,1,1,0,0
2987,19,4,3,2,0.21480656460235048,0.55,0.73,0,0.7280559202445583,2,-0.32280362307839017,1.7060726937400446,0,0,4.4,0,1.79,0,0,0,1,0,0,0,0,1,1,1,0,0,1,0,1,0,0,0
2988,4,0,9,0,1.6760757115571148,0.53,0.47,0,0.26372484117410383,1,1.649143422134811,-1.0950536641956679,1,2,2.65,1,2.58,1,1,1,0,0,0,0,0,0,0,0,1,1,0,0,1,0,0,0
2989,10,1,3,3,-1.2464625823524138,0.47,0.75,0,-0.010321116036399652,1,0.9712866253427731,1.594027639422616,1,2,4.91,0,1.16,2,1,1,0,1,0,0,0,1,0,0,0,0,0,1,0,0,0,0
2990,2,7,3,1,0.08196391487919008,0.13,0.58,2,0.23902983626902716,1,-1.2471538005220781,-1.5432338814653819,0,1,4.66,1,2.73,2,0,1,1,0,0,0,0,0,1,0,0,0,0,0,0,0,0,0
2991,13,2,0,0,0.3476492143255109,0.8,0.97,2,-0.7286424867840681,1,0.5399232092023853,-0.19869322965623987,0,1,2.91,0,3.33,0,1,1,0,1,0,1,0,0,1,0,0,0,0,0,0,0,0,1
2992,7,9,1,2,0.08196391487919008,0.55,0.69,0,-0.9971104056059248,1,0.7864165898540355,-0.6468734469259538,0,0,3.41,1,1.29,1,0,0,0,0,0,0,1,0,0,1,0,0,0,0,1,0,1,0
2993,6,9,1,2,-1.5121478817987346,0.84,0.5,2,0.08499293798319446,2,0.7864165898540355,0.8097122592006165,0,2,3.04,1,3.19,0,0,0,0,1,0,0,0,0,1,0,0,0,1,0,0,0,1,0
2994,15,6,5,0,-1.1136199326292535,0.39,0.75,2,0.6650908784982811,1,1.7107667672977236,0.921757313518045,2,1,4.31,0,3.88,1,0,0,0,1,0,0,0,0,0,0,1,0,0,0,0,0,1,0
2995,6,0,3,0,-1.6449905315218951,0.62,0.27,0,1.3705592934766406,2,1.1561566608315106,1.594027639422616,0,2,4.54,1,1.27,2,0,1,1,0,1,0,0,0,0,1,0,1,1,0,0,0,0,0
2996,5,4,7,3,-1.1136199326292535,0.52,0.57,2,-1.6143230610953079,1,-0.014686897263827485,0.025396878978617116,2,1,2.71,0,2.56,2,0,0,0,1,0,0,0,1,0,0,0,0,0,0,1,0,0,0
2997,7,1,5,1,-0.7150919834597723,0.72,0.7,1,-1.2900386545786433,2,1.0329099705056857,-1.0950536641956679,2,1,4.88,1,3.17,0,0,0,0,0,0,0,0,1,1,0,0,0,0,0,0,1,0,1
2998,6,3,0,0,0.8790198132181525,0.82,0.76,0,-0.02438354938512386,2,0.23180648338782264,0.2494869876134741,2,2,3.59,1,3.78,2,0,0,1,0,1,0,1,0,0,0,0,0,0,0,0,0,0,0
2999,10,7,2,2,-0.4494066840134515,0.68,0.44,1,0.47206186720443255,1,0.9096632801798605,-0.08664817533881138,1,2,3.29,0,1.36,1,0,0,0,1,1,0,0,0,0,1,0,0,0,0,0,0,0,0
